kind,owner_official,descriptor,official_name,intermediary_name,named_name,source,category,confidence,evidence,notes
field,com/corrodinggames/rts/game/units/custom/logicBooleans/BooleanParseException,J,serialVersionUID,field_BooleanParseException_serialVersionUID,serialVersionUID,v0.27-mapping-expansion,logic-boolean,confirmed,javap member declaration retains descriptive LogicBoolean DSL name,
method,com/corrodinggames/rts/game/units/custom/logicBooleans/CompareJoinerBoolean,()Z,requireBooleanChildren,method_CompareJoinerBoolean_requireBooleanChildren,requireBooleanChildren,v0.27-mapping-expansion,logic-boolean,confirmed,javap member declaration retains descriptive LogicBoolean DSL name,
method,com/corrodinggames/rts/game/units/custom/logicBooleans/CompareJoinerBoolean$CompareBooleanOnly,()Z,requireBooleanChildren,method_CompareJoinerBoolean$CompareBooleanOnly_requireBooleanChildren,requireBooleanChildren,v0.27-mapping-expansion,logic-boolean,confirmed,javap member declaration retains descriptive LogicBoolean DSL name,
method,com/corrodinggames/rts/game/units/custom/logicBooleans/CompareJoinerBoolean$CompareBooleanOnly,(Ljava/lang/String;Ljava/lang/String;Ljava/lang/String;Lcom/corrodinggames/rts/game/units/custom/logicBooleans/LogicBooleanLoader$LogicBooleanContext;Z)Lcom/corrodinggames/rts/game/units/custom/logicBooleans/LogicBoolean;,validateAndOptimize,method_CompareJoinerBoolean$CompareBooleanOnly_validateAndOptimize,validateAndOptimize,v0.27-mapping-expansion,logic-boolean,confirmed,javap member declaration retains descriptive LogicBoolean DSL name,
method,com/corrodinggames/rts/game/units/custom/logicBooleans/CompareJoinerBoolean$CompareEqualBoolean,(Lcom/corrodinggames/rts/game/units/y;)Z,read,method_CompareJoinerBoolean$CompareEqualBoolean_read,read,v0.27-mapping-expansion,logic-boolean,confirmed,javap member declaration retains descriptive LogicBoolean DSL name,
method,com/corrodinggames/rts/game/units/custom/logicBooleans/CompareJoinerBoolean$CompareEqualBoolean,()Ljava/lang/String;,type,method_CompareJoinerBoolean$CompareEqualBoolean_type,type,v0.27-mapping-expansion,logic-boolean,confirmed,javap member declaration retains descriptive LogicBoolean DSL name,
method,com/corrodinggames/rts/game/units/custom/logicBooleans/CompareJoinerBoolean$CompareEqualNumbers,(Lcom/corrodinggames/rts/game/units/y;)Z,read,method_CompareJoinerBoolean$CompareEqualNumbers_read,read,v0.27-mapping-expansion,logic-boolean,confirmed,javap member declaration retains descriptive LogicBoolean DSL name,
method,com/corrodinggames/rts/game/units/custom/logicBooleans/CompareJoinerBoolean$CompareEqualNumbers,()Ljava/lang/String;,type,method_CompareJoinerBoolean$CompareEqualNumbers_type,type,v0.27-mapping-expansion,logic-boolean,confirmed,javap member declaration retains descriptive LogicBoolean DSL name,
method,com/corrodinggames/rts/game/units/custom/logicBooleans/CompareJoinerBoolean$CompareEqualStrings,(Lcom/corrodinggames/rts/game/units/y;)Z,read,method_CompareJoinerBoolean$CompareEqualStrings_read,read,v0.27-mapping-expansion,logic-boolean,confirmed,javap member declaration retains descriptive LogicBoolean DSL name,
method,com/corrodinggames/rts/game/units/custom/logicBooleans/CompareJoinerBoolean$CompareEqualStrings,()Ljava/lang/String;,type,method_CompareJoinerBoolean$CompareEqualStrings_type,type,v0.27-mapping-expansion,logic-boolean,confirmed,javap member declaration retains descriptive LogicBoolean DSL name,
method,com/corrodinggames/rts/game/units/custom/logicBooleans/CompareJoinerBoolean$CompareEqualUnits,(Lcom/corrodinggames/rts/game/units/y;)Z,read,method_CompareJoinerBoolean$CompareEqualUnits_read,read,v0.27-mapping-expansion,logic-boolean,confirmed,javap member declaration retains descriptive LogicBoolean DSL name,
method,com/corrodinggames/rts/game/units/custom/logicBooleans/CompareJoinerBoolean$CompareEqualUnits,()Ljava/lang/String;,type,method_CompareJoinerBoolean$CompareEqualUnits_type,type,v0.27-mapping-expansion,logic-boolean,confirmed,javap member declaration retains descriptive LogicBoolean DSL name,
method,com/corrodinggames/rts/game/units/custom/logicBooleans/CompareJoinerBoolean$CompareGreaterThanNumbers,(Lcom/corrodinggames/rts/game/units/y;)Z,read,method_CompareJoinerBoolean$CompareGreaterThanNumbers_read,read,v0.27-mapping-expansion,logic-boolean,confirmed,javap member declaration retains descriptive LogicBoolean DSL name,
method,com/corrodinggames/rts/game/units/custom/logicBooleans/CompareJoinerBoolean$CompareGreaterThanNumbers,()Ljava/lang/String;,type,method_CompareJoinerBoolean$CompareGreaterThanNumbers_type,type,v0.27-mapping-expansion,logic-boolean,confirmed,javap member declaration retains descriptive LogicBoolean DSL name,
method,com/corrodinggames/rts/game/units/custom/logicBooleans/CompareJoinerBoolean$CompareGreaterThanOrEqualNumbers,(Lcom/corrodinggames/rts/game/units/y;)Z,read,method_CompareJoinerBoolean$CompareGreaterThanOrEqualNumbers_read,read,v0.27-mapping-expansion,logic-boolean,confirmed,javap member declaration retains descriptive LogicBoolean DSL name,
method,com/corrodinggames/rts/game/units/custom/logicBooleans/CompareJoinerBoolean$CompareGreaterThanOrEqualNumbers,()Ljava/lang/String;,type,method_CompareJoinerBoolean$CompareGreaterThanOrEqualNumbers_type,type,v0.27-mapping-expansion,logic-boolean,confirmed,javap member declaration retains descriptive LogicBoolean DSL name,
method,com/corrodinggames/rts/game/units/custom/logicBooleans/CompareJoinerBoolean$CompareLessThanNumbers,(Lcom/corrodinggames/rts/game/units/y;)Z,read,method_CompareJoinerBoolean$CompareLessThanNumbers_read,read,v0.27-mapping-expansion,logic-boolean,confirmed,javap member declaration retains descriptive LogicBoolean DSL name,
method,com/corrodinggames/rts/game/units/custom/logicBooleans/CompareJoinerBoolean$CompareLessThanNumbers,()Ljava/lang/String;,type,method_CompareJoinerBoolean$CompareLessThanNumbers_type,type,v0.27-mapping-expansion,logic-boolean,confirmed,javap member declaration retains descriptive LogicBoolean DSL name,
method,com/corrodinggames/rts/game/units/custom/logicBooleans/CompareJoinerBoolean$CompareLessThanOrEqualNumbers,(Lcom/corrodinggames/rts/game/units/y;)Z,read,method_CompareJoinerBoolean$CompareLessThanOrEqualNumbers_read,read,v0.27-mapping-expansion,logic-boolean,confirmed,javap member declaration retains descriptive LogicBoolean DSL name,
method,com/corrodinggames/rts/game/units/custom/logicBooleans/CompareJoinerBoolean$CompareLessThanOrEqualNumbers,()Ljava/lang/String;,type,method_CompareJoinerBoolean$CompareLessThanOrEqualNumbers_type,type,v0.27-mapping-expansion,logic-boolean,confirmed,javap member declaration retains descriptive LogicBoolean DSL name,
method,com/corrodinggames/rts/game/units/custom/logicBooleans/CompareJoinerBoolean$CompareNotEqualBoolean,(Lcom/corrodinggames/rts/game/units/y;)Z,read,method_CompareJoinerBoolean$CompareNotEqualBoolean_read,read,v0.27-mapping-expansion,logic-boolean,confirmed,javap member declaration retains descriptive LogicBoolean DSL name,
method,com/corrodinggames/rts/game/units/custom/logicBooleans/CompareJoinerBoolean$CompareNotEqualBoolean,()Ljava/lang/String;,type,method_CompareJoinerBoolean$CompareNotEqualBoolean_type,type,v0.27-mapping-expansion,logic-boolean,confirmed,javap member declaration retains descriptive LogicBoolean DSL name,
method,com/corrodinggames/rts/game/units/custom/logicBooleans/CompareJoinerBoolean$CompareNotEqualNumbers,(Lcom/corrodinggames/rts/game/units/y;)Z,read,method_CompareJoinerBoolean$CompareNotEqualNumbers_read,read,v0.27-mapping-expansion,logic-boolean,confirmed,javap member declaration retains descriptive LogicBoolean DSL name,
method,com/corrodinggames/rts/game/units/custom/logicBooleans/CompareJoinerBoolean$CompareNotEqualNumbers,()Ljava/lang/String;,type,method_CompareJoinerBoolean$CompareNotEqualNumbers_type,type,v0.27-mapping-expansion,logic-boolean,confirmed,javap member declaration retains descriptive LogicBoolean DSL name,
method,com/corrodinggames/rts/game/units/custom/logicBooleans/CompareJoinerBoolean$CompareNotEqualStrings,(Lcom/corrodinggames/rts/game/units/y;)Z,read,method_CompareJoinerBoolean$CompareNotEqualStrings_read,read,v0.27-mapping-expansion,logic-boolean,confirmed,javap member declaration retains descriptive LogicBoolean DSL name,
method,com/corrodinggames/rts/game/units/custom/logicBooleans/CompareJoinerBoolean$CompareNotEqualStrings,()Ljava/lang/String;,type,method_CompareJoinerBoolean$CompareNotEqualStrings_type,type,v0.27-mapping-expansion,logic-boolean,confirmed,javap member declaration retains descriptive LogicBoolean DSL name,
method,com/corrodinggames/rts/game/units/custom/logicBooleans/CompareJoinerBoolean$CompareNotEqualUnits,(Lcom/corrodinggames/rts/game/units/y;)Z,read,method_CompareJoinerBoolean$CompareNotEqualUnits_read,read,v0.27-mapping-expansion,logic-boolean,confirmed,javap member declaration retains descriptive LogicBoolean DSL name,
method,com/corrodinggames/rts/game/units/custom/logicBooleans/CompareJoinerBoolean$CompareNotEqualUnits,()Ljava/lang/String;,type,method_CompareJoinerBoolean$CompareNotEqualUnits_type,type,v0.27-mapping-expansion,logic-boolean,confirmed,javap member declaration retains descriptive LogicBoolean DSL name,
method,com/corrodinggames/rts/game/units/custom/logicBooleans/CompareJoinerBoolean$CompareNumbers,(Ljava/lang/String;Ljava/lang/String;Ljava/lang/String;Lcom/corrodinggames/rts/game/units/custom/logicBooleans/LogicBooleanLoader$LogicBooleanContext;Z)Lcom/corrodinggames/rts/game/units/custom/logicBooleans/LogicBoolean;,validateAndOptimize,method_CompareJoinerBoolean$CompareNumbers_validateAndOptimize,validateAndOptimize,v0.27-mapping-expansion,logic-boolean,confirmed,javap member declaration retains descriptive LogicBoolean DSL name,
method,com/corrodinggames/rts/game/units/custom/logicBooleans/CompareJoinerBoolean$MathAddJoinerBoolean,(Lcom/corrodinggames/rts/game/units/y;)F,readNumber,method_CompareJoinerBoolean$MathAddJoinerBoolean_readNumber,readNumber,v0.27-mapping-expansion,logic-boolean,confirmed,javap member declaration retains descriptive LogicBoolean DSL name,
method,com/corrodinggames/rts/game/units/custom/logicBooleans/CompareJoinerBoolean$MathAddJoinerBoolean,()Ljava/lang/String;,type,method_CompareJoinerBoolean$MathAddJoinerBoolean_type,type,v0.27-mapping-expansion,logic-boolean,confirmed,javap member declaration retains descriptive LogicBoolean DSL name,
method,com/corrodinggames/rts/game/units/custom/logicBooleans/CompareJoinerBoolean$MathDivideJoinerBoolean,(Lcom/corrodinggames/rts/game/units/y;)F,readNumber,method_CompareJoinerBoolean$MathDivideJoinerBoolean_readNumber,readNumber,v0.27-mapping-expansion,logic-boolean,confirmed,javap member declaration retains descriptive LogicBoolean DSL name,
method,com/corrodinggames/rts/game/units/custom/logicBooleans/CompareJoinerBoolean$MathDivideJoinerBoolean,()Ljava/lang/String;,type,method_CompareJoinerBoolean$MathDivideJoinerBoolean_type,type,v0.27-mapping-expansion,logic-boolean,confirmed,javap member declaration retains descriptive LogicBoolean DSL name,
method,com/corrodinggames/rts/game/units/custom/logicBooleans/CompareJoinerBoolean$MathJoinerBoolean,()Lcom/corrodinggames/rts/game/units/custom/logicBooleans/LogicBoolean$ReturnType;,getReturnType,method_CompareJoinerBoolean$MathJoinerBoolean_getReturnType,getReturnType,v0.27-mapping-expansion,logic-boolean,confirmed,javap member declaration retains descriptive LogicBoolean DSL name,
method,com/corrodinggames/rts/game/units/custom/logicBooleans/CompareJoinerBoolean$MathJoinerBoolean,(Lcom/corrodinggames/rts/game/units/y;)Z,read,method_CompareJoinerBoolean$MathJoinerBoolean_read,read,v0.27-mapping-expansion,logic-boolean,confirmed,javap member declaration retains descriptive LogicBoolean DSL name,
method,com/corrodinggames/rts/game/units/custom/logicBooleans/CompareJoinerBoolean$MathJoinerBoolean,(Ljava/lang/String;Ljava/lang/String;Ljava/lang/String;Lcom/corrodinggames/rts/game/units/custom/logicBooleans/LogicBooleanLoader$LogicBooleanContext;Z)Lcom/corrodinggames/rts/game/units/custom/logicBooleans/LogicBoolean;,validateAndOptimize,method_CompareJoinerBoolean$MathJoinerBoolean_validateAndOptimize,validateAndOptimize,v0.27-mapping-expansion,logic-boolean,confirmed,javap member declaration retains descriptive LogicBoolean DSL name,
method,com/corrodinggames/rts/game/units/custom/logicBooleans/CompareJoinerBoolean$MathModulusJoinerBoolean,(Lcom/corrodinggames/rts/game/units/y;)F,readNumber,method_CompareJoinerBoolean$MathModulusJoinerBoolean_readNumber,readNumber,v0.27-mapping-expansion,logic-boolean,confirmed,javap member declaration retains descriptive LogicBoolean DSL name,
method,com/corrodinggames/rts/game/units/custom/logicBooleans/CompareJoinerBoolean$MathModulusJoinerBoolean,()Ljava/lang/String;,type,method_CompareJoinerBoolean$MathModulusJoinerBoolean_type,type,v0.27-mapping-expansion,logic-boolean,confirmed,javap member declaration retains descriptive LogicBoolean DSL name,
method,com/corrodinggames/rts/game/units/custom/logicBooleans/CompareJoinerBoolean$MathMultiplyJoinerBoolean,(Lcom/corrodinggames/rts/game/units/y;)F,readNumber,method_CompareJoinerBoolean$MathMultiplyJoinerBoolean_readNumber,readNumber,v0.27-mapping-expansion,logic-boolean,confirmed,javap member declaration retains descriptive LogicBoolean DSL name,
method,com/corrodinggames/rts/game/units/custom/logicBooleans/CompareJoinerBoolean$MathMultiplyJoinerBoolean,()Ljava/lang/String;,type,method_CompareJoinerBoolean$MathMultiplyJoinerBoolean_type,type,v0.27-mapping-expansion,logic-boolean,confirmed,javap member declaration retains descriptive LogicBoolean DSL name,
method,com/corrodinggames/rts/game/units/custom/logicBooleans/CompareJoinerBoolean$MathSubtractJoinerBoolean,(Lcom/corrodinggames/rts/game/units/y;)F,readNumber,method_CompareJoinerBoolean$MathSubtractJoinerBoolean_readNumber,readNumber,v0.27-mapping-expansion,logic-boolean,confirmed,javap member declaration retains descriptive LogicBoolean DSL name,
method,com/corrodinggames/rts/game/units/custom/logicBooleans/CompareJoinerBoolean$MathSubtractJoinerBoolean,()Ljava/lang/String;,type,method_CompareJoinerBoolean$MathSubtractJoinerBoolean_type,type,v0.27-mapping-expansion,logic-boolean,confirmed,javap member declaration retains descriptive LogicBoolean DSL name,
method,com/corrodinggames/rts/game/units/custom/logicBooleans/CompareJoinerBoolean$StringJoinerBoolean,()Lcom/corrodinggames/rts/game/units/custom/logicBooleans/LogicBoolean$ReturnType;,getReturnType,method_CompareJoinerBoolean$StringJoinerBoolean_getReturnType,getReturnType,v0.27-mapping-expansion,logic-boolean,confirmed,javap member declaration retains descriptive LogicBoolean DSL name,
method,com/corrodinggames/rts/game/units/custom/logicBooleans/CompareJoinerBoolean$StringJoinerBoolean,(Lcom/corrodinggames/rts/game/units/y;)Z,read,method_CompareJoinerBoolean$StringJoinerBoolean_read,read,v0.27-mapping-expansion,logic-boolean,confirmed,javap member declaration retains descriptive LogicBoolean DSL name,
method,com/corrodinggames/rts/game/units/custom/logicBooleans/CompareJoinerBoolean$StringJoinerBoolean,(Lcom/corrodinggames/rts/game/units/y;)Ljava/lang/String;,readString,method_CompareJoinerBoolean$StringJoinerBoolean_readString,readString,v0.27-mapping-expansion,logic-boolean,confirmed,javap member declaration retains descriptive LogicBoolean DSL name,
method,com/corrodinggames/rts/game/units/custom/logicBooleans/CompareJoinerBoolean$StringJoinerBoolean,()Ljava/lang/String;,type,method_CompareJoinerBoolean$StringJoinerBoolean_type,type,v0.27-mapping-expansion,logic-boolean,confirmed,javap member declaration retains descriptive LogicBoolean DSL name,
method,com/corrodinggames/rts/game/units/custom/logicBooleans/CompareJoinerBoolean$StringJoinerBoolean,(Ljava/lang/String;Ljava/lang/String;Ljava/lang/String;Lcom/corrodinggames/rts/game/units/custom/logicBooleans/LogicBooleanLoader$LogicBooleanContext;Z)Lcom/corrodinggames/rts/game/units/custom/logicBooleans/LogicBoolean;,validateAndOptimize,method_CompareJoinerBoolean$StringJoinerBoolean_validateAndOptimize,validateAndOptimize,v0.27-mapping-expansion,logic-boolean,confirmed,javap member declaration retains descriptive LogicBoolean DSL name,
field,com/corrodinggames/rts/game/units/custom/logicBooleans/LogicBoolean$AbstractNumberBoolean,Z,empty,field_LogicBoolean$AbstractNumberBoolean_empty,empty,v0.27-mapping-expansion,logic-boolean,confirmed,javap member declaration retains descriptive LogicBoolean DSL name,
field,com/corrodinggames/rts/game/units/custom/logicBooleans/LogicBoolean$AbstractNumberBoolean,Z,full,field_LogicBoolean$AbstractNumberBoolean_full,full,v0.27-mapping-expansion,logic-boolean,confirmed,javap member declaration retains descriptive LogicBoolean DSL name,
field,com/corrodinggames/rts/game/units/custom/logicBooleans/LogicBoolean$AbstractNumberBoolean,F,greaterThan,field_LogicBoolean$AbstractNumberBoolean_greaterThan,greaterThan,v0.27-mapping-expansion,logic-boolean,confirmed,javap member declaration retains descriptive LogicBoolean DSL name,
field,com/corrodinggames/rts/game/units/custom/logicBooleans/LogicBoolean$AbstractNumberBoolean,F,lessThan,field_LogicBoolean$AbstractNumberBoolean_lessThan,lessThan,v0.27-mapping-expansion,logic-boolean,confirmed,javap member declaration retains descriptive LogicBoolean DSL name,
method,com/corrodinggames/rts/game/units/custom/logicBooleans/LogicBoolean$AbstractNumberBoolean,(F)V,equalTo,method_LogicBoolean$AbstractNumberBoolean_equalTo,equalTo,v0.27-mapping-expansion,logic-boolean,confirmed,javap member declaration retains descriptive LogicBoolean DSL name,
method,com/corrodinggames/rts/game/units/custom/logicBooleans/LogicBoolean$AbstractNumberBoolean,(Lcom/corrodinggames/rts/game/units/y;)Ljava/lang/String;,getMatchFailReasonForPlayer,method_LogicBoolean$AbstractNumberBoolean_getMatchFailReasonForPlayer,getMatchFailReasonForPlayer,v0.27-mapping-expansion,logic-boolean,confirmed,javap member declaration retains descriptive LogicBoolean DSL name,
method,com/corrodinggames/rts/game/units/custom/logicBooleans/LogicBoolean$AbstractNumberBoolean,(Lcom/corrodinggames/rts/game/units/y;)F,getMaxValue,method_LogicBoolean$AbstractNumberBoolean_getMaxValue,getMaxValue,v0.27-mapping-expansion,logic-boolean,confirmed,javap member declaration retains descriptive LogicBoolean DSL name,
method,com/corrodinggames/rts/game/units/custom/logicBooleans/LogicBoolean$AbstractNumberBoolean,()Ljava/lang/String;,getName,method_LogicBoolean$AbstractNumberBoolean_getName,getName,v0.27-mapping-expansion,logic-boolean,confirmed,javap member declaration retains descriptive LogicBoolean DSL name,
method,com/corrodinggames/rts/game/units/custom/logicBooleans/LogicBoolean$AbstractNumberBoolean,()Lcom/corrodinggames/rts/game/units/custom/logicBooleans/LogicBoolean$ReturnType;,getReturnType,method_LogicBoolean$AbstractNumberBoolean_getReturnType,getReturnType,v0.27-mapping-expansion,logic-boolean,confirmed,javap member declaration retains descriptive LogicBoolean DSL name,
method,com/corrodinggames/rts/game/units/custom/logicBooleans/LogicBoolean$AbstractNumberBoolean,(Lcom/corrodinggames/rts/game/units/y;)F,getValue,method_LogicBoolean$AbstractNumberBoolean_getValue,getValue,v0.27-mapping-expansion,logic-boolean,confirmed,javap member declaration retains descriptive LogicBoolean DSL name,
method,com/corrodinggames/rts/game/units/custom/logicBooleans/LogicBoolean$AbstractNumberBoolean,(Lcom/corrodinggames/rts/game/units/y;)Z,read,method_LogicBoolean$AbstractNumberBoolean_read,read,v0.27-mapping-expansion,logic-boolean,confirmed,javap member declaration retains descriptive LogicBoolean DSL name,
method,com/corrodinggames/rts/game/units/custom/logicBooleans/LogicBoolean$AbstractNumberBoolean,(Lcom/corrodinggames/rts/game/units/y;)F,readNumber,method_LogicBoolean$AbstractNumberBoolean_readNumber,readNumber,v0.27-mapping-expansion,logic-boolean,confirmed,javap member declaration retains descriptive LogicBoolean DSL name,
method,com/corrodinggames/rts/game/units/custom/logicBooleans/LogicBoolean$AbstractNumberBoolean,(Ljava/lang/String;Ljava/lang/String;Ljava/lang/String;Lcom/corrodinggames/rts/game/units/custom/logicBooleans/LogicBooleanLoader$LogicBooleanContext;Z)V,validate,method_LogicBoolean$AbstractNumberBoolean_validate,validate,v0.27-mapping-expansion,logic-boolean,confirmed,javap member declaration retains descriptive LogicBoolean DSL name,
method,com/corrodinggames/rts/game/units/custom/logicBooleans/LogicBoolean$AndBoolean,(Lcom/corrodinggames/rts/game/units/y;)Z,read,method_LogicBoolean$AndBoolean_read,read,v0.27-mapping-expansion,logic-boolean,confirmed,javap member declaration retains descriptive LogicBoolean DSL name,
method,com/corrodinggames/rts/game/units/custom/logicBooleans/LogicBoolean$AndBoolean,()Ljava/lang/String;,type,method_LogicBoolean$AndBoolean_type,type,v0.27-mapping-expansion,logic-boolean,confirmed,javap member declaration retains descriptive LogicBoolean DSL name,
field,com/corrodinggames/rts/game/units/custom/logicBooleans/LogicBoolean$CallContext_self,Lcom/corrodinggames/rts/game/units/custom/j;,self,field_LogicBoolean$CallContext_self_self,self,v0.27-mapping-expansion,logic-boolean,confirmed,javap member declaration retains descriptive LogicBoolean DSL name,
field,com/corrodinggames/rts/game/units/custom/logicBooleans/LogicBoolean$CallContext_selfAndTarget,Lcom/corrodinggames/rts/game/units/am;,target,field_LogicBoolean$CallContext_selfAndTarget_target,target,v0.27-mapping-expansion,logic-boolean,confirmed,javap member declaration retains descriptive LogicBoolean DSL name,
field,com/corrodinggames/rts/game/units/custom/logicBooleans/LogicBoolean$JoinerBoolean,[Lcom/corrodinggames/rts/game/units/custom/logicBooleans/LogicBoolean;,children,field_LogicBoolean$JoinerBoolean_children,children,v0.27-mapping-expansion,logic-boolean,confirmed,javap member declaration retains descriptive LogicBoolean DSL name,
method,com/corrodinggames/rts/game/units/custom/logicBooleans/LogicBoolean$JoinerBoolean,(Lcom/corrodinggames/rts/game/units/custom/j;)Ljava/lang/String;,getDebugDetails,method_LogicBoolean$JoinerBoolean_getDebugDetails,getDebugDetails,v0.27-mapping-expansion,logic-boolean,confirmed,javap member declaration retains descriptive LogicBoolean DSL name,
method,com/corrodinggames/rts/game/units/custom/logicBooleans/LogicBoolean$JoinerBoolean,(Lcom/corrodinggames/rts/game/units/y;)Ljava/lang/String;,getMatchFailReasonForPlayer,method_LogicBoolean$JoinerBoolean_getMatchFailReasonForPlayer,getMatchFailReasonForPlayer,v0.27-mapping-expansion,logic-boolean,confirmed,javap member declaration retains descriptive LogicBoolean DSL name,
method,com/corrodinggames/rts/game/units/custom/logicBooleans/LogicBoolean$JoinerBoolean,(Ljava/lang/String;)Lcom/corrodinggames/rts/game/units/custom/logicBooleans/LogicBoolean$JoinerBoolean;,getNewJoiner,method_LogicBoolean$JoinerBoolean_getNewJoiner,getNewJoiner,v0.27-mapping-expansion,logic-boolean,confirmed,javap member declaration retains descriptive LogicBoolean DSL name,
method,com/corrodinggames/rts/game/units/custom/logicBooleans/LogicBoolean$JoinerBoolean,()Z,requireBooleanChildren,method_LogicBoolean$JoinerBoolean_requireBooleanChildren,requireBooleanChildren,v0.27-mapping-expansion,logic-boolean,confirmed,javap member declaration retains descriptive LogicBoolean DSL name,
method,com/corrodinggames/rts/game/units/custom/logicBooleans/LogicBoolean$JoinerBoolean,()Ljava/lang/String;,type,method_LogicBoolean$JoinerBoolean_type,type,v0.27-mapping-expansion,logic-boolean,confirmed,javap member declaration retains descriptive LogicBoolean DSL name,
method,com/corrodinggames/rts/game/units/custom/logicBooleans/LogicBoolean$JoinerBoolean,(Ljava/lang/String;Ljava/lang/String;Ljava/lang/String;Lcom/corrodinggames/rts/game/units/custom/logicBooleans/LogicBooleanLoader$LogicBooleanContext;Z)V,validate,method_LogicBoolean$JoinerBoolean_validate,validate,v0.27-mapping-expansion,logic-boolean,confirmed,javap member declaration retains descriptive LogicBoolean DSL name,
method,com/corrodinggames/rts/game/units/custom/logicBooleans/LogicBoolean$JoinerBoolean,(Ljava/lang/String;Ljava/lang/String;Ljava/lang/String;Lcom/corrodinggames/rts/game/units/custom/logicBooleans/LogicBooleanLoader$LogicBooleanContext;Z)Lcom/corrodinggames/rts/game/units/custom/logicBooleans/LogicBoolean;,validateAndOptimize,method_LogicBoolean$JoinerBoolean_validateAndOptimize,validateAndOptimize,v0.27-mapping-expansion,logic-boolean,confirmed,javap member declaration retains descriptive LogicBoolean DSL name,
method,com/corrodinggames/rts/game/units/custom/logicBooleans/LogicBoolean$LogicBooleanCommon,(Lcom/corrodinggames/rts/game/units/y;)Ljava/lang/String;,getMatchFailReasonForPlayer,method_LogicBoolean$LogicBooleanCommon_getMatchFailReasonForPlayer,getMatchFailReasonForPlayer,v0.27-mapping-expansion,logic-boolean,confirmed,javap member declaration retains descriptive LogicBoolean DSL name,
method,com/corrodinggames/rts/game/units/custom/logicBooleans/LogicBoolean$LogicBooleanCommon,()Ljava/lang/String;,getName,method_LogicBoolean$LogicBooleanCommon_getName,getName,v0.27-mapping-expansion,logic-boolean,confirmed,javap member declaration retains descriptive LogicBoolean DSL name,
field,com/corrodinggames/rts/game/units/custom/logicBooleans/LogicBoolean$LogicBooleanCommonLocking,Z,locked,field_LogicBoolean$LogicBooleanCommonLocking_locked,locked,v0.27-mapping-expansion,logic-boolean,confirmed,javap member declaration retains descriptive LogicBoolean DSL name,
method,com/corrodinggames/rts/game/units/custom/logicBooleans/LogicBoolean$LogicBooleanCommonLocking,()Lcom/corrodinggames/rts/game/units/custom/logicBooleans/LogicBoolean;,createLocked,method_LogicBoolean$LogicBooleanCommonLocking_createLocked,createLocked,v0.27-mapping-expansion,logic-boolean,confirmed,javap member declaration retains descriptive LogicBoolean DSL name,
method,com/corrodinggames/rts/game/units/custom/logicBooleans/LogicBoolean$LogicBooleanCommonLocking,()Z,isLocked,method_LogicBoolean$LogicBooleanCommonLocking_isLocked,isLocked,v0.27-mapping-expansion,logic-boolean,confirmed,javap member declaration retains descriptive LogicBoolean DSL name,
method,com/corrodinggames/rts/game/units/custom/logicBooleans/LogicBoolean$LogicNumberOnly,(Lcom/corrodinggames/rts/game/units/y;)Ljava/lang/String;,getMatchFailReasonForPlayer,method_LogicBoolean$LogicNumberOnly_getMatchFailReasonForPlayer,getMatchFailReasonForPlayer,v0.27-mapping-expansion,logic-boolean,confirmed,javap member declaration retains descriptive LogicBoolean DSL name,
method,com/corrodinggames/rts/game/units/custom/logicBooleans/LogicBoolean$LogicNumberOnly,()Ljava/lang/String;,getName,method_LogicBoolean$LogicNumberOnly_getName,getName,v0.27-mapping-expansion,logic-boolean,confirmed,javap member declaration retains descriptive LogicBoolean DSL name,
method,com/corrodinggames/rts/game/units/custom/logicBooleans/LogicBoolean$LogicNumberOnly,()Lcom/corrodinggames/rts/game/units/custom/logicBooleans/LogicBoolean$ReturnType;,getReturnType,method_LogicBoolean$LogicNumberOnly_getReturnType,getReturnType,v0.27-mapping-expansion,logic-boolean,confirmed,javap member declaration retains descriptive LogicBoolean DSL name,
method,com/corrodinggames/rts/game/units/custom/logicBooleans/LogicBoolean$LogicNumberOnly,(Lcom/corrodinggames/rts/game/units/y;)Z,read,method_LogicBoolean$LogicNumberOnly_read,read,v0.27-mapping-expansion,logic-boolean,confirmed,javap member declaration retains descriptive LogicBoolean DSL name,
method,com/corrodinggames/rts/game/units/custom/logicBooleans/LogicBoolean$LogicNumberOnly,(Lcom/corrodinggames/rts/game/units/y;)F,readNumber,method_LogicBoolean$LogicNumberOnly_readNumber,readNumber,v0.27-mapping-expansion,logic-boolean,confirmed,javap member declaration retains descriptive LogicBoolean DSL name,
field,com/corrodinggames/rts/game/units/custom/logicBooleans/LogicBoolean$NotBoolean,Lcom/corrodinggames/rts/game/units/custom/logicBooleans/LogicBoolean;,child,field_LogicBoolean$NotBoolean_child,child,v0.27-mapping-expansion,logic-boolean,confirmed,javap member declaration retains descriptive LogicBoolean DSL name,
method,com/corrodinggames/rts/game/units/custom/logicBooleans/LogicBoolean$NotBoolean,(Lcom/corrodinggames/rts/game/units/y;)Ljava/lang/String;,getMatchFailReasonForPlayer,method_LogicBoolean$NotBoolean_getMatchFailReasonForPlayer,getMatchFailReasonForPlayer,v0.27-mapping-expansion,logic-boolean,confirmed,javap member declaration retains descriptive LogicBoolean DSL name,
method,com/corrodinggames/rts/game/units/custom/logicBooleans/LogicBoolean$NotBoolean,(Lcom/corrodinggames/rts/game/units/y;)Z,read,method_LogicBoolean$NotBoolean_read,read,v0.27-mapping-expansion,logic-boolean,confirmed,javap member declaration retains descriptive LogicBoolean DSL name,
method,com/corrodinggames/rts/game/units/custom/logicBooleans/LogicBoolean$OrBoolean,(Lcom/corrodinggames/rts/game/units/y;)Z,read,method_LogicBoolean$OrBoolean_read,read,v0.27-mapping-expansion,logic-boolean,confirmed,javap member declaration retains descriptive LogicBoolean DSL name,
method,com/corrodinggames/rts/game/units/custom/logicBooleans/LogicBoolean$OrBoolean,()Ljava/lang/String;,type,method_LogicBoolean$OrBoolean_type,type,v0.27-mapping-expansion,logic-boolean,confirmed,javap member declaration retains descriptive LogicBoolean DSL name,
method,com/corrodinggames/rts/game/units/custom/logicBooleans/LogicBoolean$Parameter,()Ljava/lang/String;,key,method_LogicBoolean$Parameter_key,key,v0.27-mapping-expansion,logic-boolean,confirmed,javap member declaration retains descriptive LogicBoolean DSL name,
method,com/corrodinggames/rts/game/units/custom/logicBooleans/LogicBoolean$Parameter,()I,positional,method_LogicBoolean$Parameter_positional,positional,v0.27-mapping-expansion,logic-boolean,confirmed,javap member declaration retains descriptive LogicBoolean DSL name,
method,com/corrodinggames/rts/game/units/custom/logicBooleans/LogicBoolean$Parameter,()Z,required,method_LogicBoolean$Parameter_required,required,v0.27-mapping-expansion,logic-boolean,confirmed,javap member declaration retains descriptive LogicBoolean DSL name,
method,com/corrodinggames/rts/game/units/custom/logicBooleans/LogicBoolean$Parameter,()Lcom/corrodinggames/rts/game/units/custom/logicBooleans/LogicBoolean$ReturnType;,type,method_LogicBoolean$Parameter_type,type,v0.27-mapping-expansion,logic-boolean,confirmed,javap member declaration retains descriptive LogicBoolean DSL name,
method,com/corrodinggames/rts/game/units/custom/logicBooleans/LogicBoolean$StaticBoolean,(Ljava/lang/String;)Lcom/corrodinggames/rts/game/units/custom/logicBooleans/LogicBoolean;,with,method_LogicBoolean$StaticBoolean_with,with,v0.27-mapping-expansion,logic-boolean,confirmed,javap member declaration retains descriptive LogicBoolean DSL name,
method,com/corrodinggames/rts/game/units/custom/logicBooleans/LogicBoolean$StaticBooleanFalse,(Lcom/corrodinggames/rts/game/units/y;)Ljava/lang/String;,getMatchFailReasonForPlayer,method_LogicBoolean$StaticBooleanFalse_getMatchFailReasonForPlayer,getMatchFailReasonForPlayer,v0.27-mapping-expansion,logic-boolean,confirmed,javap member declaration retains descriptive LogicBoolean DSL name,
method,com/corrodinggames/rts/game/units/custom/logicBooleans/LogicBoolean$StaticBooleanFalse,(Lcom/corrodinggames/rts/game/units/y;)Z,read,method_LogicBoolean$StaticBooleanFalse_read,read,v0.27-mapping-expansion,logic-boolean,confirmed,javap member declaration retains descriptive LogicBoolean DSL name,
method,com/corrodinggames/rts/game/units/custom/logicBooleans/LogicBoolean$StaticBooleanTrue,(Lcom/corrodinggames/rts/game/units/y;)Ljava/lang/String;,getMatchFailReasonForPlayer,method_LogicBoolean$StaticBooleanTrue_getMatchFailReasonForPlayer,getMatchFailReasonForPlayer,v0.27-mapping-expansion,logic-boolean,confirmed,javap member declaration retains descriptive LogicBoolean DSL name,
method,com/corrodinggames/rts/game/units/custom/logicBooleans/LogicBoolean$StaticBooleanTrue,(Lcom/corrodinggames/rts/game/units/y;)Z,read,method_LogicBoolean$StaticBooleanTrue_read,read,v0.27-mapping-expansion,logic-boolean,confirmed,javap member declaration retains descriptive LogicBoolean DSL name,
field,com/corrodinggames/rts/game/units/custom/logicBooleans/LogicBoolean$StaticValueBoolean,F,staticNumber,field_LogicBoolean$StaticValueBoolean_staticNumber,staticNumber,v0.27-mapping-expansion,logic-boolean,confirmed,javap member declaration retains descriptive LogicBoolean DSL name,
field,com/corrodinggames/rts/game/units/custom/logicBooleans/LogicBoolean$StaticValueBoolean,Lcom/corrodinggames/rts/game/units/custom/logicBooleans/LogicBoolean$StaticValueBoolean;,static_0,field_LogicBoolean$StaticValueBoolean_static_0,static_0,v0.27-mapping-expansion,logic-boolean,confirmed,javap member declaration retains descriptive LogicBoolean DSL name,
field,com/corrodinggames/rts/game/units/custom/logicBooleans/LogicBoolean$StaticValueBoolean,Lcom/corrodinggames/rts/game/units/custom/logicBooleans/LogicBoolean$StaticValueBoolean;,static_1,field_LogicBoolean$StaticValueBoolean_static_1,static_1,v0.27-mapping-expansion,logic-boolean,confirmed,javap member declaration retains descriptive LogicBoolean DSL name,
field,com/corrodinggames/rts/game/units/custom/logicBooleans/LogicBoolean$StaticValueBoolean,Lcom/corrodinggames/rts/game/units/custom/logicBooleans/LogicBoolean$StaticValueBoolean;,static_neg1,field_LogicBoolean$StaticValueBoolean_static_neg1,static_neg1,v0.27-mapping-expansion,logic-boolean,confirmed,javap member declaration retains descriptive LogicBoolean DSL name,
method,com/corrodinggames/rts/game/units/custom/logicBooleans/LogicBoolean$StaticValueBoolean,(Lcom/corrodinggames/rts/game/units/y;)Ljava/lang/String;,getMatchFailReasonForPlayer,method_LogicBoolean$StaticValueBoolean_getMatchFailReasonForPlayer,getMatchFailReasonForPlayer,v0.27-mapping-expansion,logic-boolean,confirmed,javap member declaration retains descriptive LogicBoolean DSL name,
method,com/corrodinggames/rts/game/units/custom/logicBooleans/LogicBoolean$StaticValueBoolean,()Ljava/lang/String;,getName,method_LogicBoolean$StaticValueBoolean_getName,getName,v0.27-mapping-expansion,logic-boolean,confirmed,javap member declaration retains descriptive LogicBoolean DSL name,
method,com/corrodinggames/rts/game/units/custom/logicBooleans/LogicBoolean$StaticValueBoolean,(F)Lcom/corrodinggames/rts/game/units/custom/logicBooleans/LogicBoolean$StaticValueBoolean;,getStaticNumber,method_LogicBoolean$StaticValueBoolean_getStaticNumber,getStaticNumber,v0.27-mapping-expansion,logic-boolean,confirmed,javap member declaration retains descriptive LogicBoolean DSL name,
method,com/corrodinggames/rts/game/units/custom/logicBooleans/LogicBoolean$StaticValueBoolean,(Ljava/lang/String;)Lcom/corrodinggames/rts/game/units/custom/logicBooleans/LogicBoolean$StaticValueBoolean;,getStaticNumber,method_LogicBoolean$StaticValueBoolean_getStaticNumber,getStaticNumber,v0.27-mapping-expansion,logic-boolean,confirmed,javap member declaration retains descriptive LogicBoolean DSL name,
method,com/corrodinggames/rts/game/units/custom/logicBooleans/LogicBoolean$StaticValueBoolean,()F,getStaticValue,method_LogicBoolean$StaticValueBoolean_getStaticValue,getStaticValue,v0.27-mapping-expansion,logic-boolean,confirmed,javap member declaration retains descriptive LogicBoolean DSL name,
method,com/corrodinggames/rts/game/units/custom/logicBooleans/LogicBoolean$StaticValueBoolean,(Lcom/corrodinggames/rts/game/units/y;)F,readNumber,method_LogicBoolean$StaticValueBoolean_readNumber,readNumber,v0.27-mapping-expansion,logic-boolean,confirmed,javap member declaration retains descriptive LogicBoolean DSL name,
field,com/corrodinggames/rts/game/units/custom/logicBooleans/LogicBoolean$TimeBoolean,F,laterThanSeconds,field_LogicBoolean$TimeBoolean_laterThanSeconds,laterThanSeconds,v0.27-mapping-expansion,logic-boolean,confirmed,javap member declaration retains descriptive LogicBoolean DSL name,
field,com/corrodinggames/rts/game/units/custom/logicBooleans/LogicBoolean$TimeBoolean,F,withinSeconds,field_LogicBoolean$TimeBoolean_withinSeconds,withinSeconds,v0.27-mapping-expansion,logic-boolean,confirmed,javap member declaration retains descriptive LogicBoolean DSL name,
method,com/corrodinggames/rts/game/units/custom/logicBooleans/LogicBoolean$TimeBoolean,(Lcom/corrodinggames/rts/game/units/y;)Ljava/lang/String;,getMatchFailReasonForPlayer,method_LogicBoolean$TimeBoolean_getMatchFailReasonForPlayer,getMatchFailReasonForPlayer,v0.27-mapping-expansion,logic-boolean,confirmed,javap member declaration retains descriptive LogicBoolean DSL name,
method,com/corrodinggames/rts/game/units/custom/logicBooleans/LogicBoolean$TimeBoolean,()Ljava/lang/String;,getName,method_LogicBoolean$TimeBoolean_getName,getName,v0.27-mapping-expansion,logic-boolean,confirmed,javap member declaration retains descriptive LogicBoolean DSL name,
method,com/corrodinggames/rts/game/units/custom/logicBooleans/LogicBoolean$TimeBoolean,()Lcom/corrodinggames/rts/game/units/custom/logicBooleans/LogicBoolean$ReturnType;,getReturnType,method_LogicBoolean$TimeBoolean_getReturnType,getReturnType,v0.27-mapping-expansion,logic-boolean,confirmed,javap member declaration retains descriptive LogicBoolean DSL name,
method,com/corrodinggames/rts/game/units/custom/logicBooleans/LogicBoolean$TimeBoolean,(Lcom/corrodinggames/rts/game/units/y;)I,getTime,method_LogicBoolean$TimeBoolean_getTime,getTime,v0.27-mapping-expansion,logic-boolean,confirmed,javap member declaration retains descriptive LogicBoolean DSL name,
method,com/corrodinggames/rts/game/units/custom/logicBooleans/LogicBoolean$TimeBoolean,(F)Ljava/lang/String;,msToSecondsString,method_LogicBoolean$TimeBoolean_msToSecondsString,msToSecondsString,v0.27-mapping-expansion,logic-boolean,confirmed,javap member declaration retains descriptive LogicBoolean DSL name,
method,com/corrodinggames/rts/game/units/custom/logicBooleans/LogicBoolean$TimeBoolean,(Lcom/corrodinggames/rts/game/units/y;)Z,read,method_LogicBoolean$TimeBoolean_read,read,v0.27-mapping-expansion,logic-boolean,confirmed,javap member declaration retains descriptive LogicBoolean DSL name,
method,com/corrodinggames/rts/game/units/custom/logicBooleans/LogicBoolean$TimeBoolean,(Lcom/corrodinggames/rts/game/units/y;)F,readNumber,method_LogicBoolean$TimeBoolean_readNumber,readNumber,v0.27-mapping-expansion,logic-boolean,confirmed,javap member declaration retains descriptive LogicBoolean DSL name,
method,com/corrodinggames/rts/game/units/custom/logicBooleans/LogicBoolean$TimeBoolean,(Ljava/lang/String;Ljava/lang/String;Ljava/lang/String;Lcom/corrodinggames/rts/game/units/custom/logicBooleans/LogicBooleanLoader$LogicBooleanContext;Z)V,validate,method_LogicBoolean$TimeBoolean_validate,validate,v0.27-mapping-expansion,logic-boolean,confirmed,javap member declaration retains descriptive LogicBoolean DSL name,
field,com/corrodinggames/rts/game/units/custom/logicBooleans/LogicBooleanActionFilter,Lcom/corrodinggames/rts/game/units/custom/logicBooleans/LogicBoolean;,logicBoolean,field_LogicBooleanActionFilter_logicBoolean,logicBoolean,v0.27-mapping-expansion,logic-boolean,confirmed,javap member declaration retains descriptive LogicBoolean DSL name,
field,com/corrodinggames/rts/game/units/custom/logicBooleans/LogicBooleanActionFilter,Lcom/corrodinggames/rts/game/units/custom/j;,target,field_LogicBooleanActionFilter_target,target,v0.27-mapping-expansion,logic-boolean,confirmed,javap member declaration retains descriptive LogicBoolean DSL name,
method,com/corrodinggames/rts/game/units/custom/logicBooleans/LogicBooleanActionFilter,(Lcom/corrodinggames/rts/game/units/a/s;Lcom/corrodinggames/rts/game/units/am;)Z,isAvailable,method_LogicBooleanActionFilter_isAvailable,isAvailable,v0.27-mapping-expansion,logic-boolean,confirmed,javap member declaration retains descriptive LogicBoolean DSL name,
method,com/corrodinggames/rts/game/units/custom/logicBooleans/LogicBooleanGameFunctions,(Lcom/corrodinggames/rts/game/units/custom/logicBooleans/LogicBoolean;[Ljava/lang/String;)V,addBooleanType,method_LogicBooleanGameFunctions_addBooleanType,addBooleanType,v0.27-mapping-expansion,logic-boolean,confirmed,javap member declaration retains descriptive LogicBoolean DSL name,
method,com/corrodinggames/rts/game/units/custom/logicBooleans/LogicBooleanGameFunctions,()V,loadTypes,method_LogicBooleanGameFunctions_loadTypes,loadTypes,v0.27-mapping-expansion,logic-boolean,confirmed,javap member declaration retains descriptive LogicBoolean DSL name,
method,com/corrodinggames/rts/game/units/custom/logicBooleans/LogicBooleanGameFunctions$AmmoBoolean,(Lcom/corrodinggames/rts/game/units/y;)F,getMaxValue,method_LogicBooleanGameFunctions$AmmoBoolean_getMaxValue,getMaxValue,v0.27-mapping-expansion,logic-boolean,confirmed,javap member declaration retains descriptive LogicBoolean DSL name,
method,com/corrodinggames/rts/game/units/custom/logicBooleans/LogicBooleanGameFunctions$AmmoBoolean,()Ljava/lang/String;,getName,method_LogicBooleanGameFunctions$AmmoBoolean_getName,getName,v0.27-mapping-expansion,logic-boolean,confirmed,javap member declaration retains descriptive LogicBoolean DSL name,
method,com/corrodinggames/rts/game/units/custom/logicBooleans/LogicBooleanGameFunctions$AmmoBoolean,(Lcom/corrodinggames/rts/game/units/y;)F,getValue,method_LogicBooleanGameFunctions$AmmoBoolean_getValue,getValue,v0.27-mapping-expansion,logic-boolean,confirmed,javap member declaration retains descriptive LogicBoolean DSL name,
method,com/corrodinggames/rts/game/units/custom/logicBooleans/LogicBooleanGameFunctions$AmmoIncludingQueuedBoolean,(Lcom/corrodinggames/rts/game/units/y;)F,getMaxValue,method_LogicBooleanGameFunctions$AmmoIncludingQueuedBoolean_getMaxValue,getMaxValue,v0.27-mapping-expansion,logic-boolean,confirmed,javap member declaration retains descriptive LogicBoolean DSL name,
method,com/corrodinggames/rts/game/units/custom/logicBooleans/LogicBooleanGameFunctions$AmmoIncludingQueuedBoolean,()Ljava/lang/String;,getName,method_LogicBooleanGameFunctions$AmmoIncludingQueuedBoolean_getName,getName,v0.27-mapping-expansion,logic-boolean,confirmed,javap member declaration retains descriptive LogicBoolean DSL name,
method,com/corrodinggames/rts/game/units/custom/logicBooleans/LogicBooleanGameFunctions$AmmoIncludingQueuedBoolean,(Lcom/corrodinggames/rts/game/units/y;)F,getValue,method_LogicBooleanGameFunctions$AmmoIncludingQueuedBoolean_getValue,getValue,v0.27-mapping-expansion,logic-boolean,confirmed,javap member declaration retains descriptive LogicBoolean DSL name,
method,com/corrodinggames/rts/game/units/custom/logicBooleans/LogicBooleanGameFunctions$BuiltAmountBoolean,(Lcom/corrodinggames/rts/game/units/y;)F,getMaxValue,method_LogicBooleanGameFunctions$BuiltAmountBoolean_getMaxValue,getMaxValue,v0.27-mapping-expansion,logic-boolean,confirmed,javap member declaration retains descriptive LogicBoolean DSL name,
method,com/corrodinggames/rts/game/units/custom/logicBooleans/LogicBooleanGameFunctions$BuiltAmountBoolean,()Ljava/lang/String;,getName,method_LogicBooleanGameFunctions$BuiltAmountBoolean_getName,getName,v0.27-mapping-expansion,logic-boolean,confirmed,javap member declaration retains descriptive LogicBoolean DSL name,
method,com/corrodinggames/rts/game/units/custom/logicBooleans/LogicBooleanGameFunctions$BuiltAmountBoolean,(Lcom/corrodinggames/rts/game/units/y;)F,getValue,method_LogicBooleanGameFunctions$BuiltAmountBoolean_getValue,getValue,v0.27-mapping-expansion,logic-boolean,confirmed,javap member declaration retains descriptive LogicBoolean DSL name,
field,com/corrodinggames/rts/game/units/custom/logicBooleans/LogicBooleanGameFunctions$CompareUnitsBroken,Lcom/corrodinggames/rts/game/units/custom/l;,meta,field_LogicBooleanGameFunctions$CompareUnitsBroken_meta,meta,v0.27-mapping-expansion,logic-boolean,confirmed,javap member declaration retains descriptive LogicBoolean DSL name,
field,com/corrodinggames/rts/game/units/custom/logicBooleans/LogicBooleanGameFunctions$CompareUnitsBroken,Lcom/corrodinggames/rts/game/units/custom/logicBooleans/UnitReference;,sameUnitAs,field_LogicBooleanGameFunctions$CompareUnitsBroken_sameUnitAs,sameUnitAs,v0.27-mapping-expansion,logic-boolean,confirmed,javap member declaration retains descriptive LogicBoolean DSL name,
method,com/corrodinggames/rts/game/units/custom/logicBooleans/LogicBooleanGameFunctions$CompareUnitsBroken,(Lcom/corrodinggames/rts/game/units/custom/l;)V,forMeta,method_LogicBooleanGameFunctions$CompareUnitsBroken_forMeta,forMeta,v0.27-mapping-expansion,logic-boolean,confirmed,javap member declaration retains descriptive LogicBoolean DSL name,
method,com/corrodinggames/rts/game/units/custom/logicBooleans/LogicBooleanGameFunctions$CompareUnitsBroken,(Lcom/corrodinggames/rts/game/units/y;)Ljava/lang/String;,getMatchFailReasonForPlayer,method_LogicBooleanGameFunctions$CompareUnitsBroken_getMatchFailReasonForPlayer,getMatchFailReasonForPlayer,v0.27-mapping-expansion,logic-boolean,confirmed,javap member declaration retains descriptive LogicBoolean DSL name,
method,com/corrodinggames/rts/game/units/custom/logicBooleans/LogicBooleanGameFunctions$CompareUnitsBroken,(Lcom/corrodinggames/rts/game/units/y;)Z,read,method_LogicBooleanGameFunctions$CompareUnitsBroken_read,read,v0.27-mapping-expansion,logic-boolean,confirmed,javap member declaration retains descriptive LogicBoolean DSL name,
method,com/corrodinggames/rts/game/units/custom/logicBooleans/LogicBooleanGameFunctions$CompareUnitsBroken,(Ljava/lang/String;)V,sameUnitAs,method_LogicBooleanGameFunctions$CompareUnitsBroken_sameUnitAs,sameUnitAs,v0.27-mapping-expansion,logic-boolean,confirmed,javap member declaration retains descriptive LogicBoolean DSL name,
method,com/corrodinggames/rts/game/units/custom/logicBooleans/LogicBooleanGameFunctions$CompareUnitsBroken,(Ljava/lang/String;Ljava/lang/String;Ljava/lang/String;Lcom/corrodinggames/rts/game/units/custom/logicBooleans/LogicBooleanLoader$LogicBooleanContext;Z)V,validate,method_LogicBooleanGameFunctions$CompareUnitsBroken_validate,validate,v0.27-mapping-expansion,logic-boolean,confirmed,javap member declaration retains descriptive LogicBoolean DSL name,
method,com/corrodinggames/rts/game/units/custom/logicBooleans/LogicBooleanGameFunctions$CompletedBoolean,(Lcom/corrodinggames/rts/game/units/y;)Ljava/lang/String;,getMatchFailReasonForPlayer,method_LogicBooleanGameFunctions$CompletedBoolean_getMatchFailReasonForPlayer,getMatchFailReasonForPlayer,v0.27-mapping-expansion,logic-boolean,confirmed,javap member declaration retains descriptive LogicBoolean DSL name,
method,com/corrodinggames/rts/game/units/custom/logicBooleans/LogicBooleanGameFunctions$CompletedBoolean,(Lcom/corrodinggames/rts/game/units/y;)Z,read,method_LogicBooleanGameFunctions$CompletedBoolean_read,read,v0.27-mapping-expansion,logic-boolean,confirmed,javap member declaration retains descriptive LogicBoolean DSL name,
method,com/corrodinggames/rts/game/units/custom/logicBooleans/LogicBooleanGameFunctions$CustomTimerBoolean,()Ljava/lang/String;,getName,method_LogicBooleanGameFunctions$CustomTimerBoolean_getName,getName,v0.27-mapping-expansion,logic-boolean,confirmed,javap member declaration retains descriptive LogicBoolean DSL name,
method,com/corrodinggames/rts/game/units/custom/logicBooleans/LogicBooleanGameFunctions$CustomTimerBoolean,(Lcom/corrodinggames/rts/game/units/y;)I,getTime,method_LogicBooleanGameFunctions$CustomTimerBoolean_getTime,getTime,v0.27-mapping-expansion,logic-boolean,confirmed,javap member declaration retains descriptive LogicBoolean DSL name,
method,com/corrodinggames/rts/game/units/custom/logicBooleans/LogicBooleanGameFunctions$EnergyBoolean,(Lcom/corrodinggames/rts/game/units/y;)F,getMaxValue,method_LogicBooleanGameFunctions$EnergyBoolean_getMaxValue,getMaxValue,v0.27-mapping-expansion,logic-boolean,confirmed,javap member declaration retains descriptive LogicBoolean DSL name,
method,com/corrodinggames/rts/game/units/custom/logicBooleans/LogicBooleanGameFunctions$EnergyBoolean,()Ljava/lang/String;,getName,method_LogicBooleanGameFunctions$EnergyBoolean_getName,getName,v0.27-mapping-expansion,logic-boolean,confirmed,javap member declaration retains descriptive LogicBoolean DSL name,
method,com/corrodinggames/rts/game/units/custom/logicBooleans/LogicBooleanGameFunctions$EnergyBoolean,(Lcom/corrodinggames/rts/game/units/y;)F,getValue,method_LogicBooleanGameFunctions$EnergyBoolean_getValue,getValue,v0.27-mapping-expansion,logic-boolean,confirmed,javap member declaration retains descriptive LogicBoolean DSL name,
method,com/corrodinggames/rts/game/units/custom/logicBooleans/LogicBooleanGameFunctions$EnergyIncludingQueuedBoolean,(Lcom/corrodinggames/rts/game/units/y;)F,getMaxValue,method_LogicBooleanGameFunctions$EnergyIncludingQueuedBoolean_getMaxValue,getMaxValue,v0.27-mapping-expansion,logic-boolean,confirmed,javap member declaration retains descriptive LogicBoolean DSL name,
method,com/corrodinggames/rts/game/units/custom/logicBooleans/LogicBooleanGameFunctions$EnergyIncludingQueuedBoolean,()Ljava/lang/String;,getName,method_LogicBooleanGameFunctions$EnergyIncludingQueuedBoolean_getName,getName,v0.27-mapping-expansion,logic-boolean,confirmed,javap member declaration retains descriptive LogicBoolean DSL name,
method,com/corrodinggames/rts/game/units/custom/logicBooleans/LogicBooleanGameFunctions$EnergyIncludingQueuedBoolean,(Lcom/corrodinggames/rts/game/units/y;)F,getValue,method_LogicBooleanGameFunctions$EnergyIncludingQueuedBoolean_getValue,getValue,v0.27-mapping-expansion,logic-boolean,confirmed,javap member declaration retains descriptive LogicBoolean DSL name,
field,com/corrodinggames/rts/game/units/custom/logicBooleans/LogicBooleanGameFunctions$EventTagsBoolean,Lcom/corrodinggames/rts/game/units/custom/g;,includesTag,field_LogicBooleanGameFunctions$EventTagsBoolean_includesTag,includesTag,v0.27-mapping-expansion,logic-boolean,confirmed,javap member declaration retains descriptive LogicBoolean DSL name,
method,com/corrodinggames/rts/game/units/custom/logicBooleans/LogicBooleanGameFunctions$EventTagsBoolean,(Lcom/corrodinggames/rts/game/units/y;)Ljava/lang/String;,getMatchFailReasonForPlayer,method_LogicBooleanGameFunctions$EventTagsBoolean_getMatchFailReasonForPlayer,getMatchFailReasonForPlayer,v0.27-mapping-expansion,logic-boolean,confirmed,javap member declaration retains descriptive LogicBoolean DSL name,
method,com/corrodinggames/rts/game/units/custom/logicBooleans/LogicBooleanGameFunctions$EventTagsBoolean,(Ljava/lang/String;)V,includes,method_LogicBooleanGameFunctions$EventTagsBoolean_includes,includes,v0.27-mapping-expansion,logic-boolean,confirmed,javap member declaration retains descriptive LogicBoolean DSL name,
method,com/corrodinggames/rts/game/units/custom/logicBooleans/LogicBooleanGameFunctions$EventTagsBoolean,(Lcom/corrodinggames/rts/game/units/y;)Z,read,method_LogicBooleanGameFunctions$EventTagsBoolean_read,read,v0.27-mapping-expansion,logic-boolean,confirmed,javap member declaration retains descriptive LogicBoolean DSL name,
method,com/corrodinggames/rts/game/units/custom/logicBooleans/LogicBooleanGameFunctions$GameMapHeightBoolean,()Ljava/lang/String;,getName,method_LogicBooleanGameFunctions$GameMapHeightBoolean_getName,getName,v0.27-mapping-expansion,logic-boolean,confirmed,javap member declaration retains descriptive LogicBoolean DSL name,
method,com/corrodinggames/rts/game/units/custom/logicBooleans/LogicBooleanGameFunctions$GameMapHeightBoolean,(Lcom/corrodinggames/rts/game/units/y;)F,readNumber,method_LogicBooleanGameFunctions$GameMapHeightBoolean_readNumber,readNumber,v0.27-mapping-expansion,logic-boolean,confirmed,javap member declaration retains descriptive LogicBoolean DSL name,
method,com/corrodinggames/rts/game/units/custom/logicBooleans/LogicBooleanGameFunctions$GameMapWidthBoolean,()Ljava/lang/String;,getName,method_LogicBooleanGameFunctions$GameMapWidthBoolean_getName,getName,v0.27-mapping-expansion,logic-boolean,confirmed,javap member declaration retains descriptive LogicBoolean DSL name,
method,com/corrodinggames/rts/game/units/custom/logicBooleans/LogicBooleanGameFunctions$GameMapWidthBoolean,(Lcom/corrodinggames/rts/game/units/y;)F,readNumber,method_LogicBooleanGameFunctions$GameMapWidthBoolean_readNumber,readNumber,v0.27-mapping-expansion,logic-boolean,confirmed,javap member declaration retains descriptive LogicBoolean DSL name,
field,com/corrodinggames/rts/game/units/custom/logicBooleans/LogicBooleanGameFunctions$GameModeBoolean,Z,nukesEnabled,field_LogicBooleanGameFunctions$GameModeBoolean_nukesEnabled,nukesEnabled,v0.27-mapping-expansion,logic-boolean,confirmed,javap member declaration retains descriptive LogicBoolean DSL name,
method,com/corrodinggames/rts/game/units/custom/logicBooleans/LogicBooleanGameFunctions$GameModeBoolean,(Lcom/corrodinggames/rts/game/units/y;)Ljava/lang/String;,getMatchFailReasonForPlayer,method_LogicBooleanGameFunctions$GameModeBoolean_getMatchFailReasonForPlayer,getMatchFailReasonForPlayer,v0.27-mapping-expansion,logic-boolean,confirmed,javap member declaration retains descriptive LogicBoolean DSL name,
method,com/corrodinggames/rts/game/units/custom/logicBooleans/LogicBooleanGameFunctions$GameModeBoolean,(Lcom/corrodinggames/rts/game/units/y;)Z,read,method_LogicBooleanGameFunctions$GameModeBoolean_read,read,v0.27-mapping-expansion,logic-boolean,confirmed,javap member declaration retains descriptive LogicBoolean DSL name,
field,com/corrodinggames/rts/game/units/custom/logicBooleans/LogicBooleanGameFunctions$HasActiveWaypoint,Lcom/corrodinggames/rts/game/units/av;,type,field_LogicBooleanGameFunctions$HasActiveWaypoint_type,type,v0.27-mapping-expansion,logic-boolean,confirmed,javap member declaration retains descriptive LogicBoolean DSL name,
method,com/corrodinggames/rts/game/units/custom/logicBooleans/LogicBooleanGameFunctions$HasActiveWaypoint,(Lcom/corrodinggames/rts/game/units/y;)Ljava/lang/String;,getMatchFailReasonForPlayer,method_LogicBooleanGameFunctions$HasActiveWaypoint_getMatchFailReasonForPlayer,getMatchFailReasonForPlayer,v0.27-mapping-expansion,logic-boolean,confirmed,javap member declaration retains descriptive LogicBoolean DSL name,
method,com/corrodinggames/rts/game/units/custom/logicBooleans/LogicBooleanGameFunctions$HasActiveWaypoint,(Lcom/corrodinggames/rts/game/units/y;)Z,read,method_LogicBooleanGameFunctions$HasActiveWaypoint_read,read,v0.27-mapping-expansion,logic-boolean,confirmed,javap member declaration retains descriptive LogicBoolean DSL name,
method,com/corrodinggames/rts/game/units/custom/logicBooleans/LogicBooleanGameFunctions$HasActiveWaypoint,(Ljava/lang/String;)V,type,method_LogicBooleanGameFunctions$HasActiveWaypoint_type,type,v0.27-mapping-expansion,logic-boolean,confirmed,javap member declaration retains descriptive LogicBoolean DSL name,
field,com/corrodinggames/rts/game/units/custom/logicBooleans/LogicBooleanGameFunctions$HasFlagBoolean,I,flagId,field_LogicBooleanGameFunctions$HasFlagBoolean_flagId,flagId,v0.27-mapping-expansion,logic-boolean,confirmed,javap member declaration retains descriptive LogicBoolean DSL name,
field,com/corrodinggames/rts/game/units/custom/logicBooleans/LogicBooleanGameFunctions$HasFlagBoolean,I,flagMask,field_LogicBooleanGameFunctions$HasFlagBoolean_flagMask,flagMask,v0.27-mapping-expansion,logic-boolean,confirmed,javap member declaration retains descriptive LogicBoolean DSL name,
method,com/corrodinggames/rts/game/units/custom/logicBooleans/LogicBooleanGameFunctions$HasFlagBoolean,(Lcom/corrodinggames/rts/game/units/y;)Ljava/lang/String;,getMatchFailReasonForPlayer,method_LogicBooleanGameFunctions$HasFlagBoolean_getMatchFailReasonForPlayer,getMatchFailReasonForPlayer,v0.27-mapping-expansion,logic-boolean,confirmed,javap member declaration retains descriptive LogicBoolean DSL name,
method,com/corrodinggames/rts/game/units/custom/logicBooleans/LogicBooleanGameFunctions$HasFlagBoolean,(II)Z,isFlagSet,method_LogicBooleanGameFunctions$HasFlagBoolean_isFlagSet,isFlagSet,v0.27-mapping-expansion,logic-boolean,confirmed,javap member declaration retains descriptive LogicBoolean DSL name,
method,com/corrodinggames/rts/game/units/custom/logicBooleans/LogicBooleanGameFunctions$HasFlagBoolean,(Lcom/corrodinggames/rts/game/units/y;)Z,read,method_LogicBooleanGameFunctions$HasFlagBoolean_read,read,v0.27-mapping-expansion,logic-boolean,confirmed,javap member declaration retains descriptive LogicBoolean DSL name,
method,com/corrodinggames/rts/game/units/custom/logicBooleans/LogicBooleanGameFunctions$HasFlagBoolean,(II)B,setFlag,method_LogicBooleanGameFunctions$HasFlagBoolean_setFlag,setFlag,v0.27-mapping-expansion,logic-boolean,confirmed,javap member declaration retains descriptive LogicBoolean DSL name,
method,com/corrodinggames/rts/game/units/custom/logicBooleans/LogicBooleanGameFunctions$HasFlagBoolean,(II)B,unsetFlag,method_LogicBooleanGameFunctions$HasFlagBoolean_unsetFlag,unsetFlag,v0.27-mapping-expansion,logic-boolean,confirmed,javap member declaration retains descriptive LogicBoolean DSL name,
method,com/corrodinggames/rts/game/units/custom/logicBooleans/LogicBooleanGameFunctions$HasFlagDynamicBoolean,(Lcom/corrodinggames/rts/game/units/y;)Ljava/lang/String;,getMatchFailReasonForPlayer,method_LogicBooleanGameFunctions$HasFlagDynamicBoolean_getMatchFailReasonForPlayer,getMatchFailReasonForPlayer,v0.27-mapping-expansion,logic-boolean,confirmed,javap member declaration retains descriptive LogicBoolean DSL name,
method,com/corrodinggames/rts/game/units/custom/logicBooleans/LogicBooleanGameFunctions$HasFlagDynamicBoolean,(Lcom/corrodinggames/rts/game/units/y;)Z,read,method_LogicBooleanGameFunctions$HasFlagDynamicBoolean_read,read,v0.27-mapping-expansion,logic-boolean,confirmed,javap member declaration retains descriptive LogicBoolean DSL name,
method,com/corrodinggames/rts/game/units/custom/logicBooleans/LogicBooleanGameFunctions$HasFlagDynamicBoolean,(Ljava/lang/String;Ljava/lang/String;Ljava/lang/String;Lcom/corrodinggames/rts/game/units/custom/logicBooleans/LogicBooleanLoader$LogicBooleanContext;Z)Lcom/corrodinggames/rts/game/units/custom/logicBooleans/LogicBoolean;,validateAndOptimize,method_LogicBooleanGameFunctions$HasFlagDynamicBoolean_validateAndOptimize,validateAndOptimize,v0.27-mapping-expansion,logic-boolean,confirmed,javap member declaration retains descriptive LogicBoolean DSL name,
field,com/corrodinggames/rts/game/units/custom/logicBooleans/LogicBooleanGameFunctions$HasParent,Lcom/corrodinggames/rts/game/units/custom/g;,_withTag,field_LogicBooleanGameFunctions$HasParent_withTagFilter,withTagFilter,v0.27-mapping-expansion,logic-boolean,confirmed,javap member declaration retains descriptive LogicBoolean DSL name,
method,com/corrodinggames/rts/game/units/custom/logicBooleans/LogicBooleanGameFunctions$HasParent,(Lcom/corrodinggames/rts/game/units/y;)Ljava/lang/String;,getMatchFailReasonForPlayer,method_LogicBooleanGameFunctions$HasParent_getMatchFailReasonForPlayer,getMatchFailReasonForPlayer,v0.27-mapping-expansion,logic-boolean,confirmed,javap member declaration retains descriptive LogicBoolean DSL name,
method,com/corrodinggames/rts/game/units/custom/logicBooleans/LogicBooleanGameFunctions$HasParent,(Lcom/corrodinggames/rts/game/units/y;)Z,read,method_LogicBooleanGameFunctions$HasParent_read,read,v0.27-mapping-expansion,logic-boolean,confirmed,javap member declaration retains descriptive LogicBoolean DSL name,
method,com/corrodinggames/rts/game/units/custom/logicBooleans/LogicBooleanGameFunctions$HasParent,(Ljava/lang/String;)V,withTag,method_LogicBooleanGameFunctions$HasParent_withTag,withTag,v0.27-mapping-expansion,logic-boolean,confirmed,javap member declaration retains descriptive LogicBoolean DSL name,
field,com/corrodinggames/rts/game/units/custom/logicBooleans/LogicBooleanGameFunctions$HasResourcesBoolean,Lcom/corrodinggames/rts/game/units/custom/l;,meta,field_LogicBooleanGameFunctions$HasResourcesBoolean_meta,meta,v0.27-mapping-expansion,logic-boolean,confirmed,javap member declaration retains descriptive LogicBoolean DSL name,
field,com/corrodinggames/rts/game/units/custom/logicBooleans/LogicBooleanGameFunctions$HasResourcesBoolean,Lcom/corrodinggames/rts/game/units/custom/d/b;,requiredResources,field_LogicBooleanGameFunctions$HasResourcesBoolean_requiredResources,requiredResources,v0.27-mapping-expansion,logic-boolean,confirmed,javap member declaration retains descriptive LogicBoolean DSL name,
method,com/corrodinggames/rts/game/units/custom/logicBooleans/LogicBooleanGameFunctions$HasResourcesBoolean,(Lcom/corrodinggames/rts/game/units/custom/l;)V,forMeta,method_LogicBooleanGameFunctions$HasResourcesBoolean_forMeta,forMeta,v0.27-mapping-expansion,logic-boolean,confirmed,javap member declaration retains descriptive LogicBoolean DSL name,
method,com/corrodinggames/rts/game/units/custom/logicBooleans/LogicBooleanGameFunctions$HasResourcesBoolean,(Lcom/corrodinggames/rts/game/units/y;)Ljava/lang/String;,getMatchFailReasonForPlayer,method_LogicBooleanGameFunctions$HasResourcesBoolean_getMatchFailReasonForPlayer,getMatchFailReasonForPlayer,v0.27-mapping-expansion,logic-boolean,confirmed,javap member declaration retains descriptive LogicBoolean DSL name,
method,com/corrodinggames/rts/game/units/custom/logicBooleans/LogicBooleanGameFunctions$HasResourcesBoolean,(Lcom/corrodinggames/rts/game/units/y;)Z,read,method_LogicBooleanGameFunctions$HasResourcesBoolean_read,read,v0.27-mapping-expansion,logic-boolean,confirmed,javap member declaration retains descriptive LogicBoolean DSL name,
method,com/corrodinggames/rts/game/units/custom/logicBooleans/LogicBooleanGameFunctions$HasResourcesBoolean,(Ljava/lang/String;Lcom/corrodinggames/rts/game/units/custom/l;Ljava/lang/String;)V,setArgumentsRaw,method_LogicBooleanGameFunctions$HasResourcesBoolean_setArgumentsRaw,setArgumentsRaw,v0.27-mapping-expansion,logic-boolean,confirmed,javap member declaration retains descriptive LogicBoolean DSL name,
method,com/corrodinggames/rts/game/units/custom/logicBooleans/LogicBooleanGameFunctions$HasTakenDamage,()Ljava/lang/String;,getName,method_LogicBooleanGameFunctions$HasTakenDamage_getName,getName,v0.27-mapping-expansion,logic-boolean,confirmed,javap member declaration retains descriptive LogicBoolean DSL name,
method,com/corrodinggames/rts/game/units/custom/logicBooleans/LogicBooleanGameFunctions$HasTakenDamage,(Lcom/corrodinggames/rts/game/units/y;)I,getTime,method_LogicBooleanGameFunctions$HasTakenDamage_getTime,getTime,v0.27-mapping-expansion,logic-boolean,confirmed,javap member declaration retains descriptive LogicBoolean DSL name,
field,com/corrodinggames/rts/game/units/custom/logicBooleans/LogicBooleanGameFunctions$HeightBoolean,Z,flying,field_LogicBooleanGameFunctions$HeightBoolean_flying,flying,v0.27-mapping-expansion,logic-boolean,confirmed,javap member declaration retains descriptive LogicBoolean DSL name,
field,com/corrodinggames/rts/game/units/custom/logicBooleans/LogicBooleanGameFunctions$HeightBoolean,Z,ground,field_LogicBooleanGameFunctions$HeightBoolean_ground,ground,v0.27-mapping-expansion,logic-boolean,confirmed,javap member declaration retains descriptive LogicBoolean DSL name,
field,com/corrodinggames/rts/game/units/custom/logicBooleans/LogicBooleanGameFunctions$HeightBoolean,Z,underwater,field_LogicBooleanGameFunctions$HeightBoolean_underwater,underwater,v0.27-mapping-expansion,logic-boolean,confirmed,javap member declaration retains descriptive LogicBoolean DSL name,
method,com/corrodinggames/rts/game/units/custom/logicBooleans/LogicBooleanGameFunctions$HeightBoolean,(Lcom/corrodinggames/rts/game/units/y;)Ljava/lang/String;,getMatchFailReasonForPlayer,method_LogicBooleanGameFunctions$HeightBoolean_getMatchFailReasonForPlayer,getMatchFailReasonForPlayer,v0.27-mapping-expansion,logic-boolean,confirmed,javap member declaration retains descriptive LogicBoolean DSL name,
method,com/corrodinggames/rts/game/units/custom/logicBooleans/LogicBooleanGameFunctions$HeightBoolean,(Lcom/corrodinggames/rts/game/units/y;)Z,read,method_LogicBooleanGameFunctions$HeightBoolean_read,read,v0.27-mapping-expansion,logic-boolean,confirmed,javap member declaration retains descriptive LogicBoolean DSL name,
method,com/corrodinggames/rts/game/units/custom/logicBooleans/LogicBooleanGameFunctions$HeightValueBoolean,(Lcom/corrodinggames/rts/game/units/y;)F,getMaxValue,method_LogicBooleanGameFunctions$HeightValueBoolean_getMaxValue,getMaxValue,v0.27-mapping-expansion,logic-boolean,confirmed,javap member declaration retains descriptive LogicBoolean DSL name,
method,com/corrodinggames/rts/game/units/custom/logicBooleans/LogicBooleanGameFunctions$HeightValueBoolean,()Ljava/lang/String;,getName,method_LogicBooleanGameFunctions$HeightValueBoolean_getName,getName,v0.27-mapping-expansion,logic-boolean,confirmed,javap member declaration retains descriptive LogicBoolean DSL name,
method,com/corrodinggames/rts/game/units/custom/logicBooleans/LogicBooleanGameFunctions$HeightValueBoolean,(Lcom/corrodinggames/rts/game/units/y;)F,getValue,method_LogicBooleanGameFunctions$HeightValueBoolean_getValue,getValue,v0.27-mapping-expansion,logic-boolean,confirmed,javap member declaration retains descriptive LogicBoolean DSL name,
method,com/corrodinggames/rts/game/units/custom/logicBooleans/LogicBooleanGameFunctions$HpBoolean,(Lcom/corrodinggames/rts/game/units/y;)F,getMaxValue,method_LogicBooleanGameFunctions$HpBoolean_getMaxValue,getMaxValue,v0.27-mapping-expansion,logic-boolean,confirmed,javap member declaration retains descriptive LogicBoolean DSL name,
method,com/corrodinggames/rts/game/units/custom/logicBooleans/LogicBooleanGameFunctions$HpBoolean,()Ljava/lang/String;,getName,method_LogicBooleanGameFunctions$HpBoolean_getName,getName,v0.27-mapping-expansion,logic-boolean,confirmed,javap member declaration retains descriptive LogicBoolean DSL name,
method,com/corrodinggames/rts/game/units/custom/logicBooleans/LogicBooleanGameFunctions$HpBoolean,(Lcom/corrodinggames/rts/game/units/y;)F,getValue,method_LogicBooleanGameFunctions$HpBoolean_getValue,getValue,v0.27-mapping-expansion,logic-boolean,confirmed,javap member declaration retains descriptive LogicBoolean DSL name,
method,com/corrodinggames/rts/game/units/custom/logicBooleans/LogicBooleanGameFunctions$InMapBoolean,(Lcom/corrodinggames/rts/game/units/y;)Ljava/lang/String;,getMatchFailReasonForPlayer,method_LogicBooleanGameFunctions$InMapBoolean_getMatchFailReasonForPlayer,getMatchFailReasonForPlayer,v0.27-mapping-expansion,logic-boolean,confirmed,javap member declaration retains descriptive LogicBoolean DSL name,
method,com/corrodinggames/rts/game/units/custom/logicBooleans/LogicBooleanGameFunctions$InMapBoolean,(Lcom/corrodinggames/rts/game/units/y;)Z,read,method_LogicBooleanGameFunctions$InMapBoolean_read,read,v0.27-mapping-expansion,logic-boolean,confirmed,javap member declaration retains descriptive LogicBoolean DSL name,
method,com/corrodinggames/rts/game/units/custom/logicBooleans/LogicBooleanGameFunctions$IsAttackingBoolean,(Lcom/corrodinggames/rts/game/units/y;)Ljava/lang/String;,getMatchFailReasonForPlayer,method_LogicBooleanGameFunctions$IsAttackingBoolean_getMatchFailReasonForPlayer,getMatchFailReasonForPlayer,v0.27-mapping-expansion,logic-boolean,confirmed,javap member declaration retains descriptive LogicBoolean DSL name,
method,com/corrodinggames/rts/game/units/custom/logicBooleans/LogicBooleanGameFunctions$IsAttackingBoolean,(Lcom/corrodinggames/rts/game/units/y;)Z,read,method_LogicBooleanGameFunctions$IsAttackingBoolean_read,read,v0.27-mapping-expansion,logic-boolean,confirmed,javap member declaration retains descriptive LogicBoolean DSL name,
method,com/corrodinggames/rts/game/units/custom/logicBooleans/LogicBooleanGameFunctions$IsControlledByAI,(Lcom/corrodinggames/rts/game/units/y;)Ljava/lang/String;,getMatchFailReasonForPlayer,method_LogicBooleanGameFunctions$IsControlledByAI_getMatchFailReasonForPlayer,getMatchFailReasonForPlayer,v0.27-mapping-expansion,logic-boolean,confirmed,javap member declaration retains descriptive LogicBoolean DSL name,
method,com/corrodinggames/rts/game/units/custom/logicBooleans/LogicBooleanGameFunctions$IsControlledByAI,(Lcom/corrodinggames/rts/game/units/y;)Z,read,method_LogicBooleanGameFunctions$IsControlledByAI_read,read,v0.27-mapping-expansion,logic-boolean,confirmed,javap member declaration retains descriptive LogicBoolean DSL name,
field,com/corrodinggames/rts/game/units/custom/logicBooleans/LogicBooleanGameFunctions$IsGameFrameBoolean,I,equalTo,field_LogicBooleanGameFunctions$IsGameFrameBoolean_equalTo,equalTo,v0.27-mapping-expansion,logic-boolean,confirmed,javap member declaration retains descriptive LogicBoolean DSL name,
field,com/corrodinggames/rts/game/units/custom/logicBooleans/LogicBooleanGameFunctions$IsGameFrameBoolean,I,mod,field_LogicBooleanGameFunctions$IsGameFrameBoolean_mod,mod,v0.27-mapping-expansion,logic-boolean,confirmed,javap member declaration retains descriptive LogicBoolean DSL name,
field,com/corrodinggames/rts/game/units/custom/logicBooleans/LogicBooleanGameFunctions$IsGameFrameBoolean,Z,offset,field_LogicBooleanGameFunctions$IsGameFrameBoolean_offset,offset,v0.27-mapping-expansion,logic-boolean,confirmed,javap member declaration retains descriptive LogicBoolean DSL name,
method,com/corrodinggames/rts/game/units/custom/logicBooleans/LogicBooleanGameFunctions$IsGameFrameBoolean,(Lcom/corrodinggames/rts/game/units/y;)Ljava/lang/String;,getMatchFailReasonForPlayer,method_LogicBooleanGameFunctions$IsGameFrameBoolean_getMatchFailReasonForPlayer,getMatchFailReasonForPlayer,v0.27-mapping-expansion,logic-boolean,confirmed,javap member declaration retains descriptive LogicBoolean DSL name,
method,com/corrodinggames/rts/game/units/custom/logicBooleans/LogicBooleanGameFunctions$IsGameFrameBoolean,(I)V,mod,method_LogicBooleanGameFunctions$IsGameFrameBoolean_mod,mod,v0.27-mapping-expansion,logic-boolean,confirmed,javap member declaration retains descriptive LogicBoolean DSL name,
method,com/corrodinggames/rts/game/units/custom/logicBooleans/LogicBooleanGameFunctions$IsGameFrameBoolean,(Lcom/corrodinggames/rts/game/units/y;)Z,read,method_LogicBooleanGameFunctions$IsGameFrameBoolean_read,read,v0.27-mapping-expansion,logic-boolean,confirmed,javap member declaration retains descriptive LogicBoolean DSL name,
field,com/corrodinggames/rts/game/units/custom/logicBooleans/LogicBooleanGameFunctions$IsOnTeam,I,teamId,field_LogicBooleanGameFunctions$IsOnTeam_teamId,teamId,v0.27-mapping-expansion,logic-boolean,confirmed,javap member declaration retains descriptive LogicBoolean DSL name,
method,com/corrodinggames/rts/game/units/custom/logicBooleans/LogicBooleanGameFunctions$IsOnTeam,(Lcom/corrodinggames/rts/game/units/y;)Ljava/lang/String;,getMatchFailReasonForPlayer,method_LogicBooleanGameFunctions$IsOnTeam_getMatchFailReasonForPlayer,getMatchFailReasonForPlayer,v0.27-mapping-expansion,logic-boolean,confirmed,javap member declaration retains descriptive LogicBoolean DSL name,
method,com/corrodinggames/rts/game/units/custom/logicBooleans/LogicBooleanGameFunctions$IsOnTeam,(Lcom/corrodinggames/rts/game/units/y;)Z,read,method_LogicBooleanGameFunctions$IsOnTeam_read,read,v0.27-mapping-expansion,logic-boolean,confirmed,javap member declaration retains descriptive LogicBoolean DSL name,
method,com/corrodinggames/rts/game/units/custom/logicBooleans/LogicBooleanGameFunctions$IsOnTeam,(I)V,team,method_LogicBooleanGameFunctions$IsOnTeam_team,team,v0.27-mapping-expansion,logic-boolean,confirmed,javap member declaration retains descriptive LogicBoolean DSL name,
method,com/corrodinggames/rts/game/units/custom/logicBooleans/LogicBooleanGameFunctions$IsOnTeam,(Ljava/lang/String;Ljava/lang/String;Ljava/lang/String;Lcom/corrodinggames/rts/game/units/custom/logicBooleans/LogicBooleanLoader$LogicBooleanContext;Z)V,validate,method_LogicBooleanGameFunctions$IsOnTeam_validate,validate,v0.27-mapping-expansion,logic-boolean,confirmed,javap member declaration retains descriptive LogicBoolean DSL name,
field,com/corrodinggames/rts/game/units/custom/logicBooleans/LogicBooleanGameFunctions$IsResourceLargerThan,F,byMoreThan,field_LogicBooleanGameFunctions$IsResourceLargerThan_byMoreThan,byMoreThan,v0.27-mapping-expansion,logic-boolean,confirmed,javap member declaration retains descriptive LogicBoolean DSL name,
field,com/corrodinggames/rts/game/units/custom/logicBooleans/LogicBooleanGameFunctions$IsResourceLargerThan,Lcom/corrodinggames/rts/game/units/custom/e/a;,compareTarget,field_LogicBooleanGameFunctions$IsResourceLargerThan_compareTarget,compareTarget,v0.27-mapping-expansion,logic-boolean,confirmed,javap member declaration retains descriptive LogicBoolean DSL name,
field,com/corrodinggames/rts/game/units/custom/logicBooleans/LogicBooleanGameFunctions$IsResourceLargerThan,Lcom/corrodinggames/rts/game/units/custom/l;,meta,field_LogicBooleanGameFunctions$IsResourceLargerThan_meta,meta,v0.27-mapping-expansion,logic-boolean,confirmed,javap member declaration retains descriptive LogicBoolean DSL name,
field,com/corrodinggames/rts/game/units/custom/logicBooleans/LogicBooleanGameFunctions$IsResourceLargerThan,F,multiplyTargetBy,field_LogicBooleanGameFunctions$IsResourceLargerThan_multiplyTargetBy,multiplyTargetBy,v0.27-mapping-expansion,logic-boolean,confirmed,javap member declaration retains descriptive LogicBoolean DSL name,
field,com/corrodinggames/rts/game/units/custom/logicBooleans/LogicBooleanGameFunctions$IsResourceLargerThan,Lcom/corrodinggames/rts/game/units/custom/e/a;,source,field_LogicBooleanGameFunctions$IsResourceLargerThan_source,source,v0.27-mapping-expansion,logic-boolean,confirmed,javap member declaration retains descriptive LogicBoolean DSL name,
method,com/corrodinggames/rts/game/units/custom/logicBooleans/LogicBooleanGameFunctions$IsResourceLargerThan,(Ljava/lang/String;)V,compareTarget,method_LogicBooleanGameFunctions$IsResourceLargerThan_compareTarget,compareTarget,v0.27-mapping-expansion,logic-boolean,confirmed,javap member declaration retains descriptive LogicBoolean DSL name,
method,com/corrodinggames/rts/game/units/custom/logicBooleans/LogicBooleanGameFunctions$IsResourceLargerThan,(Lcom/corrodinggames/rts/game/units/custom/l;)V,forMeta,method_LogicBooleanGameFunctions$IsResourceLargerThan_forMeta,forMeta,v0.27-mapping-expansion,logic-boolean,confirmed,javap member declaration retains descriptive LogicBoolean DSL name,
method,com/corrodinggames/rts/game/units/custom/logicBooleans/LogicBooleanGameFunctions$IsResourceLargerThan,(Lcom/corrodinggames/rts/game/units/y;)Ljava/lang/String;,getMatchFailReasonForPlayer,method_LogicBooleanGameFunctions$IsResourceLargerThan_getMatchFailReasonForPlayer,getMatchFailReasonForPlayer,v0.27-mapping-expansion,logic-boolean,confirmed,javap member declaration retains descriptive LogicBoolean DSL name,
method,com/corrodinggames/rts/game/units/custom/logicBooleans/LogicBooleanGameFunctions$IsResourceLargerThan,(Lcom/corrodinggames/rts/game/units/y;)Z,read,method_LogicBooleanGameFunctions$IsResourceLargerThan_read,read,v0.27-mapping-expansion,logic-boolean,confirmed,javap member declaration retains descriptive LogicBoolean DSL name,
method,com/corrodinggames/rts/game/units/custom/logicBooleans/LogicBooleanGameFunctions$IsResourceLargerThan,(Ljava/lang/String;)V,source,method_LogicBooleanGameFunctions$IsResourceLargerThan_source,source,v0.27-mapping-expansion,logic-boolean,confirmed,javap member declaration retains descriptive LogicBoolean DSL name,
method,com/corrodinggames/rts/game/units/custom/logicBooleans/LogicBooleanGameFunctions$IsResourceLargerThan,(Ljava/lang/String;Ljava/lang/String;Ljava/lang/String;Lcom/corrodinggames/rts/game/units/custom/logicBooleans/LogicBooleanLoader$LogicBooleanContext;Z)V,validate,method_LogicBooleanGameFunctions$IsResourceLargerThan_validate,validate,v0.27-mapping-expansion,logic-boolean,confirmed,javap member declaration retains descriptive LogicBoolean DSL name,
method,com/corrodinggames/rts/game/units/custom/logicBooleans/LogicBooleanGameFunctions$IsReversingBoolean,(Lcom/corrodinggames/rts/game/units/y;)Ljava/lang/String;,getMatchFailReasonForPlayer,method_LogicBooleanGameFunctions$IsReversingBoolean_getMatchFailReasonForPlayer,getMatchFailReasonForPlayer,v0.27-mapping-expansion,logic-boolean,confirmed,javap member declaration retains descriptive LogicBoolean DSL name,
method,com/corrodinggames/rts/game/units/custom/logicBooleans/LogicBooleanGameFunctions$IsReversingBoolean,(Lcom/corrodinggames/rts/game/units/y;)Z,read,method_LogicBooleanGameFunctions$IsReversingBoolean_read,read,v0.27-mapping-expansion,logic-boolean,confirmed,javap member declaration retains descriptive LogicBoolean DSL name,
method,com/corrodinggames/rts/game/units/custom/logicBooleans/LogicBooleanGameFunctions$KillsBoolean,(Lcom/corrodinggames/rts/game/units/y;)F,getMaxValue,method_LogicBooleanGameFunctions$KillsBoolean_getMaxValue,getMaxValue,v0.27-mapping-expansion,logic-boolean,confirmed,javap member declaration retains descriptive LogicBoolean DSL name,
method,com/corrodinggames/rts/game/units/custom/logicBooleans/LogicBooleanGameFunctions$KillsBoolean,()Ljava/lang/String;,getName,method_LogicBooleanGameFunctions$KillsBoolean_getName,getName,v0.27-mapping-expansion,logic-boolean,confirmed,javap member declaration retains descriptive LogicBoolean DSL name,
method,com/corrodinggames/rts/game/units/custom/logicBooleans/LogicBooleanGameFunctions$KillsBoolean,(Lcom/corrodinggames/rts/game/units/y;)F,getValue,method_LogicBooleanGameFunctions$KillsBoolean_getValue,getValue,v0.27-mapping-expansion,logic-boolean,confirmed,javap member declaration retains descriptive LogicBoolean DSL name,
method,com/corrodinggames/rts/game/units/custom/logicBooleans/LogicBooleanGameFunctions$LastConvertedBoolean,()Ljava/lang/String;,getName,method_LogicBooleanGameFunctions$LastConvertedBoolean_getName,getName,v0.27-mapping-expansion,logic-boolean,confirmed,javap member declaration retains descriptive LogicBoolean DSL name,
method,com/corrodinggames/rts/game/units/custom/logicBooleans/LogicBooleanGameFunctions$LastConvertedBoolean,(Lcom/corrodinggames/rts/game/units/y;)I,getTime,method_LogicBooleanGameFunctions$LastConvertedBoolean_getTime,getTime,v0.27-mapping-expansion,logic-boolean,confirmed,javap member declaration retains descriptive LogicBoolean DSL name,
method,com/corrodinggames/rts/game/units/custom/logicBooleans/LogicBooleanGameFunctions$MaxEnergyBoolean,(Lcom/corrodinggames/rts/game/units/y;)F,getMaxValue,method_LogicBooleanGameFunctions$MaxEnergyBoolean_getMaxValue,getMaxValue,v0.27-mapping-expansion,logic-boolean,confirmed,javap member declaration retains descriptive LogicBoolean DSL name,
method,com/corrodinggames/rts/game/units/custom/logicBooleans/LogicBooleanGameFunctions$MaxEnergyBoolean,()Ljava/lang/String;,getName,method_LogicBooleanGameFunctions$MaxEnergyBoolean_getName,getName,v0.27-mapping-expansion,logic-boolean,confirmed,javap member declaration retains descriptive LogicBoolean DSL name,
method,com/corrodinggames/rts/game/units/custom/logicBooleans/LogicBooleanGameFunctions$MaxEnergyBoolean,(Lcom/corrodinggames/rts/game/units/y;)F,getValue,method_LogicBooleanGameFunctions$MaxEnergyBoolean_getValue,getValue,v0.27-mapping-expansion,logic-boolean,confirmed,javap member declaration retains descriptive LogicBoolean DSL name,
method,com/corrodinggames/rts/game/units/custom/logicBooleans/LogicBooleanGameFunctions$MaxHpBoolean,(Lcom/corrodinggames/rts/game/units/y;)F,getMaxValue,method_LogicBooleanGameFunctions$MaxHpBoolean_getMaxValue,getMaxValue,v0.27-mapping-expansion,logic-boolean,confirmed,javap member declaration retains descriptive LogicBoolean DSL name,
method,com/corrodinggames/rts/game/units/custom/logicBooleans/LogicBooleanGameFunctions$MaxHpBoolean,()Ljava/lang/String;,getName,method_LogicBooleanGameFunctions$MaxHpBoolean_getName,getName,v0.27-mapping-expansion,logic-boolean,confirmed,javap member declaration retains descriptive LogicBoolean DSL name,
method,com/corrodinggames/rts/game/units/custom/logicBooleans/LogicBooleanGameFunctions$MaxHpBoolean,(Lcom/corrodinggames/rts/game/units/y;)F,getValue,method_LogicBooleanGameFunctions$MaxHpBoolean_getValue,getValue,v0.27-mapping-expansion,logic-boolean,confirmed,javap member declaration retains descriptive LogicBoolean DSL name,
method,com/corrodinggames/rts/game/units/custom/logicBooleans/LogicBooleanGameFunctions$MaxMoveSpeedBoolean,(Lcom/corrodinggames/rts/game/units/y;)F,getMaxValue,method_LogicBooleanGameFunctions$MaxMoveSpeedBoolean_getMaxValue,getMaxValue,v0.27-mapping-expansion,logic-boolean,confirmed,javap member declaration retains descriptive LogicBoolean DSL name,
method,com/corrodinggames/rts/game/units/custom/logicBooleans/LogicBooleanGameFunctions$MaxMoveSpeedBoolean,()Ljava/lang/String;,getName,method_LogicBooleanGameFunctions$MaxMoveSpeedBoolean_getName,getName,v0.27-mapping-expansion,logic-boolean,confirmed,javap member declaration retains descriptive LogicBoolean DSL name,
method,com/corrodinggames/rts/game/units/custom/logicBooleans/LogicBooleanGameFunctions$MaxMoveSpeedBoolean,(Lcom/corrodinggames/rts/game/units/y;)F,getValue,method_LogicBooleanGameFunctions$MaxMoveSpeedBoolean_getValue,getValue,v0.27-mapping-expansion,logic-boolean,confirmed,javap member declaration retains descriptive LogicBoolean DSL name,
method,com/corrodinggames/rts/game/units/custom/logicBooleans/LogicBooleanGameFunctions$MaxShieldBoolean,(Lcom/corrodinggames/rts/game/units/y;)F,getMaxValue,method_LogicBooleanGameFunctions$MaxShieldBoolean_getMaxValue,getMaxValue,v0.27-mapping-expansion,logic-boolean,confirmed,javap member declaration retains descriptive LogicBoolean DSL name,
method,com/corrodinggames/rts/game/units/custom/logicBooleans/LogicBooleanGameFunctions$MaxShieldBoolean,()Ljava/lang/String;,getName,method_LogicBooleanGameFunctions$MaxShieldBoolean_getName,getName,v0.27-mapping-expansion,logic-boolean,confirmed,javap member declaration retains descriptive LogicBoolean DSL name,
method,com/corrodinggames/rts/game/units/custom/logicBooleans/LogicBooleanGameFunctions$MaxShieldBoolean,(Lcom/corrodinggames/rts/game/units/y;)F,getValue,method_LogicBooleanGameFunctions$MaxShieldBoolean_getValue,getValue,v0.27-mapping-expansion,logic-boolean,confirmed,javap member declaration retains descriptive LogicBoolean DSL name,
method,com/corrodinggames/rts/game/units/custom/logicBooleans/LogicBooleanGameFunctions$MovingBoolean,(Lcom/corrodinggames/rts/game/units/y;)Ljava/lang/String;,getMatchFailReasonForPlayer,method_LogicBooleanGameFunctions$MovingBoolean_getMatchFailReasonForPlayer,getMatchFailReasonForPlayer,v0.27-mapping-expansion,logic-boolean,confirmed,javap member declaration retains descriptive LogicBoolean DSL name,
method,com/corrodinggames/rts/game/units/custom/logicBooleans/LogicBooleanGameFunctions$MovingBoolean,(Lcom/corrodinggames/rts/game/units/y;)Z,read,method_LogicBooleanGameFunctions$MovingBoolean_read,read,v0.27-mapping-expansion,logic-boolean,confirmed,javap member declaration retains descriptive LogicBoolean DSL name,
field,com/corrodinggames/rts/game/units/custom/logicBooleans/LogicBooleanGameFunctions$NumberOfAttachedUnitsBoolean,Lcom/corrodinggames/rts/game/units/custom/g;,_withTag,field_LogicBooleanGameFunctions$NumberOfAttachedUnitsBoolean_withTagFilter,withTagFilter,v0.27-mapping-expansion,logic-boolean,confirmed,javap member declaration retains descriptive LogicBoolean DSL name,
field,com/corrodinggames/rts/game/units/custom/logicBooleans/LogicBooleanGameFunctions$NumberOfAttachedUnitsBoolean,S,attachmentId,field_LogicBooleanGameFunctions$NumberOfAttachedUnitsBoolean_attachmentId,attachmentId,v0.27-mapping-expansion,logic-boolean,confirmed,javap member declaration retains descriptive LogicBoolean DSL name,
field,com/corrodinggames/rts/game/units/custom/logicBooleans/LogicBooleanGameFunctions$NumberOfAttachedUnitsBoolean,Lcom/corrodinggames/rts/game/units/custom/l;,meta,field_LogicBooleanGameFunctions$NumberOfAttachedUnitsBoolean_meta,meta,v0.27-mapping-expansion,logic-boolean,confirmed,javap member declaration retains descriptive LogicBoolean DSL name,
method,com/corrodinggames/rts/game/units/custom/logicBooleans/LogicBooleanGameFunctions$NumberOfAttachedUnitsBoolean,(Lcom/corrodinggames/rts/game/units/custom/l;)V,forMeta,method_LogicBooleanGameFunctions$NumberOfAttachedUnitsBoolean_forMeta,forMeta,v0.27-mapping-expansion,logic-boolean,confirmed,javap member declaration retains descriptive LogicBoolean DSL name,
method,com/corrodinggames/rts/game/units/custom/logicBooleans/LogicBooleanGameFunctions$NumberOfAttachedUnitsBoolean,(Lcom/corrodinggames/rts/game/units/y;)F,getMaxValue,method_LogicBooleanGameFunctions$NumberOfAttachedUnitsBoolean_getMaxValue,getMaxValue,v0.27-mapping-expansion,logic-boolean,confirmed,javap member declaration retains descriptive LogicBoolean DSL name,
method,com/corrodinggames/rts/game/units/custom/logicBooleans/LogicBooleanGameFunctions$NumberOfAttachedUnitsBoolean,()Ljava/lang/String;,getName,method_LogicBooleanGameFunctions$NumberOfAttachedUnitsBoolean_getName,getName,v0.27-mapping-expansion,logic-boolean,confirmed,javap member declaration retains descriptive LogicBoolean DSL name,
method,com/corrodinggames/rts/game/units/custom/logicBooleans/LogicBooleanGameFunctions$NumberOfAttachedUnitsBoolean,(Lcom/corrodinggames/rts/game/units/y;)F,getValue,method_LogicBooleanGameFunctions$NumberOfAttachedUnitsBoolean_getValue,getValue,v0.27-mapping-expansion,logic-boolean,confirmed,javap member declaration retains descriptive LogicBoolean DSL name,
method,com/corrodinggames/rts/game/units/custom/logicBooleans/LogicBooleanGameFunctions$NumberOfAttachedUnitsBoolean,(Ljava/lang/String;)V,slot,method_LogicBooleanGameFunctions$NumberOfAttachedUnitsBoolean_slot,slot,v0.27-mapping-expansion,logic-boolean,confirmed,javap member declaration retains descriptive LogicBoolean DSL name,
method,com/corrodinggames/rts/game/units/custom/logicBooleans/LogicBooleanGameFunctions$NumberOfAttachedUnitsBoolean,(Ljava/lang/String;Ljava/lang/String;Ljava/lang/String;Lcom/corrodinggames/rts/game/units/custom/logicBooleans/LogicBooleanLoader$LogicBooleanContext;Z)V,validate,method_LogicBooleanGameFunctions$NumberOfAttachedUnitsBoolean_validate,validate,v0.27-mapping-expansion,logic-boolean,confirmed,javap member declaration retains descriptive LogicBoolean DSL name,
method,com/corrodinggames/rts/game/units/custom/logicBooleans/LogicBooleanGameFunctions$NumberOfAttachedUnitsBoolean,(Ljava/lang/String;)V,withTag,method_LogicBooleanGameFunctions$NumberOfAttachedUnitsBoolean_withTag,withTag,v0.27-mapping-expansion,logic-boolean,confirmed,javap member declaration retains descriptive LogicBoolean DSL name,
field,com/corrodinggames/rts/game/units/custom/logicBooleans/LogicBooleanGameFunctions$NumberOfConnectionsBoolean,Lcom/corrodinggames/rts/game/units/custom/c/a;,connectionMetadata,field_LogicBooleanGameFunctions$NumberOfConnectionsBoolean_connectionMetadata,connectionMetadata,v0.27-mapping-expansion,logic-boolean,confirmed,javap member declaration retains descriptive LogicBoolean DSL name,
field,com/corrodinggames/rts/game/units/custom/logicBooleans/LogicBooleanGameFunctions$NumberOfConnectionsBoolean,Lcom/corrodinggames/rts/game/units/custom/l;,meta,field_LogicBooleanGameFunctions$NumberOfConnectionsBoolean_meta,meta,v0.27-mapping-expansion,logic-boolean,confirmed,javap member declaration retains descriptive LogicBoolean DSL name,
method,com/corrodinggames/rts/game/units/custom/logicBooleans/LogicBooleanGameFunctions$NumberOfConnectionsBoolean,(Lcom/corrodinggames/rts/game/units/custom/l;)V,forMeta,method_LogicBooleanGameFunctions$NumberOfConnectionsBoolean_forMeta,forMeta,v0.27-mapping-expansion,logic-boolean,confirmed,javap member declaration retains descriptive LogicBoolean DSL name,
method,com/corrodinggames/rts/game/units/custom/logicBooleans/LogicBooleanGameFunctions$NumberOfConnectionsBoolean,(Lcom/corrodinggames/rts/game/units/y;)F,getMaxValue,method_LogicBooleanGameFunctions$NumberOfConnectionsBoolean_getMaxValue,getMaxValue,v0.27-mapping-expansion,logic-boolean,confirmed,javap member declaration retains descriptive LogicBoolean DSL name,
method,com/corrodinggames/rts/game/units/custom/logicBooleans/LogicBooleanGameFunctions$NumberOfConnectionsBoolean,()Ljava/lang/String;,getName,method_LogicBooleanGameFunctions$NumberOfConnectionsBoolean_getName,getName,v0.27-mapping-expansion,logic-boolean,confirmed,javap member declaration retains descriptive LogicBoolean DSL name,
method,com/corrodinggames/rts/game/units/custom/logicBooleans/LogicBooleanGameFunctions$NumberOfConnectionsBoolean,(Lcom/corrodinggames/rts/game/units/y;)F,getValue,method_LogicBooleanGameFunctions$NumberOfConnectionsBoolean_getValue,getValue,v0.27-mapping-expansion,logic-boolean,confirmed,javap member declaration retains descriptive LogicBoolean DSL name,
method,com/corrodinggames/rts/game/units/custom/logicBooleans/LogicBooleanGameFunctions$NumberOfConnectionsBoolean,(Ljava/lang/String;)V,name,method_LogicBooleanGameFunctions$NumberOfConnectionsBoolean_name,name,v0.27-mapping-expansion,logic-boolean,confirmed,javap member declaration retains descriptive LogicBoolean DSL name,
method,com/corrodinggames/rts/game/units/custom/logicBooleans/LogicBooleanGameFunctions$NumberOfConnectionsBoolean,(Ljava/lang/String;Ljava/lang/String;Ljava/lang/String;Lcom/corrodinggames/rts/game/units/custom/logicBooleans/LogicBooleanLoader$LogicBooleanContext;Z)V,validate,method_LogicBooleanGameFunctions$NumberOfConnectionsBoolean_validate,validate,v0.27-mapping-expansion,logic-boolean,confirmed,javap member declaration retains descriptive LogicBoolean DSL name,
field,com/corrodinggames/rts/game/units/custom/logicBooleans/LogicBooleanGameFunctions$NumberOfQueuedWaypoints,Lcom/corrodinggames/rts/game/units/av;,type,field_LogicBooleanGameFunctions$NumberOfQueuedWaypoints_type,type,v0.27-mapping-expansion,logic-boolean,confirmed,javap member declaration retains descriptive LogicBoolean DSL name,
method,com/corrodinggames/rts/game/units/custom/logicBooleans/LogicBooleanGameFunctions$NumberOfQueuedWaypoints,(Lcom/corrodinggames/rts/game/units/y;)F,getMaxValue,method_LogicBooleanGameFunctions$NumberOfQueuedWaypoints_getMaxValue,getMaxValue,v0.27-mapping-expansion,logic-boolean,confirmed,javap member declaration retains descriptive LogicBoolean DSL name,
method,com/corrodinggames/rts/game/units/custom/logicBooleans/LogicBooleanGameFunctions$NumberOfQueuedWaypoints,()Ljava/lang/String;,getName,method_LogicBooleanGameFunctions$NumberOfQueuedWaypoints_getName,getName,v0.27-mapping-expansion,logic-boolean,confirmed,javap member declaration retains descriptive LogicBoolean DSL name,
method,com/corrodinggames/rts/game/units/custom/logicBooleans/LogicBooleanGameFunctions$NumberOfQueuedWaypoints,(Lcom/corrodinggames/rts/game/units/y;)F,getValue,method_LogicBooleanGameFunctions$NumberOfQueuedWaypoints_getValue,getValue,v0.27-mapping-expansion,logic-boolean,confirmed,javap member declaration retains descriptive LogicBoolean DSL name,
method,com/corrodinggames/rts/game/units/custom/logicBooleans/LogicBooleanGameFunctions$NumberOfQueuedWaypoints,(Ljava/lang/String;)V,type,method_LogicBooleanGameFunctions$NumberOfQueuedWaypoints_type,type,v0.27-mapping-expansion,logic-boolean,confirmed,javap member declaration retains descriptive LogicBoolean DSL name,
field,com/corrodinggames/rts/game/units/custom/logicBooleans/LogicBooleanGameFunctions$NumberOfUnitsInEnemyOrAllyTeam,Lcom/corrodinggames/rts/game/units/custom/g;,_withTag,field_LogicBooleanGameFunctions$NumberOfUnitsInEnemyOrAllyTeam_withTagFilter,withTagFilter,v0.27-mapping-expansion,logic-boolean,confirmed,javap member declaration retains descriptive LogicBoolean DSL name,
field,com/corrodinggames/rts/game/units/custom/logicBooleans/LogicBooleanGameFunctions$NumberOfUnitsInEnemyOrAllyTeam,Z,ally,field_LogicBooleanGameFunctions$NumberOfUnitsInEnemyOrAllyTeam_ally,ally,v0.27-mapping-expansion,logic-boolean,confirmed,javap member declaration retains descriptive LogicBoolean DSL name,
field,com/corrodinggames/rts/game/units/custom/logicBooleans/LogicBooleanGameFunctions$NumberOfUnitsInEnemyOrAllyTeam,Z,factoryQueue,field_LogicBooleanGameFunctions$NumberOfUnitsInEnemyOrAllyTeam_factoryQueue,factoryQueue,v0.27-mapping-expansion,logic-boolean,confirmed,javap member declaration retains descriptive LogicBoolean DSL name,
field,com/corrodinggames/rts/game/units/custom/logicBooleans/LogicBooleanGameFunctions$NumberOfUnitsInEnemyOrAllyTeam,Lcom/corrodinggames/rts/game/units/custom/logicBooleans/LogicBooleanGameFunctions$NumberOfUnitsInEnemyOrAllyTeam$HandleCallbackCountAlly;,handleCallbackCountAlly,field_LogicBooleanGameFunctions$NumberOfUnitsInEnemyOrAllyTeam_handleCallbackCountAlly,handleCallbackCountAlly,v0.27-mapping-expansion,logic-boolean,confirmed,javap member declaration retains descriptive LogicBoolean DSL name,
field,com/corrodinggames/rts/game/units/custom/logicBooleans/LogicBooleanGameFunctions$NumberOfUnitsInEnemyOrAllyTeam,Lcom/corrodinggames/rts/game/units/custom/logicBooleans/LogicBooleanGameFunctions$NumberOfUnitsInEnemyOrAllyTeam$HandleCallbackCountEnemies;,handleCallbackCountEnemies,field_LogicBooleanGameFunctions$NumberOfUnitsInEnemyOrAllyTeam_handleCallbackCountEnemies,handleCallbackCountEnemies,v0.27-mapping-expansion,logic-boolean,confirmed,javap member declaration retains descriptive LogicBoolean DSL name,
field,com/corrodinggames/rts/game/units/custom/logicBooleans/LogicBooleanGameFunctions$NumberOfUnitsInEnemyOrAllyTeam,Z,incompleteBuildings,field_LogicBooleanGameFunctions$NumberOfUnitsInEnemyOrAllyTeam_incompleteBuildings,incompleteBuildings,v0.27-mapping-expansion,logic-boolean,confirmed,javap member declaration retains descriptive LogicBoolean DSL name,
field,com/corrodinggames/rts/game/units/custom/logicBooleans/LogicBooleanGameFunctions$NumberOfUnitsInEnemyOrAllyTeam,F,withinRange,field_LogicBooleanGameFunctions$NumberOfUnitsInEnemyOrAllyTeam_withinRange,withinRange,v0.27-mapping-expansion,logic-boolean,confirmed,javap member declaration retains descriptive LogicBoolean DSL name,
field,com/corrodinggames/rts/game/units/custom/logicBooleans/LogicBooleanGameFunctions$NumberOfUnitsInEnemyOrAllyTeam,F,withinRangeSq,field_LogicBooleanGameFunctions$NumberOfUnitsInEnemyOrAllyTeam_withinRangeSq,withinRangeSq,v0.27-mapping-expansion,logic-boolean,confirmed,javap member declaration retains descriptive LogicBoolean DSL name,
method,com/corrodinggames/rts/game/units/custom/logicBooleans/LogicBooleanGameFunctions$NumberOfUnitsInEnemyOrAllyTeam,(Lcom/corrodinggames/rts/game/units/y;)F,getMaxValue,method_LogicBooleanGameFunctions$NumberOfUnitsInEnemyOrAllyTeam_getMaxValue,getMaxValue,v0.27-mapping-expansion,logic-boolean,confirmed,javap member declaration retains descriptive LogicBoolean DSL name,
method,com/corrodinggames/rts/game/units/custom/logicBooleans/LogicBooleanGameFunctions$NumberOfUnitsInEnemyOrAllyTeam,()Ljava/lang/String;,getName,method_LogicBooleanGameFunctions$NumberOfUnitsInEnemyOrAllyTeam_getName,getName,v0.27-mapping-expansion,logic-boolean,confirmed,javap member declaration retains descriptive LogicBoolean DSL name,
method,com/corrodinggames/rts/game/units/custom/logicBooleans/LogicBooleanGameFunctions$NumberOfUnitsInEnemyOrAllyTeam,(Lcom/corrodinggames/rts/game/units/y;)F,getValue,method_LogicBooleanGameFunctions$NumberOfUnitsInEnemyOrAllyTeam_getValue,getValue,v0.27-mapping-expansion,logic-boolean,confirmed,javap member declaration retains descriptive LogicBoolean DSL name,
method,com/corrodinggames/rts/game/units/custom/logicBooleans/LogicBooleanGameFunctions$NumberOfUnitsInEnemyOrAllyTeam,(Ljava/lang/String;Ljava/lang/String;Ljava/lang/String;Lcom/corrodinggames/rts/game/units/custom/logicBooleans/LogicBooleanLoader$LogicBooleanContext;Z)V,validate,method_LogicBooleanGameFunctions$NumberOfUnitsInEnemyOrAllyTeam_validate,validate,v0.27-mapping-expansion,logic-boolean,confirmed,javap member declaration retains descriptive LogicBoolean DSL name,
method,com/corrodinggames/rts/game/units/custom/logicBooleans/LogicBooleanGameFunctions$NumberOfUnitsInEnemyOrAllyTeam,(Ljava/lang/String;)V,withTag,method_LogicBooleanGameFunctions$NumberOfUnitsInEnemyOrAllyTeam_withTag,withTag,v0.27-mapping-expansion,logic-boolean,confirmed,javap member declaration retains descriptive LogicBoolean DSL name,
field,com/corrodinggames/rts/game/units/custom/logicBooleans/LogicBooleanGameFunctions$NumberOfUnitsInEnemyOrAllyTeam$HandleCallbackCountAlly,Lcom/corrodinggames/rts/game/n;,ally,field_LogicBooleanGameFunctions$NumberOfUnitsInEnemyOrAllyTeam$HandleCallbackCountAlly_ally,ally,v0.27-mapping-expansion,logic-boolean,confirmed,javap member declaration retains descriptive LogicBoolean DSL name,
field,com/corrodinggames/rts/game/units/custom/logicBooleans/LogicBooleanGameFunctions$NumberOfUnitsInEnemyOrAllyTeam$HandleCallbackCountAlly,I,count,field_LogicBooleanGameFunctions$NumberOfUnitsInEnemyOrAllyTeam$HandleCallbackCountAlly_count,count,v0.27-mapping-expansion,logic-boolean,confirmed,javap member declaration retains descriptive LogicBoolean DSL name,
field,com/corrodinggames/rts/game/units/custom/logicBooleans/LogicBooleanGameFunctions$NumberOfUnitsInEnemyOrAllyTeam$HandleCallbackCountAlly,Z,incompleteBuildings,field_LogicBooleanGameFunctions$NumberOfUnitsInEnemyOrAllyTeam$HandleCallbackCountAlly_incompleteBuildings,incompleteBuildings,v0.27-mapping-expansion,logic-boolean,confirmed,javap member declaration retains descriptive LogicBoolean DSL name,
field,com/corrodinggames/rts/game/units/custom/logicBooleans/LogicBooleanGameFunctions$NumberOfUnitsInEnemyOrAllyTeam$HandleCallbackCountAlly,Lcom/corrodinggames/rts/game/units/custom/g;,tag,field_LogicBooleanGameFunctions$NumberOfUnitsInEnemyOrAllyTeam$HandleCallbackCountAlly_tag,tag,v0.27-mapping-expansion,logic-boolean,confirmed,javap member declaration retains descriptive LogicBoolean DSL name,
field,com/corrodinggames/rts/game/units/custom/logicBooleans/LogicBooleanGameFunctions$NumberOfUnitsInEnemyOrAllyTeam$HandleCallbackCountAlly,F,withinRangeSq,field_LogicBooleanGameFunctions$NumberOfUnitsInEnemyOrAllyTeam$HandleCallbackCountAlly_withinRangeSq,withinRangeSq,v0.27-mapping-expansion,logic-boolean,confirmed,javap member declaration retains descriptive LogicBoolean DSL name,
method,com/corrodinggames/rts/game/units/custom/logicBooleans/LogicBooleanGameFunctions$NumberOfUnitsInEnemyOrAllyTeam$HandleCallbackCountAlly,(Lcom/corrodinggames/rts/game/units/y;FLcom/corrodinggames/rts/game/units/am;)V,callback,method_LogicBooleanGameFunctions$NumberOfUnitsInEnemyOrAllyTeam$HandleCallbackCountAlly_callback,callback,v0.27-mapping-expansion,logic-boolean,confirmed,javap member declaration retains descriptive LogicBoolean DSL name,
method,com/corrodinggames/rts/game/units/custom/logicBooleans/LogicBooleanGameFunctions$NumberOfUnitsInEnemyOrAllyTeam$HandleCallbackCountAlly,(Lcom/corrodinggames/rts/game/units/y;)I,excludeTeam,method_LogicBooleanGameFunctions$NumberOfUnitsInEnemyOrAllyTeam$HandleCallbackCountAlly_excludeTeam,excludeTeam,v0.27-mapping-expansion,logic-boolean,confirmed,javap member declaration retains descriptive LogicBoolean DSL name,
method,com/corrodinggames/rts/game/units/custom/logicBooleans/LogicBooleanGameFunctions$NumberOfUnitsInEnemyOrAllyTeam$HandleCallbackCountAlly,(Lcom/corrodinggames/rts/game/units/y;)Lcom/corrodinggames/rts/game/n;,onlyEnemiesOfTeam,method_LogicBooleanGameFunctions$NumberOfUnitsInEnemyOrAllyTeam$HandleCallbackCountAlly_onlyEnemiesOfTeam,onlyEnemiesOfTeam,v0.27-mapping-expansion,logic-boolean,confirmed,javap member declaration retains descriptive LogicBoolean DSL name,
method,com/corrodinggames/rts/game/units/custom/logicBooleans/LogicBooleanGameFunctions$NumberOfUnitsInEnemyOrAllyTeam$HandleCallbackCountAlly,(Lcom/corrodinggames/rts/game/units/y;)Lcom/corrodinggames/rts/game/n;,onlyTeam,method_LogicBooleanGameFunctions$NumberOfUnitsInEnemyOrAllyTeam$HandleCallbackCountAlly_onlyTeam,onlyTeam,v0.27-mapping-expansion,logic-boolean,confirmed,javap member declaration retains descriptive LogicBoolean DSL name,
method,com/corrodinggames/rts/game/units/custom/logicBooleans/LogicBooleanGameFunctions$NumberOfUnitsInEnemyOrAllyTeam$HandleCallbackCountAlly,(Lcom/corrodinggames/rts/game/units/y;F)V,setup,method_LogicBooleanGameFunctions$NumberOfUnitsInEnemyOrAllyTeam$HandleCallbackCountAlly_setup,setup,v0.27-mapping-expansion,logic-boolean,confirmed,javap member declaration retains descriptive LogicBoolean DSL name,
field,com/corrodinggames/rts/game/units/custom/logicBooleans/LogicBooleanGameFunctions$NumberOfUnitsInEnemyOrAllyTeam$HandleCallbackCountEnemies,I,count,field_LogicBooleanGameFunctions$NumberOfUnitsInEnemyOrAllyTeam$HandleCallbackCountEnemies_count,count,v0.27-mapping-expansion,logic-boolean,confirmed,javap member declaration retains descriptive LogicBoolean DSL name,
field,com/corrodinggames/rts/game/units/custom/logicBooleans/LogicBooleanGameFunctions$NumberOfUnitsInEnemyOrAllyTeam$HandleCallbackCountEnemies,Z,incompleteBuildings,field_LogicBooleanGameFunctions$NumberOfUnitsInEnemyOrAllyTeam$HandleCallbackCountEnemies_incompleteBuildings,incompleteBuildings,v0.27-mapping-expansion,logic-boolean,confirmed,javap member declaration retains descriptive LogicBoolean DSL name,
field,com/corrodinggames/rts/game/units/custom/logicBooleans/LogicBooleanGameFunctions$NumberOfUnitsInEnemyOrAllyTeam$HandleCallbackCountEnemies,Lcom/corrodinggames/rts/game/units/custom/g;,tag,field_LogicBooleanGameFunctions$NumberOfUnitsInEnemyOrAllyTeam$HandleCallbackCountEnemies_tag,tag,v0.27-mapping-expansion,logic-boolean,confirmed,javap member declaration retains descriptive LogicBoolean DSL name,
field,com/corrodinggames/rts/game/units/custom/logicBooleans/LogicBooleanGameFunctions$NumberOfUnitsInEnemyOrAllyTeam$HandleCallbackCountEnemies,F,withinRangeSq,field_LogicBooleanGameFunctions$NumberOfUnitsInEnemyOrAllyTeam$HandleCallbackCountEnemies_withinRangeSq,withinRangeSq,v0.27-mapping-expansion,logic-boolean,confirmed,javap member declaration retains descriptive LogicBoolean DSL name,
method,com/corrodinggames/rts/game/units/custom/logicBooleans/LogicBooleanGameFunctions$NumberOfUnitsInEnemyOrAllyTeam$HandleCallbackCountEnemies,(Lcom/corrodinggames/rts/game/units/y;FLcom/corrodinggames/rts/game/units/am;)V,callback,method_LogicBooleanGameFunctions$NumberOfUnitsInEnemyOrAllyTeam$HandleCallbackCountEnemies_callback,callback,v0.27-mapping-expansion,logic-boolean,confirmed,javap member declaration retains descriptive LogicBoolean DSL name,
method,com/corrodinggames/rts/game/units/custom/logicBooleans/LogicBooleanGameFunctions$NumberOfUnitsInEnemyOrAllyTeam$HandleCallbackCountEnemies,(Lcom/corrodinggames/rts/game/units/y;)I,excludeTeam,method_LogicBooleanGameFunctions$NumberOfUnitsInEnemyOrAllyTeam$HandleCallbackCountEnemies_excludeTeam,excludeTeam,v0.27-mapping-expansion,logic-boolean,confirmed,javap member declaration retains descriptive LogicBoolean DSL name,
method,com/corrodinggames/rts/game/units/custom/logicBooleans/LogicBooleanGameFunctions$NumberOfUnitsInEnemyOrAllyTeam$HandleCallbackCountEnemies,(Lcom/corrodinggames/rts/game/units/y;)Lcom/corrodinggames/rts/game/n;,onlyEnemiesOfTeam,method_LogicBooleanGameFunctions$NumberOfUnitsInEnemyOrAllyTeam$HandleCallbackCountEnemies_onlyEnemiesOfTeam,onlyEnemiesOfTeam,v0.27-mapping-expansion,logic-boolean,confirmed,javap member declaration retains descriptive LogicBoolean DSL name,
method,com/corrodinggames/rts/game/units/custom/logicBooleans/LogicBooleanGameFunctions$NumberOfUnitsInEnemyOrAllyTeam$HandleCallbackCountEnemies,(Lcom/corrodinggames/rts/game/units/y;)Lcom/corrodinggames/rts/game/n;,onlyTeam,method_LogicBooleanGameFunctions$NumberOfUnitsInEnemyOrAllyTeam$HandleCallbackCountEnemies_onlyTeam,onlyTeam,v0.27-mapping-expansion,logic-boolean,confirmed,javap member declaration retains descriptive LogicBoolean DSL name,
method,com/corrodinggames/rts/game/units/custom/logicBooleans/LogicBooleanGameFunctions$NumberOfUnitsInEnemyOrAllyTeam$HandleCallbackCountEnemies,(Lcom/corrodinggames/rts/game/units/y;F)V,setup,method_LogicBooleanGameFunctions$NumberOfUnitsInEnemyOrAllyTeam$HandleCallbackCountEnemies_setup,setup,v0.27-mapping-expansion,logic-boolean,confirmed,javap member declaration retains descriptive LogicBoolean DSL name,
field,com/corrodinggames/rts/game/units/custom/logicBooleans/LogicBooleanGameFunctions$NumberOfUnitsInTeam,Lcom/corrodinggames/rts/game/units/custom/g;,_withTag,field_LogicBooleanGameFunctions$NumberOfUnitsInTeam_withTagFilter,withTagFilter,v0.27-mapping-expansion,logic-boolean,confirmed,javap member declaration retains descriptive LogicBoolean DSL name,
field,com/corrodinggames/rts/game/units/custom/logicBooleans/LogicBooleanGameFunctions$NumberOfUnitsInTeam,Z,allTeams,field_LogicBooleanGameFunctions$NumberOfUnitsInTeam_allTeams,allTeams,v0.27-mapping-expansion,logic-boolean,confirmed,javap member declaration retains descriptive LogicBoolean DSL name,
field,com/corrodinggames/rts/game/units/custom/logicBooleans/LogicBooleanGameFunctions$NumberOfUnitsInTeam,Z,factoryQueue,field_LogicBooleanGameFunctions$NumberOfUnitsInTeam_factoryQueue,factoryQueue,v0.27-mapping-expansion,logic-boolean,confirmed,javap member declaration retains descriptive LogicBoolean DSL name,
field,com/corrodinggames/rts/game/units/custom/logicBooleans/LogicBooleanGameFunctions$NumberOfUnitsInTeam,Lcom/corrodinggames/rts/game/units/custom/logicBooleans/LogicBooleanGameFunctions$NumberOfUnitsInTeam$HandleCallbackCount;,handleCallbackCount,field_LogicBooleanGameFunctions$NumberOfUnitsInTeam_handleCallbackCount,handleCallbackCount,v0.27-mapping-expansion,logic-boolean,confirmed,javap member declaration retains descriptive LogicBoolean DSL name,
field,com/corrodinggames/rts/game/units/custom/logicBooleans/LogicBooleanGameFunctions$NumberOfUnitsInTeam,Z,incompleteBuildings,field_LogicBooleanGameFunctions$NumberOfUnitsInTeam_incompleteBuildings,incompleteBuildings,v0.27-mapping-expansion,logic-boolean,confirmed,javap member declaration retains descriptive LogicBoolean DSL name,
field,com/corrodinggames/rts/game/units/custom/logicBooleans/LogicBooleanGameFunctions$NumberOfUnitsInTeam,Z,neutralTeam,field_LogicBooleanGameFunctions$NumberOfUnitsInTeam_neutralTeam,neutralTeam,v0.27-mapping-expansion,logic-boolean,confirmed,javap member declaration retains descriptive LogicBoolean DSL name,
field,com/corrodinggames/rts/game/units/custom/logicBooleans/LogicBooleanGameFunctions$NumberOfUnitsInTeam,Z,useAggressiveTeamInsteadOfNeutralTeam,field_LogicBooleanGameFunctions$NumberOfUnitsInTeam_useAggressiveTeamInsteadOfNeutralTeam,useAggressiveTeamInsteadOfNeutralTeam,v0.27-mapping-expansion,logic-boolean,confirmed,javap member declaration retains descriptive LogicBoolean DSL name,
field,com/corrodinggames/rts/game/units/custom/logicBooleans/LogicBooleanGameFunctions$NumberOfUnitsInTeam,F,withinRange,field_LogicBooleanGameFunctions$NumberOfUnitsInTeam_withinRange,withinRange,v0.27-mapping-expansion,logic-boolean,confirmed,javap member declaration retains descriptive LogicBoolean DSL name,
field,com/corrodinggames/rts/game/units/custom/logicBooleans/LogicBooleanGameFunctions$NumberOfUnitsInTeam,F,withinRangeSq,field_LogicBooleanGameFunctions$NumberOfUnitsInTeam_withinRangeSq,withinRangeSq,v0.27-mapping-expansion,logic-boolean,confirmed,javap member declaration retains descriptive LogicBoolean DSL name,
method,com/corrodinggames/rts/game/units/custom/logicBooleans/LogicBooleanGameFunctions$NumberOfUnitsInTeam,(Z)V,aggressiveTeam,method_LogicBooleanGameFunctions$NumberOfUnitsInTeam_aggressiveTeam,aggressiveTeam,v0.27-mapping-expansion,logic-boolean,confirmed,javap member declaration retains descriptive LogicBoolean DSL name,
method,com/corrodinggames/rts/game/units/custom/logicBooleans/LogicBooleanGameFunctions$NumberOfUnitsInTeam,(Lcom/corrodinggames/rts/game/units/y;)F,getMaxValue,method_LogicBooleanGameFunctions$NumberOfUnitsInTeam_getMaxValue,getMaxValue,v0.27-mapping-expansion,logic-boolean,confirmed,javap member declaration retains descriptive LogicBoolean DSL name,
method,com/corrodinggames/rts/game/units/custom/logicBooleans/LogicBooleanGameFunctions$NumberOfUnitsInTeam,()Ljava/lang/String;,getName,method_LogicBooleanGameFunctions$NumberOfUnitsInTeam_getName,getName,v0.27-mapping-expansion,logic-boolean,confirmed,javap member declaration retains descriptive LogicBoolean DSL name,
method,com/corrodinggames/rts/game/units/custom/logicBooleans/LogicBooleanGameFunctions$NumberOfUnitsInTeam,(Lcom/corrodinggames/rts/game/units/y;)F,getValue,method_LogicBooleanGameFunctions$NumberOfUnitsInTeam_getValue,getValue,v0.27-mapping-expansion,logic-boolean,confirmed,javap member declaration retains descriptive LogicBoolean DSL name,
method,com/corrodinggames/rts/game/units/custom/logicBooleans/LogicBooleanGameFunctions$NumberOfUnitsInTeam,(Ljava/lang/String;Ljava/lang/String;Ljava/lang/String;Lcom/corrodinggames/rts/game/units/custom/logicBooleans/LogicBooleanLoader$LogicBooleanContext;Z)V,validate,method_LogicBooleanGameFunctions$NumberOfUnitsInTeam_validate,validate,v0.27-mapping-expansion,logic-boolean,confirmed,javap member declaration retains descriptive LogicBoolean DSL name,
method,com/corrodinggames/rts/game/units/custom/logicBooleans/LogicBooleanGameFunctions$NumberOfUnitsInTeam,(Ljava/lang/String;)V,withTag,method_LogicBooleanGameFunctions$NumberOfUnitsInTeam_withTag,withTag,v0.27-mapping-expansion,logic-boolean,confirmed,javap member declaration retains descriptive LogicBoolean DSL name,
field,com/corrodinggames/rts/game/units/custom/logicBooleans/LogicBooleanGameFunctions$NumberOfUnitsInTeam$HandleCallbackCount,I,count,field_LogicBooleanGameFunctions$NumberOfUnitsInTeam$HandleCallbackCount_count,count,v0.27-mapping-expansion,logic-boolean,confirmed,javap member declaration retains descriptive LogicBoolean DSL name,
field,com/corrodinggames/rts/game/units/custom/logicBooleans/LogicBooleanGameFunctions$NumberOfUnitsInTeam$HandleCallbackCount,Z,incompleteBuildings,field_LogicBooleanGameFunctions$NumberOfUnitsInTeam$HandleCallbackCount_incompleteBuildings,incompleteBuildings,v0.27-mapping-expansion,logic-boolean,confirmed,javap member declaration retains descriptive LogicBoolean DSL name,
field,com/corrodinggames/rts/game/units/custom/logicBooleans/LogicBooleanGameFunctions$NumberOfUnitsInTeam$HandleCallbackCount,Lcom/corrodinggames/rts/game/units/custom/g;,tag,field_LogicBooleanGameFunctions$NumberOfUnitsInTeam$HandleCallbackCount_tag,tag,v0.27-mapping-expansion,logic-boolean,confirmed,javap member declaration retains descriptive LogicBoolean DSL name,
field,com/corrodinggames/rts/game/units/custom/logicBooleans/LogicBooleanGameFunctions$NumberOfUnitsInTeam$HandleCallbackCount,Lcom/corrodinggames/rts/game/n;,targetTeam,field_LogicBooleanGameFunctions$NumberOfUnitsInTeam$HandleCallbackCount_targetTeam,targetTeam,v0.27-mapping-expansion,logic-boolean,confirmed,javap member declaration retains descriptive LogicBoolean DSL name,
field,com/corrodinggames/rts/game/units/custom/logicBooleans/LogicBooleanGameFunctions$NumberOfUnitsInTeam$HandleCallbackCount,F,withinRangeSq,field_LogicBooleanGameFunctions$NumberOfUnitsInTeam$HandleCallbackCount_withinRangeSq,withinRangeSq,v0.27-mapping-expansion,logic-boolean,confirmed,javap member declaration retains descriptive LogicBoolean DSL name,
method,com/corrodinggames/rts/game/units/custom/logicBooleans/LogicBooleanGameFunctions$NumberOfUnitsInTeam$HandleCallbackCount,(Lcom/corrodinggames/rts/game/units/y;FLcom/corrodinggames/rts/game/units/am;)V,callback,method_LogicBooleanGameFunctions$NumberOfUnitsInTeam$HandleCallbackCount_callback,callback,v0.27-mapping-expansion,logic-boolean,confirmed,javap member declaration retains descriptive LogicBoolean DSL name,
method,com/corrodinggames/rts/game/units/custom/logicBooleans/LogicBooleanGameFunctions$NumberOfUnitsInTeam$HandleCallbackCount,(Lcom/corrodinggames/rts/game/units/y;)I,excludeTeam,method_LogicBooleanGameFunctions$NumberOfUnitsInTeam$HandleCallbackCount_excludeTeam,excludeTeam,v0.27-mapping-expansion,logic-boolean,confirmed,javap member declaration retains descriptive LogicBoolean DSL name,
method,com/corrodinggames/rts/game/units/custom/logicBooleans/LogicBooleanGameFunctions$NumberOfUnitsInTeam$HandleCallbackCount,(Lcom/corrodinggames/rts/game/units/y;)Lcom/corrodinggames/rts/game/n;,onlyEnemiesOfTeam,method_LogicBooleanGameFunctions$NumberOfUnitsInTeam$HandleCallbackCount_onlyEnemiesOfTeam,onlyEnemiesOfTeam,v0.27-mapping-expansion,logic-boolean,confirmed,javap member declaration retains descriptive LogicBoolean DSL name,
method,com/corrodinggames/rts/game/units/custom/logicBooleans/LogicBooleanGameFunctions$NumberOfUnitsInTeam$HandleCallbackCount,(Lcom/corrodinggames/rts/game/units/y;)Lcom/corrodinggames/rts/game/n;,onlyTeam,method_LogicBooleanGameFunctions$NumberOfUnitsInTeam$HandleCallbackCount_onlyTeam,onlyTeam,v0.27-mapping-expansion,logic-boolean,confirmed,javap member declaration retains descriptive LogicBoolean DSL name,
method,com/corrodinggames/rts/game/units/custom/logicBooleans/LogicBooleanGameFunctions$NumberOfUnitsInTeam$HandleCallbackCount,(Lcom/corrodinggames/rts/game/units/y;F)V,setup,method_LogicBooleanGameFunctions$NumberOfUnitsInTeam$HandleCallbackCount_setup,setup,v0.27-mapping-expansion,logic-boolean,confirmed,javap member declaration retains descriptive LogicBoolean DSL name,
method,com/corrodinggames/rts/game/units/custom/logicBooleans/LogicBooleanGameFunctions$OverCliftBoolean,(Lcom/corrodinggames/rts/game/units/y;)Ljava/lang/String;,getMatchFailReasonForPlayer,method_LogicBooleanGameFunctions$OverCliftBoolean_getMatchFailReasonForPlayer,getMatchFailReasonForPlayer,v0.27-mapping-expansion,logic-boolean,confirmed,javap member declaration retains descriptive LogicBoolean DSL name,
method,com/corrodinggames/rts/game/units/custom/logicBooleans/LogicBooleanGameFunctions$OverCliftBoolean,(Lcom/corrodinggames/rts/game/units/y;)Z,read,method_LogicBooleanGameFunctions$OverCliftBoolean_read,read,v0.27-mapping-expansion,logic-boolean,confirmed,javap member declaration retains descriptive LogicBoolean DSL name,
method,com/corrodinggames/rts/game/units/custom/logicBooleans/LogicBooleanGameFunctions$OverLiquidBoolean,(Lcom/corrodinggames/rts/game/units/y;)Ljava/lang/String;,getMatchFailReasonForPlayer,method_LogicBooleanGameFunctions$OverLiquidBoolean_getMatchFailReasonForPlayer,getMatchFailReasonForPlayer,v0.27-mapping-expansion,logic-boolean,confirmed,javap member declaration retains descriptive LogicBoolean DSL name,
method,com/corrodinggames/rts/game/units/custom/logicBooleans/LogicBooleanGameFunctions$OverLiquidBoolean,(Lcom/corrodinggames/rts/game/units/y;)Z,read,method_LogicBooleanGameFunctions$OverLiquidBoolean_read,read,v0.27-mapping-expansion,logic-boolean,confirmed,javap member declaration retains descriptive LogicBoolean DSL name,
field,com/corrodinggames/rts/game/units/custom/logicBooleans/LogicBooleanGameFunctions$OverPassableTileBoolean,Lcom/corrodinggames/rts/game/units/ao;,movementType,field_LogicBooleanGameFunctions$OverPassableTileBoolean_movementType,movementType,v0.27-mapping-expansion,logic-boolean,confirmed,javap member declaration retains descriptive LogicBoolean DSL name,
method,com/corrodinggames/rts/game/units/custom/logicBooleans/LogicBooleanGameFunctions$OverPassableTileBoolean,(Lcom/corrodinggames/rts/game/units/y;)Ljava/lang/String;,getMatchFailReasonForPlayer,method_LogicBooleanGameFunctions$OverPassableTileBoolean_getMatchFailReasonForPlayer,getMatchFailReasonForPlayer,v0.27-mapping-expansion,logic-boolean,confirmed,javap member declaration retains descriptive LogicBoolean DSL name,
method,com/corrodinggames/rts/game/units/custom/logicBooleans/LogicBooleanGameFunctions$OverPassableTileBoolean,(Lcom/corrodinggames/rts/game/units/y;)Z,read,method_LogicBooleanGameFunctions$OverPassableTileBoolean_read,read,v0.27-mapping-expansion,logic-boolean,confirmed,javap member declaration retains descriptive LogicBoolean DSL name,
method,com/corrodinggames/rts/game/units/custom/logicBooleans/LogicBooleanGameFunctions$OverPassableTileBoolean,(Ljava/lang/String;)V,type,method_LogicBooleanGameFunctions$OverPassableTileBoolean_type,type,v0.27-mapping-expansion,logic-boolean,confirmed,javap member declaration retains descriptive LogicBoolean DSL name,
method,com/corrodinggames/rts/game/units/custom/logicBooleans/LogicBooleanGameFunctions$OverWaterBoolean,(Lcom/corrodinggames/rts/game/units/y;)Ljava/lang/String;,getMatchFailReasonForPlayer,method_LogicBooleanGameFunctions$OverWaterBoolean_getMatchFailReasonForPlayer,getMatchFailReasonForPlayer,v0.27-mapping-expansion,logic-boolean,confirmed,javap member declaration retains descriptive LogicBoolean DSL name,
method,com/corrodinggames/rts/game/units/custom/logicBooleans/LogicBooleanGameFunctions$OverWaterBoolean,(Lcom/corrodinggames/rts/game/units/y;)Z,read,method_LogicBooleanGameFunctions$OverWaterBoolean_read,read,v0.27-mapping-expansion,logic-boolean,confirmed,javap member declaration retains descriptive LogicBoolean DSL name,
method,com/corrodinggames/rts/game/units/custom/logicBooleans/LogicBooleanGameFunctions$PositionXBoolean,(Lcom/corrodinggames/rts/game/units/y;)F,getMaxValue,method_LogicBooleanGameFunctions$PositionXBoolean_getMaxValue,getMaxValue,v0.27-mapping-expansion,logic-boolean,confirmed,javap member declaration retains descriptive LogicBoolean DSL name,
method,com/corrodinggames/rts/game/units/custom/logicBooleans/LogicBooleanGameFunctions$PositionXBoolean,()Ljava/lang/String;,getName,method_LogicBooleanGameFunctions$PositionXBoolean_getName,getName,v0.27-mapping-expansion,logic-boolean,confirmed,javap member declaration retains descriptive LogicBoolean DSL name,
method,com/corrodinggames/rts/game/units/custom/logicBooleans/LogicBooleanGameFunctions$PositionXBoolean,(Lcom/corrodinggames/rts/game/units/y;)F,getValue,method_LogicBooleanGameFunctions$PositionXBoolean_getValue,getValue,v0.27-mapping-expansion,logic-boolean,confirmed,javap member declaration retains descriptive LogicBoolean DSL name,
method,com/corrodinggames/rts/game/units/custom/logicBooleans/LogicBooleanGameFunctions$PositionYBoolean,(Lcom/corrodinggames/rts/game/units/y;)F,getMaxValue,method_LogicBooleanGameFunctions$PositionYBoolean_getMaxValue,getMaxValue,v0.27-mapping-expansion,logic-boolean,confirmed,javap member declaration retains descriptive LogicBoolean DSL name,
method,com/corrodinggames/rts/game/units/custom/logicBooleans/LogicBooleanGameFunctions$PositionYBoolean,()Ljava/lang/String;,getName,method_LogicBooleanGameFunctions$PositionYBoolean_getName,getName,v0.27-mapping-expansion,logic-boolean,confirmed,javap member declaration retains descriptive LogicBoolean DSL name,
method,com/corrodinggames/rts/game/units/custom/logicBooleans/LogicBooleanGameFunctions$PositionYBoolean,(Lcom/corrodinggames/rts/game/units/y;)F,getValue,method_LogicBooleanGameFunctions$PositionYBoolean_getValue,getValue,v0.27-mapping-expansion,logic-boolean,confirmed,javap member declaration retains descriptive LogicBoolean DSL name,
method,com/corrodinggames/rts/game/units/custom/logicBooleans/LogicBooleanGameFunctions$PriceCreditsBoolean,(Lcom/corrodinggames/rts/game/units/y;)F,getMaxValue,method_LogicBooleanGameFunctions$PriceCreditsBoolean_getMaxValue,getMaxValue,v0.27-mapping-expansion,logic-boolean,confirmed,javap member declaration retains descriptive LogicBoolean DSL name,
method,com/corrodinggames/rts/game/units/custom/logicBooleans/LogicBooleanGameFunctions$PriceCreditsBoolean,()Ljava/lang/String;,getName,method_LogicBooleanGameFunctions$PriceCreditsBoolean_getName,getName,v0.27-mapping-expansion,logic-boolean,confirmed,javap member declaration retains descriptive LogicBoolean DSL name,
method,com/corrodinggames/rts/game/units/custom/logicBooleans/LogicBooleanGameFunctions$PriceCreditsBoolean,(Lcom/corrodinggames/rts/game/units/y;)F,getValue,method_LogicBooleanGameFunctions$PriceCreditsBoolean_getValue,getValue,v0.27-mapping-expansion,logic-boolean,confirmed,javap member declaration retains descriptive LogicBoolean DSL name,
field,com/corrodinggames/rts/game/units/custom/logicBooleans/LogicBooleanGameFunctions$QueueSize,Lcom/corrodinggames/rts/game/units/custom/g;,_withActionTag,field_LogicBooleanGameFunctions$QueueSize_withActionTag,withActionTag,v0.27-mapping-expansion,logic-boolean,confirmed,javap member declaration retains descriptive LogicBoolean DSL name,
method,com/corrodinggames/rts/game/units/custom/logicBooleans/LogicBooleanGameFunctions$QueueSize,(Lcom/corrodinggames/rts/game/units/y;)F,getMaxValue,method_LogicBooleanGameFunctions$QueueSize_getMaxValue,getMaxValue,v0.27-mapping-expansion,logic-boolean,confirmed,javap member declaration retains descriptive LogicBoolean DSL name,
method,com/corrodinggames/rts/game/units/custom/logicBooleans/LogicBooleanGameFunctions$QueueSize,()Ljava/lang/String;,getName,method_LogicBooleanGameFunctions$QueueSize_getName,getName,v0.27-mapping-expansion,logic-boolean,confirmed,javap member declaration retains descriptive LogicBoolean DSL name,
method,com/corrodinggames/rts/game/units/custom/logicBooleans/LogicBooleanGameFunctions$QueueSize,(Lcom/corrodinggames/rts/game/units/y;)F,getValue,method_LogicBooleanGameFunctions$QueueSize_getValue,getValue,v0.27-mapping-expansion,logic-boolean,confirmed,javap member declaration retains descriptive LogicBoolean DSL name,
method,com/corrodinggames/rts/game/units/custom/logicBooleans/LogicBooleanGameFunctions$QueueSize,(Ljava/lang/String;)V,withActionTag,method_LogicBooleanGameFunctions$QueueSize_withActionTag,withActionTag,v0.27-mapping-expansion,logic-boolean,confirmed,javap member declaration retains descriptive LogicBoolean DSL name,
field,com/corrodinggames/rts/game/units/custom/logicBooleans/LogicBooleanGameFunctions$ResourceCountBoolean,Lcom/corrodinggames/rts/game/units/custom/l;,meta,field_LogicBooleanGameFunctions$ResourceCountBoolean_meta,meta,v0.27-mapping-expansion,logic-boolean,confirmed,javap member declaration retains descriptive LogicBoolean DSL name,
field,com/corrodinggames/rts/game/units/custom/logicBooleans/LogicBooleanGameFunctions$ResourceCountBoolean,Lcom/corrodinggames/rts/game/units/custom/e/a;,type,field_LogicBooleanGameFunctions$ResourceCountBoolean_type,type,v0.27-mapping-expansion,logic-boolean,confirmed,javap member declaration retains descriptive LogicBoolean DSL name,
method,com/corrodinggames/rts/game/units/custom/logicBooleans/LogicBooleanGameFunctions$ResourceCountBoolean,()Lcom/corrodinggames/rts/game/units/custom/logicBooleans/LogicBooleanLoader$LogicBooleanContext;,createContext,method_LogicBooleanGameFunctions$ResourceCountBoolean_createContext,createContext,v0.27-mapping-expansion,logic-boolean,confirmed,javap member declaration retains descriptive LogicBoolean DSL name,
method,com/corrodinggames/rts/game/units/custom/logicBooleans/LogicBooleanGameFunctions$ResourceCountBoolean,(Lcom/corrodinggames/rts/game/units/custom/l;)V,forMeta,method_LogicBooleanGameFunctions$ResourceCountBoolean_forMeta,forMeta,v0.27-mapping-expansion,logic-boolean,confirmed,javap member declaration retains descriptive LogicBoolean DSL name,
method,com/corrodinggames/rts/game/units/custom/logicBooleans/LogicBooleanGameFunctions$ResourceCountBoolean,(Lcom/corrodinggames/rts/game/units/y;)F,getMaxValue,method_LogicBooleanGameFunctions$ResourceCountBoolean_getMaxValue,getMaxValue,v0.27-mapping-expansion,logic-boolean,confirmed,javap member declaration retains descriptive LogicBoolean DSL name,
method,com/corrodinggames/rts/game/units/custom/logicBooleans/LogicBooleanGameFunctions$ResourceCountBoolean,()Ljava/lang/String;,getName,method_LogicBooleanGameFunctions$ResourceCountBoolean_getName,getName,v0.27-mapping-expansion,logic-boolean,confirmed,javap member declaration retains descriptive LogicBoolean DSL name,
method,com/corrodinggames/rts/game/units/custom/logicBooleans/LogicBooleanGameFunctions$ResourceCountBoolean,()Lcom/corrodinggames/rts/game/units/custom/logicBooleans/LogicBoolean$ReturnType;,getReturnType,method_LogicBooleanGameFunctions$ResourceCountBoolean_getReturnType,getReturnType,v0.27-mapping-expansion,logic-boolean,confirmed,javap member declaration retains descriptive LogicBoolean DSL name,
method,com/corrodinggames/rts/game/units/custom/logicBooleans/LogicBooleanGameFunctions$ResourceCountBoolean,(Lcom/corrodinggames/rts/game/units/y;)F,getValue,method_LogicBooleanGameFunctions$ResourceCountBoolean_getValue,getValue,v0.27-mapping-expansion,logic-boolean,confirmed,javap member declaration retains descriptive LogicBoolean DSL name,
method,com/corrodinggames/rts/game/units/custom/logicBooleans/LogicBooleanGameFunctions$ResourceCountBoolean,(Lcom/corrodinggames/rts/game/units/custom/logicBooleans/LogicBoolean;)Lcom/corrodinggames/rts/game/units/custom/logicBooleans/LogicBoolean;,setChild,method_LogicBooleanGameFunctions$ResourceCountBoolean_setChild,setChild,v0.27-mapping-expansion,logic-boolean,confirmed,javap member declaration retains descriptive LogicBoolean DSL name,
method,com/corrodinggames/rts/game/units/custom/logicBooleans/LogicBooleanGameFunctions$ResourceCountBoolean,(Ljava/lang/String;)V,throwVoidReturnError,method_LogicBooleanGameFunctions$ResourceCountBoolean_throwVoidReturnError,throwVoidReturnError,v0.27-mapping-expansion,logic-boolean,confirmed,javap member declaration retains descriptive LogicBoolean DSL name,
method,com/corrodinggames/rts/game/units/custom/logicBooleans/LogicBooleanGameFunctions$ResourceCountBoolean,(Ljava/lang/String;)V,type,method_LogicBooleanGameFunctions$ResourceCountBoolean_type,type,v0.27-mapping-expansion,logic-boolean,confirmed,javap member declaration retains descriptive LogicBoolean DSL name,
method,com/corrodinggames/rts/game/units/custom/logicBooleans/LogicBooleanGameFunctions$ResourceCountBoolean,(Ljava/lang/String;Ljava/lang/String;Ljava/lang/String;Lcom/corrodinggames/rts/game/units/custom/logicBooleans/LogicBooleanLoader$LogicBooleanContext;Z)V,validate,method_LogicBooleanGameFunctions$ResourceCountBoolean_validate,validate,v0.27-mapping-expansion,logic-boolean,confirmed,javap member declaration retains descriptive LogicBoolean DSL name,
method,com/corrodinggames/rts/game/units/custom/logicBooleans/LogicBooleanGameFunctions$ResourceScope,(Ljava/lang/String;Lcom/corrodinggames/rts/game/units/custom/l;Ljava/lang/String;ZLjava/lang/String;Ljava/lang/String;Lcom/corrodinggames/rts/game/units/custom/logicBooleans/LogicBoolean;)Lcom/corrodinggames/rts/game/units/custom/logicBooleans/LogicBoolean;,parseNextElementInChain,method_LogicBooleanGameFunctions$ResourceScope_parseNextElementInChain,parseNextElementInChain,v0.27-mapping-expansion,logic-boolean,confirmed,javap member declaration retains descriptive LogicBoolean DSL name,
method,com/corrodinggames/rts/game/units/custom/logicBooleans/LogicBooleanGameFunctions$RotationBoolean,(Lcom/corrodinggames/rts/game/units/y;)F,getMaxValue,method_LogicBooleanGameFunctions$RotationBoolean_getMaxValue,getMaxValue,v0.27-mapping-expansion,logic-boolean,confirmed,javap member declaration retains descriptive LogicBoolean DSL name,
method,com/corrodinggames/rts/game/units/custom/logicBooleans/LogicBooleanGameFunctions$RotationBoolean,()Ljava/lang/String;,getName,method_LogicBooleanGameFunctions$RotationBoolean_getName,getName,v0.27-mapping-expansion,logic-boolean,confirmed,javap member declaration retains descriptive LogicBoolean DSL name,
method,com/corrodinggames/rts/game/units/custom/logicBooleans/LogicBooleanGameFunctions$RotationBoolean,(Lcom/corrodinggames/rts/game/units/y;)F,getValue,method_LogicBooleanGameFunctions$RotationBoolean_getValue,getValue,v0.27-mapping-expansion,logic-boolean,confirmed,javap member declaration retains descriptive LogicBoolean DSL name,
method,com/corrodinggames/rts/game/units/custom/logicBooleans/LogicBooleanGameFunctions$ShieldBoolean,(Lcom/corrodinggames/rts/game/units/y;)F,getMaxValue,method_LogicBooleanGameFunctions$ShieldBoolean_getMaxValue,getMaxValue,v0.27-mapping-expansion,logic-boolean,confirmed,javap member declaration retains descriptive LogicBoolean DSL name,
method,com/corrodinggames/rts/game/units/custom/logicBooleans/LogicBooleanGameFunctions$ShieldBoolean,()Ljava/lang/String;,getName,method_LogicBooleanGameFunctions$ShieldBoolean_getName,getName,v0.27-mapping-expansion,logic-boolean,confirmed,javap member declaration retains descriptive LogicBoolean DSL name,
method,com/corrodinggames/rts/game/units/custom/logicBooleans/LogicBooleanGameFunctions$ShieldBoolean,(Lcom/corrodinggames/rts/game/units/y;)F,getValue,method_LogicBooleanGameFunctions$ShieldBoolean_getValue,getValue,v0.27-mapping-expansion,logic-boolean,confirmed,javap member declaration retains descriptive LogicBoolean DSL name,
field,com/corrodinggames/rts/game/units/custom/logicBooleans/LogicBooleanGameFunctions$SpeedBoolean,Z,atTopSpeed,field_LogicBooleanGameFunctions$SpeedBoolean_atTopSpeed,atTopSpeed,v0.27-mapping-expansion,logic-boolean,confirmed,javap member declaration retains descriptive LogicBoolean DSL name,
method,com/corrodinggames/rts/game/units/custom/logicBooleans/LogicBooleanGameFunctions$SpeedBoolean,(Lcom/corrodinggames/rts/game/units/y;)Ljava/lang/String;,getMatchFailReasonForPlayer,method_LogicBooleanGameFunctions$SpeedBoolean_getMatchFailReasonForPlayer,getMatchFailReasonForPlayer,v0.27-mapping-expansion,logic-boolean,confirmed,javap member declaration retains descriptive LogicBoolean DSL name,
method,com/corrodinggames/rts/game/units/custom/logicBooleans/LogicBooleanGameFunctions$SpeedBoolean,(Lcom/corrodinggames/rts/game/units/y;)Z,read,method_LogicBooleanGameFunctions$SpeedBoolean_read,read,v0.27-mapping-expansion,logic-boolean,confirmed,javap member declaration retains descriptive LogicBoolean DSL name,
method,com/corrodinggames/rts/game/units/custom/logicBooleans/LogicBooleanGameFunctions$SpeedValueBoolean,(Lcom/corrodinggames/rts/game/units/y;)F,getMaxValue,method_LogicBooleanGameFunctions$SpeedValueBoolean_getMaxValue,getMaxValue,v0.27-mapping-expansion,logic-boolean,confirmed,javap member declaration retains descriptive LogicBoolean DSL name,
method,com/corrodinggames/rts/game/units/custom/logicBooleans/LogicBooleanGameFunctions$SpeedValueBoolean,()Ljava/lang/String;,getName,method_LogicBooleanGameFunctions$SpeedValueBoolean_getName,getName,v0.27-mapping-expansion,logic-boolean,confirmed,javap member declaration retains descriptive LogicBoolean DSL name,
method,com/corrodinggames/rts/game/units/custom/logicBooleans/LogicBooleanGameFunctions$SpeedValueBoolean,(Lcom/corrodinggames/rts/game/units/y;)F,getValue,method_LogicBooleanGameFunctions$SpeedValueBoolean_getValue,getValue,v0.27-mapping-expansion,logic-boolean,confirmed,javap member declaration retains descriptive LogicBoolean DSL name,
field,com/corrodinggames/rts/game/units/custom/logicBooleans/LogicBooleanGameFunctions$TagsBoolean,Lcom/corrodinggames/rts/game/units/custom/g;,includesTag,field_LogicBooleanGameFunctions$TagsBoolean_includesTag,includesTag,v0.27-mapping-expansion,logic-boolean,confirmed,javap member declaration retains descriptive LogicBoolean DSL name,
method,com/corrodinggames/rts/game/units/custom/logicBooleans/LogicBooleanGameFunctions$TagsBoolean,(Lcom/corrodinggames/rts/game/units/y;)Ljava/lang/String;,getMatchFailReasonForPlayer,method_LogicBooleanGameFunctions$TagsBoolean_getMatchFailReasonForPlayer,getMatchFailReasonForPlayer,v0.27-mapping-expansion,logic-boolean,confirmed,javap member declaration retains descriptive LogicBoolean DSL name,
method,com/corrodinggames/rts/game/units/custom/logicBooleans/LogicBooleanGameFunctions$TagsBoolean,(Ljava/lang/String;)V,includes,method_LogicBooleanGameFunctions$TagsBoolean_includes,includes,v0.27-mapping-expansion,logic-boolean,confirmed,javap member declaration retains descriptive LogicBoolean DSL name,
method,com/corrodinggames/rts/game/units/custom/logicBooleans/LogicBooleanGameFunctions$TagsBoolean,(Lcom/corrodinggames/rts/game/units/y;)Z,read,method_LogicBooleanGameFunctions$TagsBoolean_read,read,v0.27-mapping-expansion,logic-boolean,confirmed,javap member declaration retains descriptive LogicBoolean DSL name,
method,com/corrodinggames/rts/game/units/custom/logicBooleans/LogicBooleanGameFunctions$TeamDefeatedTechBoolean,()Ljava/lang/String;,getName,method_LogicBooleanGameFunctions$TeamDefeatedTechBoolean_getName,getName,v0.27-mapping-expansion,logic-boolean,confirmed,javap member declaration retains descriptive LogicBoolean DSL name,
method,com/corrodinggames/rts/game/units/custom/logicBooleans/LogicBooleanGameFunctions$TeamDefeatedTechBoolean,(Lcom/corrodinggames/rts/game/units/y;)Z,read,method_LogicBooleanGameFunctions$TeamDefeatedTechBoolean_read,read,v0.27-mapping-expansion,logic-boolean,confirmed,javap member declaration retains descriptive LogicBoolean DSL name,
method,com/corrodinggames/rts/game/units/custom/logicBooleans/LogicBooleanGameFunctions$TeamIdBoolean,(Lcom/corrodinggames/rts/game/units/y;)F,getMaxValue,method_LogicBooleanGameFunctions$TeamIdBoolean_getMaxValue,getMaxValue,v0.27-mapping-expansion,logic-boolean,confirmed,javap member declaration retains descriptive LogicBoolean DSL name,
method,com/corrodinggames/rts/game/units/custom/logicBooleans/LogicBooleanGameFunctions$TeamIdBoolean,()Ljava/lang/String;,getName,method_LogicBooleanGameFunctions$TeamIdBoolean_getName,getName,v0.27-mapping-expansion,logic-boolean,confirmed,javap member declaration retains descriptive LogicBoolean DSL name,
method,com/corrodinggames/rts/game/units/custom/logicBooleans/LogicBooleanGameFunctions$TeamIdBoolean,(Lcom/corrodinggames/rts/game/units/y;)F,getValue,method_LogicBooleanGameFunctions$TeamIdBoolean_getValue,getValue,v0.27-mapping-expansion,logic-boolean,confirmed,javap member declaration retains descriptive LogicBoolean DSL name,
field,com/corrodinggames/rts/game/units/custom/logicBooleans/LogicBooleanGameFunctions$TeamTagBoolean,Lcom/corrodinggames/rts/game/units/custom/g;,includesTag,field_LogicBooleanGameFunctions$TeamTagBoolean_includesTag,includesTag,v0.27-mapping-expansion,logic-boolean,confirmed,javap member declaration retains descriptive LogicBoolean DSL name,
method,com/corrodinggames/rts/game/units/custom/logicBooleans/LogicBooleanGameFunctions$TeamTagBoolean,(Lcom/corrodinggames/rts/game/units/y;)Ljava/lang/String;,getMatchFailReasonForPlayer,method_LogicBooleanGameFunctions$TeamTagBoolean_getMatchFailReasonForPlayer,getMatchFailReasonForPlayer,v0.27-mapping-expansion,logic-boolean,confirmed,javap member declaration retains descriptive LogicBoolean DSL name,
method,com/corrodinggames/rts/game/units/custom/logicBooleans/LogicBooleanGameFunctions$TeamTagBoolean,(Ljava/lang/String;)V,includes,method_LogicBooleanGameFunctions$TeamTagBoolean_includes,includes,v0.27-mapping-expansion,logic-boolean,confirmed,javap member declaration retains descriptive LogicBoolean DSL name,
method,com/corrodinggames/rts/game/units/custom/logicBooleans/LogicBooleanGameFunctions$TeamTagBoolean,(Lcom/corrodinggames/rts/game/units/y;)Z,read,method_LogicBooleanGameFunctions$TeamTagBoolean_read,read,v0.27-mapping-expansion,logic-boolean,confirmed,javap member declaration retains descriptive LogicBoolean DSL name,
method,com/corrodinggames/rts/game/units/custom/logicBooleans/LogicBooleanGameFunctions$TeamVictoryBoolean,()Ljava/lang/String;,getName,method_LogicBooleanGameFunctions$TeamVictoryBoolean_getName,getName,v0.27-mapping-expansion,logic-boolean,confirmed,javap member declaration retains descriptive LogicBoolean DSL name,
method,com/corrodinggames/rts/game/units/custom/logicBooleans/LogicBooleanGameFunctions$TeamVictoryBoolean,(Lcom/corrodinggames/rts/game/units/y;)Z,read,method_LogicBooleanGameFunctions$TeamVictoryBoolean_read,read,v0.27-mapping-expansion,logic-boolean,confirmed,javap member declaration retains descriptive LogicBoolean DSL name,
method,com/corrodinggames/rts/game/units/custom/logicBooleans/LogicBooleanGameFunctions$TeamWipedOutBoolean,()Ljava/lang/String;,getName,method_LogicBooleanGameFunctions$TeamWipedOutBoolean_getName,getName,v0.27-mapping-expansion,logic-boolean,confirmed,javap member declaration retains descriptive LogicBoolean DSL name,
method,com/corrodinggames/rts/game/units/custom/logicBooleans/LogicBooleanGameFunctions$TeamWipedOutBoolean,(Lcom/corrodinggames/rts/game/units/y;)Z,read,method_LogicBooleanGameFunctions$TeamWipedOutBoolean_read,read,v0.27-mapping-expansion,logic-boolean,confirmed,javap member declaration retains descriptive LogicBoolean DSL name,
method,com/corrodinggames/rts/game/units/custom/logicBooleans/LogicBooleanGameFunctions$ThisActionRepeatedCount,()Ljava/lang/String;,getName,method_LogicBooleanGameFunctions$ThisActionRepeatedCount_getName,getName,v0.27-mapping-expansion,logic-boolean,confirmed,javap member declaration retains descriptive LogicBoolean DSL name,
method,com/corrodinggames/rts/game/units/custom/logicBooleans/LogicBooleanGameFunctions$ThisActionRepeatedCount,(Lcom/corrodinggames/rts/game/units/y;)F,readNumber,method_LogicBooleanGameFunctions$ThisActionRepeatedCount_readNumber,readNumber,v0.27-mapping-expansion,logic-boolean,confirmed,javap member declaration retains descriptive LogicBoolean DSL name,
method,com/corrodinggames/rts/game/units/custom/logicBooleans/LogicBooleanGameFunctions$TimeAliveBoolean,()Ljava/lang/String;,getName,method_LogicBooleanGameFunctions$TimeAliveBoolean_getName,getName,v0.27-mapping-expansion,logic-boolean,confirmed,javap member declaration retains descriptive LogicBoolean DSL name,
method,com/corrodinggames/rts/game/units/custom/logicBooleans/LogicBooleanGameFunctions$TimeAliveBoolean,(Lcom/corrodinggames/rts/game/units/y;)I,getTime,method_LogicBooleanGameFunctions$TimeAliveBoolean_getTime,getTime,v0.27-mapping-expansion,logic-boolean,confirmed,javap member declaration retains descriptive LogicBoolean DSL name,
method,com/corrodinggames/rts/game/units/custom/logicBooleans/LogicBooleanGameFunctions$TouchWaterBoolean,(Lcom/corrodinggames/rts/game/units/y;)Ljava/lang/String;,getMatchFailReasonForPlayer,method_LogicBooleanGameFunctions$TouchWaterBoolean_getMatchFailReasonForPlayer,getMatchFailReasonForPlayer,v0.27-mapping-expansion,logic-boolean,confirmed,javap member declaration retains descriptive LogicBoolean DSL name,
method,com/corrodinggames/rts/game/units/custom/logicBooleans/LogicBooleanGameFunctions$TouchWaterBoolean,(Lcom/corrodinggames/rts/game/units/y;)Z,read,method_LogicBooleanGameFunctions$TouchWaterBoolean_read,read,v0.27-mapping-expansion,logic-boolean,confirmed,javap member declaration retains descriptive LogicBoolean DSL name,
field,com/corrodinggames/rts/game/units/custom/logicBooleans/LogicBooleanGameFunctions$TransportingCountBoolean,Lcom/corrodinggames/rts/game/units/custom/g;,_withTag,field_LogicBooleanGameFunctions$TransportingCountBoolean_withTagFilter,withTagFilter,v0.27-mapping-expansion,logic-boolean,confirmed,javap member declaration retains descriptive LogicBoolean DSL name,
field,com/corrodinggames/rts/game/units/custom/logicBooleans/LogicBooleanGameFunctions$TransportingCountBoolean,Z,filtered,field_LogicBooleanGameFunctions$TransportingCountBoolean_filtered,filtered,v0.27-mapping-expansion,logic-boolean,confirmed,javap member declaration retains descriptive LogicBoolean DSL name,
field,com/corrodinggames/rts/game/units/custom/logicBooleans/LogicBooleanGameFunctions$TransportingCountBoolean,I,slot,field_LogicBooleanGameFunctions$TransportingCountBoolean_slot,slot,v0.27-mapping-expansion,logic-boolean,confirmed,javap member declaration retains descriptive LogicBoolean DSL name,
method,com/corrodinggames/rts/game/units/custom/logicBooleans/LogicBooleanGameFunctions$TransportingCountBoolean,(Lcom/corrodinggames/rts/game/units/y;)F,getMaxValue,method_LogicBooleanGameFunctions$TransportingCountBoolean_getMaxValue,getMaxValue,v0.27-mapping-expansion,logic-boolean,confirmed,javap member declaration retains descriptive LogicBoolean DSL name,
method,com/corrodinggames/rts/game/units/custom/logicBooleans/LogicBooleanGameFunctions$TransportingCountBoolean,()Ljava/lang/String;,getName,method_LogicBooleanGameFunctions$TransportingCountBoolean_getName,getName,v0.27-mapping-expansion,logic-boolean,confirmed,javap member declaration retains descriptive LogicBoolean DSL name,
method,com/corrodinggames/rts/game/units/custom/logicBooleans/LogicBooleanGameFunctions$TransportingCountBoolean,(Lcom/corrodinggames/rts/game/units/y;)F,getValue,method_LogicBooleanGameFunctions$TransportingCountBoolean_getValue,getValue,v0.27-mapping-expansion,logic-boolean,confirmed,javap member declaration retains descriptive LogicBoolean DSL name,
method,com/corrodinggames/rts/game/units/custom/logicBooleans/LogicBooleanGameFunctions$TransportingCountBoolean,(Ljava/lang/String;Ljava/lang/String;Ljava/lang/String;Lcom/corrodinggames/rts/game/units/custom/logicBooleans/LogicBooleanLoader$LogicBooleanContext;Z)V,validate,method_LogicBooleanGameFunctions$TransportingCountBoolean_validate,validate,v0.27-mapping-expansion,logic-boolean,confirmed,javap member declaration retains descriptive LogicBoolean DSL name,
method,com/corrodinggames/rts/game/units/custom/logicBooleans/LogicBooleanGameFunctions$TransportingCountBoolean,(Ljava/lang/String;)V,withTag,method_LogicBooleanGameFunctions$TransportingCountBoolean_withTag,withTag,v0.27-mapping-expansion,logic-boolean,confirmed,javap member declaration retains descriptive LogicBoolean DSL name,
field,com/corrodinggames/rts/game/units/custom/logicBooleans/LogicBooleanGameFunctions$TransportingUnitWithTagsBoolean,Lcom/corrodinggames/rts/game/units/custom/g;,includesTag,field_LogicBooleanGameFunctions$TransportingUnitWithTagsBoolean_includesTag,includesTag,v0.27-mapping-expansion,logic-boolean,confirmed,javap member declaration retains descriptive LogicBoolean DSL name,
method,com/corrodinggames/rts/game/units/custom/logicBooleans/LogicBooleanGameFunctions$TransportingUnitWithTagsBoolean,(Lcom/corrodinggames/rts/game/units/y;)Ljava/lang/String;,getMatchFailReasonForPlayer,method_LogicBooleanGameFunctions$TransportingUnitWithTagsBoolean_getMatchFailReasonForPlayer,getMatchFailReasonForPlayer,v0.27-mapping-expansion,logic-boolean,confirmed,javap member declaration retains descriptive LogicBoolean DSL name,
method,com/corrodinggames/rts/game/units/custom/logicBooleans/LogicBooleanGameFunctions$TransportingUnitWithTagsBoolean,(Ljava/lang/String;)V,includes,method_LogicBooleanGameFunctions$TransportingUnitWithTagsBoolean_includes,includes,v0.27-mapping-expansion,logic-boolean,confirmed,javap member declaration retains descriptive LogicBoolean DSL name,
method,com/corrodinggames/rts/game/units/custom/logicBooleans/LogicBooleanGameFunctions$TransportingUnitWithTagsBoolean,(Lcom/corrodinggames/rts/game/units/y;)Z,read,method_LogicBooleanGameFunctions$TransportingUnitWithTagsBoolean_read,read,v0.27-mapping-expansion,logic-boolean,confirmed,javap member declaration retains descriptive LogicBoolean DSL name,
method,com/corrodinggames/rts/game/units/custom/logicBooleans/LogicBooleanGameFunctions$UnitIdBoolean,(Lcom/corrodinggames/rts/game/units/y;)F,getMaxValue,method_LogicBooleanGameFunctions$UnitIdBoolean_getMaxValue,getMaxValue,v0.27-mapping-expansion,logic-boolean,confirmed,javap member declaration retains descriptive LogicBoolean DSL name,
method,com/corrodinggames/rts/game/units/custom/logicBooleans/LogicBooleanGameFunctions$UnitIdBoolean,()Ljava/lang/String;,getName,method_LogicBooleanGameFunctions$UnitIdBoolean_getName,getName,v0.27-mapping-expansion,logic-boolean,confirmed,javap member declaration retains descriptive LogicBoolean DSL name,
method,com/corrodinggames/rts/game/units/custom/logicBooleans/LogicBooleanGameFunctions$UnitIdBoolean,(Lcom/corrodinggames/rts/game/units/y;)F,getValue,method_LogicBooleanGameFunctions$UnitIdBoolean_getValue,getValue,v0.27-mapping-expansion,logic-boolean,confirmed,javap member declaration retains descriptive LogicBoolean DSL name,
method,com/corrodinggames/rts/game/units/custom/logicBooleans/LogicBooleanGameFunctions$isDead,(Lcom/corrodinggames/rts/game/units/y;)Ljava/lang/String;,getMatchFailReasonForPlayer,method_LogicBooleanGameFunctions$isDead_getMatchFailReasonForPlayer,getMatchFailReasonForPlayer,v0.27-mapping-expansion,logic-boolean,confirmed,javap member declaration retains descriptive LogicBoolean DSL name,
method,com/corrodinggames/rts/game/units/custom/logicBooleans/LogicBooleanGameFunctions$isDead,(Lcom/corrodinggames/rts/game/units/y;)Z,read,method_LogicBooleanGameFunctions$isDead_read,read,v0.27-mapping-expansion,logic-boolean,confirmed,javap member declaration retains descriptive LogicBoolean DSL name,
method,com/corrodinggames/rts/game/units/custom/logicBooleans/LogicBooleanGameFunctions$isEnergyRechargingBoolean,()Ljava/lang/String;,getName,method_LogicBooleanGameFunctions$isEnergyRechargingBoolean_getName,getName,v0.27-mapping-expansion,logic-boolean,confirmed,javap member declaration retains descriptive LogicBoolean DSL name,
method,com/corrodinggames/rts/game/units/custom/logicBooleans/LogicBooleanGameFunctions$isEnergyRechargingBoolean,(Lcom/corrodinggames/rts/game/units/y;)Z,read,method_LogicBooleanGameFunctions$isEnergyRechargingBoolean_read,read,v0.27-mapping-expansion,logic-boolean,confirmed,javap member declaration retains descriptive LogicBoolean DSL name,
method,com/corrodinggames/rts/game/units/custom/logicBooleans/LogicBooleanGameFunctions$isTransportUnloading,(Lcom/corrodinggames/rts/game/units/y;)Ljava/lang/String;,getMatchFailReasonForPlayer,method_LogicBooleanGameFunctions$isTransportUnloading_getMatchFailReasonForPlayer,getMatchFailReasonForPlayer,v0.27-mapping-expansion,logic-boolean,confirmed,javap member declaration retains descriptive LogicBoolean DSL name,
method,com/corrodinggames/rts/game/units/custom/logicBooleans/LogicBooleanGameFunctions$isTransportUnloading,(Lcom/corrodinggames/rts/game/units/y;)Z,read,method_LogicBooleanGameFunctions$isTransportUnloading_read,read,v0.27-mapping-expansion,logic-boolean,confirmed,javap member declaration retains descriptive LogicBoolean DSL name,
field,com/corrodinggames/rts/game/units/custom/logicBooleans/LogicBooleanLoader$ArrayContextReader,Ljava/util/HashMap;,arrayFunctions,field_LogicBooleanLoader$ArrayContextReader_arrayFunctions,arrayFunctions,v0.27-mapping-expansion,logic-boolean,confirmed,javap member declaration retains descriptive LogicBoolean DSL name,
field,com/corrodinggames/rts/game/units/custom/logicBooleans/LogicBooleanLoader$ArrayContextReader,Ljava/util/HashMap;,arrayFunctionsUnit,field_LogicBooleanLoader$ArrayContextReader_arrayFunctionsUnit,arrayFunctionsUnit,v0.27-mapping-expansion,logic-boolean,confirmed,javap member declaration retains descriptive LogicBoolean DSL name,
field,com/corrodinggames/rts/game/units/custom/logicBooleans/LogicBooleanLoader$ArrayContextReader,Lcom/corrodinggames/rts/game/units/custom/logicBooleans/LogicBoolean$ReturnType;,arrayType,field_LogicBooleanLoader$ArrayContextReader_arrayType,arrayType,v0.27-mapping-expansion,logic-boolean,confirmed,javap member declaration retains descriptive LogicBoolean DSL name,
method,com/corrodinggames/rts/game/units/custom/logicBooleans/LogicBooleanLoader$ArrayContextReader,(Ljava/util/HashMap;Lcom/corrodinggames/rts/game/units/custom/logicBooleans/LogicBoolean;[Ljava/lang/String;)V,addContextFunction,method_LogicBooleanLoader$ArrayContextReader_addContextFunction,addContextFunction,v0.27-mapping-expansion,logic-boolean,confirmed,javap member declaration retains descriptive LogicBoolean DSL name,
method,com/corrodinggames/rts/game/units/custom/logicBooleans/LogicBooleanLoader$ArrayContextReader,(Ljava/lang/String;Lcom/corrodinggames/rts/game/units/custom/l;Ljava/lang/String;ZLjava/lang/String;Ljava/lang/String;Lcom/corrodinggames/rts/game/units/custom/logicBooleans/LogicBoolean;)Lcom/corrodinggames/rts/game/units/custom/logicBooleans/LogicBoolean;,parseNextElementInChain,method_LogicBooleanLoader$ArrayContextReader_parseNextElementInChain,parseNextElementInChain,v0.27-mapping-expansion,logic-boolean,confirmed,javap member declaration retains descriptive LogicBoolean DSL name,
field,com/corrodinggames/rts/game/units/custom/logicBooleans/LogicBooleanLoader$ArrayContextReader$ArrayContains,Lcom/corrodinggames/rts/game/units/custom/logicBooleans/LogicBoolean$ReturnType;,elementType,field_LogicBooleanLoader$ArrayContextReader$ArrayContains_elementType,elementType,v0.27-mapping-expansion,logic-boolean,confirmed,javap member declaration retains descriptive LogicBoolean DSL name,
field,com/corrodinggames/rts/game/units/custom/logicBooleans/LogicBooleanLoader$ArrayContextReader$ArrayContains,Lcom/corrodinggames/rts/game/units/custom/logicBooleans/LogicBoolean;,targetArray,field_LogicBooleanLoader$ArrayContextReader$ArrayContains_targetArray,targetArray,v0.27-mapping-expansion,logic-boolean,confirmed,javap member declaration retains descriptive LogicBoolean DSL name,
field,com/corrodinggames/rts/game/units/custom/logicBooleans/LogicBooleanLoader$ArrayContextReader$ArrayContains,Lcom/corrodinggames/rts/game/units/custom/logicBooleans/LogicBoolean;,value,field_LogicBooleanLoader$ArrayContextReader$ArrayContains_value,value,v0.27-mapping-expansion,logic-boolean,confirmed,javap member declaration retains descriptive LogicBoolean DSL name,
method,com/corrodinggames/rts/game/units/custom/logicBooleans/LogicBooleanLoader$ArrayContextReader$ArrayContains,()Lcom/corrodinggames/rts/game/units/custom/logicBooleans/LogicBooleanLoader$LogicBooleanContext;,createContext,method_LogicBooleanLoader$ArrayContextReader$ArrayContains_createContext,createContext,v0.27-mapping-expansion,logic-boolean,confirmed,javap member declaration retains descriptive LogicBoolean DSL name,
method,com/corrodinggames/rts/game/units/custom/logicBooleans/LogicBooleanLoader$ArrayContextReader$ArrayContains,(Lcom/corrodinggames/rts/game/units/y;)Ljava/lang/String;,getMatchFailReasonForPlayer,method_LogicBooleanLoader$ArrayContextReader$ArrayContains_getMatchFailReasonForPlayer,getMatchFailReasonForPlayer,v0.27-mapping-expansion,logic-boolean,confirmed,javap member declaration retains descriptive LogicBoolean DSL name,
method,com/corrodinggames/rts/game/units/custom/logicBooleans/LogicBooleanLoader$ArrayContextReader$ArrayContains,()Ljava/lang/String;,getName,method_LogicBooleanLoader$ArrayContextReader$ArrayContains_getName,getName,v0.27-mapping-expansion,logic-boolean,confirmed,javap member declaration retains descriptive LogicBoolean DSL name,
method,com/corrodinggames/rts/game/units/custom/logicBooleans/LogicBooleanLoader$ArrayContextReader$ArrayContains,()Lcom/corrodinggames/rts/game/units/custom/logicBooleans/LogicBoolean$ReturnType;,getReturnType,method_LogicBooleanLoader$ArrayContextReader$ArrayContains_getReturnType,getReturnType,v0.27-mapping-expansion,logic-boolean,confirmed,javap member declaration retains descriptive LogicBoolean DSL name,
method,com/corrodinggames/rts/game/units/custom/logicBooleans/LogicBooleanLoader$ArrayContextReader$ArrayContains,(Lcom/corrodinggames/rts/game/units/y;Lcom/corrodinggames/rts/game/units/custom/logicBooleans/LogicBoolean;Lcom/corrodinggames/rts/game/units/custom/logicBooleans/LogicBoolean;)I,indexOf,method_LogicBooleanLoader$ArrayContextReader$ArrayContains_indexOf,indexOf,v0.27-mapping-expansion,logic-boolean,confirmed,javap member declaration retains descriptive LogicBoolean DSL name,
method,com/corrodinggames/rts/game/units/custom/logicBooleans/LogicBooleanLoader$ArrayContextReader$ArrayContains,(Lcom/corrodinggames/rts/game/units/y;)Z,read,method_LogicBooleanLoader$ArrayContextReader$ArrayContains_read,read,v0.27-mapping-expansion,logic-boolean,confirmed,javap member declaration retains descriptive LogicBoolean DSL name,
method,com/corrodinggames/rts/game/units/custom/logicBooleans/LogicBooleanLoader$ArrayContextReader$ArrayContains,(Ljava/lang/String;Lcom/corrodinggames/rts/game/units/custom/l;Ljava/lang/String;)V,setArgumentsRaw,method_LogicBooleanLoader$ArrayContextReader$ArrayContains_setArgumentsRaw,setArgumentsRaw,v0.27-mapping-expansion,logic-boolean,confirmed,javap member declaration retains descriptive LogicBoolean DSL name,
method,com/corrodinggames/rts/game/units/custom/logicBooleans/LogicBooleanLoader$ArrayContextReader$ArrayContains,(Lcom/corrodinggames/rts/game/units/custom/logicBooleans/LogicBoolean;)V,setArrayTarget,method_LogicBooleanLoader$ArrayContextReader$ArrayContains_setArrayTarget,setArrayTarget,v0.27-mapping-expansion,logic-boolean,confirmed,javap member declaration retains descriptive LogicBoolean DSL name,
method,com/corrodinggames/rts/game/units/custom/logicBooleans/LogicBooleanLoader$ArrayContextReader$ArrayContains,(Ljava/lang/String;Ljava/lang/String;Ljava/lang/String;Lcom/corrodinggames/rts/game/units/custom/logicBooleans/LogicBooleanLoader$LogicBooleanContext;Z)V,validate,method_LogicBooleanLoader$ArrayContextReader$ArrayContains_validate,validate,v0.27-mapping-expansion,logic-boolean,confirmed,javap member declaration retains descriptive LogicBoolean DSL name,
method,com/corrodinggames/rts/game/units/custom/logicBooleans/LogicBooleanLoader$ArrayContextReader$ArrayContains,(I)V,validateNumberOfArguments,method_LogicBooleanLoader$ArrayContextReader$ArrayContains_validateNumberOfArguments,validateNumberOfArguments,v0.27-mapping-expansion,logic-boolean,confirmed,javap member declaration retains descriptive LogicBoolean DSL name,
method,com/corrodinggames/rts/game/units/custom/logicBooleans/LogicBooleanLoader$ArrayContextReader$ArrayFunction,(Lcom/corrodinggames/rts/game/units/custom/logicBooleans/LogicBoolean;)V,setArrayTarget,method_LogicBooleanLoader$ArrayContextReader$ArrayFunction_setArrayTarget,setArrayTarget,v0.27-mapping-expansion,logic-boolean,confirmed,javap member declaration retains descriptive LogicBoolean DSL name,
field,com/corrodinggames/rts/game/units/custom/logicBooleans/LogicBooleanLoader$ArrayContextReader$ArrayGet,Lcom/corrodinggames/rts/game/units/custom/logicBooleans/LogicBoolean$ReturnType;,elementType,field_LogicBooleanLoader$ArrayContextReader$ArrayGet_elementType,elementType,v0.27-mapping-expansion,logic-boolean,confirmed,javap member declaration retains descriptive LogicBoolean DSL name,
field,com/corrodinggames/rts/game/units/custom/logicBooleans/LogicBooleanLoader$ArrayContextReader$ArrayGet,Lcom/corrodinggames/rts/game/units/custom/logicBooleans/LogicBoolean;,index,field_LogicBooleanLoader$ArrayContextReader$ArrayGet_index,index,v0.27-mapping-expansion,logic-boolean,confirmed,javap member declaration retains descriptive LogicBoolean DSL name,
field,com/corrodinggames/rts/game/units/custom/logicBooleans/LogicBooleanLoader$ArrayContextReader$ArrayGet,Lcom/corrodinggames/rts/game/units/custom/logicBooleans/LogicBoolean;,targetArray,field_LogicBooleanLoader$ArrayContextReader$ArrayGet_targetArray,targetArray,v0.27-mapping-expansion,logic-boolean,confirmed,javap member declaration retains descriptive LogicBoolean DSL name,
method,com/corrodinggames/rts/game/units/custom/logicBooleans/LogicBooleanLoader$ArrayContextReader$ArrayGet,()Lcom/corrodinggames/rts/game/units/custom/logicBooleans/LogicBooleanLoader$LogicBooleanContext;,createContext,method_LogicBooleanLoader$ArrayContextReader$ArrayGet_createContext,createContext,v0.27-mapping-expansion,logic-boolean,confirmed,javap member declaration retains descriptive LogicBoolean DSL name,
method,com/corrodinggames/rts/game/units/custom/logicBooleans/LogicBooleanLoader$ArrayContextReader$ArrayGet,(Lcom/corrodinggames/rts/game/units/y;)Ljava/lang/String;,getMatchFailReasonForPlayer,method_LogicBooleanLoader$ArrayContextReader$ArrayGet_getMatchFailReasonForPlayer,getMatchFailReasonForPlayer,v0.27-mapping-expansion,logic-boolean,confirmed,javap member declaration retains descriptive LogicBoolean DSL name,
method,com/corrodinggames/rts/game/units/custom/logicBooleans/LogicBooleanLoader$ArrayContextReader$ArrayGet,()Ljava/lang/String;,getName,method_LogicBooleanLoader$ArrayContextReader$ArrayGet_getName,getName,v0.27-mapping-expansion,logic-boolean,confirmed,javap member declaration retains descriptive LogicBoolean DSL name,
method,com/corrodinggames/rts/game/units/custom/logicBooleans/LogicBooleanLoader$ArrayContextReader$ArrayGet,()Lcom/corrodinggames/rts/game/units/custom/logicBooleans/LogicBoolean$ReturnType;,getReturnType,method_LogicBooleanLoader$ArrayContextReader$ArrayGet_getReturnType,getReturnType,v0.27-mapping-expansion,logic-boolean,confirmed,javap member declaration retains descriptive LogicBoolean DSL name,
method,com/corrodinggames/rts/game/units/custom/logicBooleans/LogicBooleanLoader$ArrayContextReader$ArrayGet,(Lcom/corrodinggames/rts/game/units/y;)Z,read,method_LogicBooleanLoader$ArrayContextReader$ArrayGet_read,read,v0.27-mapping-expansion,logic-boolean,confirmed,javap member declaration retains descriptive LogicBoolean DSL name,
method,com/corrodinggames/rts/game/units/custom/logicBooleans/LogicBooleanLoader$ArrayContextReader$ArrayGet,(Lcom/corrodinggames/rts/game/units/y;)Lcom/corrodinggames/rts/game/units/custom/logicBooleans/LogicBoolean;,readElement,method_LogicBooleanLoader$ArrayContextReader$ArrayGet_readElement,readElement,v0.27-mapping-expansion,logic-boolean,confirmed,javap member declaration retains descriptive LogicBoolean DSL name,
method,com/corrodinggames/rts/game/units/custom/logicBooleans/LogicBooleanLoader$ArrayContextReader$ArrayGet,(Lcom/corrodinggames/rts/game/units/y;)F,readNumber,method_LogicBooleanLoader$ArrayContextReader$ArrayGet_readNumber,readNumber,v0.27-mapping-expansion,logic-boolean,confirmed,javap member declaration retains descriptive LogicBoolean DSL name,
method,com/corrodinggames/rts/game/units/custom/logicBooleans/LogicBooleanLoader$ArrayContextReader$ArrayGet,(Lcom/corrodinggames/rts/game/units/y;)Lcom/corrodinggames/rts/game/units/am;,readUnit,method_LogicBooleanLoader$ArrayContextReader$ArrayGet_readUnit,readUnit,v0.27-mapping-expansion,logic-boolean,confirmed,javap member declaration retains descriptive LogicBoolean DSL name,
method,com/corrodinggames/rts/game/units/custom/logicBooleans/LogicBooleanLoader$ArrayContextReader$ArrayGet,(Ljava/lang/String;Lcom/corrodinggames/rts/game/units/custom/l;Ljava/lang/String;)V,setArgumentsRaw,method_LogicBooleanLoader$ArrayContextReader$ArrayGet_setArgumentsRaw,setArgumentsRaw,v0.27-mapping-expansion,logic-boolean,confirmed,javap member declaration retains descriptive LogicBoolean DSL name,
method,com/corrodinggames/rts/game/units/custom/logicBooleans/LogicBooleanLoader$ArrayContextReader$ArrayGet,(Lcom/corrodinggames/rts/game/units/custom/logicBooleans/LogicBoolean;)V,setArrayTarget,method_LogicBooleanLoader$ArrayContextReader$ArrayGet_setArrayTarget,setArrayTarget,v0.27-mapping-expansion,logic-boolean,confirmed,javap member declaration retains descriptive LogicBoolean DSL name,
method,com/corrodinggames/rts/game/units/custom/logicBooleans/LogicBooleanLoader$ArrayContextReader$ArrayGet,(Ljava/lang/String;Ljava/lang/String;Ljava/lang/String;Lcom/corrodinggames/rts/game/units/custom/logicBooleans/LogicBooleanLoader$LogicBooleanContext;Z)V,validate,method_LogicBooleanLoader$ArrayContextReader$ArrayGet_validate,validate,v0.27-mapping-expansion,logic-boolean,confirmed,javap member declaration retains descriptive LogicBoolean DSL name,
method,com/corrodinggames/rts/game/units/custom/logicBooleans/LogicBooleanLoader$ArrayContextReader$ArrayGet,(I)V,validateNumberOfArguments,method_LogicBooleanLoader$ArrayContextReader$ArrayGet_validateNumberOfArguments,validateNumberOfArguments,v0.27-mapping-expansion,logic-boolean,confirmed,javap member declaration retains descriptive LogicBoolean DSL name,
method,com/corrodinggames/rts/game/units/custom/logicBooleans/LogicBooleanLoader$ArrayContextReader$ArrayGetUnit,()Lcom/corrodinggames/rts/game/units/custom/logicBooleans/LogicBooleanLoader$LogicBooleanContext;,createContext,method_LogicBooleanLoader$ArrayContextReader$ArrayGetUnit_createContext,createContext,v0.27-mapping-expansion,logic-boolean,confirmed,javap member declaration retains descriptive LogicBoolean DSL name,
method,com/corrodinggames/rts/game/units/custom/logicBooleans/LogicBooleanLoader$ArrayContextReader$ArrayGetUnit,()Lcom/corrodinggames/rts/game/units/custom/logicBooleans/LogicBoolean$ReturnType;,getReturnType,method_LogicBooleanLoader$ArrayContextReader$ArrayGetUnit_getReturnType,getReturnType,v0.27-mapping-expansion,logic-boolean,confirmed,javap member declaration retains descriptive LogicBoolean DSL name,
method,com/corrodinggames/rts/game/units/custom/logicBooleans/LogicBooleanLoader$ArrayContextReader$ArrayGetUnit,(Lcom/corrodinggames/rts/game/units/custom/logicBooleans/LogicBoolean;)Lcom/corrodinggames/rts/game/units/custom/logicBooleans/LogicBoolean;,setChild,method_LogicBooleanLoader$ArrayContextReader$ArrayGetUnit_setChild,setChild,v0.27-mapping-expansion,logic-boolean,confirmed,javap member declaration retains descriptive LogicBoolean DSL name,
field,com/corrodinggames/rts/game/units/custom/logicBooleans/LogicBooleanLoader$ArrayContextReader$ArraySize,Lcom/corrodinggames/rts/game/units/custom/logicBooleans/LogicBoolean;,targetArray,field_LogicBooleanLoader$ArrayContextReader$ArraySize_targetArray,targetArray,v0.27-mapping-expansion,logic-boolean,confirmed,javap member declaration retains descriptive LogicBoolean DSL name,
method,com/corrodinggames/rts/game/units/custom/logicBooleans/LogicBooleanLoader$ArrayContextReader$ArraySize,(Lcom/corrodinggames/rts/game/units/y;)Ljava/lang/String;,getMatchFailReasonForPlayer,method_LogicBooleanLoader$ArrayContextReader$ArraySize_getMatchFailReasonForPlayer,getMatchFailReasonForPlayer,v0.27-mapping-expansion,logic-boolean,confirmed,javap member declaration retains descriptive LogicBoolean DSL name,
method,com/corrodinggames/rts/game/units/custom/logicBooleans/LogicBooleanLoader$ArrayContextReader$ArraySize,()Ljava/lang/String;,getName,method_LogicBooleanLoader$ArrayContextReader$ArraySize_getName,getName,v0.27-mapping-expansion,logic-boolean,confirmed,javap member declaration retains descriptive LogicBoolean DSL name,
method,com/corrodinggames/rts/game/units/custom/logicBooleans/LogicBooleanLoader$ArrayContextReader$ArraySize,()Lcom/corrodinggames/rts/game/units/custom/logicBooleans/LogicBoolean$ReturnType;,getReturnType,method_LogicBooleanLoader$ArrayContextReader$ArraySize_getReturnType,getReturnType,v0.27-mapping-expansion,logic-boolean,confirmed,javap member declaration retains descriptive LogicBoolean DSL name,
method,com/corrodinggames/rts/game/units/custom/logicBooleans/LogicBooleanLoader$ArrayContextReader$ArraySize,(Lcom/corrodinggames/rts/game/units/y;)Z,read,method_LogicBooleanLoader$ArrayContextReader$ArraySize_read,read,v0.27-mapping-expansion,logic-boolean,confirmed,javap member declaration retains descriptive LogicBoolean DSL name,
method,com/corrodinggames/rts/game/units/custom/logicBooleans/LogicBooleanLoader$ArrayContextReader$ArraySize,(Lcom/corrodinggames/rts/game/units/y;)F,readNumber,method_LogicBooleanLoader$ArrayContextReader$ArraySize_readNumber,readNumber,v0.27-mapping-expansion,logic-boolean,confirmed,javap member declaration retains descriptive LogicBoolean DSL name,
method,com/corrodinggames/rts/game/units/custom/logicBooleans/LogicBooleanLoader$ArrayContextReader$ArraySize,(Lcom/corrodinggames/rts/game/units/custom/logicBooleans/LogicBoolean;)V,setArrayTarget,method_LogicBooleanLoader$ArrayContextReader$ArraySize_setArrayTarget,setArrayTarget,v0.27-mapping-expansion,logic-boolean,confirmed,javap member declaration retains descriptive LogicBoolean DSL name,
method,com/corrodinggames/rts/game/units/custom/logicBooleans/LogicBooleanLoader$LogicBooleanContext,(Ljava/lang/String;Lcom/corrodinggames/rts/game/units/custom/l;Ljava/lang/String;ZLjava/lang/String;Ljava/lang/String;Lcom/corrodinggames/rts/game/units/custom/logicBooleans/LogicBoolean;)Lcom/corrodinggames/rts/game/units/custom/logicBooleans/LogicBoolean;,parseNextElementInChain,method_LogicBooleanLoader$LogicBooleanContext_parseNextElementInChain,parseNextElementInChain,v0.27-mapping-expansion,logic-boolean,confirmed,javap member declaration retains descriptive LogicBoolean DSL name,
method,com/corrodinggames/rts/game/units/custom/logicBooleans/LogicBooleanLoader$LogicBooleanContextWithDefault,(Lcom/corrodinggames/rts/game/units/custom/logicBooleans/LogicBooleanLoader$LogicBooleanContext;Ljava/lang/String;Lcom/corrodinggames/rts/game/units/custom/l;Ljava/lang/String;ZLjava/lang/String;Ljava/lang/String;Lcom/corrodinggames/rts/game/units/custom/logicBooleans/LogicBoolean;Ljava/util/HashMap;)Lcom/corrodinggames/rts/game/units/custom/logicBooleans/LogicBoolean;,defaultParseNextElementInChain,method_LogicBooleanLoader$LogicBooleanContextWithDefault_defaultParseNextElementInChain,defaultParseNextElementInChain,v0.27-mapping-expansion,logic-boolean,confirmed,javap member declaration retains descriptive LogicBoolean DSL name,
method,com/corrodinggames/rts/game/units/custom/logicBooleans/LogicBooleanLoader$LogicBooleanContextWithDefault,(Ljava/lang/String;Lcom/corrodinggames/rts/game/units/custom/l;Ljava/lang/String;ZLjava/lang/String;Ljava/lang/String;Lcom/corrodinggames/rts/game/units/custom/logicBooleans/LogicBoolean;)Lcom/corrodinggames/rts/game/units/custom/logicBooleans/LogicBoolean;,parseNextElementInChain,method_LogicBooleanLoader$LogicBooleanContextWithDefault_parseNextElementInChain,parseNextElementInChain,v0.27-mapping-expansion,logic-boolean,confirmed,javap member declaration retains descriptive LogicBoolean DSL name,
method,com/corrodinggames/rts/game/units/custom/logicBooleans/LogicBooleanLoader$LogicBooleanScopeOnly,()Lcom/corrodinggames/rts/game/units/custom/logicBooleans/LogicBooleanLoader$LogicBooleanContext;,createContext,method_LogicBooleanLoader$LogicBooleanScopeOnly_createContext,createContext,v0.27-mapping-expansion,logic-boolean,confirmed,javap member declaration retains descriptive LogicBoolean DSL name,
method,com/corrodinggames/rts/game/units/custom/logicBooleans/LogicBooleanLoader$LogicBooleanScopeOnly,(Lcom/corrodinggames/rts/game/units/y;)Ljava/lang/String;,getMatchFailReasonForPlayer,method_LogicBooleanLoader$LogicBooleanScopeOnly_getMatchFailReasonForPlayer,getMatchFailReasonForPlayer,v0.27-mapping-expansion,logic-boolean,confirmed,javap member declaration retains descriptive LogicBoolean DSL name,
method,com/corrodinggames/rts/game/units/custom/logicBooleans/LogicBooleanLoader$LogicBooleanScopeOnly,()Lcom/corrodinggames/rts/game/units/custom/logicBooleans/LogicBoolean$ReturnType;,getReturnType,method_LogicBooleanLoader$LogicBooleanScopeOnly_getReturnType,getReturnType,v0.27-mapping-expansion,logic-boolean,confirmed,javap member declaration retains descriptive LogicBoolean DSL name,
method,com/corrodinggames/rts/game/units/custom/logicBooleans/LogicBooleanLoader$LogicBooleanScopeOnly,(Lcom/corrodinggames/rts/game/units/y;)Z,read,method_LogicBooleanLoader$LogicBooleanScopeOnly_read,read,v0.27-mapping-expansion,logic-boolean,confirmed,javap member declaration retains descriptive LogicBoolean DSL name,
method,com/corrodinggames/rts/game/units/custom/logicBooleans/LogicBooleanLoader$LogicBooleanScopeOnly,(Lcom/corrodinggames/rts/game/units/custom/logicBooleans/LogicBoolean;)Lcom/corrodinggames/rts/game/units/custom/logicBooleans/LogicBoolean;,setChild,method_LogicBooleanLoader$LogicBooleanScopeOnly_setChild,setChild,v0.27-mapping-expansion,logic-boolean,confirmed,javap member declaration retains descriptive LogicBoolean DSL name,
field,com/corrodinggames/rts/game/units/custom/logicBooleans/LogicBooleanLoader$ParameterMapping,Ljava/lang/String;,allParametersString,field_LogicBooleanLoader$ParameterMapping_allParametersString,allParametersString,v0.27-mapping-expansion,logic-boolean,confirmed,javap member declaration retains descriptive LogicBoolean DSL name,
field,com/corrodinggames/rts/game/units/custom/logicBooleans/LogicBooleanLoader$ParameterMapping,I,numberOfPositionalParameters,field_LogicBooleanLoader$ParameterMapping_numberOfPositionalParameters,numberOfPositionalParameters,v0.27-mapping-expansion,logic-boolean,confirmed,javap member declaration retains descriptive LogicBoolean DSL name,
field,com/corrodinggames/rts/game/units/custom/logicBooleans/LogicBooleanLoader$ParameterMapping,Ljava/util/HashMap;,parameters,field_LogicBooleanLoader$ParameterMapping_parameters,parameters,v0.27-mapping-expansion,logic-boolean,confirmed,javap member declaration retains descriptive LogicBoolean DSL name,
field,com/corrodinggames/rts/game/units/custom/logicBooleans/LogicBooleanLoader$ParameterMapping,Ljava/lang/Class;,type,field_LogicBooleanLoader$ParameterMapping_type,type,v0.27-mapping-expansion,logic-boolean,confirmed,javap member declaration retains descriptive LogicBoolean DSL name,
method,com/corrodinggames/rts/game/units/custom/logicBooleans/LogicBooleanLoader$ParameterMapping,(Ljava/lang/String;Lcom/corrodinggames/rts/game/units/custom/logicBooleans/LogicBooleanLoader$ParameterMapping$FieldOrMethod;Lcom/corrodinggames/rts/game/units/custom/logicBooleans/LogicBoolean$Parameter;)V,addParameter,method_LogicBooleanLoader$ParameterMapping_addParameter,addParameter,v0.27-mapping-expansion,logic-boolean,confirmed,javap member declaration retains descriptive LogicBoolean DSL name,
field,com/corrodinggames/rts/game/units/custom/logicBooleans/LogicBooleanLoader$ParameterMapping$FieldOrMethod,Ljava/lang/reflect/Field;,field,field_LogicBooleanLoader$ParameterMapping$FieldOrMethod_field,field,v0.27-mapping-expansion,logic-boolean,confirmed,javap member declaration retains descriptive LogicBoolean DSL name,
field,com/corrodinggames/rts/game/units/custom/logicBooleans/LogicBooleanLoader$ParameterMapping$FieldOrMethod,Ljava/lang/reflect/Method;,method,field_LogicBooleanLoader$ParameterMapping$FieldOrMethod_method,method,v0.27-mapping-expansion,logic-boolean,confirmed,javap member declaration retains descriptive LogicBoolean DSL name,
field,com/corrodinggames/rts/game/units/custom/logicBooleans/LogicBooleanLoader$ParameterMapping$FieldOrMethod,I,positionalOffset,field_LogicBooleanLoader$ParameterMapping$FieldOrMethod_positionalOffset,positionalOffset,v0.27-mapping-expansion,logic-boolean,confirmed,javap member declaration retains descriptive LogicBoolean DSL name,
field,com/corrodinggames/rts/game/units/custom/logicBooleans/LogicBooleanLoader$ParameterMapping$FieldOrMethod,Z,required,field_LogicBooleanLoader$ParameterMapping$FieldOrMethod_required,required,v0.27-mapping-expansion,logic-boolean,confirmed,javap member declaration retains descriptive LogicBoolean DSL name,
field,com/corrodinggames/rts/game/units/custom/logicBooleans/LogicBooleanLoader$ParameterMapping$FieldOrMethod,Lcom/corrodinggames/rts/game/units/custom/logicBooleans/LogicBoolean$ReturnType;,returnType,field_LogicBooleanLoader$ParameterMapping$FieldOrMethod_returnType,returnType,v0.27-mapping-expansion,logic-boolean,confirmed,javap member declaration retains descriptive LogicBoolean DSL name,
field,com/corrodinggames/rts/game/units/custom/logicBooleans/LogicBooleanLoader$ParameterMapping$FieldOrMethod,Ljava/lang/Class;,type,field_LogicBooleanLoader$ParameterMapping$FieldOrMethod_type,type,v0.27-mapping-expansion,logic-boolean,confirmed,javap member declaration retains descriptive LogicBoolean DSL name,
field,com/corrodinggames/rts/game/units/custom/logicBooleans/LogicBooleanLoader$VoidContextReader,Ljava/lang/String;,debugType,field_LogicBooleanLoader$VoidContextReader_debugType,debugType,v0.27-mapping-expansion,logic-boolean,confirmed,javap member declaration retains descriptive LogicBoolean DSL name,
method,com/corrodinggames/rts/game/units/custom/logicBooleans/LogicBooleanLoader$VoidContextReader,(Ljava/lang/String;Lcom/corrodinggames/rts/game/units/custom/l;Ljava/lang/String;ZLjava/lang/String;Ljava/lang/String;Lcom/corrodinggames/rts/game/units/custom/logicBooleans/LogicBoolean;)Lcom/corrodinggames/rts/game/units/custom/logicBooleans/LogicBoolean;,parseNextElementInChain,method_LogicBooleanLoader$VoidContextReader_parseNextElementInChain,parseNextElementInChain,v0.27-mapping-expansion,logic-boolean,confirmed,javap member declaration retains descriptive LogicBoolean DSL name,
field,com/corrodinggames/rts/game/units/custom/logicBooleans/LogicNumberFunction$CreateMarker,Lcom/corrodinggames/rts/game/units/custom/logicBooleans/LogicBoolean;,dir,field_LogicNumberFunction$CreateMarker_dir,dir,v0.27-mapping-expansion,logic-boolean,confirmed,javap member declaration retains descriptive LogicBoolean DSL name,
field,com/corrodinggames/rts/game/units/custom/logicBooleans/LogicNumberFunction$CreateMarker,Lcom/corrodinggames/rts/game/units/custom/logicBooleans/LogicBoolean;,height,field_LogicNumberFunction$CreateMarker_height,height,v0.27-mapping-expansion,logic-boolean,confirmed,javap member declaration retains descriptive LogicBoolean DSL name,
field,com/corrodinggames/rts/game/units/custom/logicBooleans/LogicNumberFunction$CreateMarker,Lcom/corrodinggames/rts/game/units/custom/logicBooleans/LogicBoolean;,teamId,field_LogicNumberFunction$CreateMarker_teamId,teamId,v0.27-mapping-expansion,logic-boolean,confirmed,javap member declaration retains descriptive LogicBoolean DSL name,
method,com/corrodinggames/rts/game/units/custom/logicBooleans/LogicNumberFunction$CreateMarker,()Ljava/lang/String;,getClassDebugName,method_LogicNumberFunction$CreateMarker_getClassDebugName,getClassDebugName,v0.27-mapping-expansion,logic-boolean,confirmed,javap member declaration retains descriptive LogicBoolean DSL name,
method,com/corrodinggames/rts/game/units/custom/logicBooleans/LogicNumberFunction$CreateMarker,(Lcom/corrodinggames/rts/game/units/y;)Lcom/corrodinggames/rts/game/units/am;,getSingleRaw,method_LogicNumberFunction$CreateMarker_getSingleRaw,getSingleRaw,v0.27-mapping-expansion,logic-boolean,confirmed,javap member declaration retains descriptive LogicBoolean DSL name,
method,com/corrodinggames/rts/game/units/custom/logicBooleans/LogicNumberFunction$CreateMarker,(Ljava/lang/String;Ljava/lang/String;Ljava/lang/String;Lcom/corrodinggames/rts/game/units/custom/logicBooleans/LogicBooleanLoader$LogicBooleanContext;Z)V,validate,method_LogicNumberFunction$CreateMarker_validate,validate,v0.27-mapping-expansion,logic-boolean,confirmed,javap member declaration retains descriptive LogicBoolean DSL name,
method,com/corrodinggames/rts/game/units/custom/logicBooleans/LogicNumberFunction$FunctionCos,(F)F,doFunction,method_LogicNumberFunction$FunctionCos_doFunction,doFunction,v0.27-mapping-expansion,logic-boolean,confirmed,javap member declaration retains descriptive LogicBoolean DSL name,
method,com/corrodinggames/rts/game/units/custom/logicBooleans/LogicNumberFunction$FunctionCos,(Lcom/corrodinggames/rts/game/units/y;)Ljava/lang/String;,getMatchFailReasonForPlayer,method_LogicNumberFunction$FunctionCos_getMatchFailReasonForPlayer,getMatchFailReasonForPlayer,v0.27-mapping-expansion,logic-boolean,confirmed,javap member declaration retains descriptive LogicBoolean DSL name,
method,com/corrodinggames/rts/game/units/custom/logicBooleans/LogicNumberFunction$FunctionCos,()Ljava/lang/String;,getName,method_LogicNumberFunction$FunctionCos_getName,getName,v0.27-mapping-expansion,logic-boolean,confirmed,javap member declaration retains descriptive LogicBoolean DSL name,
method,com/corrodinggames/rts/game/units/custom/logicBooleans/LogicNumberFunction$FunctionCos,(Lcom/corrodinggames/rts/game/units/y;)F,readNumber,method_LogicNumberFunction$FunctionCos_readNumber,readNumber,v0.27-mapping-expansion,logic-boolean,confirmed,javap member declaration retains descriptive LogicBoolean DSL name,
method,com/corrodinggames/rts/game/units/custom/logicBooleans/LogicNumberFunction$FunctionCos,(Ljava/lang/String;Lcom/corrodinggames/rts/game/units/custom/l;Ljava/lang/String;)V,setArgumentsRaw,method_LogicNumberFunction$FunctionCos_setArgumentsRaw,setArgumentsRaw,v0.27-mapping-expansion,logic-boolean,confirmed,javap member declaration retains descriptive LogicBoolean DSL name,
method,com/corrodinggames/rts/game/units/custom/logicBooleans/LogicNumberFunction$FunctionCos,(Ljava/lang/String;Ljava/lang/String;Ljava/lang/String;Lcom/corrodinggames/rts/game/units/custom/logicBooleans/LogicBooleanLoader$LogicBooleanContext;Z)V,validate,method_LogicNumberFunction$FunctionCos_validate,validate,v0.27-mapping-expansion,logic-boolean,confirmed,javap member declaration retains descriptive LogicBoolean DSL name,
method,com/corrodinggames/rts/game/units/custom/logicBooleans/LogicNumberFunction$FunctionCos,(Ljava/lang/String;Ljava/lang/String;Ljava/lang/String;Lcom/corrodinggames/rts/game/units/custom/logicBooleans/LogicBooleanLoader$LogicBooleanContext;Z)Lcom/corrodinggames/rts/game/units/custom/logicBooleans/LogicBoolean;,validateAndOptimize,method_LogicNumberFunction$FunctionCos_validateAndOptimize,validateAndOptimize,v0.27-mapping-expansion,logic-boolean,confirmed,javap member declaration retains descriptive LogicBoolean DSL name,
method,com/corrodinggames/rts/game/units/custom/logicBooleans/LogicNumberFunction$FunctionCos,(I)V,validateNumberOfArguments,method_LogicNumberFunction$FunctionCos_validateNumberOfArguments,validateNumberOfArguments,v0.27-mapping-expansion,logic-boolean,confirmed,javap member declaration retains descriptive LogicBoolean DSL name,
method,com/corrodinggames/rts/game/units/custom/logicBooleans/LogicNumberFunction$FunctionDirection,()Ljava/lang/String;,getName,method_LogicNumberFunction$FunctionDirection_getName,getName,v0.27-mapping-expansion,logic-boolean,confirmed,javap member declaration retains descriptive LogicBoolean DSL name,
method,com/corrodinggames/rts/game/units/custom/logicBooleans/LogicNumberFunction$FunctionDirection,(Lcom/corrodinggames/rts/game/units/y;)F,readNumber,method_LogicNumberFunction$FunctionDirection_readNumber,readNumber,v0.27-mapping-expansion,logic-boolean,confirmed,javap member declaration retains descriptive LogicBoolean DSL name,
field,com/corrodinggames/rts/game/units/custom/logicBooleans/LogicNumberFunction$FunctionDirectionBetween,Lcom/corrodinggames/rts/game/units/custom/logicBooleans/LogicBoolean;,unit1,field_LogicNumberFunction$FunctionDirectionBetween_unit1,unit1,v0.27-mapping-expansion,logic-boolean,confirmed,javap member declaration retains descriptive LogicBoolean DSL name,
field,com/corrodinggames/rts/game/units/custom/logicBooleans/LogicNumberFunction$FunctionDirectionBetween,Lcom/corrodinggames/rts/game/units/custom/logicBooleans/LogicBoolean;,unit2,field_LogicNumberFunction$FunctionDirectionBetween_unit2,unit2,v0.27-mapping-expansion,logic-boolean,confirmed,javap member declaration retains descriptive LogicBoolean DSL name,
method,com/corrodinggames/rts/game/units/custom/logicBooleans/LogicNumberFunction$FunctionDirectionBetween,()Ljava/lang/String;,getName,method_LogicNumberFunction$FunctionDirectionBetween_getName,getName,v0.27-mapping-expansion,logic-boolean,confirmed,javap member declaration retains descriptive LogicBoolean DSL name,
method,com/corrodinggames/rts/game/units/custom/logicBooleans/LogicNumberFunction$FunctionDirectionBetween,(Lcom/corrodinggames/rts/game/units/y;)F,readNumber,method_LogicNumberFunction$FunctionDirectionBetween_readNumber,readNumber,v0.27-mapping-expansion,logic-boolean,confirmed,javap member declaration retains descriptive LogicBoolean DSL name,
method,com/corrodinggames/rts/game/units/custom/logicBooleans/LogicNumberFunction$FunctionDistance,()Ljava/lang/String;,getName,method_LogicNumberFunction$FunctionDistance_getName,getName,v0.27-mapping-expansion,logic-boolean,confirmed,javap member declaration retains descriptive LogicBoolean DSL name,
method,com/corrodinggames/rts/game/units/custom/logicBooleans/LogicNumberFunction$FunctionDistance,(Lcom/corrodinggames/rts/game/units/y;)F,readNumber,method_LogicNumberFunction$FunctionDistance_readNumber,readNumber,v0.27-mapping-expansion,logic-boolean,confirmed,javap member declaration retains descriptive LogicBoolean DSL name,
field,com/corrodinggames/rts/game/units/custom/logicBooleans/LogicNumberFunction$FunctionDistanceBetween,Lcom/corrodinggames/rts/game/units/custom/logicBooleans/LogicBoolean;,unit1,field_LogicNumberFunction$FunctionDistanceBetween_unit1,unit1,v0.27-mapping-expansion,logic-boolean,confirmed,javap member declaration retains descriptive LogicBoolean DSL name,
field,com/corrodinggames/rts/game/units/custom/logicBooleans/LogicNumberFunction$FunctionDistanceBetween,Lcom/corrodinggames/rts/game/units/custom/logicBooleans/LogicBoolean;,unit2,field_LogicNumberFunction$FunctionDistanceBetween_unit2,unit2,v0.27-mapping-expansion,logic-boolean,confirmed,javap member declaration retains descriptive LogicBoolean DSL name,
method,com/corrodinggames/rts/game/units/custom/logicBooleans/LogicNumberFunction$FunctionDistanceBetween,()Ljava/lang/String;,getName,method_LogicNumberFunction$FunctionDistanceBetween_getName,getName,v0.27-mapping-expansion,logic-boolean,confirmed,javap member declaration retains descriptive LogicBoolean DSL name,
method,com/corrodinggames/rts/game/units/custom/logicBooleans/LogicNumberFunction$FunctionDistanceBetween,(Lcom/corrodinggames/rts/game/units/y;)F,readNumber,method_LogicNumberFunction$FunctionDistanceBetween_readNumber,readNumber,v0.27-mapping-expansion,logic-boolean,confirmed,javap member declaration retains descriptive LogicBoolean DSL name,
field,com/corrodinggames/rts/game/units/custom/logicBooleans/LogicNumberFunction$FunctionDistanceBetweenSquared,Lcom/corrodinggames/rts/game/units/custom/logicBooleans/LogicBoolean;,unit1,field_LogicNumberFunction$FunctionDistanceBetweenSquared_unit1,unit1,v0.27-mapping-expansion,logic-boolean,confirmed,javap member declaration retains descriptive LogicBoolean DSL name,
field,com/corrodinggames/rts/game/units/custom/logicBooleans/LogicNumberFunction$FunctionDistanceBetweenSquared,Lcom/corrodinggames/rts/game/units/custom/logicBooleans/LogicBoolean;,unit2,field_LogicNumberFunction$FunctionDistanceBetweenSquared_unit2,unit2,v0.27-mapping-expansion,logic-boolean,confirmed,javap member declaration retains descriptive LogicBoolean DSL name,
method,com/corrodinggames/rts/game/units/custom/logicBooleans/LogicNumberFunction$FunctionDistanceBetweenSquared,()Ljava/lang/String;,getName,method_LogicNumberFunction$FunctionDistanceBetweenSquared_getName,getName,v0.27-mapping-expansion,logic-boolean,confirmed,javap member declaration retains descriptive LogicBoolean DSL name,
method,com/corrodinggames/rts/game/units/custom/logicBooleans/LogicNumberFunction$FunctionDistanceBetweenSquared,(Lcom/corrodinggames/rts/game/units/y;)F,readNumber,method_LogicNumberFunction$FunctionDistanceBetweenSquared_readNumber,readNumber,v0.27-mapping-expansion,logic-boolean,confirmed,javap member declaration retains descriptive LogicBoolean DSL name,
method,com/corrodinggames/rts/game/units/custom/logicBooleans/LogicNumberFunction$FunctionDistanceSquared,()Ljava/lang/String;,getName,method_LogicNumberFunction$FunctionDistanceSquared_getName,getName,v0.27-mapping-expansion,logic-boolean,confirmed,javap member declaration retains descriptive LogicBoolean DSL name,
method,com/corrodinggames/rts/game/units/custom/logicBooleans/LogicNumberFunction$FunctionDistanceSquared,(Lcom/corrodinggames/rts/game/units/y;)F,readNumber,method_LogicNumberFunction$FunctionDistanceSquared_readNumber,readNumber,v0.27-mapping-expansion,logic-boolean,confirmed,javap member declaration retains descriptive LogicBoolean DSL name,
method,com/corrodinggames/rts/game/units/custom/logicBooleans/LogicNumberFunction$FunctionInt,(F)F,doFunction,method_LogicNumberFunction$FunctionInt_doFunction,doFunction,v0.27-mapping-expansion,logic-boolean,confirmed,javap member declaration retains descriptive LogicBoolean DSL name,
method,com/corrodinggames/rts/game/units/custom/logicBooleans/LogicNumberFunction$FunctionInt,(Lcom/corrodinggames/rts/game/units/y;)Ljava/lang/String;,getMatchFailReasonForPlayer,method_LogicNumberFunction$FunctionInt_getMatchFailReasonForPlayer,getMatchFailReasonForPlayer,v0.27-mapping-expansion,logic-boolean,confirmed,javap member declaration retains descriptive LogicBoolean DSL name,
method,com/corrodinggames/rts/game/units/custom/logicBooleans/LogicNumberFunction$FunctionInt,()Ljava/lang/String;,getName,method_LogicNumberFunction$FunctionInt_getName,getName,v0.27-mapping-expansion,logic-boolean,confirmed,javap member declaration retains descriptive LogicBoolean DSL name,
method,com/corrodinggames/rts/game/units/custom/logicBooleans/LogicNumberFunction$FunctionInt,(Lcom/corrodinggames/rts/game/units/y;)F,readNumber,method_LogicNumberFunction$FunctionInt_readNumber,readNumber,v0.27-mapping-expansion,logic-boolean,confirmed,javap member declaration retains descriptive LogicBoolean DSL name,
method,com/corrodinggames/rts/game/units/custom/logicBooleans/LogicNumberFunction$FunctionInt,(Ljava/lang/String;Lcom/corrodinggames/rts/game/units/custom/l;Ljava/lang/String;)V,setArgumentsRaw,method_LogicNumberFunction$FunctionInt_setArgumentsRaw,setArgumentsRaw,v0.27-mapping-expansion,logic-boolean,confirmed,javap member declaration retains descriptive LogicBoolean DSL name,
method,com/corrodinggames/rts/game/units/custom/logicBooleans/LogicNumberFunction$FunctionInt,(Ljava/lang/String;Ljava/lang/String;Ljava/lang/String;Lcom/corrodinggames/rts/game/units/custom/logicBooleans/LogicBooleanLoader$LogicBooleanContext;Z)V,validate,method_LogicNumberFunction$FunctionInt_validate,validate,v0.27-mapping-expansion,logic-boolean,confirmed,javap member declaration retains descriptive LogicBoolean DSL name,
method,com/corrodinggames/rts/game/units/custom/logicBooleans/LogicNumberFunction$FunctionInt,(Ljava/lang/String;Ljava/lang/String;Ljava/lang/String;Lcom/corrodinggames/rts/game/units/custom/logicBooleans/LogicBooleanLoader$LogicBooleanContext;Z)Lcom/corrodinggames/rts/game/units/custom/logicBooleans/LogicBoolean;,validateAndOptimize,method_LogicNumberFunction$FunctionInt_validateAndOptimize,validateAndOptimize,v0.27-mapping-expansion,logic-boolean,confirmed,javap member declaration retains descriptive LogicBoolean DSL name,
method,com/corrodinggames/rts/game/units/custom/logicBooleans/LogicNumberFunction$FunctionInt,(I)V,validateNumberOfArguments,method_LogicNumberFunction$FunctionInt_validateNumberOfArguments,validateNumberOfArguments,v0.27-mapping-expansion,logic-boolean,confirmed,javap member declaration retains descriptive LogicBoolean DSL name,
method,com/corrodinggames/rts/game/units/custom/logicBooleans/LogicNumberFunction$FunctionLength,()Ljava/lang/String;,getName,method_LogicNumberFunction$FunctionLength_getName,getName,v0.27-mapping-expansion,logic-boolean,confirmed,javap member declaration retains descriptive LogicBoolean DSL name,
method,com/corrodinggames/rts/game/units/custom/logicBooleans/LogicNumberFunction$FunctionLength,(Lcom/corrodinggames/rts/game/units/y;)F,readNumber,method_LogicNumberFunction$FunctionLength_readNumber,readNumber,v0.27-mapping-expansion,logic-boolean,confirmed,javap member declaration retains descriptive LogicBoolean DSL name,
method,com/corrodinggames/rts/game/units/custom/logicBooleans/LogicNumberFunction$FunctionMax,()Ljava/lang/String;,getName,method_LogicNumberFunction$FunctionMax_getName,getName,v0.27-mapping-expansion,logic-boolean,confirmed,javap member declaration retains descriptive LogicBoolean DSL name,
method,com/corrodinggames/rts/game/units/custom/logicBooleans/LogicNumberFunction$FunctionMax,(Lcom/corrodinggames/rts/game/units/y;)F,readNumber,method_LogicNumberFunction$FunctionMax_readNumber,readNumber,v0.27-mapping-expansion,logic-boolean,confirmed,javap member declaration retains descriptive LogicBoolean DSL name,
method,com/corrodinggames/rts/game/units/custom/logicBooleans/LogicNumberFunction$FunctionMin,()Ljava/lang/String;,getName,method_LogicNumberFunction$FunctionMin_getName,getName,v0.27-mapping-expansion,logic-boolean,confirmed,javap member declaration retains descriptive LogicBoolean DSL name,
method,com/corrodinggames/rts/game/units/custom/logicBooleans/LogicNumberFunction$FunctionMin,(Lcom/corrodinggames/rts/game/units/y;)F,readNumber,method_LogicNumberFunction$FunctionMin_readNumber,readNumber,v0.27-mapping-expansion,logic-boolean,confirmed,javap member declaration retains descriptive LogicBoolean DSL name,
field,com/corrodinggames/rts/game/units/custom/logicBooleans/LogicNumberFunction$FunctionRnd,Lcom/corrodinggames/rts/game/units/custom/logicBooleans/LogicBoolean;,max,field_LogicNumberFunction$FunctionRnd_max,max,v0.27-mapping-expansion,logic-boolean,confirmed,javap member declaration retains descriptive LogicBoolean DSL name,
field,com/corrodinggames/rts/game/units/custom/logicBooleans/LogicNumberFunction$FunctionRnd,Lcom/corrodinggames/rts/game/units/custom/logicBooleans/LogicBoolean;,min,field_LogicNumberFunction$FunctionRnd_min,min,v0.27-mapping-expansion,logic-boolean,confirmed,javap member declaration retains descriptive LogicBoolean DSL name,
field,com/corrodinggames/rts/game/units/custom/logicBooleans/LogicNumberFunction$FunctionRnd,I,randomIndex,field_LogicNumberFunction$FunctionRnd_randomIndex,randomIndex,v0.27-mapping-expansion,logic-boolean,confirmed,javap member declaration retains descriptive LogicBoolean DSL name,
method,com/corrodinggames/rts/game/units/custom/logicBooleans/LogicNumberFunction$FunctionRnd,(Lcom/corrodinggames/rts/game/units/custom/l;)V,forMeta,method_LogicNumberFunction$FunctionRnd_forMeta,forMeta,v0.27-mapping-expansion,logic-boolean,confirmed,javap member declaration retains descriptive LogicBoolean DSL name,
method,com/corrodinggames/rts/game/units/custom/logicBooleans/LogicNumberFunction$FunctionRnd,()Ljava/lang/String;,getName,method_LogicNumberFunction$FunctionRnd_getName,getName,v0.27-mapping-expansion,logic-boolean,confirmed,javap member declaration retains descriptive LogicBoolean DSL name,
method,com/corrodinggames/rts/game/units/custom/logicBooleans/LogicNumberFunction$FunctionRnd,(Lcom/corrodinggames/rts/game/units/y;)F,readNumber,method_LogicNumberFunction$FunctionRnd_readNumber,readNumber,v0.27-mapping-expansion,logic-boolean,confirmed,javap member declaration retains descriptive LogicBoolean DSL name,
method,com/corrodinggames/rts/game/units/custom/logicBooleans/LogicNumberFunction$FunctionSin,(F)F,doFunction,method_LogicNumberFunction$FunctionSin_doFunction,doFunction,v0.27-mapping-expansion,logic-boolean,confirmed,javap member declaration retains descriptive LogicBoolean DSL name,
method,com/corrodinggames/rts/game/units/custom/logicBooleans/LogicNumberFunction$FunctionSin,(Lcom/corrodinggames/rts/game/units/y;)Ljava/lang/String;,getMatchFailReasonForPlayer,method_LogicNumberFunction$FunctionSin_getMatchFailReasonForPlayer,getMatchFailReasonForPlayer,v0.27-mapping-expansion,logic-boolean,confirmed,javap member declaration retains descriptive LogicBoolean DSL name,
method,com/corrodinggames/rts/game/units/custom/logicBooleans/LogicNumberFunction$FunctionSin,()Ljava/lang/String;,getName,method_LogicNumberFunction$FunctionSin_getName,getName,v0.27-mapping-expansion,logic-boolean,confirmed,javap member declaration retains descriptive LogicBoolean DSL name,
method,com/corrodinggames/rts/game/units/custom/logicBooleans/LogicNumberFunction$FunctionSin,(Lcom/corrodinggames/rts/game/units/y;)F,readNumber,method_LogicNumberFunction$FunctionSin_readNumber,readNumber,v0.27-mapping-expansion,logic-boolean,confirmed,javap member declaration retains descriptive LogicBoolean DSL name,
method,com/corrodinggames/rts/game/units/custom/logicBooleans/LogicNumberFunction$FunctionSin,(Ljava/lang/String;Lcom/corrodinggames/rts/game/units/custom/l;Ljava/lang/String;)V,setArgumentsRaw,method_LogicNumberFunction$FunctionSin_setArgumentsRaw,setArgumentsRaw,v0.27-mapping-expansion,logic-boolean,confirmed,javap member declaration retains descriptive LogicBoolean DSL name,
method,com/corrodinggames/rts/game/units/custom/logicBooleans/LogicNumberFunction$FunctionSin,(Ljava/lang/String;Ljava/lang/String;Ljava/lang/String;Lcom/corrodinggames/rts/game/units/custom/logicBooleans/LogicBooleanLoader$LogicBooleanContext;Z)V,validate,method_LogicNumberFunction$FunctionSin_validate,validate,v0.27-mapping-expansion,logic-boolean,confirmed,javap member declaration retains descriptive LogicBoolean DSL name,
method,com/corrodinggames/rts/game/units/custom/logicBooleans/LogicNumberFunction$FunctionSin,(Ljava/lang/String;Ljava/lang/String;Ljava/lang/String;Lcom/corrodinggames/rts/game/units/custom/logicBooleans/LogicBooleanLoader$LogicBooleanContext;Z)Lcom/corrodinggames/rts/game/units/custom/logicBooleans/LogicBoolean;,validateAndOptimize,method_LogicNumberFunction$FunctionSin_validateAndOptimize,validateAndOptimize,v0.27-mapping-expansion,logic-boolean,confirmed,javap member declaration retains descriptive LogicBoolean DSL name,
method,com/corrodinggames/rts/game/units/custom/logicBooleans/LogicNumberFunction$FunctionSin,(I)V,validateNumberOfArguments,method_LogicNumberFunction$FunctionSin_validateNumberOfArguments,validateNumberOfArguments,v0.27-mapping-expansion,logic-boolean,confirmed,javap member declaration retains descriptive LogicBoolean DSL name,
method,com/corrodinggames/rts/game/units/custom/logicBooleans/LogicNumberFunction$FunctionSquareRoot,(F)F,doFunction,method_LogicNumberFunction$FunctionSquareRoot_doFunction,doFunction,v0.27-mapping-expansion,logic-boolean,confirmed,javap member declaration retains descriptive LogicBoolean DSL name,
method,com/corrodinggames/rts/game/units/custom/logicBooleans/LogicNumberFunction$FunctionSquareRoot,(Lcom/corrodinggames/rts/game/units/y;)Ljava/lang/String;,getMatchFailReasonForPlayer,method_LogicNumberFunction$FunctionSquareRoot_getMatchFailReasonForPlayer,getMatchFailReasonForPlayer,v0.27-mapping-expansion,logic-boolean,confirmed,javap member declaration retains descriptive LogicBoolean DSL name,
method,com/corrodinggames/rts/game/units/custom/logicBooleans/LogicNumberFunction$FunctionSquareRoot,()Ljava/lang/String;,getName,method_LogicNumberFunction$FunctionSquareRoot_getName,getName,v0.27-mapping-expansion,logic-boolean,confirmed,javap member declaration retains descriptive LogicBoolean DSL name,
method,com/corrodinggames/rts/game/units/custom/logicBooleans/LogicNumberFunction$FunctionSquareRoot,(Lcom/corrodinggames/rts/game/units/y;)F,readNumber,method_LogicNumberFunction$FunctionSquareRoot_readNumber,readNumber,v0.27-mapping-expansion,logic-boolean,confirmed,javap member declaration retains descriptive LogicBoolean DSL name,
method,com/corrodinggames/rts/game/units/custom/logicBooleans/LogicNumberFunction$FunctionSquareRoot,(Ljava/lang/String;Lcom/corrodinggames/rts/game/units/custom/l;Ljava/lang/String;)V,setArgumentsRaw,method_LogicNumberFunction$FunctionSquareRoot_setArgumentsRaw,setArgumentsRaw,v0.27-mapping-expansion,logic-boolean,confirmed,javap member declaration retains descriptive LogicBoolean DSL name,
method,com/corrodinggames/rts/game/units/custom/logicBooleans/LogicNumberFunction$FunctionSquareRoot,(Ljava/lang/String;Ljava/lang/String;Ljava/lang/String;Lcom/corrodinggames/rts/game/units/custom/logicBooleans/LogicBooleanLoader$LogicBooleanContext;Z)V,validate,method_LogicNumberFunction$FunctionSquareRoot_validate,validate,v0.27-mapping-expansion,logic-boolean,confirmed,javap member declaration retains descriptive LogicBoolean DSL name,
method,com/corrodinggames/rts/game/units/custom/logicBooleans/LogicNumberFunction$FunctionSquareRoot,(Ljava/lang/String;Ljava/lang/String;Ljava/lang/String;Lcom/corrodinggames/rts/game/units/custom/logicBooleans/LogicBooleanLoader$LogicBooleanContext;Z)Lcom/corrodinggames/rts/game/units/custom/logicBooleans/LogicBoolean;,validateAndOptimize,method_LogicNumberFunction$FunctionSquareRoot_validateAndOptimize,validateAndOptimize,v0.27-mapping-expansion,logic-boolean,confirmed,javap member declaration retains descriptive LogicBoolean DSL name,
method,com/corrodinggames/rts/game/units/custom/logicBooleans/LogicNumberFunction$FunctionSquareRoot,(I)V,validateNumberOfArguments,method_LogicNumberFunction$FunctionSquareRoot_validateNumberOfArguments,validateNumberOfArguments,v0.27-mapping-expansion,logic-boolean,confirmed,javap member declaration retains descriptive LogicBoolean DSL name,
field,com/corrodinggames/rts/game/units/custom/logicBooleans/LogicNumberFunction$LogicNumberFunctionRawArgs,Lcom/corrodinggames/rts/game/units/custom/logicBooleans/LogicBoolean;,value,field_LogicNumberFunction$LogicNumberFunctionRawArgs_value,value,v0.27-mapping-expansion,logic-boolean,confirmed,javap member declaration retains descriptive LogicBoolean DSL name,
method,com/corrodinggames/rts/game/units/custom/logicBooleans/LogicNumberFunction$LogicNumberFunctionRawArgs,(F)F,doFunction,method_LogicNumberFunction$LogicNumberFunctionRawArgs_doFunction,doFunction,v0.27-mapping-expansion,logic-boolean,confirmed,javap member declaration retains descriptive LogicBoolean DSL name,
method,com/corrodinggames/rts/game/units/custom/logicBooleans/LogicNumberFunction$LogicNumberFunctionRawArgs,(Lcom/corrodinggames/rts/game/units/y;)Ljava/lang/String;,getMatchFailReasonForPlayer,method_LogicNumberFunction$LogicNumberFunctionRawArgs_getMatchFailReasonForPlayer,getMatchFailReasonForPlayer,v0.27-mapping-expansion,logic-boolean,confirmed,javap member declaration retains descriptive LogicBoolean DSL name,
method,com/corrodinggames/rts/game/units/custom/logicBooleans/LogicNumberFunction$LogicNumberFunctionRawArgs,(Ljava/lang/String;Lcom/corrodinggames/rts/game/units/custom/l;Ljava/lang/String;)V,setArgumentsRaw,method_LogicNumberFunction$LogicNumberFunctionRawArgs_setArgumentsRaw,setArgumentsRaw,v0.27-mapping-expansion,logic-boolean,confirmed,javap member declaration retains descriptive LogicBoolean DSL name,
method,com/corrodinggames/rts/game/units/custom/logicBooleans/LogicNumberFunction$LogicNumberFunctionRawArgs,(Ljava/lang/String;Ljava/lang/String;Ljava/lang/String;Lcom/corrodinggames/rts/game/units/custom/logicBooleans/LogicBooleanLoader$LogicBooleanContext;Z)V,validate,method_LogicNumberFunction$LogicNumberFunctionRawArgs_validate,validate,v0.27-mapping-expansion,logic-boolean,confirmed,javap member declaration retains descriptive LogicBoolean DSL name,
method,com/corrodinggames/rts/game/units/custom/logicBooleans/LogicNumberFunction$LogicNumberFunctionRawArgs,(Ljava/lang/String;Ljava/lang/String;Ljava/lang/String;Lcom/corrodinggames/rts/game/units/custom/logicBooleans/LogicBooleanLoader$LogicBooleanContext;Z)Lcom/corrodinggames/rts/game/units/custom/logicBooleans/LogicBoolean;,validateAndOptimize,method_LogicNumberFunction$LogicNumberFunctionRawArgs_validateAndOptimize,validateAndOptimize,v0.27-mapping-expansion,logic-boolean,confirmed,javap member declaration retains descriptive LogicBoolean DSL name,
method,com/corrodinggames/rts/game/units/custom/logicBooleans/LogicNumberFunction$LogicNumberFunctionRawArgs,(I)V,validateNumberOfArguments,method_LogicNumberFunction$LogicNumberFunctionRawArgs_validateNumberOfArguments,validateNumberOfArguments,v0.27-mapping-expansion,logic-boolean,confirmed,javap member declaration retains descriptive LogicBoolean DSL name,
method,com/corrodinggames/rts/game/units/custom/logicBooleans/LogicString,(Lcom/corrodinggames/rts/game/units/y;Lcom/corrodinggames/rts/game/units/custom/logicBooleans/LogicBoolean;)Ljava/lang/String;,arraySummaryToString,method_LogicString_arraySummaryToString,arraySummaryToString,v0.27-mapping-expansion,logic-boolean,confirmed,javap member declaration retains descriptive LogicBoolean DSL name,
method,com/corrodinggames/rts/game/units/custom/logicBooleans/LogicString,(Lcom/corrodinggames/rts/game/units/y;Lcom/corrodinggames/rts/game/units/custom/logicBooleans/LogicBoolean;)Ljava/lang/String;,arrayToString,method_LogicString_arrayToString,arrayToString,v0.27-mapping-expansion,logic-boolean,confirmed,javap member declaration retains descriptive LogicBoolean DSL name,
method,com/corrodinggames/rts/game/units/custom/logicBooleans/LogicString,(Lcom/corrodinggames/rts/game/units/y;)Ljava/lang/String;,getMatchFailReasonForPlayer,method_LogicString_getMatchFailReasonForPlayer,getMatchFailReasonForPlayer,v0.27-mapping-expansion,logic-boolean,confirmed,javap member declaration retains descriptive LogicBoolean DSL name,
method,com/corrodinggames/rts/game/units/custom/logicBooleans/LogicString,()Lcom/corrodinggames/rts/game/units/custom/logicBooleans/LogicBoolean$ReturnType;,getReturnType,method_LogicString_getReturnType,getReturnType,v0.27-mapping-expansion,logic-boolean,confirmed,javap member declaration retains descriptive LogicBoolean DSL name,
method,com/corrodinggames/rts/game/units/custom/logicBooleans/LogicString,(Lcom/corrodinggames/rts/game/units/y;)Z,read,method_LogicString_read,read,v0.27-mapping-expansion,logic-boolean,confirmed,javap member declaration retains descriptive LogicBoolean DSL name,
method,com/corrodinggames/rts/game/units/custom/logicBooleans/LogicString,(Lcom/corrodinggames/rts/game/units/y;)F,readNumber,method_LogicString_readNumber,readNumber,v0.27-mapping-expansion,logic-boolean,confirmed,javap member declaration retains descriptive LogicBoolean DSL name,
method,com/corrodinggames/rts/game/units/custom/logicBooleans/LogicString,(Ljava/lang/String;Ljava/lang/String;Ljava/lang/String;Lcom/corrodinggames/rts/game/units/custom/logicBooleans/LogicBooleanLoader$LogicBooleanContext;Z)V,validate,method_LogicString_validate,validate,v0.27-mapping-expansion,logic-boolean,confirmed,javap member declaration retains descriptive LogicBoolean DSL name,
method,com/corrodinggames/rts/game/units/custom/logicBooleans/LogicString$Debug,(Lcom/corrodinggames/rts/game/units/y;)Ljava/lang/String;,readString,method_LogicString$Debug_readString,readString,v0.27-mapping-expansion,logic-boolean,confirmed,javap member declaration retains descriptive LogicBoolean DSL name,
method,com/corrodinggames/rts/game/units/custom/logicBooleans/LogicString$DebugPassthrough,(Lcom/corrodinggames/rts/game/units/y;)V,addMessage,method_LogicString$DebugPassthrough_addMessage,addMessage,v0.27-mapping-expansion,logic-boolean,confirmed,javap member declaration retains descriptive LogicBoolean DSL name,
method,com/corrodinggames/rts/game/units/custom/logicBooleans/LogicString$DebugPassthrough,()Lcom/corrodinggames/rts/game/units/custom/logicBooleans/LogicBoolean$ReturnType;,getReturnType,method_LogicString$DebugPassthrough_getReturnType,getReturnType,v0.27-mapping-expansion,logic-boolean,confirmed,javap member declaration retains descriptive LogicBoolean DSL name,
method,com/corrodinggames/rts/game/units/custom/logicBooleans/LogicString$DebugPassthrough,(Lcom/corrodinggames/rts/game/units/y;)Z,read,method_LogicString$DebugPassthrough_read,read,v0.27-mapping-expansion,logic-boolean,confirmed,javap member declaration retains descriptive LogicBoolean DSL name,
method,com/corrodinggames/rts/game/units/custom/logicBooleans/LogicString$DebugPassthrough,(Lcom/corrodinggames/rts/game/units/y;)F,readNumber,method_LogicString$DebugPassthrough_readNumber,readNumber,v0.27-mapping-expansion,logic-boolean,confirmed,javap member declaration retains descriptive LogicBoolean DSL name,
method,com/corrodinggames/rts/game/units/custom/logicBooleans/LogicString$DebugPassthrough,(Lcom/corrodinggames/rts/game/units/y;)Ljava/lang/String;,readString,method_LogicString$DebugPassthrough_readString,readString,v0.27-mapping-expansion,logic-boolean,confirmed,javap member declaration retains descriptive LogicBoolean DSL name,
method,com/corrodinggames/rts/game/units/custom/logicBooleans/LogicString$DebugPassthrough,(Lcom/corrodinggames/rts/game/units/y;)Lcom/corrodinggames/rts/game/units/am;,readUnit,method_LogicString$DebugPassthrough_readUnit,readUnit,v0.27-mapping-expansion,logic-boolean,confirmed,javap member declaration retains descriptive LogicBoolean DSL name,
field,com/corrodinggames/rts/game/units/custom/logicBooleans/LogicString$LowerString,Lcom/corrodinggames/rts/game/units/custom/logicBooleans/LogicBoolean;,text,field_LogicString$LowerString_text,text,v0.27-mapping-expansion,logic-boolean,confirmed,javap member declaration retains descriptive LogicBoolean DSL name,
method,com/corrodinggames/rts/game/units/custom/logicBooleans/LogicString$LowerString,(Lcom/corrodinggames/rts/game/units/y;)Ljava/lang/String;,readString,method_LogicString$LowerString_readString,readString,v0.27-mapping-expansion,logic-boolean,confirmed,javap member declaration retains descriptive LogicBoolean DSL name,
method,com/corrodinggames/rts/game/units/custom/logicBooleans/LogicString$LowerString,(Ljava/lang/String;Ljava/lang/String;Ljava/lang/String;Lcom/corrodinggames/rts/game/units/custom/logicBooleans/LogicBooleanLoader$LogicBooleanContext;Z)Lcom/corrodinggames/rts/game/units/custom/logicBooleans/LogicBoolean;,validateAndOptimize,method_LogicString$LowerString_validateAndOptimize,validateAndOptimize,v0.27-mapping-expansion,logic-boolean,confirmed,javap member declaration retains descriptive LogicBoolean DSL name,
method,com/corrodinggames/rts/game/units/custom/logicBooleans/LogicString$Playername,(Lcom/corrodinggames/rts/game/units/y;)Ljava/lang/String;,readString,method_LogicString$Playername_readString,readString,v0.27-mapping-expansion,logic-boolean,confirmed,javap member declaration retains descriptive LogicBoolean DSL name,
field,com/corrodinggames/rts/game/units/custom/logicBooleans/LogicString$Select,Lcom/corrodinggames/rts/game/units/custom/logicBooleans/LogicBoolean;,childA,field_LogicString$Select_childA,childA,v0.27-mapping-expansion,logic-boolean,confirmed,javap member declaration retains descriptive LogicBoolean DSL name,
field,com/corrodinggames/rts/game/units/custom/logicBooleans/LogicString$Select,Lcom/corrodinggames/rts/game/units/custom/logicBooleans/LogicBoolean;,childB,field_LogicString$Select_childB,childB,v0.27-mapping-expansion,logic-boolean,confirmed,javap member declaration retains descriptive LogicBoolean DSL name,
field,com/corrodinggames/rts/game/units/custom/logicBooleans/LogicString$Select,Lcom/corrodinggames/rts/game/units/custom/logicBooleans/LogicBoolean$ReturnType;,commonType,field_LogicString$Select_commonType,commonType,v0.27-mapping-expansion,logic-boolean,confirmed,javap member declaration retains descriptive LogicBoolean DSL name,
field,com/corrodinggames/rts/game/units/custom/logicBooleans/LogicString$Select,Lcom/corrodinggames/rts/game/units/custom/logicBooleans/LogicBoolean;,selector,field_LogicString$Select_selector,selector,v0.27-mapping-expansion,logic-boolean,confirmed,javap member declaration retains descriptive LogicBoolean DSL name,
method,com/corrodinggames/rts/game/units/custom/logicBooleans/LogicString$Select,(Lcom/corrodinggames/rts/game/units/y;)Ljava/lang/String;,getMatchFailReasonForPlayer,method_LogicString$Select_getMatchFailReasonForPlayer,getMatchFailReasonForPlayer,v0.27-mapping-expansion,logic-boolean,confirmed,javap member declaration retains descriptive LogicBoolean DSL name,
method,com/corrodinggames/rts/game/units/custom/logicBooleans/LogicString$Select,()Lcom/corrodinggames/rts/game/units/custom/logicBooleans/LogicBoolean$ReturnType;,getReturnType,method_LogicString$Select_getReturnType,getReturnType,v0.27-mapping-expansion,logic-boolean,confirmed,javap member declaration retains descriptive LogicBoolean DSL name,
method,com/corrodinggames/rts/game/units/custom/logicBooleans/LogicString$Select,(Lcom/corrodinggames/rts/game/units/y;)Z,read,method_LogicString$Select_read,read,v0.27-mapping-expansion,logic-boolean,confirmed,javap member declaration retains descriptive LogicBoolean DSL name,
method,com/corrodinggames/rts/game/units/custom/logicBooleans/LogicString$Select,(Lcom/corrodinggames/rts/game/units/y;)F,readNumber,method_LogicString$Select_readNumber,readNumber,v0.27-mapping-expansion,logic-boolean,confirmed,javap member declaration retains descriptive LogicBoolean DSL name,
method,com/corrodinggames/rts/game/units/custom/logicBooleans/LogicString$Select,(Lcom/corrodinggames/rts/game/units/y;)Ljava/lang/String;,readString,method_LogicString$Select_readString,readString,v0.27-mapping-expansion,logic-boolean,confirmed,javap member declaration retains descriptive LogicBoolean DSL name,
method,com/corrodinggames/rts/game/units/custom/logicBooleans/LogicString$Select,(Lcom/corrodinggames/rts/game/units/y;)Lcom/corrodinggames/rts/game/units/am;,readUnit,method_LogicString$Select_readUnit,readUnit,v0.27-mapping-expansion,logic-boolean,confirmed,javap member declaration retains descriptive LogicBoolean DSL name,
method,com/corrodinggames/rts/game/units/custom/logicBooleans/LogicString$Select,(Ljava/lang/String;Lcom/corrodinggames/rts/game/units/custom/l;Ljava/lang/String;)V,setArgumentsRaw,method_LogicString$Select_setArgumentsRaw,setArgumentsRaw,v0.27-mapping-expansion,logic-boolean,confirmed,javap member declaration retains descriptive LogicBoolean DSL name,
method,com/corrodinggames/rts/game/units/custom/logicBooleans/LogicString$Select,(I)V,validateNumberOfArguments,method_LogicString$Select_validateNumberOfArguments,validateNumberOfArguments,v0.27-mapping-expansion,logic-boolean,confirmed,javap member declaration retains descriptive LogicBoolean DSL name,
field,com/corrodinggames/rts/game/units/custom/logicBooleans/LogicString$StaticString,Ljava/lang/String;,text,field_LogicString$StaticString_text,text,v0.27-mapping-expansion,logic-boolean,confirmed,javap member declaration retains descriptive LogicBoolean DSL name,
method,com/corrodinggames/rts/game/units/custom/logicBooleans/LogicString$StaticString,(Lcom/corrodinggames/rts/game/units/y;)Ljava/lang/String;,readString,method_LogicString$StaticString_readString,readString,v0.27-mapping-expansion,logic-boolean,confirmed,javap member declaration retains descriptive LogicBoolean DSL name,
field,com/corrodinggames/rts/game/units/custom/logicBooleans/LogicString$StringCast,Lcom/corrodinggames/rts/game/units/custom/logicBooleans/LogicBoolean;,child,field_LogicString$StringCast_child,child,v0.27-mapping-expansion,logic-boolean,confirmed,javap member declaration retains descriptive LogicBoolean DSL name,
field,com/corrodinggames/rts/game/units/custom/logicBooleans/LogicString$StringCast,Lcom/corrodinggames/rts/game/units/custom/logicBooleans/LogicBoolean$ReturnType;,sourceType,field_LogicString$StringCast_sourceType,sourceType,v0.27-mapping-expansion,logic-boolean,confirmed,javap member declaration retains descriptive LogicBoolean DSL name,
method,com/corrodinggames/rts/game/units/custom/logicBooleans/LogicString$StringCast,(Lcom/corrodinggames/rts/game/units/custom/logicBooleans/LogicBoolean$ReturnType;Lcom/corrodinggames/rts/game/units/custom/logicBooleans/LogicBoolean;Lcom/corrodinggames/rts/game/units/y;)Ljava/lang/String;,castToString,method_LogicString$StringCast_castToString,castToString,v0.27-mapping-expansion,logic-boolean,confirmed,javap member declaration retains descriptive LogicBoolean DSL name,
method,com/corrodinggames/rts/game/units/custom/logicBooleans/LogicString$StringCast,(Lcom/corrodinggames/rts/game/units/custom/logicBooleans/LogicBoolean;)Lcom/corrodinggames/rts/game/units/custom/logicBooleans/LogicBoolean;,createStringCast,method_LogicString$StringCast_createStringCast,createStringCast,v0.27-mapping-expansion,logic-boolean,confirmed,javap member declaration retains descriptive LogicBoolean DSL name,
method,com/corrodinggames/rts/game/units/custom/logicBooleans/LogicString$StringCast,(Lcom/corrodinggames/rts/game/units/y;)Ljava/lang/String;,readString,method_LogicString$StringCast_readString,readString,v0.27-mapping-expansion,logic-boolean,confirmed,javap member declaration retains descriptive LogicBoolean DSL name,
method,com/corrodinggames/rts/game/units/custom/logicBooleans/LogicString$StringCast,(Ljava/lang/String;Lcom/corrodinggames/rts/game/units/custom/l;Ljava/lang/String;)V,setArgumentsRaw,method_LogicString$StringCast_setArgumentsRaw,setArgumentsRaw,v0.27-mapping-expansion,logic-boolean,confirmed,javap member declaration retains descriptive LogicBoolean DSL name,
method,com/corrodinggames/rts/game/units/custom/logicBooleans/LogicString$StringCast,(Ljava/lang/String;Ljava/lang/String;Ljava/lang/String;Lcom/corrodinggames/rts/game/units/custom/logicBooleans/LogicBooleanLoader$LogicBooleanContext;Z)Lcom/corrodinggames/rts/game/units/custom/logicBooleans/LogicBoolean;,validateAndOptimize,method_LogicString$StringCast_validateAndOptimize,validateAndOptimize,v0.27-mapping-expansion,logic-boolean,confirmed,javap member declaration retains descriptive LogicBoolean DSL name,
method,com/corrodinggames/rts/game/units/custom/logicBooleans/LogicString$StringCast,(I)V,validateNumberOfArguments,method_LogicString$StringCast_validateNumberOfArguments,validateNumberOfArguments,v0.27-mapping-expansion,logic-boolean,confirmed,javap member declaration retains descriptive LogicBoolean DSL name,
method,com/corrodinggames/rts/game/units/custom/logicBooleans/LogicString$StringCast$NumberToStringCast,(Lcom/corrodinggames/rts/game/units/y;)Ljava/lang/String;,readString,method_LogicString$StringCast$NumberToStringCast_readString,readString,v0.27-mapping-expansion,logic-boolean,confirmed,javap member declaration retains descriptive LogicBoolean DSL name,
method,com/corrodinggames/rts/game/units/custom/logicBooleans/LogicString$StringCast$NumberToStringCast,(Ljava/lang/String;Lcom/corrodinggames/rts/game/units/custom/l;Ljava/lang/String;)V,setArgumentsRaw,method_LogicString$StringCast$NumberToStringCast_setArgumentsRaw,setArgumentsRaw,v0.27-mapping-expansion,logic-boolean,confirmed,javap member declaration retains descriptive LogicBoolean DSL name,
method,com/corrodinggames/rts/game/units/custom/logicBooleans/LogicString$StringCast$NumberToStringCast,(Ljava/lang/String;Ljava/lang/String;Ljava/lang/String;Lcom/corrodinggames/rts/game/units/custom/logicBooleans/LogicBooleanLoader$LogicBooleanContext;Z)Lcom/corrodinggames/rts/game/units/custom/logicBooleans/LogicBoolean;,validateAndOptimize,method_LogicString$StringCast$NumberToStringCast_validateAndOptimize,validateAndOptimize,v0.27-mapping-expansion,logic-boolean,confirmed,javap member declaration retains descriptive LogicBoolean DSL name,
method,com/corrodinggames/rts/game/units/custom/logicBooleans/LogicString$StringCast$NumberToStringCast,(I)V,validateNumberOfArguments,method_LogicString$StringCast$NumberToStringCast_validateNumberOfArguments,validateNumberOfArguments,v0.27-mapping-expansion,logic-boolean,confirmed,javap member declaration retains descriptive LogicBoolean DSL name,
field,com/corrodinggames/rts/game/units/custom/logicBooleans/LogicString$Substring,Lcom/corrodinggames/rts/game/units/custom/logicBooleans/LogicBoolean;,end,field_LogicString$Substring_end,end,v0.27-mapping-expansion,logic-boolean,confirmed,javap member declaration retains descriptive LogicBoolean DSL name,
field,com/corrodinggames/rts/game/units/custom/logicBooleans/LogicString$Substring,Lcom/corrodinggames/rts/game/units/custom/logicBooleans/LogicBoolean;,start,field_LogicString$Substring_start,start,v0.27-mapping-expansion,logic-boolean,confirmed,javap member declaration retains descriptive LogicBoolean DSL name,
field,com/corrodinggames/rts/game/units/custom/logicBooleans/LogicString$Substring,Lcom/corrodinggames/rts/game/units/custom/logicBooleans/LogicBoolean;,text,field_LogicString$Substring_text,text,v0.27-mapping-expansion,logic-boolean,confirmed,javap member declaration retains descriptive LogicBoolean DSL name,
method,com/corrodinggames/rts/game/units/custom/logicBooleans/LogicString$Substring,(Lcom/corrodinggames/rts/game/units/y;)Ljava/lang/String;,readString,method_LogicString$Substring_readString,readString,v0.27-mapping-expansion,logic-boolean,confirmed,javap member declaration retains descriptive LogicBoolean DSL name,
method,com/corrodinggames/rts/game/units/custom/logicBooleans/LogicString$Substring,(Ljava/lang/String;Ljava/lang/String;Ljava/lang/String;Lcom/corrodinggames/rts/game/units/custom/logicBooleans/LogicBooleanLoader$LogicBooleanContext;Z)Lcom/corrodinggames/rts/game/units/custom/logicBooleans/LogicBoolean;,validateAndOptimize,method_LogicString$Substring_validateAndOptimize,validateAndOptimize,v0.27-mapping-expansion,logic-boolean,confirmed,javap member declaration retains descriptive LogicBoolean DSL name,
method,com/corrodinggames/rts/game/units/custom/logicBooleans/LogicString$TeamName,(Lcom/corrodinggames/rts/game/units/y;)Ljava/lang/String;,readString,method_LogicString$TeamName_readString,readString,v0.27-mapping-expansion,logic-boolean,confirmed,javap member declaration retains descriptive LogicBoolean DSL name,
field,com/corrodinggames/rts/game/units/custom/logicBooleans/LogicString$UpperString,Lcom/corrodinggames/rts/game/units/custom/logicBooleans/LogicBoolean;,text,field_LogicString$UpperString_text,text,v0.27-mapping-expansion,logic-boolean,confirmed,javap member declaration retains descriptive LogicBoolean DSL name,
method,com/corrodinggames/rts/game/units/custom/logicBooleans/LogicString$UpperString,(Lcom/corrodinggames/rts/game/units/y;)Ljava/lang/String;,readString,method_LogicString$UpperString_readString,readString,v0.27-mapping-expansion,logic-boolean,confirmed,javap member declaration retains descriptive LogicBoolean DSL name,
method,com/corrodinggames/rts/game/units/custom/logicBooleans/LogicString$UpperString,(Ljava/lang/String;Ljava/lang/String;Ljava/lang/String;Lcom/corrodinggames/rts/game/units/custom/logicBooleans/LogicBooleanLoader$LogicBooleanContext;Z)Lcom/corrodinggames/rts/game/units/custom/logicBooleans/LogicBoolean;,validateAndOptimize,method_LogicString$UpperString_validateAndOptimize,validateAndOptimize,v0.27-mapping-expansion,logic-boolean,confirmed,javap member declaration retains descriptive LogicBoolean DSL name,
field,com/corrodinggames/rts/game/units/custom/logicBooleans/LogicString$WrappingLogicString,[Lcom/corrodinggames/rts/game/units/custom/logicBooleans/LogicBoolean;,children,field_LogicString$WrappingLogicString_children,children,v0.27-mapping-expansion,logic-boolean,confirmed,javap member declaration retains descriptive LogicBoolean DSL name,
method,com/corrodinggames/rts/game/units/custom/logicBooleans/LogicString$WrappingLogicString,(Ljava/lang/String;Lcom/corrodinggames/rts/game/units/custom/l;Ljava/lang/String;)V,setArgumentsRaw,method_LogicString$WrappingLogicString_setArgumentsRaw,setArgumentsRaw,v0.27-mapping-expansion,logic-boolean,confirmed,javap member declaration retains descriptive LogicBoolean DSL name,
method,com/corrodinggames/rts/game/units/custom/logicBooleans/LogicString$WrappingLogicString,(I)V,validateNumberOfArguments,method_LogicString$WrappingLogicString_validateNumberOfArguments,validateNumberOfArguments,v0.27-mapping-expansion,logic-boolean,confirmed,javap member declaration retains descriptive LogicBoolean DSL name,
method,com/corrodinggames/rts/game/units/custom/logicBooleans/UnitReference$ActiveWaypointTargetReference,()Ljava/lang/String;,getClassDebugName,method_UnitReference$ActiveWaypointTargetReference_getClassDebugName,getClassDebugName,v0.27-mapping-expansion,logic-boolean,confirmed,javap member declaration retains descriptive LogicBoolean DSL name,
method,com/corrodinggames/rts/game/units/custom/logicBooleans/UnitReference$ActiveWaypointTargetReference,(Lcom/corrodinggames/rts/game/units/y;)Lcom/corrodinggames/rts/game/units/am;,getSingleRaw,method_UnitReference$ActiveWaypointTargetReference_getSingleRaw,getSingleRaw,v0.27-mapping-expansion,logic-boolean,confirmed,javap member declaration retains descriptive LogicBoolean DSL name,
method,com/corrodinggames/rts/game/units/custom/logicBooleans/UnitReference$ActiveWaypointTargetReference,(Lcom/corrodinggames/rts/game/units/custom/l;Ljava/lang/String;Ljava/lang/String;)Lcom/corrodinggames/rts/game/units/custom/logicBooleans/LogicBoolean;,with,method_UnitReference$ActiveWaypointTargetReference_with,with,v0.27-mapping-expansion,logic-boolean,confirmed,javap member declaration retains descriptive LogicBoolean DSL name,
method,com/corrodinggames/rts/game/units/custom/logicBooleans/UnitReference$ActiveWaypointTargetReference,(Ljava/lang/String;)Lcom/corrodinggames/rts/game/units/custom/logicBooleans/LogicBoolean;,with,method_UnitReference$ActiveWaypointTargetReference_with,with,v0.27-mapping-expansion,logic-boolean,confirmed,javap member declaration retains descriptive LogicBoolean DSL name,
field,com/corrodinggames/rts/game/units/custom/logicBooleans/UnitReference$AttachmentUnitReference,Lcom/corrodinggames/rts/game/units/custom/g;,_withTag,field_UnitReference$AttachmentUnitReference_withTagFilter,withTagFilter,v0.27-mapping-expansion,logic-boolean,confirmed,javap member declaration retains descriptive LogicBoolean DSL name,
field,com/corrodinggames/rts/game/units/custom/logicBooleans/UnitReference$AttachmentUnitReference,S,attachmentId,field_UnitReference$AttachmentUnitReference_attachmentId,attachmentId,v0.27-mapping-expansion,logic-boolean,confirmed,javap member declaration retains descriptive LogicBoolean DSL name,
field,com/corrodinggames/rts/game/units/custom/logicBooleans/UnitReference$AttachmentUnitReference,Lcom/corrodinggames/rts/game/units/custom/l;,meta,field_UnitReference$AttachmentUnitReference_meta,meta,v0.27-mapping-expansion,logic-boolean,confirmed,javap member declaration retains descriptive LogicBoolean DSL name,
method,com/corrodinggames/rts/game/units/custom/logicBooleans/UnitReference$AttachmentUnitReference,(Lcom/corrodinggames/rts/game/units/custom/l;)V,forMeta,method_UnitReference$AttachmentUnitReference_forMeta,forMeta,v0.27-mapping-expansion,logic-boolean,confirmed,javap member declaration retains descriptive LogicBoolean DSL name,
method,com/corrodinggames/rts/game/units/custom/logicBooleans/UnitReference$AttachmentUnitReference,()Ljava/lang/String;,getClassDebugName,method_UnitReference$AttachmentUnitReference_getClassDebugName,getClassDebugName,v0.27-mapping-expansion,logic-boolean,confirmed,javap member declaration retains descriptive LogicBoolean DSL name,
method,com/corrodinggames/rts/game/units/custom/logicBooleans/UnitReference$AttachmentUnitReference,(Lcom/corrodinggames/rts/game/units/y;)Lcom/corrodinggames/rts/game/units/am;,getSingleRaw,method_UnitReference$AttachmentUnitReference_getSingleRaw,getSingleRaw,v0.27-mapping-expansion,logic-boolean,confirmed,javap member declaration retains descriptive LogicBoolean DSL name,
method,com/corrodinggames/rts/game/units/custom/logicBooleans/UnitReference$AttachmentUnitReference,(Ljava/lang/String;)V,slot,method_UnitReference$AttachmentUnitReference_slot,slot,v0.27-mapping-expansion,logic-boolean,confirmed,javap member declaration retains descriptive LogicBoolean DSL name,
method,com/corrodinggames/rts/game/units/custom/logicBooleans/UnitReference$AttachmentUnitReference,(Ljava/lang/String;Ljava/lang/String;Ljava/lang/String;Lcom/corrodinggames/rts/game/units/custom/logicBooleans/LogicBooleanLoader$LogicBooleanContext;Z)V,validate,method_UnitReference$AttachmentUnitReference_validate,validate,v0.27-mapping-expansion,logic-boolean,confirmed,javap member declaration retains descriptive LogicBoolean DSL name,
method,com/corrodinggames/rts/game/units/custom/logicBooleans/UnitReference$AttachmentUnitReference,(Lcom/corrodinggames/rts/game/units/custom/l;Ljava/lang/String;Ljava/lang/String;)Lcom/corrodinggames/rts/game/units/custom/logicBooleans/LogicBoolean;,with,method_UnitReference$AttachmentUnitReference_with,with,v0.27-mapping-expansion,logic-boolean,confirmed,javap member declaration retains descriptive LogicBoolean DSL name,
method,com/corrodinggames/rts/game/units/custom/logicBooleans/UnitReference$AttachmentUnitReference,(Ljava/lang/String;)Lcom/corrodinggames/rts/game/units/custom/logicBooleans/LogicBoolean;,with,method_UnitReference$AttachmentUnitReference_with,with,v0.27-mapping-expansion,logic-boolean,confirmed,javap member declaration retains descriptive LogicBoolean DSL name,
method,com/corrodinggames/rts/game/units/custom/logicBooleans/UnitReference$AttachmentUnitReference,(Ljava/lang/String;)V,withTag,method_UnitReference$AttachmentUnitReference_withTag,withTag,v0.27-mapping-expansion,logic-boolean,confirmed,javap member declaration retains descriptive LogicBoolean DSL name,
method,com/corrodinggames/rts/game/units/custom/logicBooleans/UnitReference$AttackingReference,()Ljava/lang/String;,getClassDebugName,method_UnitReference$AttackingReference_getClassDebugName,getClassDebugName,v0.27-mapping-expansion,logic-boolean,confirmed,javap member declaration retains descriptive LogicBoolean DSL name,
method,com/corrodinggames/rts/game/units/custom/logicBooleans/UnitReference$AttackingReference,(Lcom/corrodinggames/rts/game/units/y;)Lcom/corrodinggames/rts/game/units/am;,getSingleRaw,method_UnitReference$AttackingReference_getSingleRaw,getSingleRaw,v0.27-mapping-expansion,logic-boolean,confirmed,javap member declaration retains descriptive LogicBoolean DSL name,
method,com/corrodinggames/rts/game/units/custom/logicBooleans/UnitReference$AttackingReference,(Lcom/corrodinggames/rts/game/units/custom/l;Ljava/lang/String;Ljava/lang/String;)Lcom/corrodinggames/rts/game/units/custom/logicBooleans/LogicBoolean;,with,method_UnitReference$AttackingReference_with,with,v0.27-mapping-expansion,logic-boolean,confirmed,javap member declaration retains descriptive LogicBoolean DSL name,
method,com/corrodinggames/rts/game/units/custom/logicBooleans/UnitReference$AttackingReference,(Ljava/lang/String;)Lcom/corrodinggames/rts/game/units/custom/logicBooleans/LogicBoolean;,with,method_UnitReference$AttackingReference_with,with,v0.27-mapping-expansion,logic-boolean,confirmed,javap member declaration retains descriptive LogicBoolean DSL name,
field,com/corrodinggames/rts/game/units/custom/logicBooleans/UnitReference$ChainedUnitReference,[Lcom/corrodinggames/rts/game/units/custom/logicBooleans/UnitReference;,chain,field_UnitReference$ChainedUnitReference_chain,chain,v0.27-mapping-expansion,logic-boolean,confirmed,javap member declaration retains descriptive LogicBoolean DSL name,
method,com/corrodinggames/rts/game/units/custom/logicBooleans/UnitReference$ChainedUnitReference,(Lcom/corrodinggames/rts/game/units/y;)Ljava/lang/String;,getMatchFailReasonForPlayer,method_UnitReference$ChainedUnitReference_getMatchFailReasonForPlayer,getMatchFailReasonForPlayer,v0.27-mapping-expansion,logic-boolean,confirmed,javap member declaration retains descriptive LogicBoolean DSL name,
method,com/corrodinggames/rts/game/units/custom/logicBooleans/UnitReference$ChainedUnitReference,(Lcom/corrodinggames/rts/game/units/y;)Lcom/corrodinggames/rts/game/units/am;,getSingleRaw,method_UnitReference$ChainedUnitReference_getSingleRaw,getSingleRaw,v0.27-mapping-expansion,logic-boolean,confirmed,javap member declaration retains descriptive LogicBoolean DSL name,
method,com/corrodinggames/rts/game/units/custom/logicBooleans/UnitReference$ChainedUnitReference,(Lcom/corrodinggames/rts/game/units/custom/l;Ljava/lang/String;Ljava/lang/String;)Lcom/corrodinggames/rts/game/units/custom/logicBooleans/LogicBoolean;,with,method_UnitReference$ChainedUnitReference_with,with,v0.27-mapping-expansion,logic-boolean,confirmed,javap member declaration retains descriptive LogicBoolean DSL name,
method,com/corrodinggames/rts/game/units/custom/logicBooleans/UnitReference$ChainedUnitReference,(Ljava/lang/String;)Lcom/corrodinggames/rts/game/units/custom/logicBooleans/LogicBoolean;,with,method_UnitReference$ChainedUnitReference_with,with,v0.27-mapping-expansion,logic-boolean,confirmed,javap member declaration retains descriptive LogicBoolean DSL name,
method,com/corrodinggames/rts/game/units/custom/logicBooleans/UnitReference$EventSourceReference,()Ljava/lang/String;,getClassDebugName,method_UnitReference$EventSourceReference_getClassDebugName,getClassDebugName,v0.27-mapping-expansion,logic-boolean,confirmed,javap member declaration retains descriptive LogicBoolean DSL name,
method,com/corrodinggames/rts/game/units/custom/logicBooleans/UnitReference$EventSourceReference,(Lcom/corrodinggames/rts/game/units/y;)Lcom/corrodinggames/rts/game/units/am;,getSingleRaw,method_UnitReference$EventSourceReference_getSingleRaw,getSingleRaw,v0.27-mapping-expansion,logic-boolean,confirmed,javap member declaration retains descriptive LogicBoolean DSL name,
method,com/corrodinggames/rts/game/units/custom/logicBooleans/UnitReference$EventSourceReference,(Lcom/corrodinggames/rts/game/units/custom/l;Ljava/lang/String;Ljava/lang/String;)Lcom/corrodinggames/rts/game/units/custom/logicBooleans/LogicBoolean;,with,method_UnitReference$EventSourceReference_with,with,v0.27-mapping-expansion,logic-boolean,confirmed,javap member declaration retains descriptive LogicBoolean DSL name,
method,com/corrodinggames/rts/game/units/custom/logicBooleans/UnitReference$EventSourceReference,(Ljava/lang/String;)Lcom/corrodinggames/rts/game/units/custom/logicBooleans/LogicBoolean;,with,method_UnitReference$EventSourceReference_with,with,v0.27-mapping-expansion,logic-boolean,confirmed,javap member declaration retains descriptive LogicBoolean DSL name,
field,com/corrodinggames/rts/game/units/custom/logicBooleans/UnitReference$FirstUnitReference,Lcom/corrodinggames/rts/game/units/custom/g;,_withTag,field_UnitReference$FirstUnitReference_withTagFilter,withTagFilter,v0.27-mapping-expansion,logic-boolean,confirmed,javap member declaration retains descriptive LogicBoolean DSL name,
field,com/corrodinggames/rts/game/units/custom/logicBooleans/UnitReference$FirstUnitReference,Z,incompleteBuildings,field_UnitReference$FirstUnitReference_incompleteBuildings,incompleteBuildings,v0.27-mapping-expansion,logic-boolean,confirmed,javap member declaration retains descriptive LogicBoolean DSL name,
field,com/corrodinggames/rts/game/units/custom/logicBooleans/UnitReference$FirstUnitReference,Lcom/corrodinggames/rts/game/q;,relation,field_UnitReference$FirstUnitReference_relation,relation,v0.27-mapping-expansion,logic-boolean,confirmed,javap member declaration retains descriptive LogicBoolean DSL name,
method,com/corrodinggames/rts/game/units/custom/logicBooleans/UnitReference$FirstUnitReference,()Ljava/lang/String;,getClassDebugName,method_UnitReference$FirstUnitReference_getClassDebugName,getClassDebugName,v0.27-mapping-expansion,logic-boolean,confirmed,javap member declaration retains descriptive LogicBoolean DSL name,
method,com/corrodinggames/rts/game/units/custom/logicBooleans/UnitReference$FirstUnitReference,(Lcom/corrodinggames/rts/game/units/y;)Lcom/corrodinggames/rts/game/units/am;,getSingleRaw,method_UnitReference$FirstUnitReference_getSingleRaw,getSingleRaw,v0.27-mapping-expansion,logic-boolean,confirmed,javap member declaration retains descriptive LogicBoolean DSL name,
method,com/corrodinggames/rts/game/units/custom/logicBooleans/UnitReference$FirstUnitReference,(Ljava/lang/String;)V,relation,method_UnitReference$FirstUnitReference_relation,relation,v0.27-mapping-expansion,logic-boolean,confirmed,javap member declaration retains descriptive LogicBoolean DSL name,
method,com/corrodinggames/rts/game/units/custom/logicBooleans/UnitReference$FirstUnitReference,(Lcom/corrodinggames/rts/game/units/custom/l;Ljava/lang/String;Ljava/lang/String;)Lcom/corrodinggames/rts/game/units/custom/logicBooleans/LogicBoolean;,with,method_UnitReference$FirstUnitReference_with,with,v0.27-mapping-expansion,logic-boolean,confirmed,javap member declaration retains descriptive LogicBoolean DSL name,
method,com/corrodinggames/rts/game/units/custom/logicBooleans/UnitReference$FirstUnitReference,(Ljava/lang/String;)Lcom/corrodinggames/rts/game/units/custom/logicBooleans/LogicBoolean;,with,method_UnitReference$FirstUnitReference_with,with,v0.27-mapping-expansion,logic-boolean,confirmed,javap member declaration retains descriptive LogicBoolean DSL name,
method,com/corrodinggames/rts/game/units/custom/logicBooleans/UnitReference$FirstUnitReference,(Ljava/lang/String;)V,withTag,method_UnitReference$FirstUnitReference_withTag,withTag,v0.27-mapping-expansion,logic-boolean,confirmed,javap member declaration retains descriptive LogicBoolean DSL name,
method,com/corrodinggames/rts/game/units/custom/logicBooleans/UnitReference$GetAsMarker,()Ljava/lang/String;,getClassDebugName,method_UnitReference$GetAsMarker_getClassDebugName,getClassDebugName,v0.27-mapping-expansion,logic-boolean,confirmed,javap member declaration retains descriptive LogicBoolean DSL name,
method,com/corrodinggames/rts/game/units/custom/logicBooleans/UnitReference$GetAsMarker,(Lcom/corrodinggames/rts/game/units/y;)Lcom/corrodinggames/rts/game/units/am;,getSingleRaw,method_UnitReference$GetAsMarker_getSingleRaw,getSingleRaw,v0.27-mapping-expansion,logic-boolean,confirmed,javap member declaration retains descriptive LogicBoolean DSL name,
field,com/corrodinggames/rts/game/units/custom/logicBooleans/UnitReference$GetOffsetAbsolute,Lcom/corrodinggames/rts/game/units/custom/logicBooleans/LogicBoolean;,height,field_UnitReference$GetOffsetAbsolute_height,height,v0.27-mapping-expansion,logic-boolean,confirmed,javap member declaration retains descriptive LogicBoolean DSL name,
method,com/corrodinggames/rts/game/units/custom/logicBooleans/UnitReference$GetOffsetAbsolute,()Ljava/lang/String;,getClassDebugName,method_UnitReference$GetOffsetAbsolute_getClassDebugName,getClassDebugName,v0.27-mapping-expansion,logic-boolean,confirmed,javap member declaration retains descriptive LogicBoolean DSL name,
method,com/corrodinggames/rts/game/units/custom/logicBooleans/UnitReference$GetOffsetAbsolute,(Lcom/corrodinggames/rts/game/units/y;)Lcom/corrodinggames/rts/game/units/am;,getSingleRaw,method_UnitReference$GetOffsetAbsolute_getSingleRaw,getSingleRaw,v0.27-mapping-expansion,logic-boolean,confirmed,javap member declaration retains descriptive LogicBoolean DSL name,
field,com/corrodinggames/rts/game/units/custom/logicBooleans/UnitReference$GetOffsetRelative,Lcom/corrodinggames/rts/game/units/custom/logicBooleans/LogicBoolean;,dirOffset,field_UnitReference$GetOffsetRelative_dirOffset,dirOffset,v0.27-mapping-expansion,logic-boolean,confirmed,javap member declaration retains descriptive LogicBoolean DSL name,
field,com/corrodinggames/rts/game/units/custom/logicBooleans/UnitReference$GetOffsetRelative,Lcom/corrodinggames/rts/game/units/custom/logicBooleans/LogicBoolean;,height,field_UnitReference$GetOffsetRelative_height,height,v0.27-mapping-expansion,logic-boolean,confirmed,javap member declaration retains descriptive LogicBoolean DSL name,
method,com/corrodinggames/rts/game/units/custom/logicBooleans/UnitReference$GetOffsetRelative,()Ljava/lang/String;,getClassDebugName,method_UnitReference$GetOffsetRelative_getClassDebugName,getClassDebugName,v0.27-mapping-expansion,logic-boolean,confirmed,javap member declaration retains descriptive LogicBoolean DSL name,
method,com/corrodinggames/rts/game/units/custom/logicBooleans/UnitReference$GetOffsetRelative,(Lcom/corrodinggames/rts/game/units/y;)Lcom/corrodinggames/rts/game/units/am;,getSingleRaw,method_UnitReference$GetOffsetRelative_getSingleRaw,getSingleRaw,v0.27-mapping-expansion,logic-boolean,confirmed,javap member declaration retains descriptive LogicBoolean DSL name,
method,com/corrodinggames/rts/game/units/custom/logicBooleans/UnitReference$GetOffsetRelative,(Ljava/lang/String;Ljava/lang/String;Ljava/lang/String;Lcom/corrodinggames/rts/game/units/custom/logicBooleans/LogicBooleanLoader$LogicBooleanContext;Z)Lcom/corrodinggames/rts/game/units/custom/logicBooleans/LogicBoolean;,validateAndOptimize,method_UnitReference$GetOffsetRelative_validateAndOptimize,validateAndOptimize,v0.27-mapping-expansion,logic-boolean,confirmed,javap member declaration retains descriptive LogicBoolean DSL name,
field,com/corrodinggames/rts/game/units/custom/logicBooleans/UnitReference$GetOffsetRelativeStatic,F,dirOffset,field_UnitReference$GetOffsetRelativeStatic_dirOffset,dirOffset,v0.27-mapping-expansion,logic-boolean,confirmed,javap member declaration retains descriptive LogicBoolean DSL name,
field,com/corrodinggames/rts/game/units/custom/logicBooleans/UnitReference$GetOffsetRelativeStatic,F,height,field_UnitReference$GetOffsetRelativeStatic_height,height,v0.27-mapping-expansion,logic-boolean,confirmed,javap member declaration retains descriptive LogicBoolean DSL name,
method,com/corrodinggames/rts/game/units/custom/logicBooleans/UnitReference$GetOffsetRelativeStatic,()Ljava/lang/String;,getClassDebugName,method_UnitReference$GetOffsetRelativeStatic_getClassDebugName,getClassDebugName,v0.27-mapping-expansion,logic-boolean,confirmed,javap member declaration retains descriptive LogicBoolean DSL name,
method,com/corrodinggames/rts/game/units/custom/logicBooleans/UnitReference$GetOffsetRelativeStatic,(Lcom/corrodinggames/rts/game/units/y;)Lcom/corrodinggames/rts/game/units/am;,getSingleRaw,method_UnitReference$GetOffsetRelativeStatic_getSingleRaw,getSingleRaw,v0.27-mapping-expansion,logic-boolean,confirmed,javap member declaration retains descriptive LogicBoolean DSL name,
method,com/corrodinggames/rts/game/units/custom/logicBooleans/UnitReference$LastDamagedByUnitReference,()Ljava/lang/String;,getClassDebugName,method_UnitReference$LastDamagedByUnitReference_getClassDebugName,getClassDebugName,v0.27-mapping-expansion,logic-boolean,confirmed,javap member declaration retains descriptive LogicBoolean DSL name,
method,com/corrodinggames/rts/game/units/custom/logicBooleans/UnitReference$LastDamagedByUnitReference,(Lcom/corrodinggames/rts/game/units/y;)Lcom/corrodinggames/rts/game/units/am;,getSingleRaw,method_UnitReference$LastDamagedByUnitReference_getSingleRaw,getSingleRaw,v0.27-mapping-expansion,logic-boolean,confirmed,javap member declaration retains descriptive LogicBoolean DSL name,
method,com/corrodinggames/rts/game/units/custom/logicBooleans/UnitReference$LastDamagedByUnitReference,(Lcom/corrodinggames/rts/game/units/custom/l;Ljava/lang/String;Ljava/lang/String;)Lcom/corrodinggames/rts/game/units/custom/logicBooleans/LogicBoolean;,with,method_UnitReference$LastDamagedByUnitReference_with,with,v0.27-mapping-expansion,logic-boolean,confirmed,javap member declaration retains descriptive LogicBoolean DSL name,
method,com/corrodinggames/rts/game/units/custom/logicBooleans/UnitReference$LastDamagedByUnitReference,(Ljava/lang/String;)Lcom/corrodinggames/rts/game/units/custom/logicBooleans/LogicBoolean;,with,method_UnitReference$LastDamagedByUnitReference_with,with,v0.27-mapping-expansion,logic-boolean,confirmed,javap member declaration retains descriptive LogicBoolean DSL name,
field,com/corrodinggames/rts/game/units/custom/logicBooleans/UnitReference$LockedUnitReference,Lcom/corrodinggames/rts/game/units/am;,target,field_UnitReference$LockedUnitReference_target,target,v0.27-mapping-expansion,logic-boolean,confirmed,javap member declaration retains descriptive LogicBoolean DSL name,
method,com/corrodinggames/rts/game/units/custom/logicBooleans/UnitReference$LockedUnitReference,()Ljava/lang/String;,getClassDebugName,method_UnitReference$LockedUnitReference_getClassDebugName,getClassDebugName,v0.27-mapping-expansion,logic-boolean,confirmed,javap member declaration retains descriptive LogicBoolean DSL name,
method,com/corrodinggames/rts/game/units/custom/logicBooleans/UnitReference$LockedUnitReference,(Lcom/corrodinggames/rts/game/units/y;)Lcom/corrodinggames/rts/game/units/am;,getSingleRaw,method_UnitReference$LockedUnitReference_getSingleRaw,getSingleRaw,v0.27-mapping-expansion,logic-boolean,confirmed,javap member declaration retains descriptive LogicBoolean DSL name,
method,com/corrodinggames/rts/game/units/custom/logicBooleans/UnitReference$LockedUnitReference,(Lcom/corrodinggames/rts/game/units/custom/l;Ljava/lang/String;Ljava/lang/String;)Lcom/corrodinggames/rts/game/units/custom/logicBooleans/LogicBoolean;,with,method_UnitReference$LockedUnitReference_with,with,v0.27-mapping-expansion,logic-boolean,confirmed,javap member declaration retains descriptive LogicBoolean DSL name,
method,com/corrodinggames/rts/game/units/custom/logicBooleans/UnitReference$LockedUnitReference,(Ljava/lang/String;)Lcom/corrodinggames/rts/game/units/custom/logicBooleans/LogicBoolean;,with,method_UnitReference$LockedUnitReference_with,with,v0.27-mapping-expansion,logic-boolean,confirmed,javap member declaration retains descriptive LogicBoolean DSL name,
method,com/corrodinggames/rts/game/units/custom/logicBooleans/UnitReference$Memory1UnitReference,()Ljava/lang/String;,getClassDebugName,method_UnitReference$Memory1UnitReference_getClassDebugName,getClassDebugName,v0.27-mapping-expansion,logic-boolean,confirmed,javap member declaration retains descriptive LogicBoolean DSL name,
method,com/corrodinggames/rts/game/units/custom/logicBooleans/UnitReference$Memory1UnitReference,(Lcom/corrodinggames/rts/game/units/y;)Lcom/corrodinggames/rts/game/units/am;,getSingleRaw,method_UnitReference$Memory1UnitReference_getSingleRaw,getSingleRaw,v0.27-mapping-expansion,logic-boolean,confirmed,javap member declaration retains descriptive LogicBoolean DSL name,
method,com/corrodinggames/rts/game/units/custom/logicBooleans/UnitReference$Memory1UnitReference,(Lcom/corrodinggames/rts/game/units/custom/l;Ljava/lang/String;Ljava/lang/String;)Lcom/corrodinggames/rts/game/units/custom/logicBooleans/LogicBoolean;,with,method_UnitReference$Memory1UnitReference_with,with,v0.27-mapping-expansion,logic-boolean,confirmed,javap member declaration retains descriptive LogicBoolean DSL name,
method,com/corrodinggames/rts/game/units/custom/logicBooleans/UnitReference$Memory1UnitReference,(Ljava/lang/String;)Lcom/corrodinggames/rts/game/units/custom/logicBooleans/LogicBoolean;,with,method_UnitReference$Memory1UnitReference_with,with,v0.27-mapping-expansion,logic-boolean,confirmed,javap member declaration retains descriptive LogicBoolean DSL name,
method,com/corrodinggames/rts/game/units/custom/logicBooleans/UnitReference$Memory2UnitReference,()Ljava/lang/String;,getClassDebugName,method_UnitReference$Memory2UnitReference_getClassDebugName,getClassDebugName,v0.27-mapping-expansion,logic-boolean,confirmed,javap member declaration retains descriptive LogicBoolean DSL name,
method,com/corrodinggames/rts/game/units/custom/logicBooleans/UnitReference$Memory2UnitReference,(Lcom/corrodinggames/rts/game/units/y;)Lcom/corrodinggames/rts/game/units/am;,getSingleRaw,method_UnitReference$Memory2UnitReference_getSingleRaw,getSingleRaw,v0.27-mapping-expansion,logic-boolean,confirmed,javap member declaration retains descriptive LogicBoolean DSL name,
method,com/corrodinggames/rts/game/units/custom/logicBooleans/UnitReference$Memory2UnitReference,(Lcom/corrodinggames/rts/game/units/custom/l;Ljava/lang/String;Ljava/lang/String;)Lcom/corrodinggames/rts/game/units/custom/logicBooleans/LogicBoolean;,with,method_UnitReference$Memory2UnitReference_with,with,v0.27-mapping-expansion,logic-boolean,confirmed,javap member declaration retains descriptive LogicBoolean DSL name,
method,com/corrodinggames/rts/game/units/custom/logicBooleans/UnitReference$Memory2UnitReference,(Ljava/lang/String;)Lcom/corrodinggames/rts/game/units/custom/logicBooleans/LogicBoolean;,with,method_UnitReference$Memory2UnitReference_with,with,v0.27-mapping-expansion,logic-boolean,confirmed,javap member declaration retains descriptive LogicBoolean DSL name,
field,com/corrodinggames/rts/game/units/custom/logicBooleans/UnitReference$NearestUnitReference,Lcom/corrodinggames/rts/game/units/custom/g;,_withTag,field_UnitReference$NearestUnitReference_withTagFilter,withTagFilter,v0.27-mapping-expansion,logic-boolean,confirmed,javap member declaration retains descriptive LogicBoolean DSL name,
field,com/corrodinggames/rts/game/units/custom/logicBooleans/UnitReference$NearestUnitReference,Lcom/corrodinggames/rts/game/units/custom/g;,_withoutTag,field_UnitReference$NearestUnitReference_withoutTagFilter,withoutTagFilter,v0.27-mapping-expansion,logic-boolean,confirmed,javap member declaration retains descriptive LogicBoolean DSL name,
field,com/corrodinggames/rts/game/units/custom/logicBooleans/UnitReference$NearestUnitReference,Lcom/corrodinggames/rts/game/units/custom/logicBooleans/UnitReference$NearestUnitReference$HandleCallbackNearest;,handleCallbackNearest,field_UnitReference$NearestUnitReference_handleCallbackNearest,handleCallbackNearest,v0.27-mapping-expansion,logic-boolean,confirmed,javap member declaration retains descriptive LogicBoolean DSL name,
field,com/corrodinggames/rts/game/units/custom/logicBooleans/UnitReference$NearestUnitReference,Z,incompleteBuildings,field_UnitReference$NearestUnitReference_incompleteBuildings,incompleteBuildings,v0.27-mapping-expansion,logic-boolean,confirmed,javap member declaration retains descriptive LogicBoolean DSL name,
field,com/corrodinggames/rts/game/units/custom/logicBooleans/UnitReference$NearestUnitReference,Lcom/corrodinggames/rts/game/q;,relation,field_UnitReference$NearestUnitReference_relation,relation,v0.27-mapping-expansion,logic-boolean,confirmed,javap member declaration retains descriptive LogicBoolean DSL name,
field,com/corrodinggames/rts/game/units/custom/logicBooleans/UnitReference$NearestUnitReference,F,withinRange,field_UnitReference$NearestUnitReference_withinRange,withinRange,v0.27-mapping-expansion,logic-boolean,confirmed,javap member declaration retains descriptive LogicBoolean DSL name,
field,com/corrodinggames/rts/game/units/custom/logicBooleans/UnitReference$NearestUnitReference,F,withinRangeSq,field_UnitReference$NearestUnitReference_withinRangeSq,withinRangeSq,v0.27-mapping-expansion,logic-boolean,confirmed,javap member declaration retains descriptive LogicBoolean DSL name,
method,com/corrodinggames/rts/game/units/custom/logicBooleans/UnitReference$NearestUnitReference,()Ljava/lang/String;,getClassDebugName,method_UnitReference$NearestUnitReference_getClassDebugName,getClassDebugName,v0.27-mapping-expansion,logic-boolean,confirmed,javap member declaration retains descriptive LogicBoolean DSL name,
method,com/corrodinggames/rts/game/units/custom/logicBooleans/UnitReference$NearestUnitReference,(Lcom/corrodinggames/rts/game/units/y;)Lcom/corrodinggames/rts/game/units/am;,getSingleRaw,method_UnitReference$NearestUnitReference_getSingleRaw,getSingleRaw,v0.27-mapping-expansion,logic-boolean,confirmed,javap member declaration retains descriptive LogicBoolean DSL name,
method,com/corrodinggames/rts/game/units/custom/logicBooleans/UnitReference$NearestUnitReference,(Ljava/lang/String;)V,relation,method_UnitReference$NearestUnitReference_relation,relation,v0.27-mapping-expansion,logic-boolean,confirmed,javap member declaration retains descriptive LogicBoolean DSL name,
method,com/corrodinggames/rts/game/units/custom/logicBooleans/UnitReference$NearestUnitReference,(Lcom/corrodinggames/rts/game/units/custom/l;Ljava/lang/String;Ljava/lang/String;)Lcom/corrodinggames/rts/game/units/custom/logicBooleans/LogicBoolean;,with,method_UnitReference$NearestUnitReference_with,with,v0.27-mapping-expansion,logic-boolean,confirmed,javap member declaration retains descriptive LogicBoolean DSL name,
method,com/corrodinggames/rts/game/units/custom/logicBooleans/UnitReference$NearestUnitReference,(Ljava/lang/String;)Lcom/corrodinggames/rts/game/units/custom/logicBooleans/LogicBoolean;,with,method_UnitReference$NearestUnitReference_with,with,v0.27-mapping-expansion,logic-boolean,confirmed,javap member declaration retains descriptive LogicBoolean DSL name,
method,com/corrodinggames/rts/game/units/custom/logicBooleans/UnitReference$NearestUnitReference,(Ljava/lang/String;)V,withTag,method_UnitReference$NearestUnitReference_withTag,withTag,v0.27-mapping-expansion,logic-boolean,confirmed,javap member declaration retains descriptive LogicBoolean DSL name,
method,com/corrodinggames/rts/game/units/custom/logicBooleans/UnitReference$NearestUnitReference,(F)V,withinRange,method_UnitReference$NearestUnitReference_withinRange,withinRange,v0.27-mapping-expansion,logic-boolean,confirmed,javap member declaration retains descriptive LogicBoolean DSL name,
method,com/corrodinggames/rts/game/units/custom/logicBooleans/UnitReference$NearestUnitReference,(Ljava/lang/String;)V,withoutTag,method_UnitReference$NearestUnitReference_withoutTag,withoutTag,v0.27-mapping-expansion,logic-boolean,confirmed,javap member declaration retains descriptive LogicBoolean DSL name,
field,com/corrodinggames/rts/game/units/custom/logicBooleans/UnitReference$NearestUnitReference$HandleCallbackNearest,Z,incompleteBuildings,field_UnitReference$NearestUnitReference$HandleCallbackNearest_incompleteBuildings,incompleteBuildings,v0.27-mapping-expansion,logic-boolean,confirmed,javap member declaration retains descriptive LogicBoolean DSL name,
field,com/corrodinggames/rts/game/units/custom/logicBooleans/UnitReference$NearestUnitReference$HandleCallbackNearest,Lcom/corrodinggames/rts/game/units/am;,nearest,field_UnitReference$NearestUnitReference$HandleCallbackNearest_nearest,nearest,v0.27-mapping-expansion,logic-boolean,confirmed,javap member declaration retains descriptive LogicBoolean DSL name,
field,com/corrodinggames/rts/game/units/custom/logicBooleans/UnitReference$NearestUnitReference$HandleCallbackNearest,Lcom/corrodinggames/rts/game/q;,relation,field_UnitReference$NearestUnitReference$HandleCallbackNearest_relation,relation,v0.27-mapping-expansion,logic-boolean,confirmed,javap member declaration retains descriptive LogicBoolean DSL name,
field,com/corrodinggames/rts/game/units/custom/logicBooleans/UnitReference$NearestUnitReference$HandleCallbackNearest,Lcom/corrodinggames/rts/game/units/custom/g;,tag,field_UnitReference$NearestUnitReference$HandleCallbackNearest_tag,tag,v0.27-mapping-expansion,logic-boolean,confirmed,javap member declaration retains descriptive LogicBoolean DSL name,
field,com/corrodinggames/rts/game/units/custom/logicBooleans/UnitReference$NearestUnitReference$HandleCallbackNearest,F,withinRangeSq,field_UnitReference$NearestUnitReference$HandleCallbackNearest_withinRangeSq,withinRangeSq,v0.27-mapping-expansion,logic-boolean,confirmed,javap member declaration retains descriptive LogicBoolean DSL name,
field,com/corrodinggames/rts/game/units/custom/logicBooleans/UnitReference$NearestUnitReference$HandleCallbackNearest,Lcom/corrodinggames/rts/game/units/custom/g;,withoutTag,field_UnitReference$NearestUnitReference$HandleCallbackNearest_withoutTag,withoutTag,v0.27-mapping-expansion,logic-boolean,confirmed,javap member declaration retains descriptive LogicBoolean DSL name,
method,com/corrodinggames/rts/game/units/custom/logicBooleans/UnitReference$NearestUnitReference$HandleCallbackNearest,(Lcom/corrodinggames/rts/game/units/y;FLcom/corrodinggames/rts/game/units/am;)V,callback,method_UnitReference$NearestUnitReference$HandleCallbackNearest_callback,callback,v0.27-mapping-expansion,logic-boolean,confirmed,javap member declaration retains descriptive LogicBoolean DSL name,
method,com/corrodinggames/rts/game/units/custom/logicBooleans/UnitReference$NearestUnitReference$HandleCallbackNearest,(Lcom/corrodinggames/rts/game/units/y;)I,excludeTeam,method_UnitReference$NearestUnitReference$HandleCallbackNearest_excludeTeam,excludeTeam,v0.27-mapping-expansion,logic-boolean,confirmed,javap member declaration retains descriptive LogicBoolean DSL name,
method,com/corrodinggames/rts/game/units/custom/logicBooleans/UnitReference$NearestUnitReference$HandleCallbackNearest,(Lcom/corrodinggames/rts/game/units/y;)Lcom/corrodinggames/rts/game/n;,onlyEnemiesOfTeam,method_UnitReference$NearestUnitReference$HandleCallbackNearest_onlyEnemiesOfTeam,onlyEnemiesOfTeam,v0.27-mapping-expansion,logic-boolean,confirmed,javap member declaration retains descriptive LogicBoolean DSL name,
method,com/corrodinggames/rts/game/units/custom/logicBooleans/UnitReference$NearestUnitReference$HandleCallbackNearest,(Lcom/corrodinggames/rts/game/units/y;)Lcom/corrodinggames/rts/game/n;,onlyTeam,method_UnitReference$NearestUnitReference$HandleCallbackNearest_onlyTeam,onlyTeam,v0.27-mapping-expansion,logic-boolean,confirmed,javap member declaration retains descriptive LogicBoolean DSL name,
method,com/corrodinggames/rts/game/units/custom/logicBooleans/UnitReference$NearestUnitReference$HandleCallbackNearest,(Lcom/corrodinggames/rts/game/units/y;F)V,setup,method_UnitReference$NearestUnitReference$HandleCallbackNearest_setup,setup,v0.27-mapping-expansion,logic-boolean,confirmed,javap member declaration retains descriptive LogicBoolean DSL name,
method,com/corrodinggames/rts/game/units/custom/logicBooleans/UnitReference$NullUnitReference,()Ljava/lang/String;,getClassDebugName,method_UnitReference$NullUnitReference_getClassDebugName,getClassDebugName,v0.27-mapping-expansion,logic-boolean,confirmed,javap member declaration retains descriptive LogicBoolean DSL name,
method,com/corrodinggames/rts/game/units/custom/logicBooleans/UnitReference$NullUnitReference,(Lcom/corrodinggames/rts/game/units/y;)Lcom/corrodinggames/rts/game/units/am;,getSingleRaw,method_UnitReference$NullUnitReference_getSingleRaw,getSingleRaw,v0.27-mapping-expansion,logic-boolean,confirmed,javap member declaration retains descriptive LogicBoolean DSL name,
method,com/corrodinggames/rts/game/units/custom/logicBooleans/UnitReference$NullUnitReference,(Lcom/corrodinggames/rts/game/units/y;)Ljava/lang/String;,readString,method_UnitReference$NullUnitReference_readString,readString,v0.27-mapping-expansion,logic-boolean,confirmed,javap member declaration retains descriptive LogicBoolean DSL name,
method,com/corrodinggames/rts/game/units/custom/logicBooleans/UnitReference$NullUnitReference,(Lcom/corrodinggames/rts/game/units/custom/l;Ljava/lang/String;Ljava/lang/String;)Lcom/corrodinggames/rts/game/units/custom/logicBooleans/LogicBoolean;,with,method_UnitReference$NullUnitReference_with,with,v0.27-mapping-expansion,logic-boolean,confirmed,javap member declaration retains descriptive LogicBoolean DSL name,
method,com/corrodinggames/rts/game/units/custom/logicBooleans/UnitReference$NullUnitReference,(Ljava/lang/String;)Lcom/corrodinggames/rts/game/units/custom/logicBooleans/LogicBoolean;,with,method_UnitReference$NullUnitReference_with,with,v0.27-mapping-expansion,logic-boolean,confirmed,javap member declaration retains descriptive LogicBoolean DSL name,
method,com/corrodinggames/rts/game/units/custom/logicBooleans/UnitReference$ParentUnitReference,(Lcom/corrodinggames/rts/game/units/y;)Ljava/lang/String;,getMatchFailReasonForPlayer,method_UnitReference$ParentUnitReference_getMatchFailReasonForPlayer,getMatchFailReasonForPlayer,v0.27-mapping-expansion,logic-boolean,confirmed,javap member declaration retains descriptive LogicBoolean DSL name,
method,com/corrodinggames/rts/game/units/custom/logicBooleans/UnitReference$ParentUnitReference,(Lcom/corrodinggames/rts/game/units/y;)Lcom/corrodinggames/rts/game/units/am;,getSingleRaw,method_UnitReference$ParentUnitReference_getSingleRaw,getSingleRaw,v0.27-mapping-expansion,logic-boolean,confirmed,javap member declaration retains descriptive LogicBoolean DSL name,
method,com/corrodinggames/rts/game/units/custom/logicBooleans/UnitReference$ParentUnitReference,(Lcom/corrodinggames/rts/game/units/custom/l;Ljava/lang/String;Ljava/lang/String;)Lcom/corrodinggames/rts/game/units/custom/logicBooleans/LogicBoolean;,with,method_UnitReference$ParentUnitReference_with,with,v0.27-mapping-expansion,logic-boolean,confirmed,javap member declaration retains descriptive LogicBoolean DSL name,
method,com/corrodinggames/rts/game/units/custom/logicBooleans/UnitReference$ParentUnitReference,(Ljava/lang/String;)Lcom/corrodinggames/rts/game/units/custom/logicBooleans/LogicBoolean;,with,method_UnitReference$ParentUnitReference_with,with,v0.27-mapping-expansion,logic-boolean,confirmed,javap member declaration retains descriptive LogicBoolean DSL name,
method,com/corrodinggames/rts/game/units/custom/logicBooleans/UnitReference$PlaceholderUnitReference,()Lcom/corrodinggames/rts/game/units/custom/logicBooleans/LogicBooleanLoader$LogicBooleanContext;,createContext,method_UnitReference$PlaceholderUnitReference_createContext,createContext,v0.27-mapping-expansion,logic-boolean,confirmed,javap member declaration retains descriptive LogicBoolean DSL name,
method,com/corrodinggames/rts/game/units/custom/logicBooleans/UnitReference$PlaceholderUnitReference,(Lcom/corrodinggames/rts/game/units/custom/l;Ljava/lang/String;Ljava/lang/String;)Lcom/corrodinggames/rts/game/units/custom/logicBooleans/LogicBoolean;,with,method_UnitReference$PlaceholderUnitReference_with,with,v0.27-mapping-expansion,logic-boolean,confirmed,javap member declaration retains descriptive LogicBoolean DSL name,
method,com/corrodinggames/rts/game/units/custom/logicBooleans/UnitReference$PlaceholderUnitReference,(Ljava/lang/String;)Lcom/corrodinggames/rts/game/units/custom/logicBooleans/LogicBoolean;,with,method_UnitReference$PlaceholderUnitReference_with,with,v0.27-mapping-expansion,logic-boolean,confirmed,javap member declaration retains descriptive LogicBoolean DSL name,
method,com/corrodinggames/rts/game/units/custom/logicBooleans/UnitReference$SelfUnitReference,()Ljava/lang/String;,getClassDebugName,method_UnitReference$SelfUnitReference_getClassDebugName,getClassDebugName,v0.27-mapping-expansion,logic-boolean,confirmed,javap member declaration retains descriptive LogicBoolean DSL name,
method,com/corrodinggames/rts/game/units/custom/logicBooleans/UnitReference$SelfUnitReference,(Lcom/corrodinggames/rts/game/units/y;)Lcom/corrodinggames/rts/game/units/am;,getSingleRaw,method_UnitReference$SelfUnitReference_getSingleRaw,getSingleRaw,v0.27-mapping-expansion,logic-boolean,confirmed,javap member declaration retains descriptive LogicBoolean DSL name,
method,com/corrodinggames/rts/game/units/custom/logicBooleans/UnitReference$SelfUnitReference,(Lcom/corrodinggames/rts/game/units/custom/l;Ljava/lang/String;Ljava/lang/String;)Lcom/corrodinggames/rts/game/units/custom/logicBooleans/LogicBoolean;,with,method_UnitReference$SelfUnitReference_with,with,v0.27-mapping-expansion,logic-boolean,confirmed,javap member declaration retains descriptive LogicBoolean DSL name,
method,com/corrodinggames/rts/game/units/custom/logicBooleans/UnitReference$SelfUnitReference,(Ljava/lang/String;)Lcom/corrodinggames/rts/game/units/custom/logicBooleans/LogicBoolean;,with,method_UnitReference$SelfUnitReference_with,with,v0.27-mapping-expansion,logic-boolean,confirmed,javap member declaration retains descriptive LogicBoolean DSL name,
method,com/corrodinggames/rts/game/units/custom/logicBooleans/UnitReference$ThisActionTargetReference,()Ljava/lang/String;,getClassDebugName,method_UnitReference$ThisActionTargetReference_getClassDebugName,getClassDebugName,v0.27-mapping-expansion,logic-boolean,confirmed,javap member declaration retains descriptive LogicBoolean DSL name,
method,com/corrodinggames/rts/game/units/custom/logicBooleans/UnitReference$ThisActionTargetReference,(Lcom/corrodinggames/rts/game/units/y;)Lcom/corrodinggames/rts/game/units/am;,getSingleRaw,method_UnitReference$ThisActionTargetReference_getSingleRaw,getSingleRaw,v0.27-mapping-expansion,logic-boolean,confirmed,javap member declaration retains descriptive LogicBoolean DSL name,
method,com/corrodinggames/rts/game/units/custom/logicBooleans/UnitReference$ThisActionTargetReference,(Lcom/corrodinggames/rts/game/units/custom/l;Ljava/lang/String;Ljava/lang/String;)Lcom/corrodinggames/rts/game/units/custom/logicBooleans/LogicBoolean;,with,method_UnitReference$ThisActionTargetReference_with,with,v0.27-mapping-expansion,logic-boolean,confirmed,javap member declaration retains descriptive LogicBoolean DSL name,
method,com/corrodinggames/rts/game/units/custom/logicBooleans/UnitReference$ThisActionTargetReference,(Ljava/lang/String;)Lcom/corrodinggames/rts/game/units/custom/logicBooleans/LogicBoolean;,with,method_UnitReference$ThisActionTargetReference_with,with,v0.27-mapping-expansion,logic-boolean,confirmed,javap member declaration retains descriptive LogicBoolean DSL name,
field,com/corrodinggames/rts/game/units/custom/logicBooleans/UnitReference$TransportingUnitReference,Lcom/corrodinggames/rts/game/units/custom/l;,meta,field_UnitReference$TransportingUnitReference_meta,meta,v0.27-mapping-expansion,logic-boolean,confirmed,javap member declaration retains descriptive LogicBoolean DSL name,
field,com/corrodinggames/rts/game/units/custom/logicBooleans/UnitReference$TransportingUnitReference,I,slot,field_UnitReference$TransportingUnitReference_slot,slot,v0.27-mapping-expansion,logic-boolean,confirmed,javap member declaration retains descriptive LogicBoolean DSL name,
method,com/corrodinggames/rts/game/units/custom/logicBooleans/UnitReference$TransportingUnitReference,(Lcom/corrodinggames/rts/game/units/custom/l;)V,forMeta,method_UnitReference$TransportingUnitReference_forMeta,forMeta,v0.27-mapping-expansion,logic-boolean,confirmed,javap member declaration retains descriptive LogicBoolean DSL name,
method,com/corrodinggames/rts/game/units/custom/logicBooleans/UnitReference$TransportingUnitReference,()Ljava/lang/String;,getClassDebugName,method_UnitReference$TransportingUnitReference_getClassDebugName,getClassDebugName,v0.27-mapping-expansion,logic-boolean,confirmed,javap member declaration retains descriptive LogicBoolean DSL name,
method,com/corrodinggames/rts/game/units/custom/logicBooleans/UnitReference$TransportingUnitReference,(Lcom/corrodinggames/rts/game/units/y;)Lcom/corrodinggames/rts/game/units/am;,getSingleRaw,method_UnitReference$TransportingUnitReference_getSingleRaw,getSingleRaw,v0.27-mapping-expansion,logic-boolean,confirmed,javap member declaration retains descriptive LogicBoolean DSL name,
method,com/corrodinggames/rts/game/units/custom/logicBooleans/UnitReference$TransportingUnitReference,(Lcom/corrodinggames/rts/game/units/custom/l;Ljava/lang/String;Ljava/lang/String;)Lcom/corrodinggames/rts/game/units/custom/logicBooleans/LogicBoolean;,with,method_UnitReference$TransportingUnitReference_with,with,v0.27-mapping-expansion,logic-boolean,confirmed,javap member declaration retains descriptive LogicBoolean DSL name,
method,com/corrodinggames/rts/game/units/custom/logicBooleans/UnitReference$TransportingUnitReference,(Ljava/lang/String;)Lcom/corrodinggames/rts/game/units/custom/logicBooleans/LogicBoolean;,with,method_UnitReference$TransportingUnitReference_with,with,v0.27-mapping-expansion,logic-boolean,confirmed,javap member declaration retains descriptive LogicBoolean DSL name,
field,com/corrodinggames/rts/game/units/custom/logicBooleans/UnitReference$UnitContextChangingBooleanByLogic,Lcom/corrodinggames/rts/game/units/custom/logicBooleans/LogicBoolean;,dynamicContext,field_UnitReference$UnitContextChangingBooleanByLogic_dynamicContext,dynamicContext,v0.27-mapping-expansion,logic-boolean,confirmed,javap member declaration retains descriptive LogicBoolean DSL name,
field,com/corrodinggames/rts/game/units/custom/logicBooleans/UnitReference$UnitContextChangingBooleanByLogic,[Lcom/corrodinggames/rts/game/units/custom/logicBooleans/LogicBoolean;,dynamicContextChain,field_UnitReference$UnitContextChangingBooleanByLogic_dynamicContextChain,dynamicContextChain,v0.27-mapping-expansion,logic-boolean,confirmed,javap member declaration retains descriptive LogicBoolean DSL name,
field,com/corrodinggames/rts/game/units/custom/logicBooleans/UnitReference$UnitContextChangingBooleanByLogic,Lcom/corrodinggames/rts/game/units/custom/logicBooleans/LogicBoolean;,targetBoolean,field_UnitReference$UnitContextChangingBooleanByLogic_targetBoolean,targetBoolean,v0.27-mapping-expansion,logic-boolean,confirmed,javap member declaration retains descriptive LogicBoolean DSL name,
method,com/corrodinggames/rts/game/units/custom/logicBooleans/UnitReference$UnitContextChangingBooleanByLogic,(Lcom/corrodinggames/rts/game/units/custom/logicBooleans/LogicBoolean;Lcom/corrodinggames/rts/game/units/custom/logicBooleans/LogicBoolean;)Lcom/corrodinggames/rts/game/units/custom/logicBooleans/UnitReference$UnitContextChangingBooleanByLogic;,create,method_UnitReference$UnitContextChangingBooleanByLogic_create,create,v0.27-mapping-expansion,logic-boolean,confirmed,javap member declaration retains descriptive LogicBoolean DSL name,
method,com/corrodinggames/rts/game/units/custom/logicBooleans/UnitReference$UnitContextChangingBooleanByLogic,(Lcom/corrodinggames/rts/game/units/custom/l;)V,forMeta,method_UnitReference$UnitContextChangingBooleanByLogic_forMeta,forMeta,v0.27-mapping-expansion,logic-boolean,confirmed,javap member declaration retains descriptive LogicBoolean DSL name,
method,com/corrodinggames/rts/game/units/custom/logicBooleans/UnitReference$UnitContextChangingBooleanByLogic,(Lcom/corrodinggames/rts/game/units/y;)Ljava/lang/String;,getMatchFailReasonForPlayer,method_UnitReference$UnitContextChangingBooleanByLogic_getMatchFailReasonForPlayer,getMatchFailReasonForPlayer,v0.27-mapping-expansion,logic-boolean,confirmed,javap member declaration retains descriptive LogicBoolean DSL name,
method,com/corrodinggames/rts/game/units/custom/logicBooleans/UnitReference$UnitContextChangingBooleanByLogic,()Lcom/corrodinggames/rts/game/units/custom/logicBooleans/LogicBoolean$ReturnType;,getReturnType,method_UnitReference$UnitContextChangingBooleanByLogic_getReturnType,getReturnType,v0.27-mapping-expansion,logic-boolean,confirmed,javap member declaration retains descriptive LogicBoolean DSL name,
method,com/corrodinggames/rts/game/units/custom/logicBooleans/UnitReference$UnitContextChangingBooleanByLogic,(Lcom/corrodinggames/rts/game/units/y;)Lcom/corrodinggames/rts/game/units/y;,getUnitContext,method_UnitReference$UnitContextChangingBooleanByLogic_getUnitContext,getUnitContext,v0.27-mapping-expansion,logic-boolean,confirmed,javap member declaration retains descriptive LogicBoolean DSL name,
method,com/corrodinggames/rts/game/units/custom/logicBooleans/UnitReference$UnitContextChangingBooleanByLogic,(Lcom/corrodinggames/rts/game/units/y;)Z,read,method_UnitReference$UnitContextChangingBooleanByLogic_read,read,v0.27-mapping-expansion,logic-boolean,confirmed,javap member declaration retains descriptive LogicBoolean DSL name,
method,com/corrodinggames/rts/game/units/custom/logicBooleans/UnitReference$UnitContextChangingBooleanByLogic,(Lcom/corrodinggames/rts/game/units/y;)F,readNumber,method_UnitReference$UnitContextChangingBooleanByLogic_readNumber,readNumber,v0.27-mapping-expansion,logic-boolean,confirmed,javap member declaration retains descriptive LogicBoolean DSL name,
method,com/corrodinggames/rts/game/units/custom/logicBooleans/UnitReference$UnitContextChangingBooleanByLogic,(Lcom/corrodinggames/rts/game/units/y;)Ljava/lang/String;,readString,method_UnitReference$UnitContextChangingBooleanByLogic_readString,readString,v0.27-mapping-expansion,logic-boolean,confirmed,javap member declaration retains descriptive LogicBoolean DSL name,
method,com/corrodinggames/rts/game/units/custom/logicBooleans/UnitReference$UnitContextChangingBooleanByLogic,(Lcom/corrodinggames/rts/game/units/y;)Lcom/corrodinggames/rts/game/units/am;,readUnit,method_UnitReference$UnitContextChangingBooleanByLogic_readUnit,readUnit,v0.27-mapping-expansion,logic-boolean,confirmed,javap member declaration retains descriptive LogicBoolean DSL name,
method,com/corrodinggames/rts/game/units/custom/logicBooleans/UnitReference$UnitContextChangingBooleanByLogic,(Lcom/corrodinggames/rts/game/units/custom/logicBooleans/LogicBoolean;)Lcom/corrodinggames/rts/game/units/custom/logicBooleans/LogicBoolean;,setChild,method_UnitReference$UnitContextChangingBooleanByLogic_setChild,setChild,v0.27-mapping-expansion,logic-boolean,confirmed,javap member declaration retains descriptive LogicBoolean DSL name,
method,com/corrodinggames/rts/game/units/custom/logicBooleans/UnitReference$UnitContextChangingBooleanByLogic,(Lcom/corrodinggames/rts/game/units/custom/l;Ljava/lang/String;Ljava/lang/String;)Lcom/corrodinggames/rts/game/units/custom/logicBooleans/LogicBoolean;,with,method_UnitReference$UnitContextChangingBooleanByLogic_with,with,v0.27-mapping-expansion,logic-boolean,confirmed,javap member declaration retains descriptive LogicBoolean DSL name,
method,com/corrodinggames/rts/game/units/custom/logicBooleans/UnitReference$UnitContextChangingBooleanByLogic,(Lcom/corrodinggames/rts/game/units/custom/l;Ljava/lang/String;Ljava/lang/String;)Lcom/corrodinggames/rts/game/units/custom/logicBooleans/UnitReference$UnitContextChangingBooleanByLogic;,with,method_UnitReference$UnitContextChangingBooleanByLogic_with,with,v0.27-mapping-expansion,logic-boolean,confirmed,javap member declaration retains descriptive LogicBoolean DSL name,
field,com/corrodinggames/rts/game/units/custom/logicBooleans/UnitReference$UnitReferenceOrUnitType,Lcom/corrodinggames/rts/game/units/custom/logicBooleans/UnitReference;,unitReference,field_UnitReference$UnitReferenceOrUnitType_unitReference,unitReference,v0.27-mapping-expansion,logic-boolean,confirmed,javap member declaration retains descriptive LogicBoolean DSL name,
field,com/corrodinggames/rts/game/units/custom/logicBooleans/UnitReference$UnitReferenceOrUnitType,Lcom/corrodinggames/rts/game/units/custom/v;,unitType,field_UnitReference$UnitReferenceOrUnitType_unitType,unitType,v0.27-mapping-expansion,logic-boolean,confirmed,javap member declaration retains descriptive LogicBoolean DSL name,
method,com/corrodinggames/rts/game/units/custom/logicBooleans/UnitReference$UnitReferenceOrUnitType,(Lcom/corrodinggames/rts/game/units/am;)Lcom/corrodinggames/rts/game/units/as;,getTypeOrNull,method_UnitReference$UnitReferenceOrUnitType_getTypeOrNull,getTypeOrNull,v0.27-mapping-expansion,logic-boolean,confirmed,javap member declaration retains descriptive LogicBoolean DSL name,
method,com/corrodinggames/rts/game/units/custom/logicBooleans/UnitReference$UnitReferenceOrUnitType,(Lcom/corrodinggames/rts/game/units/am;)Lcom/corrodinggames/rts/game/units/am;,getUnitOrSharedUnit,method_UnitReference$UnitReferenceOrUnitType_getUnitOrSharedUnit,getUnitOrSharedUnit,v0.27-mapping-expansion,logic-boolean,confirmed,javap member declaration retains descriptive LogicBoolean DSL name,
method,com/corrodinggames/rts/game/units/custom/logicBooleans/UnitReference$UnitReferenceOrUnitType,(Lcom/corrodinggames/rts/game/units/am;)Lcom/corrodinggames/rts/game/units/am;,getUnitReferenceOrNull,method_UnitReference$UnitReferenceOrUnitType_getUnitReferenceOrNull,getUnitReferenceOrNull,v0.27-mapping-expansion,logic-boolean,confirmed,javap member declaration retains descriptive LogicBoolean DSL name,
method,com/corrodinggames/rts/game/units/custom/logicBooleans/VariableScope$AbstractMemoryLogicBoolean,()Lcom/corrodinggames/rts/game/units/custom/logicBooleans/LogicBooleanLoader$LogicBooleanContext;,createContext,method_VariableScope$AbstractMemoryLogicBoolean_createContext,createContext,v0.27-mapping-expansion,logic-boolean,confirmed,javap member declaration retains descriptive LogicBoolean DSL name,
method,com/corrodinggames/rts/game/units/custom/logicBooleans/VariableScope$AbstractMemoryLogicBoolean,(Lcom/corrodinggames/rts/game/units/custom/logicBooleans/LogicBoolean;)Lcom/corrodinggames/rts/game/units/custom/logicBooleans/LogicBoolean;,setChild,method_VariableScope$AbstractMemoryLogicBoolean_setChild,setChild,v0.27-mapping-expansion,logic-boolean,confirmed,javap member declaration retains descriptive LogicBoolean DSL name,
field,com/corrodinggames/rts/game/units/custom/logicBooleans/VariableScope$CachedWriter,Lcom/corrodinggames/rts/gameFramework/utility/m;,writers,field_VariableScope$CachedWriter_writers,writers,v0.27-mapping-expansion,logic-boolean,confirmed,javap member declaration retains descriptive LogicBoolean DSL name,
method,com/corrodinggames/rts/game/units/custom/logicBooleans/VariableScope$CachedWriter,(Ljava/lang/String;Lcom/corrodinggames/rts/game/units/custom/logicBooleans/VariableScope$CachedWriter$WriterFactory;)V,addWriterElements,method_VariableScope$CachedWriter_addWriterElements,addWriterElements,v0.27-mapping-expansion,logic-boolean,confirmed,javap member declaration retains descriptive LogicBoolean DSL name,
method,com/corrodinggames/rts/game/units/custom/logicBooleans/VariableScope$CachedWriter,(Ljava/lang/String;Lcom/corrodinggames/rts/game/units/custom/logicBooleans/VariableScope$CachedWriter$WriterFactory;)Lcom/corrodinggames/rts/game/units/custom/logicBooleans/VariableScope$CachedWriter;,create,method_VariableScope$CachedWriter_create,create,v0.27-mapping-expansion,logic-boolean,confirmed,javap member declaration retains descriptive LogicBoolean DSL name,
method,com/corrodinggames/rts/game/units/custom/logicBooleans/VariableScope$CachedWriter,(Lcom/corrodinggames/rts/game/units/y;)V,writeToUnit,method_VariableScope$CachedWriter_writeToUnit,writeToUnit,v0.27-mapping-expansion,logic-boolean,confirmed,javap member declaration retains descriptive LogicBoolean DSL name,
field,com/corrodinggames/rts/game/units/custom/logicBooleans/VariableScope$CachedWriter$Operator,Lcom/corrodinggames/rts/game/units/custom/logicBooleans/VariableScope$CachedWriter$Operator;,add,field_VariableScope$CachedWriter$Operator_add,add,v0.27-mapping-expansion,logic-boolean,confirmed,javap member declaration retains descriptive LogicBoolean DSL name,
field,com/corrodinggames/rts/game/units/custom/logicBooleans/VariableScope$CachedWriter$Operator,Lcom/corrodinggames/rts/game/units/custom/logicBooleans/VariableScope$CachedWriter$Operator;,set,field_VariableScope$CachedWriter$Operator_set,set,v0.27-mapping-expansion,logic-boolean,confirmed,javap member declaration retains descriptive LogicBoolean DSL name,
field,com/corrodinggames/rts/game/units/custom/logicBooleans/VariableScope$CachedWriter$Operator,Lcom/corrodinggames/rts/game/units/custom/logicBooleans/VariableScope$CachedWriter$Operator;,subtract,field_VariableScope$CachedWriter$Operator_subtract,subtract,v0.27-mapping-expansion,logic-boolean,confirmed,javap member declaration retains descriptive LogicBoolean DSL name,
method,com/corrodinggames/rts/game/units/custom/logicBooleans/VariableScope$CachedWriter$Operator,(Ljava/lang/String;)Lcom/corrodinggames/rts/game/units/custom/logicBooleans/VariableScope$CachedWriter$Operator;,valueOf,method_VariableScope$CachedWriter$Operator_valueOf,valueOf,v0.27-mapping-expansion,logic-boolean,confirmed,javap member declaration retains descriptive LogicBoolean DSL name,
method,com/corrodinggames/rts/game/units/custom/logicBooleans/VariableScope$CachedWriter$Operator,()[Lcom/corrodinggames/rts/game/units/custom/logicBooleans/VariableScope$CachedWriter$Operator;,values,method_VariableScope$CachedWriter$Operator_values,values,v0.27-mapping-expansion,logic-boolean,confirmed,javap member declaration retains descriptive LogicBoolean DSL name,
method,com/corrodinggames/rts/game/units/custom/logicBooleans/VariableScope$CachedWriter$WriterElement,(Lcom/corrodinggames/rts/game/units/y;)V,writeToUnit,method_VariableScope$CachedWriter$WriterElement_writeToUnit,writeToUnit,v0.27-mapping-expansion,logic-boolean,confirmed,javap member declaration retains descriptive LogicBoolean DSL name,
method,com/corrodinggames/rts/game/units/custom/logicBooleans/VariableScope$CachedWriter$WriterFactory,(Ljava/lang/String;Ljava/lang/String;Ljava/lang/String;Ljava/lang/String;)Lcom/corrodinggames/rts/game/units/custom/logicBooleans/VariableScope$CachedWriter$WriterElement;,createWriterElement,method_VariableScope$CachedWriter$WriterFactory_createWriterElement,createWriterElement,v0.27-mapping-expansion,logic-boolean,confirmed,javap member declaration retains descriptive LogicBoolean DSL name,
method,com/corrodinggames/rts/game/units/custom/logicBooleans/VariableScope$EmptyVariableScope,(Lcom/corrodinggames/rts/game/units/custom/logicBooleans/VariableScope$VariableName;Lcom/corrodinggames/rts/game/units/custom/logicBooleans/VariableScope$VariableData;)V,setDataRaw,method_VariableScope$EmptyVariableScope_setDataRaw,setDataRaw,v0.27-mapping-expansion,logic-boolean,confirmed,javap member declaration retains descriptive LogicBoolean DSL name,
field,com/corrodinggames/rts/game/units/custom/logicBooleans/VariableScope$KnownMemoryReadLogicBoolean,Lcom/corrodinggames/rts/game/units/custom/logicBooleans/VariableScope$VariableName;,name,field_VariableScope$KnownMemoryReadLogicBoolean_name,name,v0.27-mapping-expansion,logic-boolean,confirmed,javap member declaration retains descriptive LogicBoolean DSL name,
field,com/corrodinggames/rts/game/units/custom/logicBooleans/VariableScope$KnownMemoryReadLogicBoolean,Lcom/corrodinggames/rts/game/units/custom/logicBooleans/LogicBoolean$ReturnType;,type,field_VariableScope$KnownMemoryReadLogicBoolean_type,type,v0.27-mapping-expansion,logic-boolean,confirmed,javap member declaration retains descriptive LogicBoolean DSL name,
method,com/corrodinggames/rts/game/units/custom/logicBooleans/VariableScope$KnownMemoryReadLogicBoolean,(Lcom/corrodinggames/rts/game/units/y;)I,getArraySize,method_VariableScope$KnownMemoryReadLogicBoolean_getArraySize,getArraySize,v0.27-mapping-expansion,logic-boolean,confirmed,javap member declaration retains descriptive LogicBoolean DSL name,
method,com/corrodinggames/rts/game/units/custom/logicBooleans/VariableScope$KnownMemoryReadLogicBoolean,(Lcom/corrodinggames/rts/game/units/y;)Ljava/lang/String;,getMatchFailReasonForPlayer,method_VariableScope$KnownMemoryReadLogicBoolean_getMatchFailReasonForPlayer,getMatchFailReasonForPlayer,v0.27-mapping-expansion,logic-boolean,confirmed,javap member declaration retains descriptive LogicBoolean DSL name,
method,com/corrodinggames/rts/game/units/custom/logicBooleans/VariableScope$KnownMemoryReadLogicBoolean,()Lcom/corrodinggames/rts/game/units/custom/logicBooleans/LogicBoolean$ReturnType;,getReturnType,method_VariableScope$KnownMemoryReadLogicBoolean_getReturnType,getReturnType,v0.27-mapping-expansion,logic-boolean,confirmed,javap member declaration retains descriptive LogicBoolean DSL name,
method,com/corrodinggames/rts/game/units/custom/logicBooleans/VariableScope$KnownMemoryReadLogicBoolean,(Lcom/corrodinggames/rts/game/units/y;)Z,read,method_VariableScope$KnownMemoryReadLogicBoolean_read,read,v0.27-mapping-expansion,logic-boolean,confirmed,javap member declaration retains descriptive LogicBoolean DSL name,
method,com/corrodinggames/rts/game/units/custom/logicBooleans/VariableScope$KnownMemoryReadLogicBoolean,(Lcom/corrodinggames/rts/game/units/y;I)Lcom/corrodinggames/rts/game/units/custom/logicBooleans/LogicBoolean;,readArrayElement,method_VariableScope$KnownMemoryReadLogicBoolean_readArrayElement,readArrayElement,v0.27-mapping-expansion,logic-boolean,confirmed,javap member declaration retains descriptive LogicBoolean DSL name,
method,com/corrodinggames/rts/game/units/custom/logicBooleans/VariableScope$KnownMemoryReadLogicBoolean,(Lcom/corrodinggames/rts/game/units/y;)Lcom/corrodinggames/rts/game/units/custom/logicBooleans/LogicBoolean;,readAsLogicBoolean,method_VariableScope$KnownMemoryReadLogicBoolean_readAsLogicBoolean,readAsLogicBoolean,v0.27-mapping-expansion,logic-boolean,confirmed,javap member declaration retains descriptive LogicBoolean DSL name,
method,com/corrodinggames/rts/game/units/custom/logicBooleans/VariableScope$KnownMemoryReadLogicBoolean,(Lcom/corrodinggames/rts/game/units/y;)F,readNumber,method_VariableScope$KnownMemoryReadLogicBoolean_readNumber,readNumber,v0.27-mapping-expansion,logic-boolean,confirmed,javap member declaration retains descriptive LogicBoolean DSL name,
method,com/corrodinggames/rts/game/units/custom/logicBooleans/VariableScope$KnownMemoryReadLogicBoolean,(Lcom/corrodinggames/rts/game/units/y;)Ljava/lang/String;,readString,method_VariableScope$KnownMemoryReadLogicBoolean_readString,readString,v0.27-mapping-expansion,logic-boolean,confirmed,javap member declaration retains descriptive LogicBoolean DSL name,
method,com/corrodinggames/rts/game/units/custom/logicBooleans/VariableScope$KnownMemoryReadLogicBoolean,(Lcom/corrodinggames/rts/game/units/y;)Lcom/corrodinggames/rts/game/units/am;,readUnit,method_VariableScope$KnownMemoryReadLogicBoolean_readUnit,readUnit,v0.27-mapping-expansion,logic-boolean,confirmed,javap member declaration retains descriptive LogicBoolean DSL name,
method,com/corrodinggames/rts/game/units/custom/logicBooleans/VariableScope$KnownMemoryScopeLogicBoolean,(Ljava/lang/String;Lcom/corrodinggames/rts/game/units/custom/l;Ljava/lang/String;ZLjava/lang/String;Ljava/lang/String;Lcom/corrodinggames/rts/game/units/custom/logicBooleans/LogicBoolean;)Lcom/corrodinggames/rts/game/units/custom/logicBooleans/LogicBoolean;,parseNextElementInChain,method_VariableScope$KnownMemoryScopeLogicBoolean_parseNextElementInChain,parseNextElementInChain,v0.27-mapping-expansion,logic-boolean,confirmed,javap member declaration retains descriptive LogicBoolean DSL name,
field,com/corrodinggames/rts/game/units/custom/logicBooleans/VariableScope$MemoryNames,Lcom/corrodinggames/rts/gameFramework/utility/m;,names,field_VariableScope$MemoryNames_names,names,v0.27-mapping-expansion,logic-boolean,confirmed,javap member declaration retains descriptive LogicBoolean DSL name,
method,com/corrodinggames/rts/game/units/custom/logicBooleans/VariableScope$MemoryWriter,(Lcom/corrodinggames/rts/game/units/custom/logicBooleans/VariableScope;Lcom/corrodinggames/rts/game/units/y;)V,writeToMemory,method_VariableScope$MemoryWriter_writeToMemory,writeToMemory,v0.27-mapping-expansion,logic-boolean,confirmed,javap member declaration retains descriptive LogicBoolean DSL name,
field,com/corrodinggames/rts/game/units/custom/logicBooleans/VariableScope$MemoryWriterFactory,Lcom/corrodinggames/rts/game/units/custom/l;,meta,field_VariableScope$MemoryWriterFactory_meta,meta,v0.27-mapping-expansion,logic-boolean,confirmed,javap member declaration retains descriptive LogicBoolean DSL name,
field,com/corrodinggames/rts/game/units/custom/logicBooleans/VariableScope$MemoryWriterFactory,Z,noValues,field_VariableScope$MemoryWriterFactory_noValues,noValues,v0.27-mapping-expansion,logic-boolean,confirmed,javap member declaration retains descriptive LogicBoolean DSL name,
field,com/corrodinggames/rts/game/units/custom/logicBooleans/VariableScope$MemoryWriterFactory,Lcom/corrodinggames/rts/game/units/custom/logicBooleans/VariableScope$VariableMapping;,target,field_VariableScope$MemoryWriterFactory_target,target,v0.27-mapping-expansion,logic-boolean,confirmed,javap member declaration retains descriptive LogicBoolean DSL name,
method,com/corrodinggames/rts/game/units/custom/logicBooleans/VariableScope$MemoryWriterFactory,(Ljava/lang/String;Ljava/lang/String;Ljava/lang/String;Ljava/lang/String;)Lcom/corrodinggames/rts/game/units/custom/logicBooleans/VariableScope$CachedWriter$WriterElement;,createWriterElement,method_VariableScope$MemoryWriterFactory_createWriterElement,createWriterElement,v0.27-mapping-expansion,logic-boolean,confirmed,javap member declaration retains descriptive LogicBoolean DSL name,
field,com/corrodinggames/rts/game/units/custom/logicBooleans/VariableScope$MemoryWriterFactory$MemoryWriterElement,Lcom/corrodinggames/rts/game/units/custom/logicBooleans/VariableScope$VariableName;,name,field_VariableScope$MemoryWriterFactory$MemoryWriterElement_name,name,v0.27-mapping-expansion,logic-boolean,confirmed,javap member declaration retains descriptive LogicBoolean DSL name,
field,com/corrodinggames/rts/game/units/custom/logicBooleans/VariableScope$MemoryWriterFactory$MemoryWriterElement,Lcom/corrodinggames/rts/game/units/custom/logicBooleans/LogicBoolean;,value,field_VariableScope$MemoryWriterFactory$MemoryWriterElement_value,value,v0.27-mapping-expansion,logic-boolean,confirmed,javap member declaration retains descriptive LogicBoolean DSL name,
method,com/corrodinggames/rts/game/units/custom/logicBooleans/VariableScope$MemoryWriterFactory$MemoryWriterElement,(Lcom/corrodinggames/rts/game/units/custom/logicBooleans/VariableScope;Lcom/corrodinggames/rts/game/units/y;)V,writeToMemory,method_VariableScope$MemoryWriterFactory$MemoryWriterElement_writeToMemory,writeToMemory,v0.27-mapping-expansion,logic-boolean,confirmed,javap member declaration retains descriptive LogicBoolean DSL name,
method,com/corrodinggames/rts/game/units/custom/logicBooleans/VariableScope$MemoryWriterFactory$MemoryWriterElement,(Lcom/corrodinggames/rts/game/units/y;)V,writeToUnit,method_VariableScope$MemoryWriterFactory$MemoryWriterElement_writeToUnit,writeToUnit,v0.27-mapping-expansion,logic-boolean,confirmed,javap member declaration retains descriptive LogicBoolean DSL name,
field,com/corrodinggames/rts/game/units/custom/logicBooleans/VariableScope$MemoryWriterFactory$MemoryWriterElementIndex,Lcom/corrodinggames/rts/game/units/custom/logicBooleans/LogicBoolean;,nameIndex,field_VariableScope$MemoryWriterFactory$MemoryWriterElementIndex_nameIndex,nameIndex,v0.27-mapping-expansion,logic-boolean,confirmed,javap member declaration retains descriptive LogicBoolean DSL name,
method,com/corrodinggames/rts/game/units/custom/logicBooleans/VariableScope$MemoryWriterFactory$MemoryWriterElementIndex,(Lcom/corrodinggames/rts/game/units/custom/logicBooleans/VariableScope;Lcom/corrodinggames/rts/game/units/y;)V,writeToMemory,method_VariableScope$MemoryWriterFactory$MemoryWriterElementIndex_writeToMemory,writeToMemory,v0.27-mapping-expansion,logic-boolean,confirmed,javap member declaration retains descriptive LogicBoolean DSL name,
method,com/corrodinggames/rts/game/units/custom/logicBooleans/VariableScope$MemoryWriterFactory$MemoryWriterElementIndex,(Lcom/corrodinggames/rts/game/units/y;)V,writeToUnit,method_VariableScope$MemoryWriterFactory$MemoryWriterElementIndex_writeToUnit,writeToUnit,v0.27-mapping-expansion,logic-boolean,confirmed,javap member declaration retains descriptive LogicBoolean DSL name,
method,com/corrodinggames/rts/game/units/custom/logicBooleans/VariableScope$ReadEventMemoryLogicBoolean,(Lcom/corrodinggames/rts/game/units/y;)Lcom/corrodinggames/rts/game/units/custom/logicBooleans/LogicBoolean;,getUnitMemory,method_VariableScope$ReadEventMemoryLogicBoolean_getUnitMemory,getUnitMemory,v0.27-mapping-expansion,logic-boolean,confirmed,javap member declaration retains descriptive LogicBoolean DSL name,
field,com/corrodinggames/rts/game/units/custom/logicBooleans/VariableScope$ReadUnitMemoryLogicBoolean,Lcom/corrodinggames/rts/game/units/custom/logicBooleans/VariableScope$VariableName;,_name,field_VariableScope$ReadUnitMemoryLogicBoolean_memoryName,memoryName,v0.27-mapping-expansion,logic-boolean,confirmed,javap member declaration retains descriptive LogicBoolean DSL name,
field,com/corrodinggames/rts/game/units/custom/logicBooleans/VariableScope$ReadUnitMemoryLogicBoolean,Lcom/corrodinggames/rts/game/units/custom/logicBooleans/LogicBoolean$ReturnType;,_type,field_VariableScope$ReadUnitMemoryLogicBoolean_memoryType,memoryType,v0.27-mapping-expansion,logic-boolean,confirmed,javap member declaration retains descriptive LogicBoolean DSL name,
field,com/corrodinggames/rts/game/units/custom/logicBooleans/VariableScope$ReadUnitMemoryLogicBoolean,Lcom/corrodinggames/rts/game/units/custom/logicBooleans/LogicBoolean;,defaultValue,field_VariableScope$ReadUnitMemoryLogicBoolean_defaultValue,defaultValue,v0.27-mapping-expansion,logic-boolean,confirmed,javap member declaration retains descriptive LogicBoolean DSL name,
field,com/corrodinggames/rts/game/units/custom/logicBooleans/VariableScope$ReadUnitMemoryLogicBoolean,Lcom/corrodinggames/rts/game/units/custom/logicBooleans/LogicBoolean;,index,field_VariableScope$ReadUnitMemoryLogicBoolean_index,index,v0.27-mapping-expansion,logic-boolean,confirmed,javap member declaration retains descriptive LogicBoolean DSL name,
method,com/corrodinggames/rts/game/units/custom/logicBooleans/VariableScope$ReadUnitMemoryLogicBoolean,(Lcom/corrodinggames/rts/game/units/y;)I,getArraySize,method_VariableScope$ReadUnitMemoryLogicBoolean_getArraySize,getArraySize,v0.27-mapping-expansion,logic-boolean,confirmed,javap member declaration retains descriptive LogicBoolean DSL name,
method,com/corrodinggames/rts/game/units/custom/logicBooleans/VariableScope$ReadUnitMemoryLogicBoolean,(Lcom/corrodinggames/rts/game/units/y;)Ljava/lang/String;,getMatchFailReasonForPlayer,method_VariableScope$ReadUnitMemoryLogicBoolean_getMatchFailReasonForPlayer,getMatchFailReasonForPlayer,v0.27-mapping-expansion,logic-boolean,confirmed,javap member declaration retains descriptive LogicBoolean DSL name,
method,com/corrodinggames/rts/game/units/custom/logicBooleans/VariableScope$ReadUnitMemoryLogicBoolean,()Lcom/corrodinggames/rts/game/units/custom/logicBooleans/LogicBoolean$ReturnType;,getReturnType,method_VariableScope$ReadUnitMemoryLogicBoolean_getReturnType,getReturnType,v0.27-mapping-expansion,logic-boolean,confirmed,javap member declaration retains descriptive LogicBoolean DSL name,
method,com/corrodinggames/rts/game/units/custom/logicBooleans/VariableScope$ReadUnitMemoryLogicBoolean,(Lcom/corrodinggames/rts/game/units/y;)Lcom/corrodinggames/rts/game/units/custom/logicBooleans/LogicBoolean;,getUnitMemory,method_VariableScope$ReadUnitMemoryLogicBoolean_getUnitMemory,getUnitMemory,v0.27-mapping-expansion,logic-boolean,confirmed,javap member declaration retains descriptive LogicBoolean DSL name,
method,com/corrodinggames/rts/game/units/custom/logicBooleans/VariableScope$ReadUnitMemoryLogicBoolean,(Ljava/lang/String;)V,name,method_VariableScope$ReadUnitMemoryLogicBoolean_name,name,v0.27-mapping-expansion,logic-boolean,confirmed,javap member declaration retains descriptive LogicBoolean DSL name,
method,com/corrodinggames/rts/game/units/custom/logicBooleans/VariableScope$ReadUnitMemoryLogicBoolean,(Lcom/corrodinggames/rts/game/units/y;)Z,read,method_VariableScope$ReadUnitMemoryLogicBoolean_read,read,v0.27-mapping-expansion,logic-boolean,confirmed,javap member declaration retains descriptive LogicBoolean DSL name,
method,com/corrodinggames/rts/game/units/custom/logicBooleans/VariableScope$ReadUnitMemoryLogicBoolean,(Lcom/corrodinggames/rts/game/units/y;I)Lcom/corrodinggames/rts/game/units/custom/logicBooleans/LogicBoolean;,readArrayElement,method_VariableScope$ReadUnitMemoryLogicBoolean_readArrayElement,readArrayElement,v0.27-mapping-expansion,logic-boolean,confirmed,javap member declaration retains descriptive LogicBoolean DSL name,
method,com/corrodinggames/rts/game/units/custom/logicBooleans/VariableScope$ReadUnitMemoryLogicBoolean,(Lcom/corrodinggames/rts/game/units/y;)F,readNumber,method_VariableScope$ReadUnitMemoryLogicBoolean_readNumber,readNumber,v0.27-mapping-expansion,logic-boolean,confirmed,javap member declaration retains descriptive LogicBoolean DSL name,
method,com/corrodinggames/rts/game/units/custom/logicBooleans/VariableScope$ReadUnitMemoryLogicBoolean,(Lcom/corrodinggames/rts/game/units/y;)Ljava/lang/String;,readString,method_VariableScope$ReadUnitMemoryLogicBoolean_readString,readString,v0.27-mapping-expansion,logic-boolean,confirmed,javap member declaration retains descriptive LogicBoolean DSL name,
method,com/corrodinggames/rts/game/units/custom/logicBooleans/VariableScope$ReadUnitMemoryLogicBoolean,(Lcom/corrodinggames/rts/game/units/y;)Lcom/corrodinggames/rts/game/units/am;,readUnit,method_VariableScope$ReadUnitMemoryLogicBoolean_readUnit,readUnit,v0.27-mapping-expansion,logic-boolean,confirmed,javap member declaration retains descriptive LogicBoolean DSL name,
method,com/corrodinggames/rts/game/units/custom/logicBooleans/VariableScope$ReadUnitMemoryLogicBoolean,(Ljava/lang/String;)V,type,method_VariableScope$ReadUnitMemoryLogicBoolean_type,type,v0.27-mapping-expansion,logic-boolean,confirmed,javap member declaration retains descriptive LogicBoolean DSL name,
method,com/corrodinggames/rts/game/units/custom/logicBooleans/VariableScope$ReadUnitMemoryLogicBoolean,(Ljava/lang/String;Ljava/lang/String;Ljava/lang/String;Lcom/corrodinggames/rts/game/units/custom/logicBooleans/LogicBooleanLoader$LogicBooleanContext;Z)V,validate,method_VariableScope$ReadUnitMemoryLogicBoolean_validate,validate,v0.27-mapping-expansion,logic-boolean,confirmed,javap member declaration retains descriptive LogicBoolean DSL name,
method,com/corrodinggames/rts/game/units/custom/logicBooleans/VariableScope$VariableData,(Lcom/corrodinggames/rts/game/units/y;)Ljava/lang/String;,getMatchFailReasonForPlayer,method_VariableScope$VariableData_getMatchFailReasonForPlayer,getMatchFailReasonForPlayer,v0.27-mapping-expansion,logic-boolean,confirmed,javap member declaration retains descriptive LogicBoolean DSL name,
method,com/corrodinggames/rts/game/units/custom/logicBooleans/VariableScope$VariableData,()Lcom/corrodinggames/rts/game/units/custom/logicBooleans/LogicBoolean$ReturnType;,getReturnType,method_VariableScope$VariableData_getReturnType,getReturnType,v0.27-mapping-expansion,logic-boolean,confirmed,javap member declaration retains descriptive LogicBoolean DSL name,
method,com/corrodinggames/rts/game/units/custom/logicBooleans/VariableScope$VariableData,(Lcom/corrodinggames/rts/game/units/y;)Z,read,method_VariableScope$VariableData_read,read,v0.27-mapping-expansion,logic-boolean,confirmed,javap member declaration retains descriptive LogicBoolean DSL name,
method,com/corrodinggames/rts/game/units/custom/logicBooleans/VariableScope$VariableData,(Lcom/corrodinggames/rts/game/units/y;)F,readNumber,method_VariableScope$VariableData_readNumber,readNumber,v0.27-mapping-expansion,logic-boolean,confirmed,javap member declaration retains descriptive LogicBoolean DSL name,
method,com/corrodinggames/rts/game/units/custom/logicBooleans/VariableScope$VariableData,(Lcom/corrodinggames/rts/game/units/y;)Ljava/lang/String;,readString,method_VariableScope$VariableData_readString,readString,v0.27-mapping-expansion,logic-boolean,confirmed,javap member declaration retains descriptive LogicBoolean DSL name,
field,com/corrodinggames/rts/game/units/custom/logicBooleans/VariableScope$VariableDataArray,I,size,field_VariableScope$VariableDataArray_size,size,v0.27-mapping-expansion,logic-boolean,confirmed,javap member declaration retains descriptive LogicBoolean DSL name,
method,com/corrodinggames/rts/game/units/custom/logicBooleans/VariableScope$VariableDataArray,(Lcom/corrodinggames/rts/game/units/y;)I,getArraySize,method_VariableScope$VariableDataArray_getArraySize,getArraySize,v0.27-mapping-expansion,logic-boolean,confirmed,javap member declaration retains descriptive LogicBoolean DSL name,
method,com/corrodinggames/rts/game/units/custom/logicBooleans/VariableScope$VariableDataArray,()Lcom/corrodinggames/rts/game/units/custom/logicBooleans/LogicBoolean$ReturnType;,getElementReturnType,method_VariableScope$VariableDataArray_getElementReturnType,getElementReturnType,v0.27-mapping-expansion,logic-boolean,confirmed,javap member declaration retains descriptive LogicBoolean DSL name,
method,com/corrodinggames/rts/game/units/custom/logicBooleans/VariableScope$VariableDataArray,()Lcom/corrodinggames/rts/game/units/custom/logicBooleans/LogicBoolean$ReturnType;,getReturnType,method_VariableScope$VariableDataArray_getReturnType,getReturnType,v0.27-mapping-expansion,logic-boolean,confirmed,javap member declaration retains descriptive LogicBoolean DSL name,
method,com/corrodinggames/rts/game/units/custom/logicBooleans/VariableScope$VariableDataArray,(Lcom/corrodinggames/rts/game/units/y;I)Lcom/corrodinggames/rts/game/units/custom/logicBooleans/LogicBoolean;,readArrayElement,method_VariableScope$VariableDataArray_readArrayElement,readArrayElement,v0.27-mapping-expansion,logic-boolean,confirmed,javap member declaration retains descriptive LogicBoolean DSL name,
method,com/corrodinggames/rts/game/units/custom/logicBooleans/VariableScope$VariableDataArray,(I)Z,readBooleanIndex,method_VariableScope$VariableDataArray_readBooleanIndex,readBooleanIndex,v0.27-mapping-expansion,logic-boolean,confirmed,javap member declaration retains descriptive LogicBoolean DSL name,
method,com/corrodinggames/rts/game/units/custom/logicBooleans/VariableScope$VariableDataArray,(I)Lcom/corrodinggames/rts/game/units/custom/logicBooleans/VariableScope$VariableData;,readDataAtIndex,method_VariableScope$VariableDataArray_readDataAtIndex,readDataAtIndex,v0.27-mapping-expansion,logic-boolean,confirmed,javap member declaration retains descriptive LogicBoolean DSL name,
method,com/corrodinggames/rts/game/units/custom/logicBooleans/VariableScope$VariableDataArray,(I)F,readNumberIndex,method_VariableScope$VariableDataArray_readNumberIndex,readNumberIndex,v0.27-mapping-expansion,logic-boolean,confirmed,javap member declaration retains descriptive LogicBoolean DSL name,
method,com/corrodinggames/rts/game/units/custom/logicBooleans/VariableScope$VariableDataArray,(I)Lcom/corrodinggames/rts/game/units/am;,readUnitIndex,method_VariableScope$VariableDataArray_readUnitIndex,readUnitIndex,v0.27-mapping-expansion,logic-boolean,confirmed,javap member declaration retains descriptive LogicBoolean DSL name,
method,com/corrodinggames/rts/game/units/custom/logicBooleans/VariableScope$VariableDataArray,(Lcom/corrodinggames/rts/game/units/custom/logicBooleans/VariableScope$VariableData;I)V,setDataAtIndex,method_VariableScope$VariableDataArray_setDataAtIndex,setDataAtIndex,v0.27-mapping-expansion,logic-boolean,confirmed,javap member declaration retains descriptive LogicBoolean DSL name,
method,com/corrodinggames/rts/game/units/custom/logicBooleans/VariableScope$VariableDataArray,()V,shrink,method_VariableScope$VariableDataArray_shrink,shrink,v0.27-mapping-expansion,logic-boolean,confirmed,javap member declaration retains descriptive LogicBoolean DSL name,
field,com/corrodinggames/rts/game/units/custom/logicBooleans/VariableScope$VariableDataBoolArray,[Z,dataArray,field_VariableScope$VariableDataBoolArray_dataArray,dataArray,v0.27-mapping-expansion,logic-boolean,confirmed,javap member declaration retains descriptive LogicBoolean DSL name,
method,com/corrodinggames/rts/game/units/custom/logicBooleans/VariableScope$VariableDataBoolArray,()Lcom/corrodinggames/rts/game/units/custom/logicBooleans/LogicBoolean$ReturnType;,getElementReturnType,method_VariableScope$VariableDataBoolArray_getElementReturnType,getElementReturnType,v0.27-mapping-expansion,logic-boolean,confirmed,javap member declaration retains descriptive LogicBoolean DSL name,
method,com/corrodinggames/rts/game/units/custom/logicBooleans/VariableScope$VariableDataBoolArray,()Lcom/corrodinggames/rts/game/units/custom/logicBooleans/LogicBoolean$ReturnType;,getReturnType,method_VariableScope$VariableDataBoolArray_getReturnType,getReturnType,v0.27-mapping-expansion,logic-boolean,confirmed,javap member declaration retains descriptive LogicBoolean DSL name,
method,com/corrodinggames/rts/game/units/custom/logicBooleans/VariableScope$VariableDataBoolArray,(I)Z,readBooleanIndex,method_VariableScope$VariableDataBoolArray_readBooleanIndex,readBooleanIndex,v0.27-mapping-expansion,logic-boolean,confirmed,javap member declaration retains descriptive LogicBoolean DSL name,
method,com/corrodinggames/rts/game/units/custom/logicBooleans/VariableScope$VariableDataBoolArray,(I)Lcom/corrodinggames/rts/game/units/custom/logicBooleans/VariableScope$VariableData;,readDataAtIndex,method_VariableScope$VariableDataBoolArray_readDataAtIndex,readDataAtIndex,v0.27-mapping-expansion,logic-boolean,confirmed,javap member declaration retains descriptive LogicBoolean DSL name,
method,com/corrodinggames/rts/game/units/custom/logicBooleans/VariableScope$VariableDataBoolArray,(IZ)V,setBooleanIndex,method_VariableScope$VariableDataBoolArray_setBooleanIndex,setBooleanIndex,v0.27-mapping-expansion,logic-boolean,confirmed,javap member declaration retains descriptive LogicBoolean DSL name,
method,com/corrodinggames/rts/game/units/custom/logicBooleans/VariableScope$VariableDataBoolArray,(Lcom/corrodinggames/rts/game/units/custom/logicBooleans/VariableScope$VariableData;I)V,setDataAtIndex,method_VariableScope$VariableDataBoolArray_setDataAtIndex,setDataAtIndex,v0.27-mapping-expansion,logic-boolean,confirmed,javap member declaration retains descriptive LogicBoolean DSL name,
method,com/corrodinggames/rts/game/units/custom/logicBooleans/VariableScope$VariableDataBoolArray,()V,shrink,method_VariableScope$VariableDataBoolArray_shrink,shrink,v0.27-mapping-expansion,logic-boolean,confirmed,javap member declaration retains descriptive LogicBoolean DSL name,
field,com/corrodinggames/rts/game/units/custom/logicBooleans/VariableScope$VariableDataBoolean,Z,bool,field_VariableScope$VariableDataBoolean_bool,bool,v0.27-mapping-expansion,logic-boolean,confirmed,javap member declaration retains descriptive LogicBoolean DSL name,
method,com/corrodinggames/rts/game/units/custom/logicBooleans/VariableScope$VariableDataBoolean,()Lcom/corrodinggames/rts/game/units/custom/logicBooleans/LogicBoolean$ReturnType;,getReturnType,method_VariableScope$VariableDataBoolean_getReturnType,getReturnType,v0.27-mapping-expansion,logic-boolean,confirmed,javap member declaration retains descriptive LogicBoolean DSL name,
method,com/corrodinggames/rts/game/units/custom/logicBooleans/VariableScope$VariableDataBoolean,(Lcom/corrodinggames/rts/game/units/y;)Z,read,method_VariableScope$VariableDataBoolean_read,read,v0.27-mapping-expansion,logic-boolean,confirmed,javap member declaration retains descriptive LogicBoolean DSL name,
method,com/corrodinggames/rts/game/units/custom/logicBooleans/VariableScope$VariableDataNull,(Lcom/corrodinggames/rts/game/units/y;)Ljava/lang/String;,getMatchFailReasonForPlayer,method_VariableScope$VariableDataNull_getMatchFailReasonForPlayer,getMatchFailReasonForPlayer,v0.27-mapping-expansion,logic-boolean,confirmed,javap member declaration retains descriptive LogicBoolean DSL name,
method,com/corrodinggames/rts/game/units/custom/logicBooleans/VariableScope$VariableDataNull,()Lcom/corrodinggames/rts/game/units/custom/logicBooleans/LogicBoolean$ReturnType;,getReturnType,method_VariableScope$VariableDataNull_getReturnType,getReturnType,v0.27-mapping-expansion,logic-boolean,confirmed,javap member declaration retains descriptive LogicBoolean DSL name,
field,com/corrodinggames/rts/game/units/custom/logicBooleans/VariableScope$VariableDataNumber,D,number,field_VariableScope$VariableDataNumber_number,number,v0.27-mapping-expansion,logic-boolean,confirmed,javap member declaration retains descriptive LogicBoolean DSL name,
method,com/corrodinggames/rts/game/units/custom/logicBooleans/VariableScope$VariableDataNumber,()Lcom/corrodinggames/rts/game/units/custom/logicBooleans/LogicBoolean$ReturnType;,getReturnType,method_VariableScope$VariableDataNumber_getReturnType,getReturnType,v0.27-mapping-expansion,logic-boolean,confirmed,javap member declaration retains descriptive LogicBoolean DSL name,
method,com/corrodinggames/rts/game/units/custom/logicBooleans/VariableScope$VariableDataNumber,(Lcom/corrodinggames/rts/game/units/y;)F,readNumber,method_VariableScope$VariableDataNumber_readNumber,readNumber,v0.27-mapping-expansion,logic-boolean,confirmed,javap member declaration retains descriptive LogicBoolean DSL name,
field,com/corrodinggames/rts/game/units/custom/logicBooleans/VariableScope$VariableDataNumberArray,[F,dataArray,field_VariableScope$VariableDataNumberArray_dataArray,dataArray,v0.27-mapping-expansion,logic-boolean,confirmed,javap member declaration retains descriptive LogicBoolean DSL name,
field,com/corrodinggames/rts/game/units/custom/logicBooleans/VariableScope$VariableDataNumberArray,Z,trace,field_VariableScope$VariableDataNumberArray_trace,trace,v0.27-mapping-expansion,logic-boolean,confirmed,javap member declaration retains descriptive LogicBoolean DSL name,
method,com/corrodinggames/rts/game/units/custom/logicBooleans/VariableScope$VariableDataNumberArray,()Lcom/corrodinggames/rts/game/units/custom/logicBooleans/LogicBoolean$ReturnType;,getElementReturnType,method_VariableScope$VariableDataNumberArray_getElementReturnType,getElementReturnType,v0.27-mapping-expansion,logic-boolean,confirmed,javap member declaration retains descriptive LogicBoolean DSL name,
method,com/corrodinggames/rts/game/units/custom/logicBooleans/VariableScope$VariableDataNumberArray,()Lcom/corrodinggames/rts/game/units/custom/logicBooleans/LogicBoolean$ReturnType;,getReturnType,method_VariableScope$VariableDataNumberArray_getReturnType,getReturnType,v0.27-mapping-expansion,logic-boolean,confirmed,javap member declaration retains descriptive LogicBoolean DSL name,
method,com/corrodinggames/rts/game/units/custom/logicBooleans/VariableScope$VariableDataNumberArray,(I)Lcom/corrodinggames/rts/game/units/custom/logicBooleans/VariableScope$VariableData;,readDataAtIndex,method_VariableScope$VariableDataNumberArray_readDataAtIndex,readDataAtIndex,v0.27-mapping-expansion,logic-boolean,confirmed,javap member declaration retains descriptive LogicBoolean DSL name,
method,com/corrodinggames/rts/game/units/custom/logicBooleans/VariableScope$VariableDataNumberArray,(I)F,readNumberIndex,method_VariableScope$VariableDataNumberArray_readNumberIndex,readNumberIndex,v0.27-mapping-expansion,logic-boolean,confirmed,javap member declaration retains descriptive LogicBoolean DSL name,
method,com/corrodinggames/rts/game/units/custom/logicBooleans/VariableScope$VariableDataNumberArray,(Lcom/corrodinggames/rts/game/units/custom/logicBooleans/VariableScope$VariableData;I)V,setDataAtIndex,method_VariableScope$VariableDataNumberArray_setDataAtIndex,setDataAtIndex,v0.27-mapping-expansion,logic-boolean,confirmed,javap member declaration retains descriptive LogicBoolean DSL name,
method,com/corrodinggames/rts/game/units/custom/logicBooleans/VariableScope$VariableDataNumberArray,(IF)V,setNumberIndex,method_VariableScope$VariableDataNumberArray_setNumberIndex,setNumberIndex,v0.27-mapping-expansion,logic-boolean,confirmed,javap member declaration retains descriptive LogicBoolean DSL name,
method,com/corrodinggames/rts/game/units/custom/logicBooleans/VariableScope$VariableDataNumberArray,()V,shrink,method_VariableScope$VariableDataNumberArray_shrink,shrink,v0.27-mapping-expansion,logic-boolean,confirmed,javap member declaration retains descriptive LogicBoolean DSL name,
field,com/corrodinggames/rts/game/units/custom/logicBooleans/VariableScope$VariableDataString,Ljava/lang/String;,text,field_VariableScope$VariableDataString_text,text,v0.27-mapping-expansion,logic-boolean,confirmed,javap member declaration retains descriptive LogicBoolean DSL name,
method,com/corrodinggames/rts/game/units/custom/logicBooleans/VariableScope$VariableDataString,()Lcom/corrodinggames/rts/game/units/custom/logicBooleans/LogicBoolean$ReturnType;,getReturnType,method_VariableScope$VariableDataString_getReturnType,getReturnType,v0.27-mapping-expansion,logic-boolean,confirmed,javap member declaration retains descriptive LogicBoolean DSL name,
method,com/corrodinggames/rts/game/units/custom/logicBooleans/VariableScope$VariableDataString,(Lcom/corrodinggames/rts/game/units/y;)Ljava/lang/String;,readString,method_VariableScope$VariableDataString_readString,readString,v0.27-mapping-expansion,logic-boolean,confirmed,javap member declaration retains descriptive LogicBoolean DSL name,
field,com/corrodinggames/rts/game/units/custom/logicBooleans/VariableScope$VariableDataUnit,Lcom/corrodinggames/rts/game/units/am;,unit,field_VariableScope$VariableDataUnit_unit,unit,v0.27-mapping-expansion,logic-boolean,confirmed,javap member declaration retains descriptive LogicBoolean DSL name,
method,com/corrodinggames/rts/game/units/custom/logicBooleans/VariableScope$VariableDataUnit,()Lcom/corrodinggames/rts/game/units/custom/logicBooleans/LogicBoolean$ReturnType;,getReturnType,method_VariableScope$VariableDataUnit_getReturnType,getReturnType,v0.27-mapping-expansion,logic-boolean,confirmed,javap member declaration retains descriptive LogicBoolean DSL name,
method,com/corrodinggames/rts/game/units/custom/logicBooleans/VariableScope$VariableDataUnit,(Lcom/corrodinggames/rts/game/units/y;)Lcom/corrodinggames/rts/game/units/am;,readUnit,method_VariableScope$VariableDataUnit_readUnit,readUnit,v0.27-mapping-expansion,logic-boolean,confirmed,javap member declaration retains descriptive LogicBoolean DSL name,
field,com/corrodinggames/rts/game/units/custom/logicBooleans/VariableScope$VariableDataUnitArray,[Lcom/corrodinggames/rts/game/units/am;,dataArray,field_VariableScope$VariableDataUnitArray_dataArray,dataArray,v0.27-mapping-expansion,logic-boolean,confirmed,javap member declaration retains descriptive LogicBoolean DSL name,
method,com/corrodinggames/rts/game/units/custom/logicBooleans/VariableScope$VariableDataUnitArray,()Lcom/corrodinggames/rts/game/units/custom/logicBooleans/LogicBoolean$ReturnType;,getElementReturnType,method_VariableScope$VariableDataUnitArray_getElementReturnType,getElementReturnType,v0.27-mapping-expansion,logic-boolean,confirmed,javap member declaration retains descriptive LogicBoolean DSL name,
method,com/corrodinggames/rts/game/units/custom/logicBooleans/VariableScope$VariableDataUnitArray,()Lcom/corrodinggames/rts/game/units/custom/logicBooleans/LogicBoolean$ReturnType;,getReturnType,method_VariableScope$VariableDataUnitArray_getReturnType,getReturnType,v0.27-mapping-expansion,logic-boolean,confirmed,javap member declaration retains descriptive LogicBoolean DSL name,
method,com/corrodinggames/rts/game/units/custom/logicBooleans/VariableScope$VariableDataUnitArray,(I)Lcom/corrodinggames/rts/game/units/custom/logicBooleans/VariableScope$VariableData;,readDataAtIndex,method_VariableScope$VariableDataUnitArray_readDataAtIndex,readDataAtIndex,v0.27-mapping-expansion,logic-boolean,confirmed,javap member declaration retains descriptive LogicBoolean DSL name,
method,com/corrodinggames/rts/game/units/custom/logicBooleans/VariableScope$VariableDataUnitArray,(I)Lcom/corrodinggames/rts/game/units/am;,readUnitIndex,method_VariableScope$VariableDataUnitArray_readUnitIndex,readUnitIndex,v0.27-mapping-expansion,logic-boolean,confirmed,javap member declaration retains descriptive LogicBoolean DSL name,
method,com/corrodinggames/rts/game/units/custom/logicBooleans/VariableScope$VariableDataUnitArray,(Lcom/corrodinggames/rts/game/units/custom/logicBooleans/VariableScope$VariableData;I)V,setDataAtIndex,method_VariableScope$VariableDataUnitArray_setDataAtIndex,setDataAtIndex,v0.27-mapping-expansion,logic-boolean,confirmed,javap member declaration retains descriptive LogicBoolean DSL name,
method,com/corrodinggames/rts/game/units/custom/logicBooleans/VariableScope$VariableDataUnitArray,(ILcom/corrodinggames/rts/game/units/am;)V,setUnitIndex,method_VariableScope$VariableDataUnitArray_setUnitIndex,setUnitIndex,v0.27-mapping-expansion,logic-boolean,confirmed,javap member declaration retains descriptive LogicBoolean DSL name,
method,com/corrodinggames/rts/game/units/custom/logicBooleans/VariableScope$VariableDataUnitArray,()V,shrink,method_VariableScope$VariableDataUnitArray_shrink,shrink,v0.27-mapping-expansion,logic-boolean,confirmed,javap member declaration retains descriptive LogicBoolean DSL name,
field,com/corrodinggames/rts/game/units/custom/logicBooleans/VariableScope$VariableDefinition,Lcom/corrodinggames/rts/game/units/custom/logicBooleans/VariableScope$VariableName;,name,field_VariableScope$VariableDefinition_name,name,v0.27-mapping-expansion,logic-boolean,confirmed,javap member declaration retains descriptive LogicBoolean DSL name,
field,com/corrodinggames/rts/game/units/custom/logicBooleans/VariableScope$VariableDefinition,Lcom/corrodinggames/rts/game/units/custom/logicBooleans/LogicBoolean$ReturnType;,type,field_VariableScope$VariableDefinition_type,type,v0.27-mapping-expansion,logic-boolean,confirmed,javap member declaration retains descriptive LogicBoolean DSL name,
field,com/corrodinggames/rts/game/units/custom/logicBooleans/VariableScope$VariableMapping,Lcom/corrodinggames/rts/gameFramework/utility/m;,mapping,field_VariableScope$VariableMapping_mapping,mapping,v0.27-mapping-expansion,logic-boolean,confirmed,javap member declaration retains descriptive LogicBoolean DSL name,
field,com/corrodinggames/rts/game/units/custom/logicBooleans/VariableScope$VariableMapping,Lcom/corrodinggames/rts/game/units/custom/l;,meta,field_VariableScope$VariableMapping_meta,meta,v0.27-mapping-expansion,logic-boolean,confirmed,javap member declaration retains descriptive LogicBoolean DSL name,
method,com/corrodinggames/rts/game/units/custom/logicBooleans/VariableScope$VariableMapping,(Lcom/corrodinggames/rts/gameFramework/utility/ab;Lcom/corrodinggames/rts/game/units/custom/l;Ljava/lang/String;Ljava/lang/String;Ljava/lang/String;)V,addDefineKey,method_VariableScope$VariableMapping_addDefineKey,addDefineKey,v0.27-mapping-expansion,logic-boolean,confirmed,javap member declaration retains descriptive LogicBoolean DSL name,
method,com/corrodinggames/rts/game/units/custom/logicBooleans/VariableScope$VariableMapping,(Lcom/corrodinggames/rts/game/units/custom/l;Ljava/lang/String;Ljava/lang/String;Ljava/lang/String;)V,addDefineValue,method_VariableScope$VariableMapping_addDefineValue,addDefineValue,v0.27-mapping-expansion,logic-boolean,confirmed,javap member declaration retains descriptive LogicBoolean DSL name,
method,com/corrodinggames/rts/game/units/custom/logicBooleans/VariableScope$VariableMapping,(Lcom/corrodinggames/rts/game/units/custom/l;Ljava/lang/String;Ljava/lang/String;Ljava/lang/String;Ljava/lang/String;)V,addSingleDefine,method_VariableScope$VariableMapping_addSingleDefine,addSingleDefine,v0.27-mapping-expansion,logic-boolean,confirmed,javap member declaration retains descriptive LogicBoolean DSL name,
method,com/corrodinggames/rts/game/units/custom/logicBooleans/VariableScope$VariableMapping,(Ljava/lang/String;Ljava/lang/String;Ljava/lang/String;)V,checkNameReserved,method_VariableScope$VariableMapping_checkNameReserved,checkNameReserved,v0.27-mapping-expansion,logic-boolean,confirmed,javap member declaration retains descriptive LogicBoolean DSL name,
method,com/corrodinggames/rts/game/units/custom/logicBooleans/VariableScope$VariableMapping,(Ljava/lang/String;Lcom/corrodinggames/rts/game/units/custom/logicBooleans/LogicBoolean$ReturnType;)Lcom/corrodinggames/rts/game/units/custom/logicBooleans/VariableScope$VariableDefinition;,create,method_VariableScope$VariableMapping_create,create,v0.27-mapping-expansion,logic-boolean,confirmed,javap member declaration retains descriptive LogicBoolean DSL name,
method,com/corrodinggames/rts/game/units/custom/logicBooleans/VariableScope$VariableMapping,(Lcom/corrodinggames/rts/game/units/custom/l;Ljava/lang/String;)V,defineVariables,method_VariableScope$VariableMapping_defineVariables,defineVariables,v0.27-mapping-expansion,logic-boolean,confirmed,javap member declaration retains descriptive LogicBoolean DSL name,
method,com/corrodinggames/rts/game/units/custom/logicBooleans/VariableScope$VariableMapping,(Ljava/lang/String;Ljava/lang/String;Ljava/lang/String;)V,defineVariablesRaw,method_VariableScope$VariableMapping_defineVariablesRaw,defineVariablesRaw,v0.27-mapping-expansion,logic-boolean,confirmed,javap member declaration retains descriptive LogicBoolean DSL name,
method,com/corrodinggames/rts/game/units/custom/logicBooleans/VariableScope$VariableMapping,(Lcom/corrodinggames/rts/game/units/custom/logicBooleans/VariableScope$VariableName;)Lcom/corrodinggames/rts/game/units/custom/logicBooleans/VariableScope$VariableDefinition;,get,method_VariableScope$VariableMapping_get,get,v0.27-mapping-expansion,logic-boolean,confirmed,javap member declaration retains descriptive LogicBoolean DSL name,
method,com/corrodinggames/rts/game/units/custom/logicBooleans/VariableScope$VariableMapping,(Ljava/lang/String;)Lcom/corrodinggames/rts/game/units/custom/logicBooleans/VariableScope$VariableDefinition;,get,method_VariableScope$VariableMapping_get,get,v0.27-mapping-expansion,logic-boolean,confirmed,javap member declaration retains descriptive LogicBoolean DSL name,
method,com/corrodinggames/rts/game/units/custom/logicBooleans/VariableScope$VariableMapping,()Ljava/lang/String;,getListOfPossibleNames,method_VariableScope$VariableMapping_getListOfPossibleNames,getListOfPossibleNames,v0.27-mapping-expansion,logic-boolean,confirmed,javap member declaration retains descriptive LogicBoolean DSL name,
method,com/corrodinggames/rts/game/units/custom/logicBooleans/VariableScope$VariableMapping,()Z,hasArrays,method_VariableScope$VariableMapping_hasArrays,hasArrays,v0.27-mapping-expansion,logic-boolean,confirmed,javap member declaration retains descriptive LogicBoolean DSL name,
field,com/corrodinggames/rts/game/units/custom/logicBooleans/VariableScope$VariableName,Ljava/util/HashMap;,existingVariableName,field_VariableScope$VariableName_existingVariableName,existingVariableName,v0.27-mapping-expansion,logic-boolean,confirmed,javap member declaration retains descriptive LogicBoolean DSL name,
method,com/corrodinggames/rts/game/units/custom/logicBooleans/VariableScope$VariableName,(Lcom/corrodinggames/rts/game/units/custom/logicBooleans/VariableScope$VariableName;)Ljava/lang/String;,access$000,method_VariableScope$VariableName_access_000,access$000,v0.27-mapping-expansion,logic-boolean,confirmed,javap member declaration retains descriptive LogicBoolean DSL name,
method,com/corrodinggames/rts/game/units/custom/logicBooleans/VariableScope$VariableName,(Ljava/lang/String;)Lcom/corrodinggames/rts/game/units/custom/logicBooleans/VariableScope$VariableName;,get,method_VariableScope$VariableName_get,get,v0.27-mapping-expansion,logic-boolean,confirmed,javap member declaration retains descriptive LogicBoolean DSL name,
method,com/corrodinggames/rts/game/units/custom/logicBooleans/VariableScope$VariableName,(Ljava/lang/String;)Lcom/corrodinggames/rts/game/units/custom/logicBooleans/VariableScope$VariableName;,getExistingOrNull,method_VariableScope$VariableName_getExistingOrNull,getExistingOrNull,v0.27-mapping-expansion,logic-boolean,confirmed,javap member declaration retains descriptive LogicBoolean DSL name,
method,com/corrodinggames/rts/game/units/custom/logicBooleans/VariableScope$VariableName,()Ljava/lang/String;,getId,method_VariableScope$VariableName_getId,getId,v0.27-mapping-expansion,logic-boolean,confirmed,javap member declaration retains descriptive LogicBoolean DSL name,
method,com/corrodinggames/rts/game/units/custom/logicBooleans/VariableScope$VariableName,()Ljava/lang/String;,toString,method_VariableScope$VariableName_toString,toString,v0.27-mapping-expansion,logic-boolean,confirmed,javap member declaration retains descriptive LogicBoolean DSL name,
