kind,owner_official,descriptor,official_name,intermediary_name,named_name,source,category,confidence,evidence,notes
class,com/corrodinggames/rts/game/units/a/d,,,rw/unit/action/internal/Obf_a_d,rustedwarfare/unit/action/internal/Obf_a_d,v0.42-runtime-action-command-family,runtime-action-command,low-generic-owner,class row required so propagated UnitAction override methods enter Tiny mapping,Conservative generic action owner name; semantic class name intentionally not guessed.
class,com/corrodinggames/rts/game/units/a/e,,,rw/unit/action/internal/Obf_a_e,rustedwarfare/unit/action/internal/Obf_a_e,v0.42-runtime-action-command-family,runtime-action-command,low-generic-owner,class row required so propagated UnitAction override methods enter Tiny mapping,Conservative generic action owner name; semantic class name intentionally not guessed.
class,com/corrodinggames/rts/game/units/a/f,,,rw/unit/action/internal/Obf_a_f,rustedwarfare/unit/action/internal/Obf_a_f,v0.42-runtime-action-command-family,runtime-action-command,low-generic-owner,class row required so propagated UnitAction override methods enter Tiny mapping,Conservative generic action owner name; semantic class name intentionally not guessed.
class,com/corrodinggames/rts/game/units/a/g,,,rw/unit/action/internal/Obf_a_g,rustedwarfare/unit/action/internal/Obf_a_g,v0.42-runtime-action-command-family,runtime-action-command,low-generic-owner,class row required so propagated UnitAction override methods enter Tiny mapping,Conservative generic action owner name; semantic class name intentionally not guessed.
class,com/corrodinggames/rts/game/units/a/h,,,rw/unit/action/internal/Obf_a_h,rustedwarfare/unit/action/internal/Obf_a_h,v0.42-runtime-action-command-family,runtime-action-command,low-generic-owner,class row required so propagated UnitAction override methods enter Tiny mapping,Conservative generic action owner name; semantic class name intentionally not guessed.
class,com/corrodinggames/rts/game/units/a/i,,,rw/unit/action/internal/Obf_a_i,rustedwarfare/unit/action/internal/Obf_a_i,v0.42-runtime-action-command-family,runtime-action-command,low-generic-owner,class row required so propagated UnitAction override methods enter Tiny mapping,Conservative generic action owner name; semantic class name intentionally not guessed.
class,com/corrodinggames/rts/game/units/a/j,,,rw/unit/action/internal/Obf_a_j,rustedwarfare/unit/action/internal/Obf_a_j,v0.42-runtime-action-command-family,runtime-action-command,low-generic-owner,class row required so propagated UnitAction override methods enter Tiny mapping,Conservative generic action owner name; semantic class name intentionally not guessed.
class,com/corrodinggames/rts/game/units/a/p,,,rw/unit/action/internal/Obf_a_p,rustedwarfare/unit/action/internal/Obf_a_p,v0.42-runtime-action-command-family,runtime-action-command,low-generic-owner,class row required so propagated UnitAction override methods enter Tiny mapping,Conservative generic action owner name; semantic class name intentionally not guessed.
class,com/corrodinggames/rts/game/units/a/q,,,rw/unit/action/internal/Obf_a_q,rustedwarfare/unit/action/internal/Obf_a_q,v0.42-runtime-action-command-family,runtime-action-command,low-generic-owner,class row required so propagated UnitAction override methods enter Tiny mapping,Conservative generic action owner name; semantic class name intentionally not guessed.
class,com/corrodinggames/rts/game/units/a/r,,,rw/unit/action/internal/Obf_a_r,rustedwarfare/unit/action/internal/Obf_a_r,v0.42-runtime-action-command-family,runtime-action-command,low-generic-owner,class row required so propagated UnitAction override methods enter Tiny mapping,Conservative generic action owner name; semantic class name intentionally not guessed.
class,com/corrodinggames/rts/game/units/a/x,,,rw/unit/action/internal/Obf_a_x,rustedwarfare/unit/action/internal/Obf_a_x,v0.42-runtime-action-command-family,runtime-action-command,low-generic-owner,class row required so propagated UnitAction override methods enter Tiny mapping,Conservative generic action owner name; semantic class name intentionally not guessed.
class,com/corrodinggames/rts/game/units/a/y,,,rw/unit/action/internal/Obf_a_y,rustedwarfare/unit/action/internal/Obf_a_y,v0.42-runtime-action-command-family,runtime-action-command,low-generic-owner,class row required so propagated UnitAction override methods enter Tiny mapping,Conservative generic action owner name; semantic class name intentionally not guessed.
class,com/corrodinggames/rts/game/units/a/z,,,rw/unit/action/internal/Obf_a_z,rustedwarfare/unit/action/internal/Obf_a_z,v0.42-runtime-action-command-family,runtime-action-command,low-generic-owner,class row required so propagated UnitAction override methods enter Tiny mapping,Conservative generic action owner name; semantic class name intentionally not guessed.
class,com/corrodinggames/rts/game/units/b/c$1,,,rw/unit/action/internal/Obf_b_c_1,rustedwarfare/unit/action/internal/Obf_b_c_1,v0.42-runtime-action-command-family,runtime-action-command,low-generic-owner,class row required so propagated UnitAction override methods enter Tiny mapping,Conservative generic action owner name; semantic class name intentionally not guessed.
class,com/corrodinggames/rts/game/units/b/c$2,,,rw/unit/action/internal/Obf_b_c_2,rustedwarfare/unit/action/internal/Obf_b_c_2,v0.42-runtime-action-command-family,runtime-action-command,low-generic-owner,class row required so propagated UnitAction override methods enter Tiny mapping,Conservative generic action owner name; semantic class name intentionally not guessed.
class,com/corrodinggames/rts/game/units/b/d$1,,,rw/unit/action/internal/Obf_b_d_1,rustedwarfare/unit/action/internal/Obf_b_d_1,v0.42-runtime-action-command-family,runtime-action-command,low-generic-owner,class row required so propagated UnitAction override methods enter Tiny mapping,Conservative generic action owner name; semantic class name intentionally not guessed.
class,com/corrodinggames/rts/game/units/b/d$2,,,rw/unit/action/internal/Obf_b_d_2,rustedwarfare/unit/action/internal/Obf_b_d_2,v0.42-runtime-action-command-family,runtime-action-command,low-generic-owner,class row required so propagated UnitAction override methods enter Tiny mapping,Conservative generic action owner name; semantic class name intentionally not guessed.
class,com/corrodinggames/rts/game/units/d/a/a$1,,,rw/unit/action/internal/Obf_d_a_a_1,rustedwarfare/unit/action/internal/Obf_d_a_a_1,v0.42-runtime-action-command-family,runtime-action-command,low-generic-owner,class row required so propagated UnitAction override methods enter Tiny mapping,Conservative generic action owner name; semantic class name intentionally not guessed.
class,com/corrodinggames/rts/game/units/d/a/b$1,,,rw/unit/action/internal/Obf_d_a_b_1,rustedwarfare/unit/action/internal/Obf_d_a_b_1,v0.42-runtime-action-command-family,runtime-action-command,low-generic-owner,class row required so propagated UnitAction override methods enter Tiny mapping,Conservative generic action owner name; semantic class name intentionally not guessed.
class,com/corrodinggames/rts/game/units/d/a/b$2,,,rw/unit/action/internal/Obf_d_a_b_2,rustedwarfare/unit/action/internal/Obf_d_a_b_2,v0.42-runtime-action-command-family,runtime-action-command,low-generic-owner,class row required so propagated UnitAction override methods enter Tiny mapping,Conservative generic action owner name; semantic class name intentionally not guessed.
class,com/corrodinggames/rts/game/units/d/a/b$3,,,rw/unit/action/internal/Obf_d_a_b_3,rustedwarfare/unit/action/internal/Obf_d_a_b_3,v0.42-runtime-action-command-family,runtime-action-command,low-generic-owner,class row required so propagated UnitAction override methods enter Tiny mapping,Conservative generic action owner name; semantic class name intentionally not guessed.
class,com/corrodinggames/rts/game/units/d/a/b$4,,,rw/unit/action/internal/Obf_d_a_b_4,rustedwarfare/unit/action/internal/Obf_d_a_b_4,v0.42-runtime-action-command-family,runtime-action-command,low-generic-owner,class row required so propagated UnitAction override methods enter Tiny mapping,Conservative generic action owner name; semantic class name intentionally not guessed.
class,com/corrodinggames/rts/game/units/d/b,,,rw/unit/action/internal/Obf_d_b,rustedwarfare/unit/action/internal/Obf_d_b,v0.42-runtime-action-command-family,runtime-action-command,low-generic-owner,class row required so propagated UnitAction override methods enter Tiny mapping,Conservative generic action owner name; semantic class name intentionally not guessed.
class,com/corrodinggames/rts/game/units/d/c$1,,,rw/unit/action/internal/Obf_d_c_1,rustedwarfare/unit/action/internal/Obf_d_c_1,v0.42-runtime-action-command-family,runtime-action-command,low-generic-owner,class row required so propagated UnitAction override methods enter Tiny mapping,Conservative generic action owner name; semantic class name intentionally not guessed.
class,com/corrodinggames/rts/game/units/d/c$2,,,rw/unit/action/internal/Obf_d_c_2,rustedwarfare/unit/action/internal/Obf_d_c_2,v0.42-runtime-action-command-family,runtime-action-command,low-generic-owner,class row required so propagated UnitAction override methods enter Tiny mapping,Conservative generic action owner name; semantic class name intentionally not guessed.
class,com/corrodinggames/rts/game/units/d/f$1,,,rw/unit/action/internal/Obf_d_f_1,rustedwarfare/unit/action/internal/Obf_d_f_1,v0.42-runtime-action-command-family,runtime-action-command,low-generic-owner,class row required so propagated UnitAction override methods enter Tiny mapping,Conservative generic action owner name; semantic class name intentionally not guessed.
class,com/corrodinggames/rts/game/units/d/g$1,,,rw/unit/action/internal/Obf_d_g_1,rustedwarfare/unit/action/internal/Obf_d_g_1,v0.42-runtime-action-command-family,runtime-action-command,low-generic-owner,class row required so propagated UnitAction override methods enter Tiny mapping,Conservative generic action owner name; semantic class name intentionally not guessed.
class,com/corrodinggames/rts/game/units/d/g$2,,,rw/unit/action/internal/Obf_d_g_2,rustedwarfare/unit/action/internal/Obf_d_g_2,v0.42-runtime-action-command-family,runtime-action-command,low-generic-owner,class row required so propagated UnitAction override methods enter Tiny mapping,Conservative generic action owner name; semantic class name intentionally not guessed.
class,com/corrodinggames/rts/game/units/d/h$1,,,rw/unit/action/internal/Obf_d_h_1,rustedwarfare/unit/action/internal/Obf_d_h_1,v0.42-runtime-action-command-family,runtime-action-command,low-generic-owner,class row required so propagated UnitAction override methods enter Tiny mapping,Conservative generic action owner name; semantic class name intentionally not guessed.
class,com/corrodinggames/rts/game/units/d/h$2,,,rw/unit/action/internal/Obf_d_h_2,rustedwarfare/unit/action/internal/Obf_d_h_2,v0.42-runtime-action-command-family,runtime-action-command,low-generic-owner,class row required so propagated UnitAction override methods enter Tiny mapping,Conservative generic action owner name; semantic class name intentionally not guessed.
class,com/corrodinggames/rts/game/units/d/n,,,rw/unit/action/internal/Obf_d_n,rustedwarfare/unit/action/internal/Obf_d_n,v0.42-runtime-action-command-family,runtime-action-command,low-generic-owner,class row required so propagated UnitAction override methods enter Tiny mapping,Conservative generic action owner name; semantic class name intentionally not guessed.
class,com/corrodinggames/rts/game/units/d/p$1,,,rw/unit/action/internal/Obf_d_p_1,rustedwarfare/unit/action/internal/Obf_d_p_1,v0.42-runtime-action-command-family,runtime-action-command,low-generic-owner,class row required so propagated UnitAction override methods enter Tiny mapping,Conservative generic action owner name; semantic class name intentionally not guessed.
class,com/corrodinggames/rts/game/units/d/q$1,,,rw/unit/action/internal/Obf_d_q_1,rustedwarfare/unit/action/internal/Obf_d_q_1,v0.42-runtime-action-command-family,runtime-action-command,low-generic-owner,class row required so propagated UnitAction override methods enter Tiny mapping,Conservative generic action owner name; semantic class name intentionally not guessed.
class,com/corrodinggames/rts/game/units/d/q$2,,,rw/unit/action/internal/Obf_d_q_2,rustedwarfare/unit/action/internal/Obf_d_q_2,v0.42-runtime-action-command-family,runtime-action-command,low-generic-owner,class row required so propagated UnitAction override methods enter Tiny mapping,Conservative generic action owner name; semantic class name intentionally not guessed.
class,com/corrodinggames/rts/game/units/d/u,,,rw/unit/action/internal/Obf_d_u,rustedwarfare/unit/action/internal/Obf_d_u,v0.42-runtime-action-command-family,runtime-action-command,low-generic-owner,class row required so propagated UnitAction override methods enter Tiny mapping,Conservative generic action owner name; semantic class name intentionally not guessed.
class,com/corrodinggames/rts/game/units/d/v$1,,,rw/unit/action/internal/Obf_d_v_1,rustedwarfare/unit/action/internal/Obf_d_v_1,v0.42-runtime-action-command-family,runtime-action-command,low-generic-owner,class row required so propagated UnitAction override methods enter Tiny mapping,Conservative generic action owner name; semantic class name intentionally not guessed.
class,com/corrodinggames/rts/game/units/e/i$1,,,rw/unit/action/internal/Obf_e_i_1,rustedwarfare/unit/action/internal/Obf_e_i_1,v0.42-runtime-action-command-family,runtime-action-command,low-generic-owner,class row required so propagated UnitAction override methods enter Tiny mapping,Conservative generic action owner name; semantic class name intentionally not guessed.
class,com/corrodinggames/rts/game/units/e/i$2,,,rw/unit/action/internal/Obf_e_i_2,rustedwarfare/unit/action/internal/Obf_e_i_2,v0.42-runtime-action-command-family,runtime-action-command,low-generic-owner,class row required so propagated UnitAction override methods enter Tiny mapping,Conservative generic action owner name; semantic class name intentionally not guessed.
class,com/corrodinggames/rts/game/units/h$1,,,rw/unit/action/internal/Obf_h_1,rustedwarfare/unit/action/internal/Obf_h_1,v0.42-runtime-action-command-family,runtime-action-command,low-generic-owner,class row required so propagated UnitAction override methods enter Tiny mapping,Conservative generic action owner name; semantic class name intentionally not guessed.
class,com/corrodinggames/rts/game/units/h$10,,,rw/unit/action/internal/Obf_h_10,rustedwarfare/unit/action/internal/Obf_h_10,v0.42-runtime-action-command-family,runtime-action-command,low-generic-owner,class row required so propagated UnitAction override methods enter Tiny mapping,Conservative generic action owner name; semantic class name intentionally not guessed.
class,com/corrodinggames/rts/game/units/h$11,,,rw/unit/action/internal/Obf_h_11,rustedwarfare/unit/action/internal/Obf_h_11,v0.42-runtime-action-command-family,runtime-action-command,low-generic-owner,class row required so propagated UnitAction override methods enter Tiny mapping,Conservative generic action owner name; semantic class name intentionally not guessed.
class,com/corrodinggames/rts/game/units/h$12,,,rw/unit/action/internal/Obf_h_12,rustedwarfare/unit/action/internal/Obf_h_12,v0.42-runtime-action-command-family,runtime-action-command,low-generic-owner,class row required so propagated UnitAction override methods enter Tiny mapping,Conservative generic action owner name; semantic class name intentionally not guessed.
class,com/corrodinggames/rts/game/units/h$13,,,rw/unit/action/internal/Obf_h_13,rustedwarfare/unit/action/internal/Obf_h_13,v0.42-runtime-action-command-family,runtime-action-command,low-generic-owner,class row required so propagated UnitAction override methods enter Tiny mapping,Conservative generic action owner name; semantic class name intentionally not guessed.
class,com/corrodinggames/rts/game/units/h$14,,,rw/unit/action/internal/Obf_h_14,rustedwarfare/unit/action/internal/Obf_h_14,v0.42-runtime-action-command-family,runtime-action-command,low-generic-owner,class row required so propagated UnitAction override methods enter Tiny mapping,Conservative generic action owner name; semantic class name intentionally not guessed.
class,com/corrodinggames/rts/game/units/h$17,,,rw/unit/action/internal/Obf_h_17,rustedwarfare/unit/action/internal/Obf_h_17,v0.42-runtime-action-command-family,runtime-action-command,low-generic-owner,class row required so propagated UnitAction override methods enter Tiny mapping,Conservative generic action owner name; semantic class name intentionally not guessed.
class,com/corrodinggames/rts/game/units/h$18,,,rw/unit/action/internal/Obf_h_18,rustedwarfare/unit/action/internal/Obf_h_18,v0.42-runtime-action-command-family,runtime-action-command,low-generic-owner,class row required so propagated UnitAction override methods enter Tiny mapping,Conservative generic action owner name; semantic class name intentionally not guessed.
class,com/corrodinggames/rts/game/units/h$19,,,rw/unit/action/internal/Obf_h_19,rustedwarfare/unit/action/internal/Obf_h_19,v0.42-runtime-action-command-family,runtime-action-command,low-generic-owner,class row required so propagated UnitAction override methods enter Tiny mapping,Conservative generic action owner name; semantic class name intentionally not guessed.
class,com/corrodinggames/rts/game/units/h$2,,,rw/unit/action/internal/Obf_h_2,rustedwarfare/unit/action/internal/Obf_h_2,v0.42-runtime-action-command-family,runtime-action-command,low-generic-owner,class row required so propagated UnitAction override methods enter Tiny mapping,Conservative generic action owner name; semantic class name intentionally not guessed.
class,com/corrodinggames/rts/game/units/h$20,,,rw/unit/action/internal/Obf_h_20,rustedwarfare/unit/action/internal/Obf_h_20,v0.42-runtime-action-command-family,runtime-action-command,low-generic-owner,class row required so propagated UnitAction override methods enter Tiny mapping,Conservative generic action owner name; semantic class name intentionally not guessed.
class,com/corrodinggames/rts/game/units/h$21,,,rw/unit/action/internal/Obf_h_21,rustedwarfare/unit/action/internal/Obf_h_21,v0.42-runtime-action-command-family,runtime-action-command,low-generic-owner,class row required so propagated UnitAction override methods enter Tiny mapping,Conservative generic action owner name; semantic class name intentionally not guessed.
class,com/corrodinggames/rts/game/units/h$22,,,rw/unit/action/internal/Obf_h_22,rustedwarfare/unit/action/internal/Obf_h_22,v0.42-runtime-action-command-family,runtime-action-command,low-generic-owner,class row required so propagated UnitAction override methods enter Tiny mapping,Conservative generic action owner name; semantic class name intentionally not guessed.
class,com/corrodinggames/rts/game/units/h$23,,,rw/unit/action/internal/Obf_h_23,rustedwarfare/unit/action/internal/Obf_h_23,v0.42-runtime-action-command-family,runtime-action-command,low-generic-owner,class row required so propagated UnitAction override methods enter Tiny mapping,Conservative generic action owner name; semantic class name intentionally not guessed.
class,com/corrodinggames/rts/game/units/h$3,,,rw/unit/action/internal/Obf_h_3,rustedwarfare/unit/action/internal/Obf_h_3,v0.42-runtime-action-command-family,runtime-action-command,low-generic-owner,class row required so propagated UnitAction override methods enter Tiny mapping,Conservative generic action owner name; semantic class name intentionally not guessed.
class,com/corrodinggames/rts/game/units/h$4,,,rw/unit/action/internal/Obf_h_4,rustedwarfare/unit/action/internal/Obf_h_4,v0.42-runtime-action-command-family,runtime-action-command,low-generic-owner,class row required so propagated UnitAction override methods enter Tiny mapping,Conservative generic action owner name; semantic class name intentionally not guessed.
class,com/corrodinggames/rts/game/units/h$5,,,rw/unit/action/internal/Obf_h_5,rustedwarfare/unit/action/internal/Obf_h_5,v0.42-runtime-action-command-family,runtime-action-command,low-generic-owner,class row required so propagated UnitAction override methods enter Tiny mapping,Conservative generic action owner name; semantic class name intentionally not guessed.
class,com/corrodinggames/rts/game/units/h$6,,,rw/unit/action/internal/Obf_h_6,rustedwarfare/unit/action/internal/Obf_h_6,v0.42-runtime-action-command-family,runtime-action-command,low-generic-owner,class row required so propagated UnitAction override methods enter Tiny mapping,Conservative generic action owner name; semantic class name intentionally not guessed.
class,com/corrodinggames/rts/game/units/h$7,,,rw/unit/action/internal/Obf_h_7,rustedwarfare/unit/action/internal/Obf_h_7,v0.42-runtime-action-command-family,runtime-action-command,low-generic-owner,class row required so propagated UnitAction override methods enter Tiny mapping,Conservative generic action owner name; semantic class name intentionally not guessed.
class,com/corrodinggames/rts/game/units/h$8,,,rw/unit/action/internal/Obf_h_8,rustedwarfare/unit/action/internal/Obf_h_8,v0.42-runtime-action-command-family,runtime-action-command,low-generic-owner,class row required so propagated UnitAction override methods enter Tiny mapping,Conservative generic action owner name; semantic class name intentionally not guessed.
class,com/corrodinggames/rts/game/units/h$9,,,rw/unit/action/internal/Obf_h_9,rustedwarfare/unit/action/internal/Obf_h_9,v0.42-runtime-action-command-family,runtime-action-command,low-generic-owner,class row required so propagated UnitAction override methods enter Tiny mapping,Conservative generic action owner name; semantic class name intentionally not guessed.
class,com/corrodinggames/rts/game/units/h/e$1,,,rw/unit/action/internal/Obf_h_e_1,rustedwarfare/unit/action/internal/Obf_h_e_1,v0.42-runtime-action-command-family,runtime-action-command,low-generic-owner,class row required so propagated UnitAction override methods enter Tiny mapping,Conservative generic action owner name; semantic class name intentionally not guessed.
class,com/corrodinggames/rts/game/units/h/e$2,,,rw/unit/action/internal/Obf_h_e_2,rustedwarfare/unit/action/internal/Obf_h_e_2,v0.42-runtime-action-command-family,runtime-action-command,low-generic-owner,class row required so propagated UnitAction override methods enter Tiny mapping,Conservative generic action owner name; semantic class name intentionally not guessed.
class,com/corrodinggames/rts/game/units/i,,,rw/unit/action/internal/Obf_i,rustedwarfare/unit/action/internal/Obf_i,v0.42-runtime-action-command-family,runtime-action-command,low-generic-owner,class row required so propagated UnitAction override methods enter Tiny mapping,Conservative generic action owner name; semantic class name intentionally not guessed.
class,com/corrodinggames/rts/game/units/j,,,rw/unit/action/internal/Obf_j,rustedwarfare/unit/action/internal/Obf_j,v0.42-runtime-action-command-family,runtime-action-command,low-generic-owner,class row required so propagated UnitAction override methods enter Tiny mapping,Conservative generic action owner name; semantic class name intentionally not guessed.
class,com/corrodinggames/rts/game/units/k,,,rw/unit/action/internal/Obf_k,rustedwarfare/unit/action/internal/Obf_k,v0.42-runtime-action-command-family,runtime-action-command,low-generic-owner,class row required so propagated UnitAction override methods enter Tiny mapping,Conservative generic action owner name; semantic class name intentionally not guessed.
class,com/corrodinggames/rts/game/units/l,,,rw/unit/action/internal/Obf_l,rustedwarfare/unit/action/internal/Obf_l,v0.42-runtime-action-command-family,runtime-action-command,low-generic-owner,class row required so propagated UnitAction override methods enter Tiny mapping,Conservative generic action owner name; semantic class name intentionally not guessed.
class,com/corrodinggames/rts/game/units/m,,,rw/unit/action/internal/Obf_m,rustedwarfare/unit/action/internal/Obf_m,v0.42-runtime-action-command-family,runtime-action-command,low-generic-owner,class row required so propagated UnitAction override methods enter Tiny mapping,Conservative generic action owner name; semantic class name intentionally not guessed.
class,com/corrodinggames/rts/game/units/q,,,rw/unit/action/internal/Obf_q,rustedwarfare/unit/action/internal/Obf_q,v0.42-runtime-action-command-family,runtime-action-command,low-generic-owner,class row required so propagated UnitAction override methods enter Tiny mapping,Conservative generic action owner name; semantic class name intentionally not guessed.
method,com/corrodinggames/rts/game/units/a/d,(Lcom/corrodinggames/rts/game/units/am;Z)I,b,method_Obf_a_d_getDisplayQueueCount,getDisplayQueueCount,v0.42-runtime-action-command-family,runtime-action-command,override-family-propagated,overrides mapped action method com/corrodinggames/rts/game/units/a/s.b(Lcom/corrodinggames/rts/game/units/am;Z)I -> getDisplayQueueCount,Hierarchy-safe propagation to avoid UnitAction/QueueableUnitAction partial named override coverage.
method,com/corrodinggames/rts/game/units/a/d,()I,c,method_Obf_a_d_getCreditCost,getCreditCost,v0.42-runtime-action-command-family,runtime-action-command,override-family-propagated,overrides mapped action method com/corrodinggames/rts/game/units/a/s.c()I -> getCreditCost,Hierarchy-safe propagation to avoid UnitAction/QueueableUnitAction partial named override coverage.
method,com/corrodinggames/rts/game/units/a/d,()Lcom/corrodinggames/rts/game/units/a/u;,e,method_Obf_a_d_getActionCommandType,getActionCommandType,v0.42-runtime-action-command-family,runtime-action-command,override-family-propagated,overrides mapped action method com/corrodinggames/rts/game/units/a/s.e()Lcom/corrodinggames/rts/game/units/a/u; -> getActionCommandType,Hierarchy-safe propagation to avoid UnitAction/QueueableUnitAction partial named override coverage.
method,com/corrodinggames/rts/game/units/a/d,()Lcom/corrodinggames/rts/game/units/a/t;,f,method_Obf_a_d_getDisplayType,getDisplayType,v0.42-runtime-action-command-family,runtime-action-command,override-family-propagated,overrides mapped action method com/corrodinggames/rts/game/units/a/s.f()Lcom/corrodinggames/rts/game/units/a/t; -> getDisplayType,Hierarchy-safe propagation to avoid UnitAction/QueueableUnitAction partial named override coverage.
method,com/corrodinggames/rts/game/units/a/d,()Z,g,method_Obf_a_d_isBuildAction,isBuildAction,v0.42-runtime-action-command-family,runtime-action-command,override-family-propagated,overrides mapped action method com/corrodinggames/rts/game/units/a/s.g()Z -> isBuildAction,Hierarchy-safe propagation to avoid UnitAction/QueueableUnitAction partial named override coverage.
method,com/corrodinggames/rts/game/units/a/d,()Ljava/lang/String;,a,method_Obf_a_d_getDescription,getDescription,v0.42-runtime-action-command-family,runtime-action-command,override-family-propagated,overrides mapped action method com/corrodinggames/rts/game/units/a/s.a()Ljava/lang/String; -> getDescription,Hierarchy-safe propagation to avoid UnitAction/QueueableUnitAction partial named override coverage.
method,com/corrodinggames/rts/game/units/a/d,()Ljava/lang/String;,b,method_Obf_a_d_getText,getText,v0.42-runtime-action-command-family,runtime-action-command,override-family-propagated,overrides mapped action method com/corrodinggames/rts/game/units/a/s.b()Ljava/lang/String; -> getText,Hierarchy-safe propagation to avoid UnitAction/QueueableUnitAction partial named override coverage.
method,com/corrodinggames/rts/game/units/a/d,()Z,h_,method_Obf_a_d_shouldShowText,shouldShowText,v0.42-runtime-action-command-family,runtime-action-command,override-family-propagated,overrides mapped action method com/corrodinggames/rts/game/units/a/s.h_()Z -> shouldShowText,Hierarchy-safe propagation to avoid UnitAction/QueueableUnitAction partial named override coverage.
method,com/corrodinggames/rts/game/units/a/d,(Lcom/corrodinggames/rts/game/units/am;)Z,b,method_Obf_a_d_isVisible,isVisible,v0.42-runtime-action-command-family,runtime-action-command,override-family-propagated,overrides mapped action method com/corrodinggames/rts/game/units/a/s.b(Lcom/corrodinggames/rts/game/units/am;)Z -> isVisible,Hierarchy-safe propagation to avoid UnitAction/QueueableUnitAction partial named override coverage.
method,com/corrodinggames/rts/game/units/a/d,()Ljava/lang/String;,d,method_Obf_a_d_getDisplayTextWithCount,getDisplayTextWithCount,v0.42-runtime-action-command-family,runtime-action-command,override-family-propagated,overrides mapped action method com/corrodinggames/rts/game/units/a/s.d()Ljava/lang/String; -> getDisplayTextWithCount,Hierarchy-safe propagation to avoid UnitAction/QueueableUnitAction partial named override coverage.
method,com/corrodinggames/rts/game/units/a/d,()Lcom/corrodinggames/rts/game/units/as;,i,method_Obf_a_d_getBuildUnitType,getBuildUnitType,v0.42-runtime-action-command-family,runtime-action-command,override-family-propagated,overrides mapped action method com/corrodinggames/rts/game/units/a/s.i()Lcom/corrodinggames/rts/game/units/as; -> getBuildUnitType,Hierarchy-safe propagation to avoid UnitAction/QueueableUnitAction partial named override coverage.
method,com/corrodinggames/rts/game/units/a/e,(Lcom/corrodinggames/rts/game/units/am;Z)I,b,method_Obf_a_e_getDisplayQueueCount,getDisplayQueueCount,v0.42-runtime-action-command-family,runtime-action-command,override-family-propagated,overrides mapped action method com/corrodinggames/rts/game/units/a/s.b(Lcom/corrodinggames/rts/game/units/am;Z)I -> getDisplayQueueCount,Hierarchy-safe propagation to avoid UnitAction/QueueableUnitAction partial named override coverage.
method,com/corrodinggames/rts/game/units/a/e,()I,c,method_Obf_a_e_getCreditCost,getCreditCost,v0.42-runtime-action-command-family,runtime-action-command,override-family-propagated,overrides mapped action method com/corrodinggames/rts/game/units/a/s.c()I -> getCreditCost,Hierarchy-safe propagation to avoid UnitAction/QueueableUnitAction partial named override coverage.
method,com/corrodinggames/rts/game/units/a/e,()Lcom/corrodinggames/rts/game/units/a/u;,e,method_Obf_a_e_getActionCommandType,getActionCommandType,v0.42-runtime-action-command-family,runtime-action-command,override-family-propagated,overrides mapped action method com/corrodinggames/rts/game/units/a/s.e()Lcom/corrodinggames/rts/game/units/a/u; -> getActionCommandType,Hierarchy-safe propagation to avoid UnitAction/QueueableUnitAction partial named override coverage.
method,com/corrodinggames/rts/game/units/a/e,()Lcom/corrodinggames/rts/game/units/a/t;,f,method_Obf_a_e_getDisplayType,getDisplayType,v0.42-runtime-action-command-family,runtime-action-command,override-family-propagated,overrides mapped action method com/corrodinggames/rts/game/units/a/s.f()Lcom/corrodinggames/rts/game/units/a/t; -> getDisplayType,Hierarchy-safe propagation to avoid UnitAction/QueueableUnitAction partial named override coverage.
method,com/corrodinggames/rts/game/units/a/e,()Z,g,method_Obf_a_e_isBuildAction,isBuildAction,v0.42-runtime-action-command-family,runtime-action-command,override-family-propagated,overrides mapped action method com/corrodinggames/rts/game/units/a/s.g()Z -> isBuildAction,Hierarchy-safe propagation to avoid UnitAction/QueueableUnitAction partial named override coverage.
method,com/corrodinggames/rts/game/units/a/e,()Ljava/lang/String;,a,method_Obf_a_e_getDescription,getDescription,v0.42-runtime-action-command-family,runtime-action-command,override-family-propagated,overrides mapped action method com/corrodinggames/rts/game/units/a/s.a()Ljava/lang/String; -> getDescription,Hierarchy-safe propagation to avoid UnitAction/QueueableUnitAction partial named override coverage.
method,com/corrodinggames/rts/game/units/a/e,()Ljava/lang/String;,b,method_Obf_a_e_getText,getText,v0.42-runtime-action-command-family,runtime-action-command,override-family-propagated,overrides mapped action method com/corrodinggames/rts/game/units/a/s.b()Ljava/lang/String; -> getText,Hierarchy-safe propagation to avoid UnitAction/QueueableUnitAction partial named override coverage.
method,com/corrodinggames/rts/game/units/a/e,()Z,h_,method_Obf_a_e_shouldShowText,shouldShowText,v0.42-runtime-action-command-family,runtime-action-command,override-family-propagated,overrides mapped action method com/corrodinggames/rts/game/units/a/s.h_()Z -> shouldShowText,Hierarchy-safe propagation to avoid UnitAction/QueueableUnitAction partial named override coverage.
method,com/corrodinggames/rts/game/units/a/e,()Lcom/corrodinggames/rts/game/units/as;,i,method_Obf_a_e_getBuildUnitType,getBuildUnitType,v0.42-runtime-action-command-family,runtime-action-command,override-family-propagated,overrides mapped action method com/corrodinggames/rts/game/units/a/s.i()Lcom/corrodinggames/rts/game/units/as; -> getBuildUnitType,Hierarchy-safe propagation to avoid UnitAction/QueueableUnitAction partial named override coverage.
method,com/corrodinggames/rts/game/units/a/f,(Lcom/corrodinggames/rts/game/units/am;Z)I,b,method_Obf_a_f_getDisplayQueueCount,getDisplayQueueCount,v0.42-runtime-action-command-family,runtime-action-command,override-family-propagated,overrides mapped action method com/corrodinggames/rts/game/units/a/s.b(Lcom/corrodinggames/rts/game/units/am;Z)I -> getDisplayQueueCount,Hierarchy-safe propagation to avoid UnitAction/QueueableUnitAction partial named override coverage.
method,com/corrodinggames/rts/game/units/a/f,()I,c,method_Obf_a_f_getCreditCost,getCreditCost,v0.42-runtime-action-command-family,runtime-action-command,override-family-propagated,overrides mapped action method com/corrodinggames/rts/game/units/a/s.c()I -> getCreditCost,Hierarchy-safe propagation to avoid UnitAction/QueueableUnitAction partial named override coverage.
method,com/corrodinggames/rts/game/units/a/f,()Lcom/corrodinggames/rts/game/units/a/u;,e,method_Obf_a_f_getActionCommandType,getActionCommandType,v0.42-runtime-action-command-family,runtime-action-command,override-family-propagated,overrides mapped action method com/corrodinggames/rts/game/units/a/s.e()Lcom/corrodinggames/rts/game/units/a/u; -> getActionCommandType,Hierarchy-safe propagation to avoid UnitAction/QueueableUnitAction partial named override coverage.
method,com/corrodinggames/rts/game/units/a/f,()Lcom/corrodinggames/rts/game/units/a/t;,f,method_Obf_a_f_getDisplayType,getDisplayType,v0.42-runtime-action-command-family,runtime-action-command,override-family-propagated,overrides mapped action method com/corrodinggames/rts/game/units/a/s.f()Lcom/corrodinggames/rts/game/units/a/t; -> getDisplayType,Hierarchy-safe propagation to avoid UnitAction/QueueableUnitAction partial named override coverage.
method,com/corrodinggames/rts/game/units/a/f,()Z,g,method_Obf_a_f_isBuildAction,isBuildAction,v0.42-runtime-action-command-family,runtime-action-command,override-family-propagated,overrides mapped action method com/corrodinggames/rts/game/units/a/s.g()Z -> isBuildAction,Hierarchy-safe propagation to avoid UnitAction/QueueableUnitAction partial named override coverage.
method,com/corrodinggames/rts/game/units/a/f,()Ljava/lang/String;,a,method_Obf_a_f_getDescription,getDescription,v0.42-runtime-action-command-family,runtime-action-command,override-family-propagated,overrides mapped action method com/corrodinggames/rts/game/units/a/s.a()Ljava/lang/String; -> getDescription,Hierarchy-safe propagation to avoid UnitAction/QueueableUnitAction partial named override coverage.
method,com/corrodinggames/rts/game/units/a/f,()Ljava/lang/String;,b,method_Obf_a_f_getText,getText,v0.42-runtime-action-command-family,runtime-action-command,override-family-propagated,overrides mapped action method com/corrodinggames/rts/game/units/a/s.b()Ljava/lang/String; -> getText,Hierarchy-safe propagation to avoid UnitAction/QueueableUnitAction partial named override coverage.
method,com/corrodinggames/rts/game/units/a/f,()Lcom/corrodinggames/rts/game/units/as;,i,method_Obf_a_f_getBuildUnitType,getBuildUnitType,v0.42-runtime-action-command-family,runtime-action-command,override-family-propagated,overrides mapped action method com/corrodinggames/rts/game/units/a/s.i()Lcom/corrodinggames/rts/game/units/as; -> getBuildUnitType,Hierarchy-safe propagation to avoid UnitAction/QueueableUnitAction partial named override coverage.
method,com/corrodinggames/rts/game/units/a/g,()F,m_,method_Obf_a_g_getSortOrder,getSortOrder,v0.42-runtime-action-command-family,runtime-action-command,override-family-propagated,overrides mapped action method com/corrodinggames/rts/game/units/a/s.m_()F -> getSortOrder,Hierarchy-safe propagation to avoid UnitAction/QueueableUnitAction partial named override coverage.
method,com/corrodinggames/rts/game/units/a/g,(Lcom/corrodinggames/rts/game/units/a/s;)I,a,method_Obf_a_g_compareToAction,compareToAction,v0.42-runtime-action-command-family,runtime-action-command,override-family-propagated,overrides mapped action method com/corrodinggames/rts/game/units/a/s.a(Lcom/corrodinggames/rts/game/units/a/s;)I -> compareToAction,Hierarchy-safe propagation to avoid UnitAction/QueueableUnitAction partial named override coverage.
method,com/corrodinggames/rts/game/units/a/g,()Ljava/lang/String;,b,method_Obf_a_g_getText,getText,v0.42-runtime-action-command-family,runtime-action-command,override-family-propagated,overrides mapped action method com/corrodinggames/rts/game/units/a/s.b()Ljava/lang/String; -> getText,Hierarchy-safe propagation to avoid UnitAction/QueueableUnitAction partial named override coverage.
method,com/corrodinggames/rts/game/units/a/g,(Lcom/corrodinggames/rts/game/units/am;)Ljava/lang/String;,d,method_Obf_a_g_getTextForUnit,getTextForUnit,v0.42-runtime-action-command-family,runtime-action-command,override-family-propagated,overrides mapped action method com/corrodinggames/rts/game/units/a/s.d(Lcom/corrodinggames/rts/game/units/am;)Ljava/lang/String; -> getTextForUnit,Hierarchy-safe propagation to avoid UnitAction/QueueableUnitAction partial named override coverage.
method,com/corrodinggames/rts/game/units/a/g,()Ljava/lang/String;,a,method_Obf_a_g_getDescription,getDescription,v0.42-runtime-action-command-family,runtime-action-command,override-family-propagated,overrides mapped action method com/corrodinggames/rts/game/units/a/s.a()Ljava/lang/String; -> getDescription,Hierarchy-safe propagation to avoid UnitAction/QueueableUnitAction partial named override coverage.
method,com/corrodinggames/rts/game/units/a/g,(Lcom/corrodinggames/rts/game/units/am;)Ljava/lang/String;,e,method_Obf_a_g_getDescriptionForUnit,getDescriptionForUnit,v0.42-runtime-action-command-family,runtime-action-command,override-family-propagated,overrides mapped action method com/corrodinggames/rts/game/units/a/s.e(Lcom/corrodinggames/rts/game/units/am;)Ljava/lang/String; -> getDescriptionForUnit,Hierarchy-safe propagation to avoid UnitAction/QueueableUnitAction partial named override coverage.
method,com/corrodinggames/rts/game/units/a/g,()I,c,method_Obf_a_g_getCreditCost,getCreditCost,v0.42-runtime-action-command-family,runtime-action-command,override-family-propagated,overrides mapped action method com/corrodinggames/rts/game/units/a/s.c()I -> getCreditCost,Hierarchy-safe propagation to avoid UnitAction/QueueableUnitAction partial named override coverage.
method,com/corrodinggames/rts/game/units/a/g,(Lcom/corrodinggames/rts/game/units/am;Z)I,b,method_Obf_a_g_getDisplayQueueCount,getDisplayQueueCount,v0.42-runtime-action-command-family,runtime-action-command,override-family-propagated,overrides mapped action method com/corrodinggames/rts/game/units/a/s.b(Lcom/corrodinggames/rts/game/units/am;Z)I -> getDisplayQueueCount,Hierarchy-safe propagation to avoid UnitAction/QueueableUnitAction partial named override coverage.
method,com/corrodinggames/rts/game/units/a/g,(Lcom/corrodinggames/rts/game/units/am;Z)Z,a,method_Obf_a_g_isActiveAndQueueAllowed,isActiveAndQueueAllowed,v0.42-runtime-action-command-family,runtime-action-command,override-family-propagated,overrides mapped action method com/corrodinggames/rts/game/units/a/s.a(Lcom/corrodinggames/rts/game/units/am;Z)Z -> isActiveAndQueueAllowed,Hierarchy-safe propagation to avoid UnitAction/QueueableUnitAction partial named override coverage.
method,com/corrodinggames/rts/game/units/a/g,(Lcom/corrodinggames/rts/game/units/am;)Z,g,method_Obf_a_g_isLocked,isLocked,v0.42-runtime-action-command-family,runtime-action-command,override-family-propagated,overrides mapped action method com/corrodinggames/rts/game/units/a/s.g(Lcom/corrodinggames/rts/game/units/am;)Z -> isLocked,Hierarchy-safe propagation to avoid UnitAction/QueueableUnitAction partial named override coverage.
method,com/corrodinggames/rts/game/units/a/g,()Z,u,method_Obf_a_g_isQueuedAction,isQueuedAction,v0.42-runtime-action-command-family,runtime-action-command,override-family-propagated,overrides mapped action method com/corrodinggames/rts/game/units/a/s.u()Z -> isQueuedAction,Hierarchy-safe propagation to avoid UnitAction/QueueableUnitAction partial named override coverage.
method,com/corrodinggames/rts/game/units/a/g,()Lcom/corrodinggames/rts/game/units/as;,i,method_Obf_a_g_getBuildUnitType,getBuildUnitType,v0.42-runtime-action-command-family,runtime-action-command,override-family-propagated,overrides mapped action method com/corrodinggames/rts/game/units/a/s.i()Lcom/corrodinggames/rts/game/units/as; -> getBuildUnitType,Hierarchy-safe propagation to avoid UnitAction/QueueableUnitAction partial named override coverage.
method,com/corrodinggames/rts/game/units/a/g,()Z,g,method_Obf_a_g_isBuildAction,isBuildAction,v0.42-runtime-action-command-family,runtime-action-command,override-family-propagated,overrides mapped action method com/corrodinggames/rts/game/units/a/s.g()Z -> isBuildAction,Hierarchy-safe propagation to avoid UnitAction/QueueableUnitAction partial named override coverage.
method,com/corrodinggames/rts/game/units/a/g,()Lcom/corrodinggames/rts/game/units/a/u;,e,method_Obf_a_g_getActionCommandType,getActionCommandType,v0.42-runtime-action-command-family,runtime-action-command,override-family-propagated,overrides mapped action method com/corrodinggames/rts/game/units/a/s.e()Lcom/corrodinggames/rts/game/units/a/u; -> getActionCommandType,Hierarchy-safe propagation to avoid UnitAction/QueueableUnitAction partial named override coverage.
method,com/corrodinggames/rts/game/units/a/g,()Lcom/corrodinggames/rts/game/units/a/t;,f,method_Obf_a_g_getDisplayType,getDisplayType,v0.42-runtime-action-command-family,runtime-action-command,override-family-propagated,overrides mapped action method com/corrodinggames/rts/game/units/a/s.f()Lcom/corrodinggames/rts/game/units/a/t; -> getDisplayType,Hierarchy-safe propagation to avoid UnitAction/QueueableUnitAction partial named override coverage.
method,com/corrodinggames/rts/game/units/a/g,()Ljava/lang/String;,d,method_Obf_a_g_getDisplayTextWithCount,getDisplayTextWithCount,v0.42-runtime-action-command-family,runtime-action-command,override-family-propagated,overrides mapped action method com/corrodinggames/rts/game/units/a/s.d()Ljava/lang/String; -> getDisplayTextWithCount,Hierarchy-safe propagation to avoid UnitAction/QueueableUnitAction partial named override coverage.
method,com/corrodinggames/rts/game/units/a/g,()Z,h_,method_Obf_a_g_shouldShowText,shouldShowText,v0.42-runtime-action-command-family,runtime-action-command,override-family-propagated,overrides mapped action method com/corrodinggames/rts/game/units/a/s.h_()Z -> shouldShowText,Hierarchy-safe propagation to avoid UnitAction/QueueableUnitAction partial named override coverage.
method,com/corrodinggames/rts/game/units/a/g,(Lcom/corrodinggames/rts/game/units/am;Lcom/corrodinggames/rts/gameFramework/f/ae;Landroid/graphics/Paint;Landroid/graphics/Paint;)V,a,method_Obf_a_g_appendPriceAndTextToTooltip,appendPriceAndTextToTooltip,v0.42-runtime-action-command-family,runtime-action-command,override-family-propagated,overrides mapped action method com/corrodinggames/rts/game/units/a/s.a(Lcom/corrodinggames/rts/game/units/am;Lcom/corrodinggames/rts/gameFramework/f/ae;Landroid/graphics/Paint;Landroid/graphics/Paint;)V -> appendPriceAndTextToTooltip,Hierarchy-safe propagation to avoid UnitAction/QueueableUnitAction partial named override coverage.
method,com/corrodinggames/rts/game/units/a/g,(Lcom/corrodinggames/rts/game/units/am;Lcom/corrodinggames/rts/gameFramework/f/ae;)V,a,method_Obf_a_g_appendDescriptionToTooltip,appendDescriptionToTooltip,v0.42-runtime-action-command-family,runtime-action-command,override-family-propagated,overrides mapped action method com/corrodinggames/rts/game/units/a/s.a(Lcom/corrodinggames/rts/game/units/am;Lcom/corrodinggames/rts/gameFramework/f/ae;)V -> appendDescriptionToTooltip,Hierarchy-safe propagation to avoid UnitAction/QueueableUnitAction partial named override coverage.
method,com/corrodinggames/rts/game/units/a/g,()Lcom/corrodinggames/rts/gameFramework/m/e;,j,method_Obf_a_g_getIconImage,getIconImage,v0.42-runtime-action-command-family,runtime-action-command,override-family-propagated,overrides mapped action method com/corrodinggames/rts/game/units/a/s.j()Lcom/corrodinggames/rts/gameFramework/m/e; -> getIconImage,Hierarchy-safe propagation to avoid UnitAction/QueueableUnitAction partial named override coverage.
method,com/corrodinggames/rts/game/units/a/g,(Lcom/corrodinggames/rts/game/units/am;)Lcom/corrodinggames/rts/gameFramework/m/e;,h,method_Obf_a_g_getIconExtraImage,getIconExtraImage,v0.42-runtime-action-command-family,runtime-action-command,override-family-propagated,overrides mapped action method com/corrodinggames/rts/game/units/a/s.h(Lcom/corrodinggames/rts/game/units/am;)Lcom/corrodinggames/rts/gameFramework/m/e; -> getIconExtraImage,Hierarchy-safe propagation to avoid UnitAction/QueueableUnitAction partial named override coverage.
method,com/corrodinggames/rts/game/units/a/g,()Landroid/graphics/Rect;,v,method_Obf_a_g_getIconImageSrcRect,getIconImageSrcRect,v0.42-runtime-action-command-family,runtime-action-command,override-family-propagated,overrides mapped action method com/corrodinggames/rts/game/units/a/s.v()Landroid/graphics/Rect; -> getIconImageSrcRect,Hierarchy-safe propagation to avoid UnitAction/QueueableUnitAction partial named override coverage.
method,com/corrodinggames/rts/game/units/a/g,(Lcom/corrodinggames/rts/game/units/am;)Lcom/corrodinggames/rts/game/units/am;,i,method_Obf_a_g_getUnitShownInUI,getUnitShownInUI,v0.42-runtime-action-command-family,runtime-action-command,override-family-propagated,overrides mapped action method com/corrodinggames/rts/game/units/a/s.i(Lcom/corrodinggames/rts/game/units/am;)Lcom/corrodinggames/rts/game/units/am; -> getUnitShownInUI,Hierarchy-safe propagation to avoid UnitAction/QueueableUnitAction partial named override coverage.
method,com/corrodinggames/rts/game/units/a/g,()Lcom/corrodinggames/rts/game/units/as;,y,method_Obf_a_g_getGuiBuildUnitType,getGuiBuildUnitType,v0.42-runtime-action-command-family,runtime-action-command,override-family-propagated,overrides mapped action method com/corrodinggames/rts/game/units/a/s.y()Lcom/corrodinggames/rts/game/units/as; -> getGuiBuildUnitType,Hierarchy-safe propagation to avoid UnitAction/QueueableUnitAction partial named override coverage.
method,com/corrodinggames/rts/game/units/a/g,()Lcom/corrodinggames/rts/game/units/a/c;,z,method_Obf_a_g_getActionIdForSerialization,getActionIdForSerialization,v0.42-runtime-action-command-family,runtime-action-command,override-family-propagated,overrides mapped action method com/corrodinggames/rts/game/units/a/s.z()Lcom/corrodinggames/rts/game/units/a/c; -> getActionIdForSerialization,Hierarchy-safe propagation to avoid UnitAction/QueueableUnitAction partial named override coverage.
method,com/corrodinggames/rts/game/units/a/g,(Lcom/corrodinggames/rts/game/units/am;Lcom/corrodinggames/rts/game/n;)Z,a,method_Obf_a_g_isAlsoViewableByTeam,isAlsoViewableByTeam,v0.42-runtime-action-command-family,runtime-action-command,override-family-propagated,overrides mapped action method com/corrodinggames/rts/game/units/a/s.a(Lcom/corrodinggames/rts/game/units/am;Lcom/corrodinggames/rts/game/n;)Z -> isAlsoViewableByTeam,Hierarchy-safe propagation to avoid UnitAction/QueueableUnitAction partial named override coverage.
method,com/corrodinggames/rts/game/units/a/g,(Lcom/corrodinggames/rts/game/units/am;)Z,a,method_Obf_a_g_isGuiBlinking,isGuiBlinking,v0.42-runtime-action-command-family,runtime-action-command,override-family-propagated,overrides mapped action method com/corrodinggames/rts/game/units/a/s.a(Lcom/corrodinggames/rts/game/units/am;)Z -> isGuiBlinking,Hierarchy-safe propagation to avoid UnitAction/QueueableUnitAction partial named override coverage.
method,com/corrodinggames/rts/game/units/a/g,()Lcom/corrodinggames/rts/game/units/custom/d/b;,B,method_Obf_a_g_getPrice,getPrice,v0.42-runtime-action-command-family,runtime-action-command,override-family-propagated,overrides mapped action method com/corrodinggames/rts/game/units/a/s.B()Lcom/corrodinggames/rts/game/units/custom/d/b; -> getPrice,Hierarchy-safe propagation to avoid UnitAction/QueueableUnitAction partial named override coverage.
method,com/corrodinggames/rts/game/units/a/g,(Lcom/corrodinggames/rts/game/units/am;)Ljava/lang/String;,j,method_Obf_a_g_getLockMessage,getLockMessage,v0.42-runtime-action-command-family,runtime-action-command,override-family-propagated,overrides mapped action method com/corrodinggames/rts/game/units/a/s.j(Lcom/corrodinggames/rts/game/units/am;)Ljava/lang/String; -> getLockMessage,Hierarchy-safe propagation to avoid UnitAction/QueueableUnitAction partial named override coverage.
method,com/corrodinggames/rts/game/units/a/g,(Lcom/corrodinggames/rts/game/units/am;Z)Z,d,method_Obf_a_g_canPlayerCancel,canPlayerCancel,v0.42-runtime-action-command-family,runtime-action-command,override-family-propagated,overrides mapped action method com/corrodinggames/rts/game/units/a/s.d(Lcom/corrodinggames/rts/game/units/am;Z)Z -> canPlayerCancel,Hierarchy-safe propagation to avoid UnitAction/QueueableUnitAction partial named override coverage.
method,com/corrodinggames/rts/game/units/a/g,(Lcom/corrodinggames/rts/game/units/am;)Z,k,method_Obf_a_g_isAlwaysSinglePress,isAlwaysSinglePress,v0.42-runtime-action-command-family,runtime-action-command,override-family-propagated,overrides mapped action method com/corrodinggames/rts/game/units/a/s.k(Lcom/corrodinggames/rts/game/units/am;)Z -> isAlwaysSinglePress,Hierarchy-safe propagation to avoid UnitAction/QueueableUnitAction partial named override coverage.
method,com/corrodinggames/rts/game/units/a/g,(Lcom/corrodinggames/rts/game/units/am;)Z,l,method_Obf_a_g_isSecondarySinglePress,isSecondarySinglePress,v0.42-runtime-action-command-family,runtime-action-command,override-family-propagated,overrides mapped action method com/corrodinggames/rts/game/units/a/s.l(Lcom/corrodinggames/rts/game/units/am;)Z -> isSecondarySinglePress,Hierarchy-safe propagation to avoid UnitAction/QueueableUnitAction partial named override coverage.
method,com/corrodinggames/rts/game/units/a/g,()Lcom/corrodinggames/rts/game/units/as;,E,method_Obf_a_g_getAiConsiderSameAsBuildingUnitType,getAiConsiderSameAsBuildingUnitType,v0.42-runtime-action-command-family,runtime-action-command,override-family-propagated,overrides mapped action method com/corrodinggames/rts/game/units/a/s.E()Lcom/corrodinggames/rts/game/units/as; -> getAiConsiderSameAsBuildingUnitType,Hierarchy-safe propagation to avoid UnitAction/QueueableUnitAction partial named override coverage.
method,com/corrodinggames/rts/game/units/a/g,(Lcom/corrodinggames/rts/game/units/am;)Z,m,method_Obf_a_g_isAiDisabled,isAiDisabled,v0.42-runtime-action-command-family,runtime-action-command,override-family-propagated,overrides mapped action method com/corrodinggames/rts/game/units/a/s.m(Lcom/corrodinggames/rts/game/units/am;)Z -> isAiDisabled,Hierarchy-safe propagation to avoid UnitAction/QueueableUnitAction partial named override coverage.
method,com/corrodinggames/rts/game/units/a/g,(Lcom/corrodinggames/rts/game/units/am;)Z,n,method_Obf_a_g_isAiHighPriority,isAiHighPriority,v0.42-runtime-action-command-family,runtime-action-command,override-family-propagated,overrides mapped action method com/corrodinggames/rts/game/units/a/s.n(Lcom/corrodinggames/rts/game/units/am;)Z -> isAiHighPriority,Hierarchy-safe propagation to avoid UnitAction/QueueableUnitAction partial named override coverage.
method,com/corrodinggames/rts/game/units/a/g,()Z,H,method_Obf_a_g_isHighPriorityQueue,isHighPriorityQueue,v0.42-runtime-action-command-family,runtime-action-command,override-family-propagated,overrides mapped action method com/corrodinggames/rts/game/units/a/s.H()Z -> isHighPriorityQueue,Hierarchy-safe propagation to avoid UnitAction/QueueableUnitAction partial named override coverage.
method,com/corrodinggames/rts/game/units/a/g,()Z,I,method_Obf_a_g_isOnlyOneUnitAtATime,isOnlyOneUnitAtATime,v0.42-runtime-action-command-family,runtime-action-command,override-family-propagated,overrides mapped action method com/corrodinggames/rts/game/units/a/s.I()Z -> isOnlyOneUnitAtATime,Hierarchy-safe propagation to avoid UnitAction/QueueableUnitAction partial named override coverage.
method,com/corrodinggames/rts/game/units/a/g,(Lcom/corrodinggames/rts/game/units/am;)F,p,method_Obf_a_g_getProgress,getProgress,v0.42-runtime-action-command-family,runtime-action-command,override-family-propagated,overrides mapped action method com/corrodinggames/rts/game/units/a/s.p(Lcom/corrodinggames/rts/game/units/am;)F -> getProgress,Hierarchy-safe propagation to avoid UnitAction/QueueableUnitAction partial named override coverage.
method,com/corrodinggames/rts/game/units/a/g,(Lcom/corrodinggames/rts/game/units/am;)Z,r,method_Obf_a_g_isVisibleWithExtraCheck,isVisibleWithExtraCheck,v0.42-runtime-action-command-family,runtime-action-command,override-family-propagated,overrides mapped action method com/corrodinggames/rts/game/units/a/s.r(Lcom/corrodinggames/rts/game/units/am;)Z -> isVisibleWithExtraCheck,Hierarchy-safe propagation to avoid UnitAction/QueueableUnitAction partial named override coverage.
method,com/corrodinggames/rts/game/units/a/g,(Lcom/corrodinggames/rts/game/units/am;)Z,b,method_Obf_a_g_isVisible,isVisible,v0.42-runtime-action-command-family,runtime-action-command,override-family-propagated,overrides mapped action method com/corrodinggames/rts/game/units/a/s.b(Lcom/corrodinggames/rts/game/units/am;)Z -> isVisible,Hierarchy-safe propagation to avoid UnitAction/QueueableUnitAction partial named override coverage.
method,com/corrodinggames/rts/game/units/a/g,()I,J,method_Obf_a_g_getIconExtraColor,getIconExtraColor,v0.42-runtime-action-command-family,runtime-action-command,override-family-propagated,overrides mapped action method com/corrodinggames/rts/game/units/a/s.J()I -> getIconExtraColor,Hierarchy-safe propagation to avoid UnitAction/QueueableUnitAction partial named override coverage.
method,com/corrodinggames/rts/game/units/a/g,(Lcom/corrodinggames/rts/game/units/am;)Z,s,method_Obf_a_g_isUnitShownInUIWithHpBar,isUnitShownInUIWithHpBar,v0.42-runtime-action-command-family,runtime-action-command,override-family-propagated,overrides mapped action method com/corrodinggames/rts/game/units/a/s.s(Lcom/corrodinggames/rts/game/units/am;)Z -> isUnitShownInUIWithHpBar,Hierarchy-safe propagation to avoid UnitAction/QueueableUnitAction partial named override coverage.
method,com/corrodinggames/rts/game/units/a/g,(Lcom/corrodinggames/rts/game/units/am;)Z,t,method_Obf_a_g_isUnitShownInUIWithProgressBar,isUnitShownInUIWithProgressBar,v0.42-runtime-action-command-family,runtime-action-command,override-family-propagated,overrides mapped action method com/corrodinggames/rts/game/units/a/s.t(Lcom/corrodinggames/rts/game/units/am;)Z -> isUnitShownInUIWithProgressBar,Hierarchy-safe propagation to avoid UnitAction/QueueableUnitAction partial named override coverage.
method,com/corrodinggames/rts/game/units/a/h,()F,m_,method_Obf_a_h_getSortOrder,getSortOrder,v0.42-runtime-action-command-family,runtime-action-command,override-family-propagated,overrides mapped action method com/corrodinggames/rts/game/units/a/s.m_()F -> getSortOrder,Hierarchy-safe propagation to avoid UnitAction/QueueableUnitAction partial named override coverage.
method,com/corrodinggames/rts/game/units/a/h,(Lcom/corrodinggames/rts/game/units/a/s;)I,a,method_Obf_a_h_compareToAction,compareToAction,v0.42-runtime-action-command-family,runtime-action-command,override-family-propagated,overrides mapped action method com/corrodinggames/rts/game/units/a/s.a(Lcom/corrodinggames/rts/game/units/a/s;)I -> compareToAction,Hierarchy-safe propagation to avoid UnitAction/QueueableUnitAction partial named override coverage.
method,com/corrodinggames/rts/game/units/a/h,()Ljava/lang/String;,b,method_Obf_a_h_getText,getText,v0.42-runtime-action-command-family,runtime-action-command,override-family-propagated,overrides mapped action method com/corrodinggames/rts/game/units/a/s.b()Ljava/lang/String; -> getText,Hierarchy-safe propagation to avoid UnitAction/QueueableUnitAction partial named override coverage.
method,com/corrodinggames/rts/game/units/a/h,(Lcom/corrodinggames/rts/game/units/am;)Ljava/lang/String;,d,method_Obf_a_h_getTextForUnit,getTextForUnit,v0.42-runtime-action-command-family,runtime-action-command,override-family-propagated,overrides mapped action method com/corrodinggames/rts/game/units/a/s.d(Lcom/corrodinggames/rts/game/units/am;)Ljava/lang/String; -> getTextForUnit,Hierarchy-safe propagation to avoid UnitAction/QueueableUnitAction partial named override coverage.
method,com/corrodinggames/rts/game/units/a/h,()Ljava/lang/String;,a,method_Obf_a_h_getDescription,getDescription,v0.42-runtime-action-command-family,runtime-action-command,override-family-propagated,overrides mapped action method com/corrodinggames/rts/game/units/a/s.a()Ljava/lang/String; -> getDescription,Hierarchy-safe propagation to avoid UnitAction/QueueableUnitAction partial named override coverage.
method,com/corrodinggames/rts/game/units/a/h,(Lcom/corrodinggames/rts/game/units/am;)Ljava/lang/String;,e,method_Obf_a_h_getDescriptionForUnit,getDescriptionForUnit,v0.42-runtime-action-command-family,runtime-action-command,override-family-propagated,overrides mapped action method com/corrodinggames/rts/game/units/a/s.e(Lcom/corrodinggames/rts/game/units/am;)Ljava/lang/String; -> getDescriptionForUnit,Hierarchy-safe propagation to avoid UnitAction/QueueableUnitAction partial named override coverage.
method,com/corrodinggames/rts/game/units/a/h,()I,c,method_Obf_a_h_getCreditCost,getCreditCost,v0.42-runtime-action-command-family,runtime-action-command,override-family-propagated,overrides mapped action method com/corrodinggames/rts/game/units/a/s.c()I -> getCreditCost,Hierarchy-safe propagation to avoid UnitAction/QueueableUnitAction partial named override coverage.
method,com/corrodinggames/rts/game/units/a/h,(Lcom/corrodinggames/rts/game/units/am;Z)I,b,method_Obf_a_h_getDisplayQueueCount,getDisplayQueueCount,v0.42-runtime-action-command-family,runtime-action-command,override-family-propagated,overrides mapped action method com/corrodinggames/rts/game/units/a/s.b(Lcom/corrodinggames/rts/game/units/am;Z)I -> getDisplayQueueCount,Hierarchy-safe propagation to avoid UnitAction/QueueableUnitAction partial named override coverage.
method,com/corrodinggames/rts/game/units/a/h,(Lcom/corrodinggames/rts/game/units/am;Z)Z,a,method_Obf_a_h_isActiveAndQueueAllowed,isActiveAndQueueAllowed,v0.42-runtime-action-command-family,runtime-action-command,override-family-propagated,overrides mapped action method com/corrodinggames/rts/game/units/a/s.a(Lcom/corrodinggames/rts/game/units/am;Z)Z -> isActiveAndQueueAllowed,Hierarchy-safe propagation to avoid UnitAction/QueueableUnitAction partial named override coverage.
method,com/corrodinggames/rts/game/units/a/h,(Lcom/corrodinggames/rts/game/units/am;)Z,g,method_Obf_a_h_isLocked,isLocked,v0.42-runtime-action-command-family,runtime-action-command,override-family-propagated,overrides mapped action method com/corrodinggames/rts/game/units/a/s.g(Lcom/corrodinggames/rts/game/units/am;)Z -> isLocked,Hierarchy-safe propagation to avoid UnitAction/QueueableUnitAction partial named override coverage.
method,com/corrodinggames/rts/game/units/a/h,(Lcom/corrodinggames/rts/game/units/am;)Z,b,method_Obf_a_h_isVisible,isVisible,v0.42-runtime-action-command-family,runtime-action-command,override-family-propagated,overrides mapped action method com/corrodinggames/rts/game/units/a/s.b(Lcom/corrodinggames/rts/game/units/am;)Z -> isVisible,Hierarchy-safe propagation to avoid UnitAction/QueueableUnitAction partial named override coverage.
method,com/corrodinggames/rts/game/units/a/h,()Z,u,method_Obf_a_h_isQueuedAction,isQueuedAction,v0.42-runtime-action-command-family,runtime-action-command,override-family-propagated,overrides mapped action method com/corrodinggames/rts/game/units/a/s.u()Z -> isQueuedAction,Hierarchy-safe propagation to avoid UnitAction/QueueableUnitAction partial named override coverage.
method,com/corrodinggames/rts/game/units/a/h,()Lcom/corrodinggames/rts/game/units/as;,i,method_Obf_a_h_getBuildUnitType,getBuildUnitType,v0.42-runtime-action-command-family,runtime-action-command,override-family-propagated,overrides mapped action method com/corrodinggames/rts/game/units/a/s.i()Lcom/corrodinggames/rts/game/units/as; -> getBuildUnitType,Hierarchy-safe propagation to avoid UnitAction/QueueableUnitAction partial named override coverage.
method,com/corrodinggames/rts/game/units/a/h,()Z,g,method_Obf_a_h_isBuildAction,isBuildAction,v0.42-runtime-action-command-family,runtime-action-command,override-family-propagated,overrides mapped action method com/corrodinggames/rts/game/units/a/s.g()Z -> isBuildAction,Hierarchy-safe propagation to avoid UnitAction/QueueableUnitAction partial named override coverage.
method,com/corrodinggames/rts/game/units/a/h,()Lcom/corrodinggames/rts/game/units/a/u;,e,method_Obf_a_h_getActionCommandType,getActionCommandType,v0.42-runtime-action-command-family,runtime-action-command,override-family-propagated,overrides mapped action method com/corrodinggames/rts/game/units/a/s.e()Lcom/corrodinggames/rts/game/units/a/u; -> getActionCommandType,Hierarchy-safe propagation to avoid UnitAction/QueueableUnitAction partial named override coverage.
method,com/corrodinggames/rts/game/units/a/h,()Lcom/corrodinggames/rts/game/units/a/t;,f,method_Obf_a_h_getDisplayType,getDisplayType,v0.42-runtime-action-command-family,runtime-action-command,override-family-propagated,overrides mapped action method com/corrodinggames/rts/game/units/a/s.f()Lcom/corrodinggames/rts/game/units/a/t; -> getDisplayType,Hierarchy-safe propagation to avoid UnitAction/QueueableUnitAction partial named override coverage.
method,com/corrodinggames/rts/game/units/a/h,()Ljava/lang/String;,d,method_Obf_a_h_getDisplayTextWithCount,getDisplayTextWithCount,v0.42-runtime-action-command-family,runtime-action-command,override-family-propagated,overrides mapped action method com/corrodinggames/rts/game/units/a/s.d()Ljava/lang/String; -> getDisplayTextWithCount,Hierarchy-safe propagation to avoid UnitAction/QueueableUnitAction partial named override coverage.
method,com/corrodinggames/rts/game/units/a/h,()Z,h_,method_Obf_a_h_shouldShowText,shouldShowText,v0.42-runtime-action-command-family,runtime-action-command,override-family-propagated,overrides mapped action method com/corrodinggames/rts/game/units/a/s.h_()Z -> shouldShowText,Hierarchy-safe propagation to avoid UnitAction/QueueableUnitAction partial named override coverage.
method,com/corrodinggames/rts/game/units/a/h,(Lcom/corrodinggames/rts/game/units/am;Lcom/corrodinggames/rts/gameFramework/f/ae;Landroid/graphics/Paint;Landroid/graphics/Paint;)V,a,method_Obf_a_h_appendPriceAndTextToTooltip,appendPriceAndTextToTooltip,v0.42-runtime-action-command-family,runtime-action-command,override-family-propagated,overrides mapped action method com/corrodinggames/rts/game/units/a/s.a(Lcom/corrodinggames/rts/game/units/am;Lcom/corrodinggames/rts/gameFramework/f/ae;Landroid/graphics/Paint;Landroid/graphics/Paint;)V -> appendPriceAndTextToTooltip,Hierarchy-safe propagation to avoid UnitAction/QueueableUnitAction partial named override coverage.
method,com/corrodinggames/rts/game/units/a/h,(Lcom/corrodinggames/rts/game/units/am;Lcom/corrodinggames/rts/gameFramework/f/ae;)V,a,method_Obf_a_h_appendDescriptionToTooltip,appendDescriptionToTooltip,v0.42-runtime-action-command-family,runtime-action-command,override-family-propagated,overrides mapped action method com/corrodinggames/rts/game/units/a/s.a(Lcom/corrodinggames/rts/game/units/am;Lcom/corrodinggames/rts/gameFramework/f/ae;)V -> appendDescriptionToTooltip,Hierarchy-safe propagation to avoid UnitAction/QueueableUnitAction partial named override coverage.
method,com/corrodinggames/rts/game/units/a/h,()Lcom/corrodinggames/rts/gameFramework/m/e;,j,method_Obf_a_h_getIconImage,getIconImage,v0.42-runtime-action-command-family,runtime-action-command,override-family-propagated,overrides mapped action method com/corrodinggames/rts/game/units/a/s.j()Lcom/corrodinggames/rts/gameFramework/m/e; -> getIconImage,Hierarchy-safe propagation to avoid UnitAction/QueueableUnitAction partial named override coverage.
method,com/corrodinggames/rts/game/units/a/h,(Lcom/corrodinggames/rts/game/units/am;)Lcom/corrodinggames/rts/gameFramework/m/e;,h,method_Obf_a_h_getIconExtraImage,getIconExtraImage,v0.42-runtime-action-command-family,runtime-action-command,override-family-propagated,overrides mapped action method com/corrodinggames/rts/game/units/a/s.h(Lcom/corrodinggames/rts/game/units/am;)Lcom/corrodinggames/rts/gameFramework/m/e; -> getIconExtraImage,Hierarchy-safe propagation to avoid UnitAction/QueueableUnitAction partial named override coverage.
method,com/corrodinggames/rts/game/units/a/h,()Landroid/graphics/Rect;,v,method_Obf_a_h_getIconImageSrcRect,getIconImageSrcRect,v0.42-runtime-action-command-family,runtime-action-command,override-family-propagated,overrides mapped action method com/corrodinggames/rts/game/units/a/s.v()Landroid/graphics/Rect; -> getIconImageSrcRect,Hierarchy-safe propagation to avoid UnitAction/QueueableUnitAction partial named override coverage.
method,com/corrodinggames/rts/game/units/a/h,(Lcom/corrodinggames/rts/game/units/am;)Lcom/corrodinggames/rts/game/units/am;,i,method_Obf_a_h_getUnitShownInUI,getUnitShownInUI,v0.42-runtime-action-command-family,runtime-action-command,override-family-propagated,overrides mapped action method com/corrodinggames/rts/game/units/a/s.i(Lcom/corrodinggames/rts/game/units/am;)Lcom/corrodinggames/rts/game/units/am; -> getUnitShownInUI,Hierarchy-safe propagation to avoid UnitAction/QueueableUnitAction partial named override coverage.
method,com/corrodinggames/rts/game/units/a/h,()Lcom/corrodinggames/rts/game/units/as;,y,method_Obf_a_h_getGuiBuildUnitType,getGuiBuildUnitType,v0.42-runtime-action-command-family,runtime-action-command,override-family-propagated,overrides mapped action method com/corrodinggames/rts/game/units/a/s.y()Lcom/corrodinggames/rts/game/units/as; -> getGuiBuildUnitType,Hierarchy-safe propagation to avoid UnitAction/QueueableUnitAction partial named override coverage.
method,com/corrodinggames/rts/game/units/a/h,(Lcom/corrodinggames/rts/game/units/am;)Z,a,method_Obf_a_h_isGuiBlinking,isGuiBlinking,v0.42-runtime-action-command-family,runtime-action-command,override-family-propagated,overrides mapped action method com/corrodinggames/rts/game/units/a/s.a(Lcom/corrodinggames/rts/game/units/am;)Z -> isGuiBlinking,Hierarchy-safe propagation to avoid UnitAction/QueueableUnitAction partial named override coverage.
method,com/corrodinggames/rts/game/units/a/i,(Lcom/corrodinggames/rts/game/units/am;Z)I,b,method_Obf_a_i_getDisplayQueueCount,getDisplayQueueCount,v0.42-runtime-action-command-family,runtime-action-command,override-family-propagated,overrides mapped action method com/corrodinggames/rts/game/units/a/s.b(Lcom/corrodinggames/rts/game/units/am;Z)I -> getDisplayQueueCount,Hierarchy-safe propagation to avoid UnitAction/QueueableUnitAction partial named override coverage.
method,com/corrodinggames/rts/game/units/a/i,()I,c,method_Obf_a_i_getCreditCost,getCreditCost,v0.42-runtime-action-command-family,runtime-action-command,override-family-propagated,overrides mapped action method com/corrodinggames/rts/game/units/a/s.c()I -> getCreditCost,Hierarchy-safe propagation to avoid UnitAction/QueueableUnitAction partial named override coverage.
method,com/corrodinggames/rts/game/units/a/i,()Lcom/corrodinggames/rts/game/units/a/u;,e,method_Obf_a_i_getActionCommandType,getActionCommandType,v0.42-runtime-action-command-family,runtime-action-command,override-family-propagated,overrides mapped action method com/corrodinggames/rts/game/units/a/s.e()Lcom/corrodinggames/rts/game/units/a/u; -> getActionCommandType,Hierarchy-safe propagation to avoid UnitAction/QueueableUnitAction partial named override coverage.
method,com/corrodinggames/rts/game/units/a/i,()Lcom/corrodinggames/rts/game/units/a/t;,f,method_Obf_a_i_getDisplayType,getDisplayType,v0.42-runtime-action-command-family,runtime-action-command,override-family-propagated,overrides mapped action method com/corrodinggames/rts/game/units/a/s.f()Lcom/corrodinggames/rts/game/units/a/t; -> getDisplayType,Hierarchy-safe propagation to avoid UnitAction/QueueableUnitAction partial named override coverage.
method,com/corrodinggames/rts/game/units/a/i,()Z,g,method_Obf_a_i_isBuildAction,isBuildAction,v0.42-runtime-action-command-family,runtime-action-command,override-family-propagated,overrides mapped action method com/corrodinggames/rts/game/units/a/s.g()Z -> isBuildAction,Hierarchy-safe propagation to avoid UnitAction/QueueableUnitAction partial named override coverage.
method,com/corrodinggames/rts/game/units/a/i,()Ljava/lang/String;,a,method_Obf_a_i_getDescription,getDescription,v0.42-runtime-action-command-family,runtime-action-command,override-family-propagated,overrides mapped action method com/corrodinggames/rts/game/units/a/s.a()Ljava/lang/String; -> getDescription,Hierarchy-safe propagation to avoid UnitAction/QueueableUnitAction partial named override coverage.
method,com/corrodinggames/rts/game/units/a/i,()Ljava/lang/String;,b,method_Obf_a_i_getText,getText,v0.42-runtime-action-command-family,runtime-action-command,override-family-propagated,overrides mapped action method com/corrodinggames/rts/game/units/a/s.b()Ljava/lang/String; -> getText,Hierarchy-safe propagation to avoid UnitAction/QueueableUnitAction partial named override coverage.
method,com/corrodinggames/rts/game/units/a/i,()Lcom/corrodinggames/rts/game/units/as;,i,method_Obf_a_i_getBuildUnitType,getBuildUnitType,v0.42-runtime-action-command-family,runtime-action-command,override-family-propagated,overrides mapped action method com/corrodinggames/rts/game/units/a/s.i()Lcom/corrodinggames/rts/game/units/as; -> getBuildUnitType,Hierarchy-safe propagation to avoid UnitAction/QueueableUnitAction partial named override coverage.
method,com/corrodinggames/rts/game/units/a/j,(Lcom/corrodinggames/rts/game/units/am;Z)I,b,method_Obf_a_j_getDisplayQueueCount,getDisplayQueueCount,v0.42-runtime-action-command-family,runtime-action-command,override-family-propagated,overrides mapped action method com/corrodinggames/rts/game/units/a/s.b(Lcom/corrodinggames/rts/game/units/am;Z)I -> getDisplayQueueCount,Hierarchy-safe propagation to avoid UnitAction/QueueableUnitAction partial named override coverage.
method,com/corrodinggames/rts/game/units/a/j,()I,c,method_Obf_a_j_getCreditCost,getCreditCost,v0.42-runtime-action-command-family,runtime-action-command,override-family-propagated,overrides mapped action method com/corrodinggames/rts/game/units/a/s.c()I -> getCreditCost,Hierarchy-safe propagation to avoid UnitAction/QueueableUnitAction partial named override coverage.
method,com/corrodinggames/rts/game/units/a/j,()Lcom/corrodinggames/rts/game/units/a/u;,e,method_Obf_a_j_getActionCommandType,getActionCommandType,v0.42-runtime-action-command-family,runtime-action-command,override-family-propagated,overrides mapped action method com/corrodinggames/rts/game/units/a/s.e()Lcom/corrodinggames/rts/game/units/a/u; -> getActionCommandType,Hierarchy-safe propagation to avoid UnitAction/QueueableUnitAction partial named override coverage.
method,com/corrodinggames/rts/game/units/a/j,()Lcom/corrodinggames/rts/game/units/a/t;,f,method_Obf_a_j_getDisplayType,getDisplayType,v0.42-runtime-action-command-family,runtime-action-command,override-family-propagated,overrides mapped action method com/corrodinggames/rts/game/units/a/s.f()Lcom/corrodinggames/rts/game/units/a/t; -> getDisplayType,Hierarchy-safe propagation to avoid UnitAction/QueueableUnitAction partial named override coverage.
method,com/corrodinggames/rts/game/units/a/j,()Z,g,method_Obf_a_j_isBuildAction,isBuildAction,v0.42-runtime-action-command-family,runtime-action-command,override-family-propagated,overrides mapped action method com/corrodinggames/rts/game/units/a/s.g()Z -> isBuildAction,Hierarchy-safe propagation to avoid UnitAction/QueueableUnitAction partial named override coverage.
method,com/corrodinggames/rts/game/units/a/j,()Ljava/lang/String;,a,method_Obf_a_j_getDescription,getDescription,v0.42-runtime-action-command-family,runtime-action-command,override-family-propagated,overrides mapped action method com/corrodinggames/rts/game/units/a/s.a()Ljava/lang/String; -> getDescription,Hierarchy-safe propagation to avoid UnitAction/QueueableUnitAction partial named override coverage.
method,com/corrodinggames/rts/game/units/a/j,()Ljava/lang/String;,b,method_Obf_a_j_getText,getText,v0.42-runtime-action-command-family,runtime-action-command,override-family-propagated,overrides mapped action method com/corrodinggames/rts/game/units/a/s.b()Ljava/lang/String; -> getText,Hierarchy-safe propagation to avoid UnitAction/QueueableUnitAction partial named override coverage.
method,com/corrodinggames/rts/game/units/a/j,()Z,h_,method_Obf_a_j_shouldShowText,shouldShowText,v0.42-runtime-action-command-family,runtime-action-command,override-family-propagated,overrides mapped action method com/corrodinggames/rts/game/units/a/s.h_()Z -> shouldShowText,Hierarchy-safe propagation to avoid UnitAction/QueueableUnitAction partial named override coverage.
method,com/corrodinggames/rts/game/units/a/j,()Lcom/corrodinggames/rts/gameFramework/m/e;,j,method_Obf_a_j_getIconImage,getIconImage,v0.42-runtime-action-command-family,runtime-action-command,override-family-propagated,overrides mapped action method com/corrodinggames/rts/game/units/a/s.j()Lcom/corrodinggames/rts/gameFramework/m/e; -> getIconImage,Hierarchy-safe propagation to avoid UnitAction/QueueableUnitAction partial named override coverage.
method,com/corrodinggames/rts/game/units/a/j,()Landroid/graphics/Rect;,v,method_Obf_a_j_getIconImageSrcRect,getIconImageSrcRect,v0.42-runtime-action-command-family,runtime-action-command,override-family-propagated,overrides mapped action method com/corrodinggames/rts/game/units/a/s.v()Landroid/graphics/Rect; -> getIconImageSrcRect,Hierarchy-safe propagation to avoid UnitAction/QueueableUnitAction partial named override coverage.
method,com/corrodinggames/rts/game/units/a/j,()Lcom/corrodinggames/rts/game/units/as;,i,method_Obf_a_j_getBuildUnitType,getBuildUnitType,v0.42-runtime-action-command-family,runtime-action-command,override-family-propagated,overrides mapped action method com/corrodinggames/rts/game/units/a/s.i()Lcom/corrodinggames/rts/game/units/as; -> getBuildUnitType,Hierarchy-safe propagation to avoid UnitAction/QueueableUnitAction partial named override coverage.
method,com/corrodinggames/rts/game/units/a/l,()Ljava/lang/String;,a,method_Obf_a_l_getDescription,getDescription,v0.42-runtime-action-command-family,runtime-action-command,override-family-propagated,overrides mapped action method com/corrodinggames/rts/game/units/a/s.a()Ljava/lang/String; -> getDescription,Hierarchy-safe propagation to avoid UnitAction/QueueableUnitAction partial named override coverage.
method,com/corrodinggames/rts/game/units/a/l,()Ljava/lang/String;,b,method_Obf_a_l_getText,getText,v0.42-runtime-action-command-family,runtime-action-command,override-family-propagated,overrides mapped action method com/corrodinggames/rts/game/units/a/s.b()Ljava/lang/String; -> getText,Hierarchy-safe propagation to avoid UnitAction/QueueableUnitAction partial named override coverage.
method,com/corrodinggames/rts/game/units/a/l,()I,c,method_Obf_a_l_getCreditCost,getCreditCost,v0.42-runtime-action-command-family,runtime-action-command,override-family-propagated,overrides mapped action method com/corrodinggames/rts/game/units/a/s.c()I -> getCreditCost,Hierarchy-safe propagation to avoid UnitAction/QueueableUnitAction partial named override coverage.
method,com/corrodinggames/rts/game/units/a/l,()Lcom/corrodinggames/rts/game/units/custom/d/b;,B,method_Obf_a_l_getPrice,getPrice,v0.42-runtime-action-command-family,runtime-action-command,override-family-propagated,overrides mapped action method com/corrodinggames/rts/game/units/a/s.B()Lcom/corrodinggames/rts/game/units/custom/d/b; -> getPrice,Hierarchy-safe propagation to avoid UnitAction/QueueableUnitAction partial named override coverage.
method,com/corrodinggames/rts/game/units/a/l,()Lcom/corrodinggames/rts/game/units/custom/d/b;,r_,method_Obf_a_l_getStreamingCost,getStreamingCost,v0.42-runtime-action-command-family,runtime-action-command,override-family-propagated,overrides mapped action method com/corrodinggames/rts/game/units/a/s.r_()Lcom/corrodinggames/rts/game/units/custom/d/b; -> getStreamingCost,Hierarchy-safe propagation to avoid UnitAction/QueueableUnitAction partial named override coverage.
method,com/corrodinggames/rts/game/units/a/l,()Lcom/corrodinggames/rts/game/units/as;,i,method_Obf_a_l_getBuildUnitType,getBuildUnitType,v0.42-runtime-action-command-family,runtime-action-command,override-family-propagated,overrides mapped action method com/corrodinggames/rts/game/units/a/s.i()Lcom/corrodinggames/rts/game/units/as; -> getBuildUnitType,Hierarchy-safe propagation to avoid UnitAction/QueueableUnitAction partial named override coverage.
method,com/corrodinggames/rts/game/units/a/l,()F,K,method_Obf_a_l_getBuildSpeed,getBuildSpeed,v0.42-runtime-action-command-family,runtime-action-command,override-family-propagated,overrides mapped action method com/corrodinggames/rts/game/units/a/w.K()F -> getBuildSpeed,Hierarchy-safe propagation to avoid UnitAction/QueueableUnitAction partial named override coverage.
method,com/corrodinggames/rts/game/units/a/l,()Lcom/corrodinggames/rts/game/units/a/t;,f,method_Obf_a_l_getDisplayType,getDisplayType,v0.42-runtime-action-command-family,runtime-action-command,override-family-propagated,overrides mapped action method com/corrodinggames/rts/game/units/a/s.f()Lcom/corrodinggames/rts/game/units/a/t; -> getDisplayType,Hierarchy-safe propagation to avoid UnitAction/QueueableUnitAction partial named override coverage.
method,com/corrodinggames/rts/game/units/a/l,(Lcom/corrodinggames/rts/game/units/am;)Z,g,method_Obf_a_l_isLocked,isLocked,v0.42-runtime-action-command-family,runtime-action-command,override-family-propagated,overrides mapped action method com/corrodinggames/rts/game/units/a/s.g(Lcom/corrodinggames/rts/game/units/am;)Z -> isLocked,Hierarchy-safe propagation to avoid UnitAction/QueueableUnitAction partial named override coverage.
method,com/corrodinggames/rts/game/units/a/l,()Z,g,method_Obf_a_l_isBuildAction,isBuildAction,v0.42-runtime-action-command-family,runtime-action-command,override-family-propagated,overrides mapped action method com/corrodinggames/rts/game/units/a/s.g()Z -> isBuildAction,Hierarchy-safe propagation to avoid UnitAction/QueueableUnitAction partial named override coverage.
method,com/corrodinggames/rts/game/units/a/m,()Ljava/lang/String;,a,method_Obf_a_m_getDescription,getDescription,v0.42-runtime-action-command-family,runtime-action-command,override-family-propagated,overrides mapped action method com/corrodinggames/rts/game/units/a/s.a()Ljava/lang/String; -> getDescription,Hierarchy-safe propagation to avoid UnitAction/QueueableUnitAction partial named override coverage.
method,com/corrodinggames/rts/game/units/a/m,()Ljava/lang/String;,b,method_Obf_a_m_getText,getText,v0.42-runtime-action-command-family,runtime-action-command,override-family-propagated,overrides mapped action method com/corrodinggames/rts/game/units/a/s.b()Ljava/lang/String; -> getText,Hierarchy-safe propagation to avoid UnitAction/QueueableUnitAction partial named override coverage.
method,com/corrodinggames/rts/game/units/a/m,()I,c,method_Obf_a_m_getCreditCost,getCreditCost,v0.42-runtime-action-command-family,runtime-action-command,override-family-propagated,overrides mapped action method com/corrodinggames/rts/game/units/a/s.c()I -> getCreditCost,Hierarchy-safe propagation to avoid UnitAction/QueueableUnitAction partial named override coverage.
method,com/corrodinggames/rts/game/units/a/m,(Lcom/corrodinggames/rts/game/units/am;Z)I,b,method_Obf_a_m_getDisplayQueueCount,getDisplayQueueCount,v0.42-runtime-action-command-family,runtime-action-command,override-family-propagated,overrides mapped action method com/corrodinggames/rts/game/units/a/s.b(Lcom/corrodinggames/rts/game/units/am;Z)I -> getDisplayQueueCount,Hierarchy-safe propagation to avoid UnitAction/QueueableUnitAction partial named override coverage.
method,com/corrodinggames/rts/game/units/a/m,()Lcom/corrodinggames/rts/game/units/a/u;,e,method_Obf_a_m_getActionCommandType,getActionCommandType,v0.42-runtime-action-command-family,runtime-action-command,override-family-propagated,overrides mapped action method com/corrodinggames/rts/game/units/a/s.e()Lcom/corrodinggames/rts/game/units/a/u; -> getActionCommandType,Hierarchy-safe propagation to avoid UnitAction/QueueableUnitAction partial named override coverage.
method,com/corrodinggames/rts/game/units/a/m,()Lcom/corrodinggames/rts/game/units/a/t;,f,method_Obf_a_m_getDisplayType,getDisplayType,v0.42-runtime-action-command-family,runtime-action-command,override-family-propagated,overrides mapped action method com/corrodinggames/rts/game/units/a/s.f()Lcom/corrodinggames/rts/game/units/a/t; -> getDisplayType,Hierarchy-safe propagation to avoid UnitAction/QueueableUnitAction partial named override coverage.
method,com/corrodinggames/rts/game/units/a/m,()Z,g,method_Obf_a_m_isBuildAction,isBuildAction,v0.42-runtime-action-command-family,runtime-action-command,override-family-propagated,overrides mapped action method com/corrodinggames/rts/game/units/a/s.g()Z -> isBuildAction,Hierarchy-safe propagation to avoid UnitAction/QueueableUnitAction partial named override coverage.
method,com/corrodinggames/rts/game/units/a/m,()Lcom/corrodinggames/rts/game/units/as;,i,method_Obf_a_m_getBuildUnitType,getBuildUnitType,v0.42-runtime-action-command-family,runtime-action-command,override-family-propagated,overrides mapped action method com/corrodinggames/rts/game/units/a/s.i()Lcom/corrodinggames/rts/game/units/as; -> getBuildUnitType,Hierarchy-safe propagation to avoid UnitAction/QueueableUnitAction partial named override coverage.
method,com/corrodinggames/rts/game/units/a/n,()Ljava/lang/String;,a,method_Obf_a_n_getDescription,getDescription,v0.42-runtime-action-command-family,runtime-action-command,override-family-propagated,overrides mapped action method com/corrodinggames/rts/game/units/a/s.a()Ljava/lang/String; -> getDescription,Hierarchy-safe propagation to avoid UnitAction/QueueableUnitAction partial named override coverage.
method,com/corrodinggames/rts/game/units/a/n,()Ljava/lang/String;,b,method_Obf_a_n_getText,getText,v0.42-runtime-action-command-family,runtime-action-command,override-family-propagated,overrides mapped action method com/corrodinggames/rts/game/units/a/s.b()Ljava/lang/String; -> getText,Hierarchy-safe propagation to avoid UnitAction/QueueableUnitAction partial named override coverage.
method,com/corrodinggames/rts/game/units/a/n,()I,c,method_Obf_a_n_getCreditCost,getCreditCost,v0.42-runtime-action-command-family,runtime-action-command,override-family-propagated,overrides mapped action method com/corrodinggames/rts/game/units/a/s.c()I -> getCreditCost,Hierarchy-safe propagation to avoid UnitAction/QueueableUnitAction partial named override coverage.
method,com/corrodinggames/rts/game/units/a/n,(Lcom/corrodinggames/rts/game/units/am;Z)I,b,method_Obf_a_n_getDisplayQueueCount,getDisplayQueueCount,v0.42-runtime-action-command-family,runtime-action-command,override-family-propagated,overrides mapped action method com/corrodinggames/rts/game/units/a/s.b(Lcom/corrodinggames/rts/game/units/am;Z)I -> getDisplayQueueCount,Hierarchy-safe propagation to avoid UnitAction/QueueableUnitAction partial named override coverage.
method,com/corrodinggames/rts/game/units/a/n,()Lcom/corrodinggames/rts/game/units/a/u;,e,method_Obf_a_n_getActionCommandType,getActionCommandType,v0.42-runtime-action-command-family,runtime-action-command,override-family-propagated,overrides mapped action method com/corrodinggames/rts/game/units/a/s.e()Lcom/corrodinggames/rts/game/units/a/u; -> getActionCommandType,Hierarchy-safe propagation to avoid UnitAction/QueueableUnitAction partial named override coverage.
method,com/corrodinggames/rts/game/units/a/n,()Z,h_,method_Obf_a_n_shouldShowText,shouldShowText,v0.42-runtime-action-command-family,runtime-action-command,override-family-propagated,overrides mapped action method com/corrodinggames/rts/game/units/a/s.h_()Z -> shouldShowText,Hierarchy-safe propagation to avoid UnitAction/QueueableUnitAction partial named override coverage.
method,com/corrodinggames/rts/game/units/a/n,()Lcom/corrodinggames/rts/game/units/a/t;,f,method_Obf_a_n_getDisplayType,getDisplayType,v0.42-runtime-action-command-family,runtime-action-command,override-family-propagated,overrides mapped action method com/corrodinggames/rts/game/units/a/s.f()Lcom/corrodinggames/rts/game/units/a/t; -> getDisplayType,Hierarchy-safe propagation to avoid UnitAction/QueueableUnitAction partial named override coverage.
method,com/corrodinggames/rts/game/units/a/n,()Z,g,method_Obf_a_n_isBuildAction,isBuildAction,v0.42-runtime-action-command-family,runtime-action-command,override-family-propagated,overrides mapped action method com/corrodinggames/rts/game/units/a/s.g()Z -> isBuildAction,Hierarchy-safe propagation to avoid UnitAction/QueueableUnitAction partial named override coverage.
method,com/corrodinggames/rts/game/units/a/n,()Lcom/corrodinggames/rts/game/units/as;,i,method_Obf_a_n_getBuildUnitType,getBuildUnitType,v0.42-runtime-action-command-family,runtime-action-command,override-family-propagated,overrides mapped action method com/corrodinggames/rts/game/units/a/s.i()Lcom/corrodinggames/rts/game/units/as; -> getBuildUnitType,Hierarchy-safe propagation to avoid UnitAction/QueueableUnitAction partial named override coverage.
method,com/corrodinggames/rts/game/units/a/o,()Ljava/lang/String;,a,method_Obf_a_o_getDescription,getDescription,v0.42-runtime-action-command-family,runtime-action-command,override-family-propagated,overrides mapped action method com/corrodinggames/rts/game/units/a/s.a()Ljava/lang/String; -> getDescription,Hierarchy-safe propagation to avoid UnitAction/QueueableUnitAction partial named override coverage.
method,com/corrodinggames/rts/game/units/a/o,()Ljava/lang/String;,b,method_Obf_a_o_getText,getText,v0.42-runtime-action-command-family,runtime-action-command,override-family-propagated,overrides mapped action method com/corrodinggames/rts/game/units/a/s.b()Ljava/lang/String; -> getText,Hierarchy-safe propagation to avoid UnitAction/QueueableUnitAction partial named override coverage.
method,com/corrodinggames/rts/game/units/a/o,()I,c,method_Obf_a_o_getCreditCost,getCreditCost,v0.42-runtime-action-command-family,runtime-action-command,override-family-propagated,overrides mapped action method com/corrodinggames/rts/game/units/a/s.c()I -> getCreditCost,Hierarchy-safe propagation to avoid UnitAction/QueueableUnitAction partial named override coverage.
method,com/corrodinggames/rts/game/units/a/o,(Lcom/corrodinggames/rts/game/units/am;Z)I,b,method_Obf_a_o_getDisplayQueueCount,getDisplayQueueCount,v0.42-runtime-action-command-family,runtime-action-command,override-family-propagated,overrides mapped action method com/corrodinggames/rts/game/units/a/s.b(Lcom/corrodinggames/rts/game/units/am;Z)I -> getDisplayQueueCount,Hierarchy-safe propagation to avoid UnitAction/QueueableUnitAction partial named override coverage.
method,com/corrodinggames/rts/game/units/a/o,()Lcom/corrodinggames/rts/game/units/a/u;,e,method_Obf_a_o_getActionCommandType,getActionCommandType,v0.42-runtime-action-command-family,runtime-action-command,override-family-propagated,overrides mapped action method com/corrodinggames/rts/game/units/a/s.e()Lcom/corrodinggames/rts/game/units/a/u; -> getActionCommandType,Hierarchy-safe propagation to avoid UnitAction/QueueableUnitAction partial named override coverage.
method,com/corrodinggames/rts/game/units/a/o,()Lcom/corrodinggames/rts/game/units/a/t;,f,method_Obf_a_o_getDisplayType,getDisplayType,v0.42-runtime-action-command-family,runtime-action-command,override-family-propagated,overrides mapped action method com/corrodinggames/rts/game/units/a/s.f()Lcom/corrodinggames/rts/game/units/a/t; -> getDisplayType,Hierarchy-safe propagation to avoid UnitAction/QueueableUnitAction partial named override coverage.
method,com/corrodinggames/rts/game/units/a/o,()Z,g,method_Obf_a_o_isBuildAction,isBuildAction,v0.42-runtime-action-command-family,runtime-action-command,override-family-propagated,overrides mapped action method com/corrodinggames/rts/game/units/a/s.g()Z -> isBuildAction,Hierarchy-safe propagation to avoid UnitAction/QueueableUnitAction partial named override coverage.
method,com/corrodinggames/rts/game/units/a/o,()Lcom/corrodinggames/rts/gameFramework/m/e;,j,method_Obf_a_o_getIconImage,getIconImage,v0.42-runtime-action-command-family,runtime-action-command,override-family-propagated,overrides mapped action method com/corrodinggames/rts/game/units/a/s.j()Lcom/corrodinggames/rts/gameFramework/m/e; -> getIconImage,Hierarchy-safe propagation to avoid UnitAction/QueueableUnitAction partial named override coverage.
method,com/corrodinggames/rts/game/units/a/o,()Lcom/corrodinggames/rts/game/units/as;,i,method_Obf_a_o_getBuildUnitType,getBuildUnitType,v0.42-runtime-action-command-family,runtime-action-command,override-family-propagated,overrides mapped action method com/corrodinggames/rts/game/units/a/s.i()Lcom/corrodinggames/rts/game/units/as; -> getBuildUnitType,Hierarchy-safe propagation to avoid UnitAction/QueueableUnitAction partial named override coverage.
method,com/corrodinggames/rts/game/units/a/p,(Lcom/corrodinggames/rts/game/units/am;Z)I,b,method_Obf_a_p_getDisplayQueueCount,getDisplayQueueCount,v0.42-runtime-action-command-family,runtime-action-command,override-family-propagated,overrides mapped action method com/corrodinggames/rts/game/units/a/s.b(Lcom/corrodinggames/rts/game/units/am;Z)I -> getDisplayQueueCount,Hierarchy-safe propagation to avoid UnitAction/QueueableUnitAction partial named override coverage.
method,com/corrodinggames/rts/game/units/a/p,()I,c,method_Obf_a_p_getCreditCost,getCreditCost,v0.42-runtime-action-command-family,runtime-action-command,override-family-propagated,overrides mapped action method com/corrodinggames/rts/game/units/a/s.c()I -> getCreditCost,Hierarchy-safe propagation to avoid UnitAction/QueueableUnitAction partial named override coverage.
method,com/corrodinggames/rts/game/units/a/p,()Lcom/corrodinggames/rts/game/units/as;,i,method_Obf_a_p_getBuildUnitType,getBuildUnitType,v0.42-runtime-action-command-family,runtime-action-command,override-family-propagated,overrides mapped action method com/corrodinggames/rts/game/units/a/s.i()Lcom/corrodinggames/rts/game/units/as; -> getBuildUnitType,Hierarchy-safe propagation to avoid UnitAction/QueueableUnitAction partial named override coverage.
method,com/corrodinggames/rts/game/units/a/p,()Lcom/corrodinggames/rts/game/units/a/u;,e,method_Obf_a_p_getActionCommandType,getActionCommandType,v0.42-runtime-action-command-family,runtime-action-command,override-family-propagated,overrides mapped action method com/corrodinggames/rts/game/units/a/s.e()Lcom/corrodinggames/rts/game/units/a/u; -> getActionCommandType,Hierarchy-safe propagation to avoid UnitAction/QueueableUnitAction partial named override coverage.
method,com/corrodinggames/rts/game/units/a/p,()Lcom/corrodinggames/rts/game/units/a/t;,f,method_Obf_a_p_getDisplayType,getDisplayType,v0.42-runtime-action-command-family,runtime-action-command,override-family-propagated,overrides mapped action method com/corrodinggames/rts/game/units/a/s.f()Lcom/corrodinggames/rts/game/units/a/t; -> getDisplayType,Hierarchy-safe propagation to avoid UnitAction/QueueableUnitAction partial named override coverage.
method,com/corrodinggames/rts/game/units/a/p,()Z,g,method_Obf_a_p_isBuildAction,isBuildAction,v0.42-runtime-action-command-family,runtime-action-command,override-family-propagated,overrides mapped action method com/corrodinggames/rts/game/units/a/s.g()Z -> isBuildAction,Hierarchy-safe propagation to avoid UnitAction/QueueableUnitAction partial named override coverage.
method,com/corrodinggames/rts/game/units/a/p,()Ljava/lang/String;,d,method_Obf_a_p_getDisplayTextWithCount,getDisplayTextWithCount,v0.42-runtime-action-command-family,runtime-action-command,override-family-propagated,overrides mapped action method com/corrodinggames/rts/game/units/a/s.d()Ljava/lang/String; -> getDisplayTextWithCount,Hierarchy-safe propagation to avoid UnitAction/QueueableUnitAction partial named override coverage.
method,com/corrodinggames/rts/game/units/a/p,()Z,h_,method_Obf_a_p_shouldShowText,shouldShowText,v0.42-runtime-action-command-family,runtime-action-command,override-family-propagated,overrides mapped action method com/corrodinggames/rts/game/units/a/s.h_()Z -> shouldShowText,Hierarchy-safe propagation to avoid UnitAction/QueueableUnitAction partial named override coverage.
method,com/corrodinggames/rts/game/units/a/q,()Ljava/lang/String;,b,method_Obf_a_q_getText,getText,v0.42-runtime-action-command-family,runtime-action-command,override-family-propagated,overrides mapped action method com/corrodinggames/rts/game/units/a/s.b()Ljava/lang/String; -> getText,Hierarchy-safe propagation to avoid UnitAction/QueueableUnitAction partial named override coverage.
method,com/corrodinggames/rts/game/units/a/q,()Ljava/lang/String;,a,method_Obf_a_q_getDescription,getDescription,v0.42-runtime-action-command-family,runtime-action-command,override-family-propagated,overrides mapped action method com/corrodinggames/rts/game/units/a/s.a()Ljava/lang/String; -> getDescription,Hierarchy-safe propagation to avoid UnitAction/QueueableUnitAction partial named override coverage.
method,com/corrodinggames/rts/game/units/a/r,()Ljava/lang/String;,b,method_Obf_a_r_getText,getText,v0.42-runtime-action-command-family,runtime-action-command,override-family-propagated,overrides mapped action method com/corrodinggames/rts/game/units/a/s.b()Ljava/lang/String; -> getText,Hierarchy-safe propagation to avoid UnitAction/QueueableUnitAction partial named override coverage.
method,com/corrodinggames/rts/game/units/a/r,()Ljava/lang/String;,a,method_Obf_a_r_getDescription,getDescription,v0.42-runtime-action-command-family,runtime-action-command,override-family-propagated,overrides mapped action method com/corrodinggames/rts/game/units/a/s.a()Ljava/lang/String; -> getDescription,Hierarchy-safe propagation to avoid UnitAction/QueueableUnitAction partial named override coverage.
method,com/corrodinggames/rts/game/units/a/v,()Lcom/corrodinggames/rts/game/units/as;,i,method_Obf_a_v_getBuildUnitType,getBuildUnitType,v0.42-runtime-action-command-family,runtime-action-command,override-family-propagated,overrides mapped action method com/corrodinggames/rts/game/units/a/s.i()Lcom/corrodinggames/rts/game/units/as; -> getBuildUnitType,Hierarchy-safe propagation to avoid UnitAction/QueueableUnitAction partial named override coverage.
method,com/corrodinggames/rts/game/units/a/v,()Lcom/corrodinggames/rts/game/units/as;,y,method_Obf_a_v_getGuiBuildUnitType,getGuiBuildUnitType,v0.42-runtime-action-command-family,runtime-action-command,override-family-propagated,overrides mapped action method com/corrodinggames/rts/game/units/a/s.y()Lcom/corrodinggames/rts/game/units/as; -> getGuiBuildUnitType,Hierarchy-safe propagation to avoid UnitAction/QueueableUnitAction partial named override coverage.
method,com/corrodinggames/rts/game/units/a/v,()Ljava/lang/String;,a,method_Obf_a_v_getDescription,getDescription,v0.42-runtime-action-command-family,runtime-action-command,override-family-propagated,overrides mapped action method com/corrodinggames/rts/game/units/a/s.a()Ljava/lang/String; -> getDescription,Hierarchy-safe propagation to avoid UnitAction/QueueableUnitAction partial named override coverage.
method,com/corrodinggames/rts/game/units/a/v,()Ljava/lang/String;,b,method_Obf_a_v_getText,getText,v0.42-runtime-action-command-family,runtime-action-command,override-family-propagated,overrides mapped action method com/corrodinggames/rts/game/units/a/s.b()Ljava/lang/String; -> getText,Hierarchy-safe propagation to avoid UnitAction/QueueableUnitAction partial named override coverage.
method,com/corrodinggames/rts/game/units/a/v,()I,c,method_Obf_a_v_getCreditCost,getCreditCost,v0.42-runtime-action-command-family,runtime-action-command,override-family-propagated,overrides mapped action method com/corrodinggames/rts/game/units/a/s.c()I -> getCreditCost,Hierarchy-safe propagation to avoid UnitAction/QueueableUnitAction partial named override coverage.
method,com/corrodinggames/rts/game/units/a/v,()Lcom/corrodinggames/rts/game/units/custom/d/b;,B,method_Obf_a_v_getPrice,getPrice,v0.42-runtime-action-command-family,runtime-action-command,override-family-propagated,overrides mapped action method com/corrodinggames/rts/game/units/a/s.B()Lcom/corrodinggames/rts/game/units/custom/d/b; -> getPrice,Hierarchy-safe propagation to avoid UnitAction/QueueableUnitAction partial named override coverage.
method,com/corrodinggames/rts/game/units/a/v,()Lcom/corrodinggames/rts/game/units/custom/d/b;,r_,method_Obf_a_v_getStreamingCost,getStreamingCost,v0.42-runtime-action-command-family,runtime-action-command,override-family-propagated,overrides mapped action method com/corrodinggames/rts/game/units/a/s.r_()Lcom/corrodinggames/rts/game/units/custom/d/b; -> getStreamingCost,Hierarchy-safe propagation to avoid UnitAction/QueueableUnitAction partial named override coverage.
method,com/corrodinggames/rts/game/units/a/v,(Lcom/corrodinggames/rts/game/units/am;Z)I,b,method_Obf_a_v_getDisplayQueueCount,getDisplayQueueCount,v0.42-runtime-action-command-family,runtime-action-command,override-family-propagated,overrides mapped action method com/corrodinggames/rts/game/units/a/s.b(Lcom/corrodinggames/rts/game/units/am;Z)I -> getDisplayQueueCount,Hierarchy-safe propagation to avoid UnitAction/QueueableUnitAction partial named override coverage.
method,com/corrodinggames/rts/game/units/a/v,()Lcom/corrodinggames/rts/game/units/a/u;,e,method_Obf_a_v_getActionCommandType,getActionCommandType,v0.42-runtime-action-command-family,runtime-action-command,override-family-propagated,overrides mapped action method com/corrodinggames/rts/game/units/a/s.e()Lcom/corrodinggames/rts/game/units/a/u; -> getActionCommandType,Hierarchy-safe propagation to avoid UnitAction/QueueableUnitAction partial named override coverage.
method,com/corrodinggames/rts/game/units/a/v,()Lcom/corrodinggames/rts/game/units/a/t;,f,method_Obf_a_v_getDisplayType,getDisplayType,v0.42-runtime-action-command-family,runtime-action-command,override-family-propagated,overrides mapped action method com/corrodinggames/rts/game/units/a/s.f()Lcom/corrodinggames/rts/game/units/a/t; -> getDisplayType,Hierarchy-safe propagation to avoid UnitAction/QueueableUnitAction partial named override coverage.
method,com/corrodinggames/rts/game/units/a/v,(Lcom/corrodinggames/rts/game/units/am;)Z,g,method_Obf_a_v_isLocked,isLocked,v0.42-runtime-action-command-family,runtime-action-command,override-family-propagated,overrides mapped action method com/corrodinggames/rts/game/units/a/s.g(Lcom/corrodinggames/rts/game/units/am;)Z -> isLocked,Hierarchy-safe propagation to avoid UnitAction/QueueableUnitAction partial named override coverage.
method,com/corrodinggames/rts/game/units/a/v,()Z,g,method_Obf_a_v_isBuildAction,isBuildAction,v0.42-runtime-action-command-family,runtime-action-command,override-family-propagated,overrides mapped action method com/corrodinggames/rts/game/units/a/s.g()Z -> isBuildAction,Hierarchy-safe propagation to avoid UnitAction/QueueableUnitAction partial named override coverage.
method,com/corrodinggames/rts/game/units/a/v,()Z,u,method_Obf_a_v_isQueuedAction,isQueuedAction,v0.42-runtime-action-command-family,runtime-action-command,override-family-propagated,overrides mapped action method com/corrodinggames/rts/game/units/a/s.u()Z -> isQueuedAction,Hierarchy-safe propagation to avoid UnitAction/QueueableUnitAction partial named override coverage.
method,com/corrodinggames/rts/game/units/a/v,(Lcom/corrodinggames/rts/game/units/am;)F,p,method_Obf_a_v_getProgress,getProgress,v0.42-runtime-action-command-family,runtime-action-command,override-family-propagated,overrides mapped action method com/corrodinggames/rts/game/units/a/s.p(Lcom/corrodinggames/rts/game/units/am;)F -> getProgress,Hierarchy-safe propagation to avoid UnitAction/QueueableUnitAction partial named override coverage.
method,com/corrodinggames/rts/game/units/a/v,(Lcom/corrodinggames/rts/game/units/am;)Z,r,method_Obf_a_v_isVisibleWithExtraCheck,isVisibleWithExtraCheck,v0.42-runtime-action-command-family,runtime-action-command,override-family-propagated,overrides mapped action method com/corrodinggames/rts/game/units/a/s.r(Lcom/corrodinggames/rts/game/units/am;)Z -> isVisibleWithExtraCheck,Hierarchy-safe propagation to avoid UnitAction/QueueableUnitAction partial named override coverage.
method,com/corrodinggames/rts/game/units/a/v,(Lcom/corrodinggames/rts/game/units/am;)Z,b,method_Obf_a_v_isVisible,isVisible,v0.42-runtime-action-command-family,runtime-action-command,override-family-propagated,overrides mapped action method com/corrodinggames/rts/game/units/a/s.b(Lcom/corrodinggames/rts/game/units/am;)Z -> isVisible,Hierarchy-safe propagation to avoid UnitAction/QueueableUnitAction partial named override coverage.
method,com/corrodinggames/rts/game/units/a/x,(Lcom/corrodinggames/rts/game/units/am;Z)I,b,method_Obf_a_x_getDisplayQueueCount,getDisplayQueueCount,v0.42-runtime-action-command-family,runtime-action-command,override-family-propagated,overrides mapped action method com/corrodinggames/rts/game/units/a/s.b(Lcom/corrodinggames/rts/game/units/am;Z)I -> getDisplayQueueCount,Hierarchy-safe propagation to avoid UnitAction/QueueableUnitAction partial named override coverage.
method,com/corrodinggames/rts/game/units/a/x,()I,c,method_Obf_a_x_getCreditCost,getCreditCost,v0.42-runtime-action-command-family,runtime-action-command,override-family-propagated,overrides mapped action method com/corrodinggames/rts/game/units/a/s.c()I -> getCreditCost,Hierarchy-safe propagation to avoid UnitAction/QueueableUnitAction partial named override coverage.
method,com/corrodinggames/rts/game/units/a/x,()Lcom/corrodinggames/rts/game/units/a/u;,e,method_Obf_a_x_getActionCommandType,getActionCommandType,v0.42-runtime-action-command-family,runtime-action-command,override-family-propagated,overrides mapped action method com/corrodinggames/rts/game/units/a/s.e()Lcom/corrodinggames/rts/game/units/a/u; -> getActionCommandType,Hierarchy-safe propagation to avoid UnitAction/QueueableUnitAction partial named override coverage.
method,com/corrodinggames/rts/game/units/a/x,()Lcom/corrodinggames/rts/game/units/a/t;,f,method_Obf_a_x_getDisplayType,getDisplayType,v0.42-runtime-action-command-family,runtime-action-command,override-family-propagated,overrides mapped action method com/corrodinggames/rts/game/units/a/s.f()Lcom/corrodinggames/rts/game/units/a/t; -> getDisplayType,Hierarchy-safe propagation to avoid UnitAction/QueueableUnitAction partial named override coverage.
method,com/corrodinggames/rts/game/units/a/x,()Z,g,method_Obf_a_x_isBuildAction,isBuildAction,v0.42-runtime-action-command-family,runtime-action-command,override-family-propagated,overrides mapped action method com/corrodinggames/rts/game/units/a/s.g()Z -> isBuildAction,Hierarchy-safe propagation to avoid UnitAction/QueueableUnitAction partial named override coverage.
method,com/corrodinggames/rts/game/units/a/x,()Lcom/corrodinggames/rts/game/units/as;,i,method_Obf_a_x_getBuildUnitType,getBuildUnitType,v0.42-runtime-action-command-family,runtime-action-command,override-family-propagated,overrides mapped action method com/corrodinggames/rts/game/units/a/s.i()Lcom/corrodinggames/rts/game/units/as; -> getBuildUnitType,Hierarchy-safe propagation to avoid UnitAction/QueueableUnitAction partial named override coverage.
method,com/corrodinggames/rts/game/units/a/y,(Lcom/corrodinggames/rts/game/units/am;Z)I,b,method_Obf_a_y_getDisplayQueueCount,getDisplayQueueCount,v0.42-runtime-action-command-family,runtime-action-command,override-family-propagated,overrides mapped action method com/corrodinggames/rts/game/units/a/s.b(Lcom/corrodinggames/rts/game/units/am;Z)I -> getDisplayQueueCount,Hierarchy-safe propagation to avoid UnitAction/QueueableUnitAction partial named override coverage.
method,com/corrodinggames/rts/game/units/a/y,()I,c,method_Obf_a_y_getCreditCost,getCreditCost,v0.42-runtime-action-command-family,runtime-action-command,override-family-propagated,overrides mapped action method com/corrodinggames/rts/game/units/a/s.c()I -> getCreditCost,Hierarchy-safe propagation to avoid UnitAction/QueueableUnitAction partial named override coverage.
method,com/corrodinggames/rts/game/units/a/y,()Lcom/corrodinggames/rts/game/units/as;,i,method_Obf_a_y_getBuildUnitType,getBuildUnitType,v0.42-runtime-action-command-family,runtime-action-command,override-family-propagated,overrides mapped action method com/corrodinggames/rts/game/units/a/s.i()Lcom/corrodinggames/rts/game/units/as; -> getBuildUnitType,Hierarchy-safe propagation to avoid UnitAction/QueueableUnitAction partial named override coverage.
method,com/corrodinggames/rts/game/units/a/y,()Lcom/corrodinggames/rts/game/units/a/u;,e,method_Obf_a_y_getActionCommandType,getActionCommandType,v0.42-runtime-action-command-family,runtime-action-command,override-family-propagated,overrides mapped action method com/corrodinggames/rts/game/units/a/s.e()Lcom/corrodinggames/rts/game/units/a/u; -> getActionCommandType,Hierarchy-safe propagation to avoid UnitAction/QueueableUnitAction partial named override coverage.
method,com/corrodinggames/rts/game/units/a/y,()Lcom/corrodinggames/rts/game/units/a/t;,f,method_Obf_a_y_getDisplayType,getDisplayType,v0.42-runtime-action-command-family,runtime-action-command,override-family-propagated,overrides mapped action method com/corrodinggames/rts/game/units/a/s.f()Lcom/corrodinggames/rts/game/units/a/t; -> getDisplayType,Hierarchy-safe propagation to avoid UnitAction/QueueableUnitAction partial named override coverage.
method,com/corrodinggames/rts/game/units/a/y,()Z,g,method_Obf_a_y_isBuildAction,isBuildAction,v0.42-runtime-action-command-family,runtime-action-command,override-family-propagated,overrides mapped action method com/corrodinggames/rts/game/units/a/s.g()Z -> isBuildAction,Hierarchy-safe propagation to avoid UnitAction/QueueableUnitAction partial named override coverage.
method,com/corrodinggames/rts/game/units/a/y,()Ljava/lang/String;,d,method_Obf_a_y_getDisplayTextWithCount,getDisplayTextWithCount,v0.42-runtime-action-command-family,runtime-action-command,override-family-propagated,overrides mapped action method com/corrodinggames/rts/game/units/a/s.d()Ljava/lang/String; -> getDisplayTextWithCount,Hierarchy-safe propagation to avoid UnitAction/QueueableUnitAction partial named override coverage.
method,com/corrodinggames/rts/game/units/a/y,()Z,h_,method_Obf_a_y_shouldShowText,shouldShowText,v0.42-runtime-action-command-family,runtime-action-command,override-family-propagated,overrides mapped action method com/corrodinggames/rts/game/units/a/s.h_()Z -> shouldShowText,Hierarchy-safe propagation to avoid UnitAction/QueueableUnitAction partial named override coverage.
method,com/corrodinggames/rts/game/units/a/y,()Ljava/lang/String;,b,method_Obf_a_y_getText,getText,v0.42-runtime-action-command-family,runtime-action-command,override-family-propagated,overrides mapped action method com/corrodinggames/rts/game/units/a/s.b()Ljava/lang/String; -> getText,Hierarchy-safe propagation to avoid UnitAction/QueueableUnitAction partial named override coverage.
method,com/corrodinggames/rts/game/units/a/y,(Lcom/corrodinggames/rts/game/units/am;)Ljava/lang/String;,d,method_Obf_a_y_getTextForUnit,getTextForUnit,v0.42-runtime-action-command-family,runtime-action-command,override-family-propagated,overrides mapped action method com/corrodinggames/rts/game/units/a/s.d(Lcom/corrodinggames/rts/game/units/am;)Ljava/lang/String; -> getTextForUnit,Hierarchy-safe propagation to avoid UnitAction/QueueableUnitAction partial named override coverage.
method,com/corrodinggames/rts/game/units/a/y,()Z,u,method_Obf_a_y_isQueuedAction,isQueuedAction,v0.42-runtime-action-command-family,runtime-action-command,override-family-propagated,overrides mapped action method com/corrodinggames/rts/game/units/a/s.u()Z -> isQueuedAction,Hierarchy-safe propagation to avoid UnitAction/QueueableUnitAction partial named override coverage.
method,com/corrodinggames/rts/game/units/a/y,()Ljava/lang/String;,a,method_Obf_a_y_getDescription,getDescription,v0.42-runtime-action-command-family,runtime-action-command,override-family-propagated,overrides mapped action method com/corrodinggames/rts/game/units/a/s.a()Ljava/lang/String; -> getDescription,Hierarchy-safe propagation to avoid UnitAction/QueueableUnitAction partial named override coverage.
method,com/corrodinggames/rts/game/units/a/z,(Lcom/corrodinggames/rts/game/units/am;Z)I,b,method_Obf_a_z_getDisplayQueueCount,getDisplayQueueCount,v0.42-runtime-action-command-family,runtime-action-command,override-family-propagated,overrides mapped action method com/corrodinggames/rts/game/units/a/s.b(Lcom/corrodinggames/rts/game/units/am;Z)I -> getDisplayQueueCount,Hierarchy-safe propagation to avoid UnitAction/QueueableUnitAction partial named override coverage.
method,com/corrodinggames/rts/game/units/a/z,()I,c,method_Obf_a_z_getCreditCost,getCreditCost,v0.42-runtime-action-command-family,runtime-action-command,override-family-propagated,overrides mapped action method com/corrodinggames/rts/game/units/a/s.c()I -> getCreditCost,Hierarchy-safe propagation to avoid UnitAction/QueueableUnitAction partial named override coverage.
method,com/corrodinggames/rts/game/units/a/z,()Lcom/corrodinggames/rts/game/units/as;,i,method_Obf_a_z_getBuildUnitType,getBuildUnitType,v0.42-runtime-action-command-family,runtime-action-command,override-family-propagated,overrides mapped action method com/corrodinggames/rts/game/units/a/s.i()Lcom/corrodinggames/rts/game/units/as; -> getBuildUnitType,Hierarchy-safe propagation to avoid UnitAction/QueueableUnitAction partial named override coverage.
method,com/corrodinggames/rts/game/units/a/z,()Lcom/corrodinggames/rts/game/units/a/u;,e,method_Obf_a_z_getActionCommandType,getActionCommandType,v0.42-runtime-action-command-family,runtime-action-command,override-family-propagated,overrides mapped action method com/corrodinggames/rts/game/units/a/s.e()Lcom/corrodinggames/rts/game/units/a/u; -> getActionCommandType,Hierarchy-safe propagation to avoid UnitAction/QueueableUnitAction partial named override coverage.
method,com/corrodinggames/rts/game/units/a/z,()Lcom/corrodinggames/rts/game/units/a/t;,f,method_Obf_a_z_getDisplayType,getDisplayType,v0.42-runtime-action-command-family,runtime-action-command,override-family-propagated,overrides mapped action method com/corrodinggames/rts/game/units/a/s.f()Lcom/corrodinggames/rts/game/units/a/t; -> getDisplayType,Hierarchy-safe propagation to avoid UnitAction/QueueableUnitAction partial named override coverage.
method,com/corrodinggames/rts/game/units/a/z,()Z,g,method_Obf_a_z_isBuildAction,isBuildAction,v0.42-runtime-action-command-family,runtime-action-command,override-family-propagated,overrides mapped action method com/corrodinggames/rts/game/units/a/s.g()Z -> isBuildAction,Hierarchy-safe propagation to avoid UnitAction/QueueableUnitAction partial named override coverage.
method,com/corrodinggames/rts/game/units/a/z,()Ljava/lang/String;,d,method_Obf_a_z_getDisplayTextWithCount,getDisplayTextWithCount,v0.42-runtime-action-command-family,runtime-action-command,override-family-propagated,overrides mapped action method com/corrodinggames/rts/game/units/a/s.d()Ljava/lang/String; -> getDisplayTextWithCount,Hierarchy-safe propagation to avoid UnitAction/QueueableUnitAction partial named override coverage.
method,com/corrodinggames/rts/game/units/a/z,()Ljava/lang/String;,b,method_Obf_a_z_getText,getText,v0.42-runtime-action-command-family,runtime-action-command,override-family-propagated,overrides mapped action method com/corrodinggames/rts/game/units/a/s.b()Ljava/lang/String; -> getText,Hierarchy-safe propagation to avoid UnitAction/QueueableUnitAction partial named override coverage.
method,com/corrodinggames/rts/game/units/a/z,(Lcom/corrodinggames/rts/game/units/am;)Ljava/lang/String;,w,method_Obf_a_z_getTextForTooltip,getTextForTooltip,v0.42-runtime-action-command-family,runtime-action-command,override-family-propagated,overrides mapped action method com/corrodinggames/rts/game/units/a/s.w(Lcom/corrodinggames/rts/game/units/am;)Ljava/lang/String; -> getTextForTooltip,Hierarchy-safe propagation to avoid UnitAction/QueueableUnitAction partial named override coverage.
method,com/corrodinggames/rts/game/units/a/z,()Z,h_,method_Obf_a_z_shouldShowText,shouldShowText,v0.42-runtime-action-command-family,runtime-action-command,override-family-propagated,overrides mapped action method com/corrodinggames/rts/game/units/a/s.h_()Z -> shouldShowText,Hierarchy-safe propagation to avoid UnitAction/QueueableUnitAction partial named override coverage.
method,com/corrodinggames/rts/game/units/a/z,()Z,u,method_Obf_a_z_isQueuedAction,isQueuedAction,v0.42-runtime-action-command-family,runtime-action-command,override-family-propagated,overrides mapped action method com/corrodinggames/rts/game/units/a/s.u()Z -> isQueuedAction,Hierarchy-safe propagation to avoid UnitAction/QueueableUnitAction partial named override coverage.
method,com/corrodinggames/rts/game/units/a/z,()Ljava/lang/String;,a,method_Obf_a_z_getDescription,getDescription,v0.42-runtime-action-command-family,runtime-action-command,override-family-propagated,overrides mapped action method com/corrodinggames/rts/game/units/a/s.a()Ljava/lang/String; -> getDescription,Hierarchy-safe propagation to avoid UnitAction/QueueableUnitAction partial named override coverage.
method,com/corrodinggames/rts/game/units/a/z,()F,m_,method_Obf_a_z_getSortOrder,getSortOrder,v0.42-runtime-action-command-family,runtime-action-command,override-family-propagated,overrides mapped action method com/corrodinggames/rts/game/units/a/s.m_()F -> getSortOrder,Hierarchy-safe propagation to avoid UnitAction/QueueableUnitAction partial named override coverage.
method,com/corrodinggames/rts/game/units/b/c$1,()Ljava/lang/String;,a,method_Obf_b_c_1_getDescription,getDescription,v0.42-runtime-action-command-family,runtime-action-command,override-family-propagated,overrides mapped action method com/corrodinggames/rts/game/units/a/s.a()Ljava/lang/String; -> getDescription,Hierarchy-safe propagation to avoid UnitAction/QueueableUnitAction partial named override coverage.
method,com/corrodinggames/rts/game/units/b/c$1,()Ljava/lang/String;,b,method_Obf_b_c_1_getText,getText,v0.42-runtime-action-command-family,runtime-action-command,override-family-propagated,overrides mapped action method com/corrodinggames/rts/game/units/a/s.b()Ljava/lang/String; -> getText,Hierarchy-safe propagation to avoid UnitAction/QueueableUnitAction partial named override coverage.
method,com/corrodinggames/rts/game/units/b/c$1,(Lcom/corrodinggames/rts/game/units/am;Z)Z,a,method_Obf_b_c_1_isActiveAndQueueAllowed,isActiveAndQueueAllowed,v0.42-runtime-action-command-family,runtime-action-command,override-family-propagated,overrides mapped action method com/corrodinggames/rts/game/units/a/s.a(Lcom/corrodinggames/rts/game/units/am;Z)Z -> isActiveAndQueueAllowed,Hierarchy-safe propagation to avoid UnitAction/QueueableUnitAction partial named override coverage.
method,com/corrodinggames/rts/game/units/b/c$2,()Ljava/lang/String;,a,method_Obf_b_c_2_getDescription,getDescription,v0.42-runtime-action-command-family,runtime-action-command,override-family-propagated,overrides mapped action method com/corrodinggames/rts/game/units/a/s.a()Ljava/lang/String; -> getDescription,Hierarchy-safe propagation to avoid UnitAction/QueueableUnitAction partial named override coverage.
method,com/corrodinggames/rts/game/units/b/c$2,()Ljava/lang/String;,b,method_Obf_b_c_2_getText,getText,v0.42-runtime-action-command-family,runtime-action-command,override-family-propagated,overrides mapped action method com/corrodinggames/rts/game/units/a/s.b()Ljava/lang/String; -> getText,Hierarchy-safe propagation to avoid UnitAction/QueueableUnitAction partial named override coverage.
method,com/corrodinggames/rts/game/units/b/c$2,(Lcom/corrodinggames/rts/game/units/am;Z)Z,a,method_Obf_b_c_2_isActiveAndQueueAllowed,isActiveAndQueueAllowed,v0.42-runtime-action-command-family,runtime-action-command,override-family-propagated,overrides mapped action method com/corrodinggames/rts/game/units/a/s.a(Lcom/corrodinggames/rts/game/units/am;Z)Z -> isActiveAndQueueAllowed,Hierarchy-safe propagation to avoid UnitAction/QueueableUnitAction partial named override coverage.
method,com/corrodinggames/rts/game/units/b/d$1,()Ljava/lang/String;,a,method_Obf_b_d_1_getDescription,getDescription,v0.42-runtime-action-command-family,runtime-action-command,override-family-propagated,overrides mapped action method com/corrodinggames/rts/game/units/a/s.a()Ljava/lang/String; -> getDescription,Hierarchy-safe propagation to avoid UnitAction/QueueableUnitAction partial named override coverage.
method,com/corrodinggames/rts/game/units/b/d$1,()Ljava/lang/String;,b,method_Obf_b_d_1_getText,getText,v0.42-runtime-action-command-family,runtime-action-command,override-family-propagated,overrides mapped action method com/corrodinggames/rts/game/units/a/s.b()Ljava/lang/String; -> getText,Hierarchy-safe propagation to avoid UnitAction/QueueableUnitAction partial named override coverage.
method,com/corrodinggames/rts/game/units/b/d$1,(Lcom/corrodinggames/rts/game/units/am;Z)I,b,method_Obf_b_d_1_getDisplayQueueCount,getDisplayQueueCount,v0.42-runtime-action-command-family,runtime-action-command,override-family-propagated,overrides mapped action method com/corrodinggames/rts/game/units/a/s.b(Lcom/corrodinggames/rts/game/units/am;Z)I -> getDisplayQueueCount,Hierarchy-safe propagation to avoid UnitAction/QueueableUnitAction partial named override coverage.
method,com/corrodinggames/rts/game/units/b/d$1,(Lcom/corrodinggames/rts/game/units/am;Z)Z,a,method_Obf_b_d_1_isActiveAndQueueAllowed,isActiveAndQueueAllowed,v0.42-runtime-action-command-family,runtime-action-command,override-family-propagated,overrides mapped action method com/corrodinggames/rts/game/units/a/s.a(Lcom/corrodinggames/rts/game/units/am;Z)Z -> isActiveAndQueueAllowed,Hierarchy-safe propagation to avoid UnitAction/QueueableUnitAction partial named override coverage.
method,com/corrodinggames/rts/game/units/b/d$2,()Ljava/lang/String;,a,method_Obf_b_d_2_getDescription,getDescription,v0.42-runtime-action-command-family,runtime-action-command,override-family-propagated,overrides mapped action method com/corrodinggames/rts/game/units/a/s.a()Ljava/lang/String; -> getDescription,Hierarchy-safe propagation to avoid UnitAction/QueueableUnitAction partial named override coverage.
method,com/corrodinggames/rts/game/units/b/d$2,()Ljava/lang/String;,b,method_Obf_b_d_2_getText,getText,v0.42-runtime-action-command-family,runtime-action-command,override-family-propagated,overrides mapped action method com/corrodinggames/rts/game/units/a/s.b()Ljava/lang/String; -> getText,Hierarchy-safe propagation to avoid UnitAction/QueueableUnitAction partial named override coverage.
method,com/corrodinggames/rts/game/units/b/d$2,(Lcom/corrodinggames/rts/game/units/am;Z)Z,a,method_Obf_b_d_2_isActiveAndQueueAllowed,isActiveAndQueueAllowed,v0.42-runtime-action-command-family,runtime-action-command,override-family-propagated,overrides mapped action method com/corrodinggames/rts/game/units/a/s.a(Lcom/corrodinggames/rts/game/units/am;Z)Z -> isActiveAndQueueAllowed,Hierarchy-safe propagation to avoid UnitAction/QueueableUnitAction partial named override coverage.
method,com/corrodinggames/rts/game/units/b/d$2,(Lcom/corrodinggames/rts/game/units/am;)Z,b,method_Obf_b_d_2_isVisible,isVisible,v0.42-runtime-action-command-family,runtime-action-command,override-family-propagated,overrides mapped action method com/corrodinggames/rts/game/units/a/s.b(Lcom/corrodinggames/rts/game/units/am;)Z -> isVisible,Hierarchy-safe propagation to avoid UnitAction/QueueableUnitAction partial named override coverage.
method,com/corrodinggames/rts/game/units/d/a/a$1,()Z,g,method_Obf_d_a_a_1_isBuildAction,isBuildAction,v0.42-runtime-action-command-family,runtime-action-command,override-family-propagated,overrides mapped action method com/corrodinggames/rts/game/units/a/s.g()Z -> isBuildAction,Hierarchy-safe propagation to avoid UnitAction/QueueableUnitAction partial named override coverage.
method,com/corrodinggames/rts/game/units/d/a/a$1,()Ljava/lang/String;,a,method_Obf_d_a_a_1_getDescription,getDescription,v0.42-runtime-action-command-family,runtime-action-command,override-family-propagated,overrides mapped action method com/corrodinggames/rts/game/units/a/s.a()Ljava/lang/String; -> getDescription,Hierarchy-safe propagation to avoid UnitAction/QueueableUnitAction partial named override coverage.
method,com/corrodinggames/rts/game/units/d/a/a$1,()Ljava/lang/String;,b,method_Obf_d_a_a_1_getText,getText,v0.42-runtime-action-command-family,runtime-action-command,override-family-propagated,overrides mapped action method com/corrodinggames/rts/game/units/a/s.b()Ljava/lang/String; -> getText,Hierarchy-safe propagation to avoid UnitAction/QueueableUnitAction partial named override coverage.
method,com/corrodinggames/rts/game/units/d/a/a$1,()I,c,method_Obf_d_a_a_1_getCreditCost,getCreditCost,v0.42-runtime-action-command-family,runtime-action-command,override-family-propagated,overrides mapped action method com/corrodinggames/rts/game/units/a/s.c()I -> getCreditCost,Hierarchy-safe propagation to avoid UnitAction/QueueableUnitAction partial named override coverage.
method,com/corrodinggames/rts/game/units/d/a/a$1,()F,K,method_Obf_d_a_a_1_getBuildSpeed,getBuildSpeed,v0.42-runtime-action-command-family,runtime-action-command,override-family-propagated,overrides mapped action method com/corrodinggames/rts/game/units/a/w.K()F -> getBuildSpeed,Hierarchy-safe propagation to avoid UnitAction/QueueableUnitAction partial named override coverage.
method,com/corrodinggames/rts/game/units/d/a/a$1,(Lcom/corrodinggames/rts/game/units/am;Z)Z,a,method_Obf_d_a_a_1_isActiveAndQueueAllowed,isActiveAndQueueAllowed,v0.42-runtime-action-command-family,runtime-action-command,override-family-propagated,overrides mapped action method com/corrodinggames/rts/game/units/a/s.a(Lcom/corrodinggames/rts/game/units/am;Z)Z -> isActiveAndQueueAllowed,Hierarchy-safe propagation to avoid UnitAction/QueueableUnitAction partial named override coverage.
method,com/corrodinggames/rts/game/units/d/a/a$1,(Lcom/corrodinggames/rts/game/units/am;)Z,b,method_Obf_d_a_a_1_isVisible,isVisible,v0.42-runtime-action-command-family,runtime-action-command,override-family-propagated,overrides mapped action method com/corrodinggames/rts/game/units/a/s.b(Lcom/corrodinggames/rts/game/units/am;)Z -> isVisible,Hierarchy-safe propagation to avoid UnitAction/QueueableUnitAction partial named override coverage.
method,com/corrodinggames/rts/game/units/d/a/a$1,()Lcom/corrodinggames/rts/game/units/a/t;,f,method_Obf_d_a_a_1_getDisplayType,getDisplayType,v0.42-runtime-action-command-family,runtime-action-command,override-family-propagated,overrides mapped action method com/corrodinggames/rts/game/units/a/s.f()Lcom/corrodinggames/rts/game/units/a/t; -> getDisplayType,Hierarchy-safe propagation to avoid UnitAction/QueueableUnitAction partial named override coverage.
method,com/corrodinggames/rts/game/units/d/a/a$1,()Lcom/corrodinggames/rts/game/units/as;,i,method_Obf_d_a_a_1_getBuildUnitType,getBuildUnitType,v0.42-runtime-action-command-family,runtime-action-command,override-family-propagated,overrides mapped action method com/corrodinggames/rts/game/units/a/s.i()Lcom/corrodinggames/rts/game/units/as; -> getBuildUnitType,Hierarchy-safe propagation to avoid UnitAction/QueueableUnitAction partial named override coverage.
method,com/corrodinggames/rts/game/units/d/a/b$1,()Z,g,method_Obf_d_a_b_1_isBuildAction,isBuildAction,v0.42-runtime-action-command-family,runtime-action-command,override-family-propagated,overrides mapped action method com/corrodinggames/rts/game/units/a/s.g()Z -> isBuildAction,Hierarchy-safe propagation to avoid UnitAction/QueueableUnitAction partial named override coverage.
method,com/corrodinggames/rts/game/units/d/a/b$1,()Ljava/lang/String;,a,method_Obf_d_a_b_1_getDescription,getDescription,v0.42-runtime-action-command-family,runtime-action-command,override-family-propagated,overrides mapped action method com/corrodinggames/rts/game/units/a/s.a()Ljava/lang/String; -> getDescription,Hierarchy-safe propagation to avoid UnitAction/QueueableUnitAction partial named override coverage.
method,com/corrodinggames/rts/game/units/d/a/b$1,()Ljava/lang/String;,b,method_Obf_d_a_b_1_getText,getText,v0.42-runtime-action-command-family,runtime-action-command,override-family-propagated,overrides mapped action method com/corrodinggames/rts/game/units/a/s.b()Ljava/lang/String; -> getText,Hierarchy-safe propagation to avoid UnitAction/QueueableUnitAction partial named override coverage.
method,com/corrodinggames/rts/game/units/d/a/b$1,()I,c,method_Obf_d_a_b_1_getCreditCost,getCreditCost,v0.42-runtime-action-command-family,runtime-action-command,override-family-propagated,overrides mapped action method com/corrodinggames/rts/game/units/a/s.c()I -> getCreditCost,Hierarchy-safe propagation to avoid UnitAction/QueueableUnitAction partial named override coverage.
method,com/corrodinggames/rts/game/units/d/a/b$1,()F,K,method_Obf_d_a_b_1_getBuildSpeed,getBuildSpeed,v0.42-runtime-action-command-family,runtime-action-command,override-family-propagated,overrides mapped action method com/corrodinggames/rts/game/units/a/w.K()F -> getBuildSpeed,Hierarchy-safe propagation to avoid UnitAction/QueueableUnitAction partial named override coverage.
method,com/corrodinggames/rts/game/units/d/a/b$1,(Lcom/corrodinggames/rts/game/units/am;Z)Z,a,method_Obf_d_a_b_1_isActiveAndQueueAllowed,isActiveAndQueueAllowed,v0.42-runtime-action-command-family,runtime-action-command,override-family-propagated,overrides mapped action method com/corrodinggames/rts/game/units/a/s.a(Lcom/corrodinggames/rts/game/units/am;Z)Z -> isActiveAndQueueAllowed,Hierarchy-safe propagation to avoid UnitAction/QueueableUnitAction partial named override coverage.
method,com/corrodinggames/rts/game/units/d/a/b$1,(Lcom/corrodinggames/rts/game/units/am;)Z,b,method_Obf_d_a_b_1_isVisible,isVisible,v0.42-runtime-action-command-family,runtime-action-command,override-family-propagated,overrides mapped action method com/corrodinggames/rts/game/units/a/s.b(Lcom/corrodinggames/rts/game/units/am;)Z -> isVisible,Hierarchy-safe propagation to avoid UnitAction/QueueableUnitAction partial named override coverage.
method,com/corrodinggames/rts/game/units/d/a/b$1,()Lcom/corrodinggames/rts/game/units/a/t;,f,method_Obf_d_a_b_1_getDisplayType,getDisplayType,v0.42-runtime-action-command-family,runtime-action-command,override-family-propagated,overrides mapped action method com/corrodinggames/rts/game/units/a/s.f()Lcom/corrodinggames/rts/game/units/a/t; -> getDisplayType,Hierarchy-safe propagation to avoid UnitAction/QueueableUnitAction partial named override coverage.
method,com/corrodinggames/rts/game/units/d/a/b$1,()Lcom/corrodinggames/rts/game/units/as;,i,method_Obf_d_a_b_1_getBuildUnitType,getBuildUnitType,v0.42-runtime-action-command-family,runtime-action-command,override-family-propagated,overrides mapped action method com/corrodinggames/rts/game/units/a/s.i()Lcom/corrodinggames/rts/game/units/as; -> getBuildUnitType,Hierarchy-safe propagation to avoid UnitAction/QueueableUnitAction partial named override coverage.
method,com/corrodinggames/rts/game/units/d/a/b$2,()Z,g,method_Obf_d_a_b_2_isBuildAction,isBuildAction,v0.42-runtime-action-command-family,runtime-action-command,override-family-propagated,overrides mapped action method com/corrodinggames/rts/game/units/a/s.g()Z -> isBuildAction,Hierarchy-safe propagation to avoid UnitAction/QueueableUnitAction partial named override coverage.
method,com/corrodinggames/rts/game/units/d/a/b$2,()Ljava/lang/String;,a,method_Obf_d_a_b_2_getDescription,getDescription,v0.42-runtime-action-command-family,runtime-action-command,override-family-propagated,overrides mapped action method com/corrodinggames/rts/game/units/a/s.a()Ljava/lang/String; -> getDescription,Hierarchy-safe propagation to avoid UnitAction/QueueableUnitAction partial named override coverage.
method,com/corrodinggames/rts/game/units/d/a/b$2,()Ljava/lang/String;,b,method_Obf_d_a_b_2_getText,getText,v0.42-runtime-action-command-family,runtime-action-command,override-family-propagated,overrides mapped action method com/corrodinggames/rts/game/units/a/s.b()Ljava/lang/String; -> getText,Hierarchy-safe propagation to avoid UnitAction/QueueableUnitAction partial named override coverage.
method,com/corrodinggames/rts/game/units/d/a/b$2,()I,c,method_Obf_d_a_b_2_getCreditCost,getCreditCost,v0.42-runtime-action-command-family,runtime-action-command,override-family-propagated,overrides mapped action method com/corrodinggames/rts/game/units/a/s.c()I -> getCreditCost,Hierarchy-safe propagation to avoid UnitAction/QueueableUnitAction partial named override coverage.
method,com/corrodinggames/rts/game/units/d/a/b$2,()F,K,method_Obf_d_a_b_2_getBuildSpeed,getBuildSpeed,v0.42-runtime-action-command-family,runtime-action-command,override-family-propagated,overrides mapped action method com/corrodinggames/rts/game/units/a/w.K()F -> getBuildSpeed,Hierarchy-safe propagation to avoid UnitAction/QueueableUnitAction partial named override coverage.
method,com/corrodinggames/rts/game/units/d/a/b$2,(Lcom/corrodinggames/rts/game/units/am;Z)Z,a,method_Obf_d_a_b_2_isActiveAndQueueAllowed,isActiveAndQueueAllowed,v0.42-runtime-action-command-family,runtime-action-command,override-family-propagated,overrides mapped action method com/corrodinggames/rts/game/units/a/s.a(Lcom/corrodinggames/rts/game/units/am;Z)Z -> isActiveAndQueueAllowed,Hierarchy-safe propagation to avoid UnitAction/QueueableUnitAction partial named override coverage.
method,com/corrodinggames/rts/game/units/d/a/b$2,(Lcom/corrodinggames/rts/game/units/am;)Z,b,method_Obf_d_a_b_2_isVisible,isVisible,v0.42-runtime-action-command-family,runtime-action-command,override-family-propagated,overrides mapped action method com/corrodinggames/rts/game/units/a/s.b(Lcom/corrodinggames/rts/game/units/am;)Z -> isVisible,Hierarchy-safe propagation to avoid UnitAction/QueueableUnitAction partial named override coverage.
method,com/corrodinggames/rts/game/units/d/a/b$2,()Lcom/corrodinggames/rts/game/units/a/t;,f,method_Obf_d_a_b_2_getDisplayType,getDisplayType,v0.42-runtime-action-command-family,runtime-action-command,override-family-propagated,overrides mapped action method com/corrodinggames/rts/game/units/a/s.f()Lcom/corrodinggames/rts/game/units/a/t; -> getDisplayType,Hierarchy-safe propagation to avoid UnitAction/QueueableUnitAction partial named override coverage.
method,com/corrodinggames/rts/game/units/d/a/b$2,()Lcom/corrodinggames/rts/game/units/as;,i,method_Obf_d_a_b_2_getBuildUnitType,getBuildUnitType,v0.42-runtime-action-command-family,runtime-action-command,override-family-propagated,overrides mapped action method com/corrodinggames/rts/game/units/a/s.i()Lcom/corrodinggames/rts/game/units/as; -> getBuildUnitType,Hierarchy-safe propagation to avoid UnitAction/QueueableUnitAction partial named override coverage.
method,com/corrodinggames/rts/game/units/d/a/b$3,()Z,g,method_Obf_d_a_b_3_isBuildAction,isBuildAction,v0.42-runtime-action-command-family,runtime-action-command,override-family-propagated,overrides mapped action method com/corrodinggames/rts/game/units/a/s.g()Z -> isBuildAction,Hierarchy-safe propagation to avoid UnitAction/QueueableUnitAction partial named override coverage.
method,com/corrodinggames/rts/game/units/d/a/b$3,()Ljava/lang/String;,a,method_Obf_d_a_b_3_getDescription,getDescription,v0.42-runtime-action-command-family,runtime-action-command,override-family-propagated,overrides mapped action method com/corrodinggames/rts/game/units/a/s.a()Ljava/lang/String; -> getDescription,Hierarchy-safe propagation to avoid UnitAction/QueueableUnitAction partial named override coverage.
method,com/corrodinggames/rts/game/units/d/a/b$3,()Ljava/lang/String;,b,method_Obf_d_a_b_3_getText,getText,v0.42-runtime-action-command-family,runtime-action-command,override-family-propagated,overrides mapped action method com/corrodinggames/rts/game/units/a/s.b()Ljava/lang/String; -> getText,Hierarchy-safe propagation to avoid UnitAction/QueueableUnitAction partial named override coverage.
method,com/corrodinggames/rts/game/units/d/a/b$3,()I,c,method_Obf_d_a_b_3_getCreditCost,getCreditCost,v0.42-runtime-action-command-family,runtime-action-command,override-family-propagated,overrides mapped action method com/corrodinggames/rts/game/units/a/s.c()I -> getCreditCost,Hierarchy-safe propagation to avoid UnitAction/QueueableUnitAction partial named override coverage.
method,com/corrodinggames/rts/game/units/d/a/b$3,()F,K,method_Obf_d_a_b_3_getBuildSpeed,getBuildSpeed,v0.42-runtime-action-command-family,runtime-action-command,override-family-propagated,overrides mapped action method com/corrodinggames/rts/game/units/a/w.K()F -> getBuildSpeed,Hierarchy-safe propagation to avoid UnitAction/QueueableUnitAction partial named override coverage.
method,com/corrodinggames/rts/game/units/d/a/b$3,(Lcom/corrodinggames/rts/game/units/am;Z)Z,a,method_Obf_d_a_b_3_isActiveAndQueueAllowed,isActiveAndQueueAllowed,v0.42-runtime-action-command-family,runtime-action-command,override-family-propagated,overrides mapped action method com/corrodinggames/rts/game/units/a/s.a(Lcom/corrodinggames/rts/game/units/am;Z)Z -> isActiveAndQueueAllowed,Hierarchy-safe propagation to avoid UnitAction/QueueableUnitAction partial named override coverage.
method,com/corrodinggames/rts/game/units/d/a/b$3,(Lcom/corrodinggames/rts/game/units/am;)Z,b,method_Obf_d_a_b_3_isVisible,isVisible,v0.42-runtime-action-command-family,runtime-action-command,override-family-propagated,overrides mapped action method com/corrodinggames/rts/game/units/a/s.b(Lcom/corrodinggames/rts/game/units/am;)Z -> isVisible,Hierarchy-safe propagation to avoid UnitAction/QueueableUnitAction partial named override coverage.
method,com/corrodinggames/rts/game/units/d/a/b$3,()Lcom/corrodinggames/rts/game/units/a/t;,f,method_Obf_d_a_b_3_getDisplayType,getDisplayType,v0.42-runtime-action-command-family,runtime-action-command,override-family-propagated,overrides mapped action method com/corrodinggames/rts/game/units/a/s.f()Lcom/corrodinggames/rts/game/units/a/t; -> getDisplayType,Hierarchy-safe propagation to avoid UnitAction/QueueableUnitAction partial named override coverage.
method,com/corrodinggames/rts/game/units/d/a/b$3,()Lcom/corrodinggames/rts/game/units/as;,i,method_Obf_d_a_b_3_getBuildUnitType,getBuildUnitType,v0.42-runtime-action-command-family,runtime-action-command,override-family-propagated,overrides mapped action method com/corrodinggames/rts/game/units/a/s.i()Lcom/corrodinggames/rts/game/units/as; -> getBuildUnitType,Hierarchy-safe propagation to avoid UnitAction/QueueableUnitAction partial named override coverage.
method,com/corrodinggames/rts/game/units/d/a/b$4,()Z,g,method_Obf_d_a_b_4_isBuildAction,isBuildAction,v0.42-runtime-action-command-family,runtime-action-command,override-family-propagated,overrides mapped action method com/corrodinggames/rts/game/units/a/s.g()Z -> isBuildAction,Hierarchy-safe propagation to avoid UnitAction/QueueableUnitAction partial named override coverage.
method,com/corrodinggames/rts/game/units/d/a/b$4,()Ljava/lang/String;,a,method_Obf_d_a_b_4_getDescription,getDescription,v0.42-runtime-action-command-family,runtime-action-command,override-family-propagated,overrides mapped action method com/corrodinggames/rts/game/units/a/s.a()Ljava/lang/String; -> getDescription,Hierarchy-safe propagation to avoid UnitAction/QueueableUnitAction partial named override coverage.
method,com/corrodinggames/rts/game/units/d/a/b$4,()Ljava/lang/String;,b,method_Obf_d_a_b_4_getText,getText,v0.42-runtime-action-command-family,runtime-action-command,override-family-propagated,overrides mapped action method com/corrodinggames/rts/game/units/a/s.b()Ljava/lang/String; -> getText,Hierarchy-safe propagation to avoid UnitAction/QueueableUnitAction partial named override coverage.
method,com/corrodinggames/rts/game/units/d/a/b$4,()I,c,method_Obf_d_a_b_4_getCreditCost,getCreditCost,v0.42-runtime-action-command-family,runtime-action-command,override-family-propagated,overrides mapped action method com/corrodinggames/rts/game/units/a/s.c()I -> getCreditCost,Hierarchy-safe propagation to avoid UnitAction/QueueableUnitAction partial named override coverage.
method,com/corrodinggames/rts/game/units/d/a/b$4,()F,K,method_Obf_d_a_b_4_getBuildSpeed,getBuildSpeed,v0.42-runtime-action-command-family,runtime-action-command,override-family-propagated,overrides mapped action method com/corrodinggames/rts/game/units/a/w.K()F -> getBuildSpeed,Hierarchy-safe propagation to avoid UnitAction/QueueableUnitAction partial named override coverage.
method,com/corrodinggames/rts/game/units/d/a/b$4,(Lcom/corrodinggames/rts/game/units/am;Z)Z,a,method_Obf_d_a_b_4_isActiveAndQueueAllowed,isActiveAndQueueAllowed,v0.42-runtime-action-command-family,runtime-action-command,override-family-propagated,overrides mapped action method com/corrodinggames/rts/game/units/a/s.a(Lcom/corrodinggames/rts/game/units/am;Z)Z -> isActiveAndQueueAllowed,Hierarchy-safe propagation to avoid UnitAction/QueueableUnitAction partial named override coverage.
method,com/corrodinggames/rts/game/units/d/a/b$4,(Lcom/corrodinggames/rts/game/units/am;)Z,b,method_Obf_d_a_b_4_isVisible,isVisible,v0.42-runtime-action-command-family,runtime-action-command,override-family-propagated,overrides mapped action method com/corrodinggames/rts/game/units/a/s.b(Lcom/corrodinggames/rts/game/units/am;)Z -> isVisible,Hierarchy-safe propagation to avoid UnitAction/QueueableUnitAction partial named override coverage.
method,com/corrodinggames/rts/game/units/d/a/b$4,()Lcom/corrodinggames/rts/game/units/a/t;,f,method_Obf_d_a_b_4_getDisplayType,getDisplayType,v0.42-runtime-action-command-family,runtime-action-command,override-family-propagated,overrides mapped action method com/corrodinggames/rts/game/units/a/s.f()Lcom/corrodinggames/rts/game/units/a/t; -> getDisplayType,Hierarchy-safe propagation to avoid UnitAction/QueueableUnitAction partial named override coverage.
method,com/corrodinggames/rts/game/units/d/a/b$4,()Lcom/corrodinggames/rts/game/units/as;,i,method_Obf_d_a_b_4_getBuildUnitType,getBuildUnitType,v0.42-runtime-action-command-family,runtime-action-command,override-family-propagated,overrides mapped action method com/corrodinggames/rts/game/units/a/s.i()Lcom/corrodinggames/rts/game/units/as; -> getBuildUnitType,Hierarchy-safe propagation to avoid UnitAction/QueueableUnitAction partial named override coverage.
method,com/corrodinggames/rts/game/units/d/b,()Z,g,method_Obf_d_b_isBuildAction,isBuildAction,v0.42-runtime-action-command-family,runtime-action-command,override-family-propagated,overrides mapped action method com/corrodinggames/rts/game/units/a/s.g()Z -> isBuildAction,Hierarchy-safe propagation to avoid UnitAction/QueueableUnitAction partial named override coverage.
method,com/corrodinggames/rts/game/units/d/b,()Ljava/lang/String;,a,method_Obf_d_b_getDescription,getDescription,v0.42-runtime-action-command-family,runtime-action-command,override-family-propagated,overrides mapped action method com/corrodinggames/rts/game/units/a/s.a()Ljava/lang/String; -> getDescription,Hierarchy-safe propagation to avoid UnitAction/QueueableUnitAction partial named override coverage.
method,com/corrodinggames/rts/game/units/d/b,()Ljava/lang/String;,b,method_Obf_d_b_getText,getText,v0.42-runtime-action-command-family,runtime-action-command,override-family-propagated,overrides mapped action method com/corrodinggames/rts/game/units/a/s.b()Ljava/lang/String; -> getText,Hierarchy-safe propagation to avoid UnitAction/QueueableUnitAction partial named override coverage.
method,com/corrodinggames/rts/game/units/d/b,()I,c,method_Obf_d_b_getCreditCost,getCreditCost,v0.42-runtime-action-command-family,runtime-action-command,override-family-propagated,overrides mapped action method com/corrodinggames/rts/game/units/a/s.c()I -> getCreditCost,Hierarchy-safe propagation to avoid UnitAction/QueueableUnitAction partial named override coverage.
method,com/corrodinggames/rts/game/units/d/b,()F,K,method_Obf_d_b_getBuildSpeed,getBuildSpeed,v0.42-runtime-action-command-family,runtime-action-command,override-family-propagated,overrides mapped action method com/corrodinggames/rts/game/units/a/w.K()F -> getBuildSpeed,Hierarchy-safe propagation to avoid UnitAction/QueueableUnitAction partial named override coverage.
method,com/corrodinggames/rts/game/units/d/b,(Lcom/corrodinggames/rts/game/units/am;Z)Z,a,method_Obf_d_b_isActiveAndQueueAllowed,isActiveAndQueueAllowed,v0.42-runtime-action-command-family,runtime-action-command,override-family-propagated,overrides mapped action method com/corrodinggames/rts/game/units/a/s.a(Lcom/corrodinggames/rts/game/units/am;Z)Z -> isActiveAndQueueAllowed,Hierarchy-safe propagation to avoid UnitAction/QueueableUnitAction partial named override coverage.
method,com/corrodinggames/rts/game/units/d/b,()Lcom/corrodinggames/rts/game/units/a/t;,f,method_Obf_d_b_getDisplayType,getDisplayType,v0.42-runtime-action-command-family,runtime-action-command,override-family-propagated,overrides mapped action method com/corrodinggames/rts/game/units/a/s.f()Lcom/corrodinggames/rts/game/units/a/t; -> getDisplayType,Hierarchy-safe propagation to avoid UnitAction/QueueableUnitAction partial named override coverage.
method,com/corrodinggames/rts/game/units/d/b,()Lcom/corrodinggames/rts/game/units/as;,i,method_Obf_d_b_getBuildUnitType,getBuildUnitType,v0.42-runtime-action-command-family,runtime-action-command,override-family-propagated,overrides mapped action method com/corrodinggames/rts/game/units/a/s.i()Lcom/corrodinggames/rts/game/units/as; -> getBuildUnitType,Hierarchy-safe propagation to avoid UnitAction/QueueableUnitAction partial named override coverage.
method,com/corrodinggames/rts/game/units/d/c$1,()Z,g,method_Obf_d_c_1_isBuildAction,isBuildAction,v0.42-runtime-action-command-family,runtime-action-command,override-family-propagated,overrides mapped action method com/corrodinggames/rts/game/units/a/s.g()Z -> isBuildAction,Hierarchy-safe propagation to avoid UnitAction/QueueableUnitAction partial named override coverage.
method,com/corrodinggames/rts/game/units/d/c$1,()Ljava/lang/String;,a,method_Obf_d_c_1_getDescription,getDescription,v0.42-runtime-action-command-family,runtime-action-command,override-family-propagated,overrides mapped action method com/corrodinggames/rts/game/units/a/s.a()Ljava/lang/String; -> getDescription,Hierarchy-safe propagation to avoid UnitAction/QueueableUnitAction partial named override coverage.
method,com/corrodinggames/rts/game/units/d/c$1,()Ljava/lang/String;,b,method_Obf_d_c_1_getText,getText,v0.42-runtime-action-command-family,runtime-action-command,override-family-propagated,overrides mapped action method com/corrodinggames/rts/game/units/a/s.b()Ljava/lang/String; -> getText,Hierarchy-safe propagation to avoid UnitAction/QueueableUnitAction partial named override coverage.
method,com/corrodinggames/rts/game/units/d/c$1,()I,c,method_Obf_d_c_1_getCreditCost,getCreditCost,v0.42-runtime-action-command-family,runtime-action-command,override-family-propagated,overrides mapped action method com/corrodinggames/rts/game/units/a/s.c()I -> getCreditCost,Hierarchy-safe propagation to avoid UnitAction/QueueableUnitAction partial named override coverage.
method,com/corrodinggames/rts/game/units/d/c$1,(Lcom/corrodinggames/rts/game/units/am;Z)Z,a,method_Obf_d_c_1_isActiveAndQueueAllowed,isActiveAndQueueAllowed,v0.42-runtime-action-command-family,runtime-action-command,override-family-propagated,overrides mapped action method com/corrodinggames/rts/game/units/a/s.a(Lcom/corrodinggames/rts/game/units/am;Z)Z -> isActiveAndQueueAllowed,Hierarchy-safe propagation to avoid UnitAction/QueueableUnitAction partial named override coverage.
method,com/corrodinggames/rts/game/units/d/c$1,()Lcom/corrodinggames/rts/game/units/a/u;,e,method_Obf_d_c_1_getActionCommandType,getActionCommandType,v0.42-runtime-action-command-family,runtime-action-command,override-family-propagated,overrides mapped action method com/corrodinggames/rts/game/units/a/s.e()Lcom/corrodinggames/rts/game/units/a/u; -> getActionCommandType,Hierarchy-safe propagation to avoid UnitAction/QueueableUnitAction partial named override coverage.
method,com/corrodinggames/rts/game/units/d/c$1,()Lcom/corrodinggames/rts/game/units/a/t;,f,method_Obf_d_c_1_getDisplayType,getDisplayType,v0.42-runtime-action-command-family,runtime-action-command,override-family-propagated,overrides mapped action method com/corrodinggames/rts/game/units/a/s.f()Lcom/corrodinggames/rts/game/units/a/t; -> getDisplayType,Hierarchy-safe propagation to avoid UnitAction/QueueableUnitAction partial named override coverage.
method,com/corrodinggames/rts/game/units/d/c$1,(Lcom/corrodinggames/rts/game/units/am;Z)I,b,method_Obf_d_c_1_getDisplayQueueCount,getDisplayQueueCount,v0.42-runtime-action-command-family,runtime-action-command,override-family-propagated,overrides mapped action method com/corrodinggames/rts/game/units/a/s.b(Lcom/corrodinggames/rts/game/units/am;Z)I -> getDisplayQueueCount,Hierarchy-safe propagation to avoid UnitAction/QueueableUnitAction partial named override coverage.
method,com/corrodinggames/rts/game/units/d/c$1,()Lcom/corrodinggames/rts/game/units/as;,i,method_Obf_d_c_1_getBuildUnitType,getBuildUnitType,v0.42-runtime-action-command-family,runtime-action-command,override-family-propagated,overrides mapped action method com/corrodinggames/rts/game/units/a/s.i()Lcom/corrodinggames/rts/game/units/as; -> getBuildUnitType,Hierarchy-safe propagation to avoid UnitAction/QueueableUnitAction partial named override coverage.
method,com/corrodinggames/rts/game/units/d/c$2,()Z,g,method_Obf_d_c_2_isBuildAction,isBuildAction,v0.42-runtime-action-command-family,runtime-action-command,override-family-propagated,overrides mapped action method com/corrodinggames/rts/game/units/a/s.g()Z -> isBuildAction,Hierarchy-safe propagation to avoid UnitAction/QueueableUnitAction partial named override coverage.
method,com/corrodinggames/rts/game/units/d/c$2,()Ljava/lang/String;,a,method_Obf_d_c_2_getDescription,getDescription,v0.42-runtime-action-command-family,runtime-action-command,override-family-propagated,overrides mapped action method com/corrodinggames/rts/game/units/a/s.a()Ljava/lang/String; -> getDescription,Hierarchy-safe propagation to avoid UnitAction/QueueableUnitAction partial named override coverage.
method,com/corrodinggames/rts/game/units/d/c$2,()Ljava/lang/String;,b,method_Obf_d_c_2_getText,getText,v0.42-runtime-action-command-family,runtime-action-command,override-family-propagated,overrides mapped action method com/corrodinggames/rts/game/units/a/s.b()Ljava/lang/String; -> getText,Hierarchy-safe propagation to avoid UnitAction/QueueableUnitAction partial named override coverage.
method,com/corrodinggames/rts/game/units/d/c$2,()I,c,method_Obf_d_c_2_getCreditCost,getCreditCost,v0.42-runtime-action-command-family,runtime-action-command,override-family-propagated,overrides mapped action method com/corrodinggames/rts/game/units/a/s.c()I -> getCreditCost,Hierarchy-safe propagation to avoid UnitAction/QueueableUnitAction partial named override coverage.
method,com/corrodinggames/rts/game/units/d/c$2,()F,K,method_Obf_d_c_2_getBuildSpeed,getBuildSpeed,v0.42-runtime-action-command-family,runtime-action-command,override-family-propagated,overrides mapped action method com/corrodinggames/rts/game/units/a/w.K()F -> getBuildSpeed,Hierarchy-safe propagation to avoid UnitAction/QueueableUnitAction partial named override coverage.
method,com/corrodinggames/rts/game/units/d/c$2,(Lcom/corrodinggames/rts/game/units/am;Z)Z,a,method_Obf_d_c_2_isActiveAndQueueAllowed,isActiveAndQueueAllowed,v0.42-runtime-action-command-family,runtime-action-command,override-family-propagated,overrides mapped action method com/corrodinggames/rts/game/units/a/s.a(Lcom/corrodinggames/rts/game/units/am;Z)Z -> isActiveAndQueueAllowed,Hierarchy-safe propagation to avoid UnitAction/QueueableUnitAction partial named override coverage.
method,com/corrodinggames/rts/game/units/d/c$2,()Lcom/corrodinggames/rts/game/units/a/t;,f,method_Obf_d_c_2_getDisplayType,getDisplayType,v0.42-runtime-action-command-family,runtime-action-command,override-family-propagated,overrides mapped action method com/corrodinggames/rts/game/units/a/s.f()Lcom/corrodinggames/rts/game/units/a/t; -> getDisplayType,Hierarchy-safe propagation to avoid UnitAction/QueueableUnitAction partial named override coverage.
method,com/corrodinggames/rts/game/units/d/c$2,()Lcom/corrodinggames/rts/game/units/as;,i,method_Obf_d_c_2_getBuildUnitType,getBuildUnitType,v0.42-runtime-action-command-family,runtime-action-command,override-family-propagated,overrides mapped action method com/corrodinggames/rts/game/units/a/s.i()Lcom/corrodinggames/rts/game/units/as; -> getBuildUnitType,Hierarchy-safe propagation to avoid UnitAction/QueueableUnitAction partial named override coverage.
method,com/corrodinggames/rts/game/units/d/f$1,()Z,g,method_Obf_d_f_1_isBuildAction,isBuildAction,v0.42-runtime-action-command-family,runtime-action-command,override-family-propagated,overrides mapped action method com/corrodinggames/rts/game/units/a/s.g()Z -> isBuildAction,Hierarchy-safe propagation to avoid UnitAction/QueueableUnitAction partial named override coverage.
method,com/corrodinggames/rts/game/units/d/f$1,()Ljava/lang/String;,a,method_Obf_d_f_1_getDescription,getDescription,v0.42-runtime-action-command-family,runtime-action-command,override-family-propagated,overrides mapped action method com/corrodinggames/rts/game/units/a/s.a()Ljava/lang/String; -> getDescription,Hierarchy-safe propagation to avoid UnitAction/QueueableUnitAction partial named override coverage.
method,com/corrodinggames/rts/game/units/d/f$1,()Ljava/lang/String;,b,method_Obf_d_f_1_getText,getText,v0.42-runtime-action-command-family,runtime-action-command,override-family-propagated,overrides mapped action method com/corrodinggames/rts/game/units/a/s.b()Ljava/lang/String; -> getText,Hierarchy-safe propagation to avoid UnitAction/QueueableUnitAction partial named override coverage.
method,com/corrodinggames/rts/game/units/d/f$1,()I,c,method_Obf_d_f_1_getCreditCost,getCreditCost,v0.42-runtime-action-command-family,runtime-action-command,override-family-propagated,overrides mapped action method com/corrodinggames/rts/game/units/a/s.c()I -> getCreditCost,Hierarchy-safe propagation to avoid UnitAction/QueueableUnitAction partial named override coverage.
method,com/corrodinggames/rts/game/units/d/f$1,()F,K,method_Obf_d_f_1_getBuildSpeed,getBuildSpeed,v0.42-runtime-action-command-family,runtime-action-command,override-family-propagated,overrides mapped action method com/corrodinggames/rts/game/units/a/w.K()F -> getBuildSpeed,Hierarchy-safe propagation to avoid UnitAction/QueueableUnitAction partial named override coverage.
method,com/corrodinggames/rts/game/units/d/f$1,(Lcom/corrodinggames/rts/game/units/am;Z)Z,a,method_Obf_d_f_1_isActiveAndQueueAllowed,isActiveAndQueueAllowed,v0.42-runtime-action-command-family,runtime-action-command,override-family-propagated,overrides mapped action method com/corrodinggames/rts/game/units/a/s.a(Lcom/corrodinggames/rts/game/units/am;Z)Z -> isActiveAndQueueAllowed,Hierarchy-safe propagation to avoid UnitAction/QueueableUnitAction partial named override coverage.
method,com/corrodinggames/rts/game/units/d/f$1,()Lcom/corrodinggames/rts/game/units/a/t;,f,method_Obf_d_f_1_getDisplayType,getDisplayType,v0.42-runtime-action-command-family,runtime-action-command,override-family-propagated,overrides mapped action method com/corrodinggames/rts/game/units/a/s.f()Lcom/corrodinggames/rts/game/units/a/t; -> getDisplayType,Hierarchy-safe propagation to avoid UnitAction/QueueableUnitAction partial named override coverage.
method,com/corrodinggames/rts/game/units/d/f$1,()Lcom/corrodinggames/rts/game/units/as;,i,method_Obf_d_f_1_getBuildUnitType,getBuildUnitType,v0.42-runtime-action-command-family,runtime-action-command,override-family-propagated,overrides mapped action method com/corrodinggames/rts/game/units/a/s.i()Lcom/corrodinggames/rts/game/units/as; -> getBuildUnitType,Hierarchy-safe propagation to avoid UnitAction/QueueableUnitAction partial named override coverage.
method,com/corrodinggames/rts/game/units/d/g$1,()Z,g,method_Obf_d_g_1_isBuildAction,isBuildAction,v0.42-runtime-action-command-family,runtime-action-command,override-family-propagated,overrides mapped action method com/corrodinggames/rts/game/units/a/s.g()Z -> isBuildAction,Hierarchy-safe propagation to avoid UnitAction/QueueableUnitAction partial named override coverage.
method,com/corrodinggames/rts/game/units/d/g$1,()Ljava/lang/String;,a,method_Obf_d_g_1_getDescription,getDescription,v0.42-runtime-action-command-family,runtime-action-command,override-family-propagated,overrides mapped action method com/corrodinggames/rts/game/units/a/s.a()Ljava/lang/String; -> getDescription,Hierarchy-safe propagation to avoid UnitAction/QueueableUnitAction partial named override coverage.
method,com/corrodinggames/rts/game/units/d/g$1,()Ljava/lang/String;,b,method_Obf_d_g_1_getText,getText,v0.42-runtime-action-command-family,runtime-action-command,override-family-propagated,overrides mapped action method com/corrodinggames/rts/game/units/a/s.b()Ljava/lang/String; -> getText,Hierarchy-safe propagation to avoid UnitAction/QueueableUnitAction partial named override coverage.
method,com/corrodinggames/rts/game/units/d/g$1,()I,c,method_Obf_d_g_1_getCreditCost,getCreditCost,v0.42-runtime-action-command-family,runtime-action-command,override-family-propagated,overrides mapped action method com/corrodinggames/rts/game/units/a/s.c()I -> getCreditCost,Hierarchy-safe propagation to avoid UnitAction/QueueableUnitAction partial named override coverage.
method,com/corrodinggames/rts/game/units/d/g$1,()F,K,method_Obf_d_g_1_getBuildSpeed,getBuildSpeed,v0.42-runtime-action-command-family,runtime-action-command,override-family-propagated,overrides mapped action method com/corrodinggames/rts/game/units/a/w.K()F -> getBuildSpeed,Hierarchy-safe propagation to avoid UnitAction/QueueableUnitAction partial named override coverage.
method,com/corrodinggames/rts/game/units/d/g$1,(Lcom/corrodinggames/rts/game/units/am;Z)Z,a,method_Obf_d_g_1_isActiveAndQueueAllowed,isActiveAndQueueAllowed,v0.42-runtime-action-command-family,runtime-action-command,override-family-propagated,overrides mapped action method com/corrodinggames/rts/game/units/a/s.a(Lcom/corrodinggames/rts/game/units/am;Z)Z -> isActiveAndQueueAllowed,Hierarchy-safe propagation to avoid UnitAction/QueueableUnitAction partial named override coverage.
method,com/corrodinggames/rts/game/units/d/g$1,()Lcom/corrodinggames/rts/game/units/a/t;,f,method_Obf_d_g_1_getDisplayType,getDisplayType,v0.42-runtime-action-command-family,runtime-action-command,override-family-propagated,overrides mapped action method com/corrodinggames/rts/game/units/a/s.f()Lcom/corrodinggames/rts/game/units/a/t; -> getDisplayType,Hierarchy-safe propagation to avoid UnitAction/QueueableUnitAction partial named override coverage.
method,com/corrodinggames/rts/game/units/d/g$1,()Lcom/corrodinggames/rts/game/units/as;,i,method_Obf_d_g_1_getBuildUnitType,getBuildUnitType,v0.42-runtime-action-command-family,runtime-action-command,override-family-propagated,overrides mapped action method com/corrodinggames/rts/game/units/a/s.i()Lcom/corrodinggames/rts/game/units/as; -> getBuildUnitType,Hierarchy-safe propagation to avoid UnitAction/QueueableUnitAction partial named override coverage.
method,com/corrodinggames/rts/game/units/d/g$2,()Z,g,method_Obf_d_g_2_isBuildAction,isBuildAction,v0.42-runtime-action-command-family,runtime-action-command,override-family-propagated,overrides mapped action method com/corrodinggames/rts/game/units/a/s.g()Z -> isBuildAction,Hierarchy-safe propagation to avoid UnitAction/QueueableUnitAction partial named override coverage.
method,com/corrodinggames/rts/game/units/d/g$2,()Ljava/lang/String;,a,method_Obf_d_g_2_getDescription,getDescription,v0.42-runtime-action-command-family,runtime-action-command,override-family-propagated,overrides mapped action method com/corrodinggames/rts/game/units/a/s.a()Ljava/lang/String; -> getDescription,Hierarchy-safe propagation to avoid UnitAction/QueueableUnitAction partial named override coverage.
method,com/corrodinggames/rts/game/units/d/g$2,()Ljava/lang/String;,b,method_Obf_d_g_2_getText,getText,v0.42-runtime-action-command-family,runtime-action-command,override-family-propagated,overrides mapped action method com/corrodinggames/rts/game/units/a/s.b()Ljava/lang/String; -> getText,Hierarchy-safe propagation to avoid UnitAction/QueueableUnitAction partial named override coverage.
method,com/corrodinggames/rts/game/units/d/g$2,()I,c,method_Obf_d_g_2_getCreditCost,getCreditCost,v0.42-runtime-action-command-family,runtime-action-command,override-family-propagated,overrides mapped action method com/corrodinggames/rts/game/units/a/s.c()I -> getCreditCost,Hierarchy-safe propagation to avoid UnitAction/QueueableUnitAction partial named override coverage.
method,com/corrodinggames/rts/game/units/d/g$2,()F,K,method_Obf_d_g_2_getBuildSpeed,getBuildSpeed,v0.42-runtime-action-command-family,runtime-action-command,override-family-propagated,overrides mapped action method com/corrodinggames/rts/game/units/a/w.K()F -> getBuildSpeed,Hierarchy-safe propagation to avoid UnitAction/QueueableUnitAction partial named override coverage.
method,com/corrodinggames/rts/game/units/d/g$2,(Lcom/corrodinggames/rts/game/units/am;Z)Z,a,method_Obf_d_g_2_isActiveAndQueueAllowed,isActiveAndQueueAllowed,v0.42-runtime-action-command-family,runtime-action-command,override-family-propagated,overrides mapped action method com/corrodinggames/rts/game/units/a/s.a(Lcom/corrodinggames/rts/game/units/am;Z)Z -> isActiveAndQueueAllowed,Hierarchy-safe propagation to avoid UnitAction/QueueableUnitAction partial named override coverage.
method,com/corrodinggames/rts/game/units/d/g$2,()Lcom/corrodinggames/rts/game/units/a/t;,f,method_Obf_d_g_2_getDisplayType,getDisplayType,v0.42-runtime-action-command-family,runtime-action-command,override-family-propagated,overrides mapped action method com/corrodinggames/rts/game/units/a/s.f()Lcom/corrodinggames/rts/game/units/a/t; -> getDisplayType,Hierarchy-safe propagation to avoid UnitAction/QueueableUnitAction partial named override coverage.
method,com/corrodinggames/rts/game/units/d/g$2,()Lcom/corrodinggames/rts/game/units/as;,i,method_Obf_d_g_2_getBuildUnitType,getBuildUnitType,v0.42-runtime-action-command-family,runtime-action-command,override-family-propagated,overrides mapped action method com/corrodinggames/rts/game/units/a/s.i()Lcom/corrodinggames/rts/game/units/as; -> getBuildUnitType,Hierarchy-safe propagation to avoid UnitAction/QueueableUnitAction partial named override coverage.
method,com/corrodinggames/rts/game/units/d/h$1,()Z,g,method_Obf_d_h_1_isBuildAction,isBuildAction,v0.42-runtime-action-command-family,runtime-action-command,override-family-propagated,overrides mapped action method com/corrodinggames/rts/game/units/a/s.g()Z -> isBuildAction,Hierarchy-safe propagation to avoid UnitAction/QueueableUnitAction partial named override coverage.
method,com/corrodinggames/rts/game/units/d/h$1,()Ljava/lang/String;,a,method_Obf_d_h_1_getDescription,getDescription,v0.42-runtime-action-command-family,runtime-action-command,override-family-propagated,overrides mapped action method com/corrodinggames/rts/game/units/a/s.a()Ljava/lang/String; -> getDescription,Hierarchy-safe propagation to avoid UnitAction/QueueableUnitAction partial named override coverage.
method,com/corrodinggames/rts/game/units/d/h$1,()Ljava/lang/String;,b,method_Obf_d_h_1_getText,getText,v0.42-runtime-action-command-family,runtime-action-command,override-family-propagated,overrides mapped action method com/corrodinggames/rts/game/units/a/s.b()Ljava/lang/String; -> getText,Hierarchy-safe propagation to avoid UnitAction/QueueableUnitAction partial named override coverage.
method,com/corrodinggames/rts/game/units/d/h$1,()I,c,method_Obf_d_h_1_getCreditCost,getCreditCost,v0.42-runtime-action-command-family,runtime-action-command,override-family-propagated,overrides mapped action method com/corrodinggames/rts/game/units/a/s.c()I -> getCreditCost,Hierarchy-safe propagation to avoid UnitAction/QueueableUnitAction partial named override coverage.
method,com/corrodinggames/rts/game/units/d/h$1,()F,K,method_Obf_d_h_1_getBuildSpeed,getBuildSpeed,v0.42-runtime-action-command-family,runtime-action-command,override-family-propagated,overrides mapped action method com/corrodinggames/rts/game/units/a/w.K()F -> getBuildSpeed,Hierarchy-safe propagation to avoid UnitAction/QueueableUnitAction partial named override coverage.
method,com/corrodinggames/rts/game/units/d/h$1,(Lcom/corrodinggames/rts/game/units/am;Z)Z,a,method_Obf_d_h_1_isActiveAndQueueAllowed,isActiveAndQueueAllowed,v0.42-runtime-action-command-family,runtime-action-command,override-family-propagated,overrides mapped action method com/corrodinggames/rts/game/units/a/s.a(Lcom/corrodinggames/rts/game/units/am;Z)Z -> isActiveAndQueueAllowed,Hierarchy-safe propagation to avoid UnitAction/QueueableUnitAction partial named override coverage.
method,com/corrodinggames/rts/game/units/d/h$1,(Lcom/corrodinggames/rts/game/units/am;)Z,b,method_Obf_d_h_1_isVisible,isVisible,v0.42-runtime-action-command-family,runtime-action-command,override-family-propagated,overrides mapped action method com/corrodinggames/rts/game/units/a/s.b(Lcom/corrodinggames/rts/game/units/am;)Z -> isVisible,Hierarchy-safe propagation to avoid UnitAction/QueueableUnitAction partial named override coverage.
method,com/corrodinggames/rts/game/units/d/h$1,()Lcom/corrodinggames/rts/game/units/a/t;,f,method_Obf_d_h_1_getDisplayType,getDisplayType,v0.42-runtime-action-command-family,runtime-action-command,override-family-propagated,overrides mapped action method com/corrodinggames/rts/game/units/a/s.f()Lcom/corrodinggames/rts/game/units/a/t; -> getDisplayType,Hierarchy-safe propagation to avoid UnitAction/QueueableUnitAction partial named override coverage.
method,com/corrodinggames/rts/game/units/d/h$1,()Lcom/corrodinggames/rts/game/units/as;,i,method_Obf_d_h_1_getBuildUnitType,getBuildUnitType,v0.42-runtime-action-command-family,runtime-action-command,override-family-propagated,overrides mapped action method com/corrodinggames/rts/game/units/a/s.i()Lcom/corrodinggames/rts/game/units/as; -> getBuildUnitType,Hierarchy-safe propagation to avoid UnitAction/QueueableUnitAction partial named override coverage.
method,com/corrodinggames/rts/game/units/d/h$2,()Z,g,method_Obf_d_h_2_isBuildAction,isBuildAction,v0.42-runtime-action-command-family,runtime-action-command,override-family-propagated,overrides mapped action method com/corrodinggames/rts/game/units/a/s.g()Z -> isBuildAction,Hierarchy-safe propagation to avoid UnitAction/QueueableUnitAction partial named override coverage.
method,com/corrodinggames/rts/game/units/d/h$2,()Ljava/lang/String;,a,method_Obf_d_h_2_getDescription,getDescription,v0.42-runtime-action-command-family,runtime-action-command,override-family-propagated,overrides mapped action method com/corrodinggames/rts/game/units/a/s.a()Ljava/lang/String; -> getDescription,Hierarchy-safe propagation to avoid UnitAction/QueueableUnitAction partial named override coverage.
method,com/corrodinggames/rts/game/units/d/h$2,()Ljava/lang/String;,b,method_Obf_d_h_2_getText,getText,v0.42-runtime-action-command-family,runtime-action-command,override-family-propagated,overrides mapped action method com/corrodinggames/rts/game/units/a/s.b()Ljava/lang/String; -> getText,Hierarchy-safe propagation to avoid UnitAction/QueueableUnitAction partial named override coverage.
method,com/corrodinggames/rts/game/units/d/h$2,()I,c,method_Obf_d_h_2_getCreditCost,getCreditCost,v0.42-runtime-action-command-family,runtime-action-command,override-family-propagated,overrides mapped action method com/corrodinggames/rts/game/units/a/s.c()I -> getCreditCost,Hierarchy-safe propagation to avoid UnitAction/QueueableUnitAction partial named override coverage.
method,com/corrodinggames/rts/game/units/d/h$2,()F,K,method_Obf_d_h_2_getBuildSpeed,getBuildSpeed,v0.42-runtime-action-command-family,runtime-action-command,override-family-propagated,overrides mapped action method com/corrodinggames/rts/game/units/a/w.K()F -> getBuildSpeed,Hierarchy-safe propagation to avoid UnitAction/QueueableUnitAction partial named override coverage.
method,com/corrodinggames/rts/game/units/d/h$2,(Lcom/corrodinggames/rts/game/units/am;Z)Z,a,method_Obf_d_h_2_isActiveAndQueueAllowed,isActiveAndQueueAllowed,v0.42-runtime-action-command-family,runtime-action-command,override-family-propagated,overrides mapped action method com/corrodinggames/rts/game/units/a/s.a(Lcom/corrodinggames/rts/game/units/am;Z)Z -> isActiveAndQueueAllowed,Hierarchy-safe propagation to avoid UnitAction/QueueableUnitAction partial named override coverage.
method,com/corrodinggames/rts/game/units/d/h$2,(Lcom/corrodinggames/rts/game/units/am;)Z,b,method_Obf_d_h_2_isVisible,isVisible,v0.42-runtime-action-command-family,runtime-action-command,override-family-propagated,overrides mapped action method com/corrodinggames/rts/game/units/a/s.b(Lcom/corrodinggames/rts/game/units/am;)Z -> isVisible,Hierarchy-safe propagation to avoid UnitAction/QueueableUnitAction partial named override coverage.
method,com/corrodinggames/rts/game/units/d/h$2,()Lcom/corrodinggames/rts/game/units/a/t;,f,method_Obf_d_h_2_getDisplayType,getDisplayType,v0.42-runtime-action-command-family,runtime-action-command,override-family-propagated,overrides mapped action method com/corrodinggames/rts/game/units/a/s.f()Lcom/corrodinggames/rts/game/units/a/t; -> getDisplayType,Hierarchy-safe propagation to avoid UnitAction/QueueableUnitAction partial named override coverage.
method,com/corrodinggames/rts/game/units/d/h$2,()Lcom/corrodinggames/rts/game/units/as;,i,method_Obf_d_h_2_getBuildUnitType,getBuildUnitType,v0.42-runtime-action-command-family,runtime-action-command,override-family-propagated,overrides mapped action method com/corrodinggames/rts/game/units/a/s.i()Lcom/corrodinggames/rts/game/units/as; -> getBuildUnitType,Hierarchy-safe propagation to avoid UnitAction/QueueableUnitAction partial named override coverage.
method,com/corrodinggames/rts/game/units/d/n,()Z,g,method_Obf_d_n_isBuildAction,isBuildAction,v0.42-runtime-action-command-family,runtime-action-command,override-family-propagated,overrides mapped action method com/corrodinggames/rts/game/units/a/s.g()Z -> isBuildAction,Hierarchy-safe propagation to avoid UnitAction/QueueableUnitAction partial named override coverage.
method,com/corrodinggames/rts/game/units/d/n,()Ljava/lang/String;,a,method_Obf_d_n_getDescription,getDescription,v0.42-runtime-action-command-family,runtime-action-command,override-family-propagated,overrides mapped action method com/corrodinggames/rts/game/units/a/s.a()Ljava/lang/String; -> getDescription,Hierarchy-safe propagation to avoid UnitAction/QueueableUnitAction partial named override coverage.
method,com/corrodinggames/rts/game/units/d/n,()Ljava/lang/String;,b,method_Obf_d_n_getText,getText,v0.42-runtime-action-command-family,runtime-action-command,override-family-propagated,overrides mapped action method com/corrodinggames/rts/game/units/a/s.b()Ljava/lang/String; -> getText,Hierarchy-safe propagation to avoid UnitAction/QueueableUnitAction partial named override coverage.
method,com/corrodinggames/rts/game/units/d/n,()I,c,method_Obf_d_n_getCreditCost,getCreditCost,v0.42-runtime-action-command-family,runtime-action-command,override-family-propagated,overrides mapped action method com/corrodinggames/rts/game/units/a/s.c()I -> getCreditCost,Hierarchy-safe propagation to avoid UnitAction/QueueableUnitAction partial named override coverage.
method,com/corrodinggames/rts/game/units/d/n,()F,K,method_Obf_d_n_getBuildSpeed,getBuildSpeed,v0.42-runtime-action-command-family,runtime-action-command,override-family-propagated,overrides mapped action method com/corrodinggames/rts/game/units/a/w.K()F -> getBuildSpeed,Hierarchy-safe propagation to avoid UnitAction/QueueableUnitAction partial named override coverage.
method,com/corrodinggames/rts/game/units/d/n,(Lcom/corrodinggames/rts/game/units/am;Z)Z,a,method_Obf_d_n_isActiveAndQueueAllowed,isActiveAndQueueAllowed,v0.42-runtime-action-command-family,runtime-action-command,override-family-propagated,overrides mapped action method com/corrodinggames/rts/game/units/a/s.a(Lcom/corrodinggames/rts/game/units/am;Z)Z -> isActiveAndQueueAllowed,Hierarchy-safe propagation to avoid UnitAction/QueueableUnitAction partial named override coverage.
method,com/corrodinggames/rts/game/units/d/n,()Lcom/corrodinggames/rts/game/units/a/t;,f,method_Obf_d_n_getDisplayType,getDisplayType,v0.42-runtime-action-command-family,runtime-action-command,override-family-propagated,overrides mapped action method com/corrodinggames/rts/game/units/a/s.f()Lcom/corrodinggames/rts/game/units/a/t; -> getDisplayType,Hierarchy-safe propagation to avoid UnitAction/QueueableUnitAction partial named override coverage.
method,com/corrodinggames/rts/game/units/d/n,()Lcom/corrodinggames/rts/game/units/as;,i,method_Obf_d_n_getBuildUnitType,getBuildUnitType,v0.42-runtime-action-command-family,runtime-action-command,override-family-propagated,overrides mapped action method com/corrodinggames/rts/game/units/a/s.i()Lcom/corrodinggames/rts/game/units/as; -> getBuildUnitType,Hierarchy-safe propagation to avoid UnitAction/QueueableUnitAction partial named override coverage.
method,com/corrodinggames/rts/game/units/d/p$1,()Z,g,method_Obf_d_p_1_isBuildAction,isBuildAction,v0.42-runtime-action-command-family,runtime-action-command,override-family-propagated,overrides mapped action method com/corrodinggames/rts/game/units/a/s.g()Z -> isBuildAction,Hierarchy-safe propagation to avoid UnitAction/QueueableUnitAction partial named override coverage.
method,com/corrodinggames/rts/game/units/d/p$1,()Ljava/lang/String;,a,method_Obf_d_p_1_getDescription,getDescription,v0.42-runtime-action-command-family,runtime-action-command,override-family-propagated,overrides mapped action method com/corrodinggames/rts/game/units/a/s.a()Ljava/lang/String; -> getDescription,Hierarchy-safe propagation to avoid UnitAction/QueueableUnitAction partial named override coverage.
method,com/corrodinggames/rts/game/units/d/p$1,()Ljava/lang/String;,b,method_Obf_d_p_1_getText,getText,v0.42-runtime-action-command-family,runtime-action-command,override-family-propagated,overrides mapped action method com/corrodinggames/rts/game/units/a/s.b()Ljava/lang/String; -> getText,Hierarchy-safe propagation to avoid UnitAction/QueueableUnitAction partial named override coverage.
method,com/corrodinggames/rts/game/units/d/p$1,()I,c,method_Obf_d_p_1_getCreditCost,getCreditCost,v0.42-runtime-action-command-family,runtime-action-command,override-family-propagated,overrides mapped action method com/corrodinggames/rts/game/units/a/s.c()I -> getCreditCost,Hierarchy-safe propagation to avoid UnitAction/QueueableUnitAction partial named override coverage.
method,com/corrodinggames/rts/game/units/d/p$1,()F,K,method_Obf_d_p_1_getBuildSpeed,getBuildSpeed,v0.42-runtime-action-command-family,runtime-action-command,override-family-propagated,overrides mapped action method com/corrodinggames/rts/game/units/a/w.K()F -> getBuildSpeed,Hierarchy-safe propagation to avoid UnitAction/QueueableUnitAction partial named override coverage.
method,com/corrodinggames/rts/game/units/d/p$1,(Lcom/corrodinggames/rts/game/units/am;Z)Z,a,method_Obf_d_p_1_isActiveAndQueueAllowed,isActiveAndQueueAllowed,v0.42-runtime-action-command-family,runtime-action-command,override-family-propagated,overrides mapped action method com/corrodinggames/rts/game/units/a/s.a(Lcom/corrodinggames/rts/game/units/am;Z)Z -> isActiveAndQueueAllowed,Hierarchy-safe propagation to avoid UnitAction/QueueableUnitAction partial named override coverage.
method,com/corrodinggames/rts/game/units/d/p$1,(Lcom/corrodinggames/rts/game/units/am;)Z,b,method_Obf_d_p_1_isVisible,isVisible,v0.42-runtime-action-command-family,runtime-action-command,override-family-propagated,overrides mapped action method com/corrodinggames/rts/game/units/a/s.b(Lcom/corrodinggames/rts/game/units/am;)Z -> isVisible,Hierarchy-safe propagation to avoid UnitAction/QueueableUnitAction partial named override coverage.
method,com/corrodinggames/rts/game/units/d/p$1,()Lcom/corrodinggames/rts/game/units/a/t;,f,method_Obf_d_p_1_getDisplayType,getDisplayType,v0.42-runtime-action-command-family,runtime-action-command,override-family-propagated,overrides mapped action method com/corrodinggames/rts/game/units/a/s.f()Lcom/corrodinggames/rts/game/units/a/t; -> getDisplayType,Hierarchy-safe propagation to avoid UnitAction/QueueableUnitAction partial named override coverage.
method,com/corrodinggames/rts/game/units/d/p$1,()Lcom/corrodinggames/rts/game/units/as;,i,method_Obf_d_p_1_getBuildUnitType,getBuildUnitType,v0.42-runtime-action-command-family,runtime-action-command,override-family-propagated,overrides mapped action method com/corrodinggames/rts/game/units/a/s.i()Lcom/corrodinggames/rts/game/units/as; -> getBuildUnitType,Hierarchy-safe propagation to avoid UnitAction/QueueableUnitAction partial named override coverage.
method,com/corrodinggames/rts/game/units/d/q$1,()Ljava/lang/String;,a,method_Obf_d_q_1_getDescription,getDescription,v0.42-runtime-action-command-family,runtime-action-command,override-family-propagated,overrides mapped action method com/corrodinggames/rts/game/units/a/s.a()Ljava/lang/String; -> getDescription,Hierarchy-safe propagation to avoid UnitAction/QueueableUnitAction partial named override coverage.
method,com/corrodinggames/rts/game/units/d/q$1,()Ljava/lang/String;,b,method_Obf_d_q_1_getText,getText,v0.42-runtime-action-command-family,runtime-action-command,override-family-propagated,overrides mapped action method com/corrodinggames/rts/game/units/a/s.b()Ljava/lang/String; -> getText,Hierarchy-safe propagation to avoid UnitAction/QueueableUnitAction partial named override coverage.
method,com/corrodinggames/rts/game/units/d/q$1,()I,c,method_Obf_d_q_1_getCreditCost,getCreditCost,v0.42-runtime-action-command-family,runtime-action-command,override-family-propagated,overrides mapped action method com/corrodinggames/rts/game/units/a/s.c()I -> getCreditCost,Hierarchy-safe propagation to avoid UnitAction/QueueableUnitAction partial named override coverage.
method,com/corrodinggames/rts/game/units/d/q$1,(Lcom/corrodinggames/rts/game/units/am;Z)I,b,method_Obf_d_q_1_getDisplayQueueCount,getDisplayQueueCount,v0.42-runtime-action-command-family,runtime-action-command,override-family-propagated,overrides mapped action method com/corrodinggames/rts/game/units/a/s.b(Lcom/corrodinggames/rts/game/units/am;Z)I -> getDisplayQueueCount,Hierarchy-safe propagation to avoid UnitAction/QueueableUnitAction partial named override coverage.
method,com/corrodinggames/rts/game/units/d/q$1,()Lcom/corrodinggames/rts/game/units/a/u;,e,method_Obf_d_q_1_getActionCommandType,getActionCommandType,v0.42-runtime-action-command-family,runtime-action-command,override-family-propagated,overrides mapped action method com/corrodinggames/rts/game/units/a/s.e()Lcom/corrodinggames/rts/game/units/a/u; -> getActionCommandType,Hierarchy-safe propagation to avoid UnitAction/QueueableUnitAction partial named override coverage.
method,com/corrodinggames/rts/game/units/d/q$1,()Lcom/corrodinggames/rts/game/units/a/t;,f,method_Obf_d_q_1_getDisplayType,getDisplayType,v0.42-runtime-action-command-family,runtime-action-command,override-family-propagated,overrides mapped action method com/corrodinggames/rts/game/units/a/s.f()Lcom/corrodinggames/rts/game/units/a/t; -> getDisplayType,Hierarchy-safe propagation to avoid UnitAction/QueueableUnitAction partial named override coverage.
method,com/corrodinggames/rts/game/units/d/q$1,()Z,g,method_Obf_d_q_1_isBuildAction,isBuildAction,v0.42-runtime-action-command-family,runtime-action-command,override-family-propagated,overrides mapped action method com/corrodinggames/rts/game/units/a/s.g()Z -> isBuildAction,Hierarchy-safe propagation to avoid UnitAction/QueueableUnitAction partial named override coverage.
method,com/corrodinggames/rts/game/units/d/q$1,(Lcom/corrodinggames/rts/game/units/am;Z)Z,a,method_Obf_d_q_1_isActiveAndQueueAllowed,isActiveAndQueueAllowed,v0.42-runtime-action-command-family,runtime-action-command,override-family-propagated,overrides mapped action method com/corrodinggames/rts/game/units/a/s.a(Lcom/corrodinggames/rts/game/units/am;Z)Z -> isActiveAndQueueAllowed,Hierarchy-safe propagation to avoid UnitAction/QueueableUnitAction partial named override coverage.
method,com/corrodinggames/rts/game/units/d/q$1,()Lcom/corrodinggames/rts/game/units/as;,i,method_Obf_d_q_1_getBuildUnitType,getBuildUnitType,v0.42-runtime-action-command-family,runtime-action-command,override-family-propagated,overrides mapped action method com/corrodinggames/rts/game/units/a/s.i()Lcom/corrodinggames/rts/game/units/as; -> getBuildUnitType,Hierarchy-safe propagation to avoid UnitAction/QueueableUnitAction partial named override coverage.
method,com/corrodinggames/rts/game/units/d/q$2,()Z,g,method_Obf_d_q_2_isBuildAction,isBuildAction,v0.42-runtime-action-command-family,runtime-action-command,override-family-propagated,overrides mapped action method com/corrodinggames/rts/game/units/a/s.g()Z -> isBuildAction,Hierarchy-safe propagation to avoid UnitAction/QueueableUnitAction partial named override coverage.
method,com/corrodinggames/rts/game/units/d/q$2,()Ljava/lang/String;,a,method_Obf_d_q_2_getDescription,getDescription,v0.42-runtime-action-command-family,runtime-action-command,override-family-propagated,overrides mapped action method com/corrodinggames/rts/game/units/a/s.a()Ljava/lang/String; -> getDescription,Hierarchy-safe propagation to avoid UnitAction/QueueableUnitAction partial named override coverage.
method,com/corrodinggames/rts/game/units/d/q$2,()Ljava/lang/String;,b,method_Obf_d_q_2_getText,getText,v0.42-runtime-action-command-family,runtime-action-command,override-family-propagated,overrides mapped action method com/corrodinggames/rts/game/units/a/s.b()Ljava/lang/String; -> getText,Hierarchy-safe propagation to avoid UnitAction/QueueableUnitAction partial named override coverage.
method,com/corrodinggames/rts/game/units/d/q$2,()I,c,method_Obf_d_q_2_getCreditCost,getCreditCost,v0.42-runtime-action-command-family,runtime-action-command,override-family-propagated,overrides mapped action method com/corrodinggames/rts/game/units/a/s.c()I -> getCreditCost,Hierarchy-safe propagation to avoid UnitAction/QueueableUnitAction partial named override coverage.
method,com/corrodinggames/rts/game/units/d/q$2,()F,K,method_Obf_d_q_2_getBuildSpeed,getBuildSpeed,v0.42-runtime-action-command-family,runtime-action-command,override-family-propagated,overrides mapped action method com/corrodinggames/rts/game/units/a/w.K()F -> getBuildSpeed,Hierarchy-safe propagation to avoid UnitAction/QueueableUnitAction partial named override coverage.
method,com/corrodinggames/rts/game/units/d/q$2,(Lcom/corrodinggames/rts/game/units/am;Z)Z,a,method_Obf_d_q_2_isActiveAndQueueAllowed,isActiveAndQueueAllowed,v0.42-runtime-action-command-family,runtime-action-command,override-family-propagated,overrides mapped action method com/corrodinggames/rts/game/units/a/s.a(Lcom/corrodinggames/rts/game/units/am;Z)Z -> isActiveAndQueueAllowed,Hierarchy-safe propagation to avoid UnitAction/QueueableUnitAction partial named override coverage.
method,com/corrodinggames/rts/game/units/d/q$2,()Lcom/corrodinggames/rts/game/units/a/t;,f,method_Obf_d_q_2_getDisplayType,getDisplayType,v0.42-runtime-action-command-family,runtime-action-command,override-family-propagated,overrides mapped action method com/corrodinggames/rts/game/units/a/s.f()Lcom/corrodinggames/rts/game/units/a/t; -> getDisplayType,Hierarchy-safe propagation to avoid UnitAction/QueueableUnitAction partial named override coverage.
method,com/corrodinggames/rts/game/units/d/q$2,()Lcom/corrodinggames/rts/game/units/as;,i,method_Obf_d_q_2_getBuildUnitType,getBuildUnitType,v0.42-runtime-action-command-family,runtime-action-command,override-family-propagated,overrides mapped action method com/corrodinggames/rts/game/units/a/s.i()Lcom/corrodinggames/rts/game/units/as; -> getBuildUnitType,Hierarchy-safe propagation to avoid UnitAction/QueueableUnitAction partial named override coverage.
method,com/corrodinggames/rts/game/units/d/u,()Z,g,method_Obf_d_u_isBuildAction,isBuildAction,v0.42-runtime-action-command-family,runtime-action-command,override-family-propagated,overrides mapped action method com/corrodinggames/rts/game/units/a/s.g()Z -> isBuildAction,Hierarchy-safe propagation to avoid UnitAction/QueueableUnitAction partial named override coverage.
method,com/corrodinggames/rts/game/units/d/u,()Ljava/lang/String;,a,method_Obf_d_u_getDescription,getDescription,v0.42-runtime-action-command-family,runtime-action-command,override-family-propagated,overrides mapped action method com/corrodinggames/rts/game/units/a/s.a()Ljava/lang/String; -> getDescription,Hierarchy-safe propagation to avoid UnitAction/QueueableUnitAction partial named override coverage.
method,com/corrodinggames/rts/game/units/d/u,()Ljava/lang/String;,b,method_Obf_d_u_getText,getText,v0.42-runtime-action-command-family,runtime-action-command,override-family-propagated,overrides mapped action method com/corrodinggames/rts/game/units/a/s.b()Ljava/lang/String; -> getText,Hierarchy-safe propagation to avoid UnitAction/QueueableUnitAction partial named override coverage.
method,com/corrodinggames/rts/game/units/d/u,()I,c,method_Obf_d_u_getCreditCost,getCreditCost,v0.42-runtime-action-command-family,runtime-action-command,override-family-propagated,overrides mapped action method com/corrodinggames/rts/game/units/a/s.c()I -> getCreditCost,Hierarchy-safe propagation to avoid UnitAction/QueueableUnitAction partial named override coverage.
method,com/corrodinggames/rts/game/units/d/u,()F,K,method_Obf_d_u_getBuildSpeed,getBuildSpeed,v0.42-runtime-action-command-family,runtime-action-command,override-family-propagated,overrides mapped action method com/corrodinggames/rts/game/units/a/w.K()F -> getBuildSpeed,Hierarchy-safe propagation to avoid UnitAction/QueueableUnitAction partial named override coverage.
method,com/corrodinggames/rts/game/units/d/u,(Lcom/corrodinggames/rts/game/units/am;Z)Z,a,method_Obf_d_u_isActiveAndQueueAllowed,isActiveAndQueueAllowed,v0.42-runtime-action-command-family,runtime-action-command,override-family-propagated,overrides mapped action method com/corrodinggames/rts/game/units/a/s.a(Lcom/corrodinggames/rts/game/units/am;Z)Z -> isActiveAndQueueAllowed,Hierarchy-safe propagation to avoid UnitAction/QueueableUnitAction partial named override coverage.
method,com/corrodinggames/rts/game/units/d/u,(Lcom/corrodinggames/rts/game/units/am;)Z,b,method_Obf_d_u_isVisible,isVisible,v0.42-runtime-action-command-family,runtime-action-command,override-family-propagated,overrides mapped action method com/corrodinggames/rts/game/units/a/s.b(Lcom/corrodinggames/rts/game/units/am;)Z -> isVisible,Hierarchy-safe propagation to avoid UnitAction/QueueableUnitAction partial named override coverage.
method,com/corrodinggames/rts/game/units/d/u,()Lcom/corrodinggames/rts/game/units/a/t;,f,method_Obf_d_u_getDisplayType,getDisplayType,v0.42-runtime-action-command-family,runtime-action-command,override-family-propagated,overrides mapped action method com/corrodinggames/rts/game/units/a/s.f()Lcom/corrodinggames/rts/game/units/a/t; -> getDisplayType,Hierarchy-safe propagation to avoid UnitAction/QueueableUnitAction partial named override coverage.
method,com/corrodinggames/rts/game/units/d/u,()Lcom/corrodinggames/rts/game/units/as;,i,method_Obf_d_u_getBuildUnitType,getBuildUnitType,v0.42-runtime-action-command-family,runtime-action-command,override-family-propagated,overrides mapped action method com/corrodinggames/rts/game/units/a/s.i()Lcom/corrodinggames/rts/game/units/as; -> getBuildUnitType,Hierarchy-safe propagation to avoid UnitAction/QueueableUnitAction partial named override coverage.
method,com/corrodinggames/rts/game/units/d/v$1,()Z,g,method_Obf_d_v_1_isBuildAction,isBuildAction,v0.42-runtime-action-command-family,runtime-action-command,override-family-propagated,overrides mapped action method com/corrodinggames/rts/game/units/a/s.g()Z -> isBuildAction,Hierarchy-safe propagation to avoid UnitAction/QueueableUnitAction partial named override coverage.
method,com/corrodinggames/rts/game/units/d/v$1,()Ljava/lang/String;,a,method_Obf_d_v_1_getDescription,getDescription,v0.42-runtime-action-command-family,runtime-action-command,override-family-propagated,overrides mapped action method com/corrodinggames/rts/game/units/a/s.a()Ljava/lang/String; -> getDescription,Hierarchy-safe propagation to avoid UnitAction/QueueableUnitAction partial named override coverage.
method,com/corrodinggames/rts/game/units/d/v$1,()Ljava/lang/String;,b,method_Obf_d_v_1_getText,getText,v0.42-runtime-action-command-family,runtime-action-command,override-family-propagated,overrides mapped action method com/corrodinggames/rts/game/units/a/s.b()Ljava/lang/String; -> getText,Hierarchy-safe propagation to avoid UnitAction/QueueableUnitAction partial named override coverage.
method,com/corrodinggames/rts/game/units/d/v$1,()I,c,method_Obf_d_v_1_getCreditCost,getCreditCost,v0.42-runtime-action-command-family,runtime-action-command,override-family-propagated,overrides mapped action method com/corrodinggames/rts/game/units/a/s.c()I -> getCreditCost,Hierarchy-safe propagation to avoid UnitAction/QueueableUnitAction partial named override coverage.
method,com/corrodinggames/rts/game/units/d/v$1,()F,K,method_Obf_d_v_1_getBuildSpeed,getBuildSpeed,v0.42-runtime-action-command-family,runtime-action-command,override-family-propagated,overrides mapped action method com/corrodinggames/rts/game/units/a/w.K()F -> getBuildSpeed,Hierarchy-safe propagation to avoid UnitAction/QueueableUnitAction partial named override coverage.
method,com/corrodinggames/rts/game/units/d/v$1,(Lcom/corrodinggames/rts/game/units/am;Z)Z,a,method_Obf_d_v_1_isActiveAndQueueAllowed,isActiveAndQueueAllowed,v0.42-runtime-action-command-family,runtime-action-command,override-family-propagated,overrides mapped action method com/corrodinggames/rts/game/units/a/s.a(Lcom/corrodinggames/rts/game/units/am;Z)Z -> isActiveAndQueueAllowed,Hierarchy-safe propagation to avoid UnitAction/QueueableUnitAction partial named override coverage.
method,com/corrodinggames/rts/game/units/d/v$1,()Lcom/corrodinggames/rts/game/units/a/t;,f,method_Obf_d_v_1_getDisplayType,getDisplayType,v0.42-runtime-action-command-family,runtime-action-command,override-family-propagated,overrides mapped action method com/corrodinggames/rts/game/units/a/s.f()Lcom/corrodinggames/rts/game/units/a/t; -> getDisplayType,Hierarchy-safe propagation to avoid UnitAction/QueueableUnitAction partial named override coverage.
method,com/corrodinggames/rts/game/units/d/v$1,()Lcom/corrodinggames/rts/game/units/as;,i,method_Obf_d_v_1_getBuildUnitType,getBuildUnitType,v0.42-runtime-action-command-family,runtime-action-command,override-family-propagated,overrides mapped action method com/corrodinggames/rts/game/units/a/s.i()Lcom/corrodinggames/rts/game/units/as; -> getBuildUnitType,Hierarchy-safe propagation to avoid UnitAction/QueueableUnitAction partial named override coverage.
method,com/corrodinggames/rts/game/units/e/i$1,()Ljava/lang/String;,a,method_Obf_e_i_1_getDescription,getDescription,v0.42-runtime-action-command-family,runtime-action-command,override-family-propagated,overrides mapped action method com/corrodinggames/rts/game/units/a/s.a()Ljava/lang/String; -> getDescription,Hierarchy-safe propagation to avoid UnitAction/QueueableUnitAction partial named override coverage.
method,com/corrodinggames/rts/game/units/e/i$1,()Ljava/lang/String;,b,method_Obf_e_i_1_getText,getText,v0.42-runtime-action-command-family,runtime-action-command,override-family-propagated,overrides mapped action method com/corrodinggames/rts/game/units/a/s.b()Ljava/lang/String; -> getText,Hierarchy-safe propagation to avoid UnitAction/QueueableUnitAction partial named override coverage.
method,com/corrodinggames/rts/game/units/e/i$1,(Lcom/corrodinggames/rts/game/units/am;Z)I,b,method_Obf_e_i_1_getDisplayQueueCount,getDisplayQueueCount,v0.42-runtime-action-command-family,runtime-action-command,override-family-propagated,overrides mapped action method com/corrodinggames/rts/game/units/a/s.b(Lcom/corrodinggames/rts/game/units/am;Z)I -> getDisplayQueueCount,Hierarchy-safe propagation to avoid UnitAction/QueueableUnitAction partial named override coverage.
method,com/corrodinggames/rts/game/units/e/i$1,(Lcom/corrodinggames/rts/game/units/am;Z)Z,a,method_Obf_e_i_1_isActiveAndQueueAllowed,isActiveAndQueueAllowed,v0.42-runtime-action-command-family,runtime-action-command,override-family-propagated,overrides mapped action method com/corrodinggames/rts/game/units/a/s.a(Lcom/corrodinggames/rts/game/units/am;Z)Z -> isActiveAndQueueAllowed,Hierarchy-safe propagation to avoid UnitAction/QueueableUnitAction partial named override coverage.
method,com/corrodinggames/rts/game/units/e/i$1,(Lcom/corrodinggames/rts/game/units/am;)Z,b,method_Obf_e_i_1_isVisible,isVisible,v0.42-runtime-action-command-family,runtime-action-command,override-family-propagated,overrides mapped action method com/corrodinggames/rts/game/units/a/s.b(Lcom/corrodinggames/rts/game/units/am;)Z -> isVisible,Hierarchy-safe propagation to avoid UnitAction/QueueableUnitAction partial named override coverage.
method,com/corrodinggames/rts/game/units/e/i$2,()Ljava/lang/String;,a,method_Obf_e_i_2_getDescription,getDescription,v0.42-runtime-action-command-family,runtime-action-command,override-family-propagated,overrides mapped action method com/corrodinggames/rts/game/units/a/s.a()Ljava/lang/String; -> getDescription,Hierarchy-safe propagation to avoid UnitAction/QueueableUnitAction partial named override coverage.
method,com/corrodinggames/rts/game/units/e/i$2,()Ljava/lang/String;,b,method_Obf_e_i_2_getText,getText,v0.42-runtime-action-command-family,runtime-action-command,override-family-propagated,overrides mapped action method com/corrodinggames/rts/game/units/a/s.b()Ljava/lang/String; -> getText,Hierarchy-safe propagation to avoid UnitAction/QueueableUnitAction partial named override coverage.
method,com/corrodinggames/rts/game/units/e/i$2,(Lcom/corrodinggames/rts/game/units/am;Z)Z,a,method_Obf_e_i_2_isActiveAndQueueAllowed,isActiveAndQueueAllowed,v0.42-runtime-action-command-family,runtime-action-command,override-family-propagated,overrides mapped action method com/corrodinggames/rts/game/units/a/s.a(Lcom/corrodinggames/rts/game/units/am;Z)Z -> isActiveAndQueueAllowed,Hierarchy-safe propagation to avoid UnitAction/QueueableUnitAction partial named override coverage.
method,com/corrodinggames/rts/game/units/e/i$2,(Lcom/corrodinggames/rts/game/units/am;)Z,b,method_Obf_e_i_2_isVisible,isVisible,v0.42-runtime-action-command-family,runtime-action-command,override-family-propagated,overrides mapped action method com/corrodinggames/rts/game/units/a/s.b(Lcom/corrodinggames/rts/game/units/am;)Z -> isVisible,Hierarchy-safe propagation to avoid UnitAction/QueueableUnitAction partial named override coverage.
method,com/corrodinggames/rts/game/units/h$1,(Lcom/corrodinggames/rts/game/units/am;Z)Z,a,method_Obf_h_1_isActiveAndQueueAllowed,isActiveAndQueueAllowed,v0.42-runtime-action-command-family,runtime-action-command,override-family-propagated,overrides mapped action method com/corrodinggames/rts/game/units/a/s.a(Lcom/corrodinggames/rts/game/units/am;Z)Z -> isActiveAndQueueAllowed,Hierarchy-safe propagation to avoid UnitAction/QueueableUnitAction partial named override coverage.
method,com/corrodinggames/rts/game/units/h$1,()Ljava/lang/String;,a,method_Obf_h_1_getDescription,getDescription,v0.42-runtime-action-command-family,runtime-action-command,override-family-propagated,overrides mapped action method com/corrodinggames/rts/game/units/a/s.a()Ljava/lang/String; -> getDescription,Hierarchy-safe propagation to avoid UnitAction/QueueableUnitAction partial named override coverage.
method,com/corrodinggames/rts/game/units/h$1,()Ljava/lang/String;,b,method_Obf_h_1_getText,getText,v0.42-runtime-action-command-family,runtime-action-command,override-family-propagated,overrides mapped action method com/corrodinggames/rts/game/units/a/s.b()Ljava/lang/String; -> getText,Hierarchy-safe propagation to avoid UnitAction/QueueableUnitAction partial named override coverage.
method,com/corrodinggames/rts/game/units/h$1,()I,c,method_Obf_h_1_getCreditCost,getCreditCost,v0.42-runtime-action-command-family,runtime-action-command,override-family-propagated,overrides mapped action method com/corrodinggames/rts/game/units/a/s.c()I -> getCreditCost,Hierarchy-safe propagation to avoid UnitAction/QueueableUnitAction partial named override coverage.
method,com/corrodinggames/rts/game/units/h$1,(Lcom/corrodinggames/rts/game/units/am;Z)I,b,method_Obf_h_1_getDisplayQueueCount,getDisplayQueueCount,v0.42-runtime-action-command-family,runtime-action-command,override-family-propagated,overrides mapped action method com/corrodinggames/rts/game/units/a/s.b(Lcom/corrodinggames/rts/game/units/am;Z)I -> getDisplayQueueCount,Hierarchy-safe propagation to avoid UnitAction/QueueableUnitAction partial named override coverage.
method,com/corrodinggames/rts/game/units/h$1,()Lcom/corrodinggames/rts/game/units/a/u;,e,method_Obf_h_1_getActionCommandType,getActionCommandType,v0.42-runtime-action-command-family,runtime-action-command,override-family-propagated,overrides mapped action method com/corrodinggames/rts/game/units/a/s.e()Lcom/corrodinggames/rts/game/units/a/u; -> getActionCommandType,Hierarchy-safe propagation to avoid UnitAction/QueueableUnitAction partial named override coverage.
method,com/corrodinggames/rts/game/units/h$1,()Lcom/corrodinggames/rts/game/units/a/t;,f,method_Obf_h_1_getDisplayType,getDisplayType,v0.42-runtime-action-command-family,runtime-action-command,override-family-propagated,overrides mapped action method com/corrodinggames/rts/game/units/a/s.f()Lcom/corrodinggames/rts/game/units/a/t; -> getDisplayType,Hierarchy-safe propagation to avoid UnitAction/QueueableUnitAction partial named override coverage.
method,com/corrodinggames/rts/game/units/h$1,()Z,g,method_Obf_h_1_isBuildAction,isBuildAction,v0.42-runtime-action-command-family,runtime-action-command,override-family-propagated,overrides mapped action method com/corrodinggames/rts/game/units/a/s.g()Z -> isBuildAction,Hierarchy-safe propagation to avoid UnitAction/QueueableUnitAction partial named override coverage.
method,com/corrodinggames/rts/game/units/h$1,()Lcom/corrodinggames/rts/game/units/as;,i,method_Obf_h_1_getBuildUnitType,getBuildUnitType,v0.42-runtime-action-command-family,runtime-action-command,override-family-propagated,overrides mapped action method com/corrodinggames/rts/game/units/a/s.i()Lcom/corrodinggames/rts/game/units/as; -> getBuildUnitType,Hierarchy-safe propagation to avoid UnitAction/QueueableUnitAction partial named override coverage.
method,com/corrodinggames/rts/game/units/h$10,()Ljava/lang/String;,a,method_Obf_h_10_getDescription,getDescription,v0.42-runtime-action-command-family,runtime-action-command,override-family-propagated,overrides mapped action method com/corrodinggames/rts/game/units/a/s.a()Ljava/lang/String; -> getDescription,Hierarchy-safe propagation to avoid UnitAction/QueueableUnitAction partial named override coverage.
method,com/corrodinggames/rts/game/units/h$10,()Ljava/lang/String;,b,method_Obf_h_10_getText,getText,v0.42-runtime-action-command-family,runtime-action-command,override-family-propagated,overrides mapped action method com/corrodinggames/rts/game/units/a/s.b()Ljava/lang/String; -> getText,Hierarchy-safe propagation to avoid UnitAction/QueueableUnitAction partial named override coverage.
method,com/corrodinggames/rts/game/units/h$11,()Ljava/lang/String;,a,method_Obf_h_11_getDescription,getDescription,v0.42-runtime-action-command-family,runtime-action-command,override-family-propagated,overrides mapped action method com/corrodinggames/rts/game/units/a/s.a()Ljava/lang/String; -> getDescription,Hierarchy-safe propagation to avoid UnitAction/QueueableUnitAction partial named override coverage.
method,com/corrodinggames/rts/game/units/h$11,()Ljava/lang/String;,b,method_Obf_h_11_getText,getText,v0.42-runtime-action-command-family,runtime-action-command,override-family-propagated,overrides mapped action method com/corrodinggames/rts/game/units/a/s.b()Ljava/lang/String; -> getText,Hierarchy-safe propagation to avoid UnitAction/QueueableUnitAction partial named override coverage.
method,com/corrodinggames/rts/game/units/h$12,(Lcom/corrodinggames/rts/game/units/am;Z)Z,a,method_Obf_h_12_isActiveAndQueueAllowed,isActiveAndQueueAllowed,v0.42-runtime-action-command-family,runtime-action-command,override-family-propagated,overrides mapped action method com/corrodinggames/rts/game/units/a/s.a(Lcom/corrodinggames/rts/game/units/am;Z)Z -> isActiveAndQueueAllowed,Hierarchy-safe propagation to avoid UnitAction/QueueableUnitAction partial named override coverage.
method,com/corrodinggames/rts/game/units/h$12,()Ljava/lang/String;,a,method_Obf_h_12_getDescription,getDescription,v0.42-runtime-action-command-family,runtime-action-command,override-family-propagated,overrides mapped action method com/corrodinggames/rts/game/units/a/s.a()Ljava/lang/String; -> getDescription,Hierarchy-safe propagation to avoid UnitAction/QueueableUnitAction partial named override coverage.
method,com/corrodinggames/rts/game/units/h$12,()Ljava/lang/String;,b,method_Obf_h_12_getText,getText,v0.42-runtime-action-command-family,runtime-action-command,override-family-propagated,overrides mapped action method com/corrodinggames/rts/game/units/a/s.b()Ljava/lang/String; -> getText,Hierarchy-safe propagation to avoid UnitAction/QueueableUnitAction partial named override coverage.
method,com/corrodinggames/rts/game/units/h$12,()I,c,method_Obf_h_12_getCreditCost,getCreditCost,v0.42-runtime-action-command-family,runtime-action-command,override-family-propagated,overrides mapped action method com/corrodinggames/rts/game/units/a/s.c()I -> getCreditCost,Hierarchy-safe propagation to avoid UnitAction/QueueableUnitAction partial named override coverage.
method,com/corrodinggames/rts/game/units/h$12,(Lcom/corrodinggames/rts/game/units/am;Z)I,b,method_Obf_h_12_getDisplayQueueCount,getDisplayQueueCount,v0.42-runtime-action-command-family,runtime-action-command,override-family-propagated,overrides mapped action method com/corrodinggames/rts/game/units/a/s.b(Lcom/corrodinggames/rts/game/units/am;Z)I -> getDisplayQueueCount,Hierarchy-safe propagation to avoid UnitAction/QueueableUnitAction partial named override coverage.
method,com/corrodinggames/rts/game/units/h$12,()Lcom/corrodinggames/rts/game/units/a/u;,e,method_Obf_h_12_getActionCommandType,getActionCommandType,v0.42-runtime-action-command-family,runtime-action-command,override-family-propagated,overrides mapped action method com/corrodinggames/rts/game/units/a/s.e()Lcom/corrodinggames/rts/game/units/a/u; -> getActionCommandType,Hierarchy-safe propagation to avoid UnitAction/QueueableUnitAction partial named override coverage.
method,com/corrodinggames/rts/game/units/h$12,()Lcom/corrodinggames/rts/game/units/a/t;,f,method_Obf_h_12_getDisplayType,getDisplayType,v0.42-runtime-action-command-family,runtime-action-command,override-family-propagated,overrides mapped action method com/corrodinggames/rts/game/units/a/s.f()Lcom/corrodinggames/rts/game/units/a/t; -> getDisplayType,Hierarchy-safe propagation to avoid UnitAction/QueueableUnitAction partial named override coverage.
method,com/corrodinggames/rts/game/units/h$12,()Z,g,method_Obf_h_12_isBuildAction,isBuildAction,v0.42-runtime-action-command-family,runtime-action-command,override-family-propagated,overrides mapped action method com/corrodinggames/rts/game/units/a/s.g()Z -> isBuildAction,Hierarchy-safe propagation to avoid UnitAction/QueueableUnitAction partial named override coverage.
method,com/corrodinggames/rts/game/units/h$12,()Lcom/corrodinggames/rts/game/units/as;,i,method_Obf_h_12_getBuildUnitType,getBuildUnitType,v0.42-runtime-action-command-family,runtime-action-command,override-family-propagated,overrides mapped action method com/corrodinggames/rts/game/units/a/s.i()Lcom/corrodinggames/rts/game/units/as; -> getBuildUnitType,Hierarchy-safe propagation to avoid UnitAction/QueueableUnitAction partial named override coverage.
method,com/corrodinggames/rts/game/units/h$13,()Ljava/lang/String;,a,method_Obf_h_13_getDescription,getDescription,v0.42-runtime-action-command-family,runtime-action-command,override-family-propagated,overrides mapped action method com/corrodinggames/rts/game/units/a/s.a()Ljava/lang/String; -> getDescription,Hierarchy-safe propagation to avoid UnitAction/QueueableUnitAction partial named override coverage.
method,com/corrodinggames/rts/game/units/h$13,()Ljava/lang/String;,b,method_Obf_h_13_getText,getText,v0.42-runtime-action-command-family,runtime-action-command,override-family-propagated,overrides mapped action method com/corrodinggames/rts/game/units/a/s.b()Ljava/lang/String; -> getText,Hierarchy-safe propagation to avoid UnitAction/QueueableUnitAction partial named override coverage.
method,com/corrodinggames/rts/game/units/h$13,(Lcom/corrodinggames/rts/game/units/am;)Z,b,method_Obf_h_13_isVisible,isVisible,v0.42-runtime-action-command-family,runtime-action-command,override-family-propagated,overrides mapped action method com/corrodinggames/rts/game/units/a/s.b(Lcom/corrodinggames/rts/game/units/am;)Z -> isVisible,Hierarchy-safe propagation to avoid UnitAction/QueueableUnitAction partial named override coverage.
method,com/corrodinggames/rts/game/units/h$14,()Ljava/lang/String;,a,method_Obf_h_14_getDescription,getDescription,v0.42-runtime-action-command-family,runtime-action-command,override-family-propagated,overrides mapped action method com/corrodinggames/rts/game/units/a/s.a()Ljava/lang/String; -> getDescription,Hierarchy-safe propagation to avoid UnitAction/QueueableUnitAction partial named override coverage.
method,com/corrodinggames/rts/game/units/h$14,()Ljava/lang/String;,b,method_Obf_h_14_getText,getText,v0.42-runtime-action-command-family,runtime-action-command,override-family-propagated,overrides mapped action method com/corrodinggames/rts/game/units/a/s.b()Ljava/lang/String; -> getText,Hierarchy-safe propagation to avoid UnitAction/QueueableUnitAction partial named override coverage.
method,com/corrodinggames/rts/game/units/h$14,(Lcom/corrodinggames/rts/game/units/am;)Z,b,method_Obf_h_14_isVisible,isVisible,v0.42-runtime-action-command-family,runtime-action-command,override-family-propagated,overrides mapped action method com/corrodinggames/rts/game/units/a/s.b(Lcom/corrodinggames/rts/game/units/am;)Z -> isVisible,Hierarchy-safe propagation to avoid UnitAction/QueueableUnitAction partial named override coverage.
method,com/corrodinggames/rts/game/units/h$17,()Ljava/lang/String;,a,method_Obf_h_17_getDescription,getDescription,v0.42-runtime-action-command-family,runtime-action-command,override-family-propagated,overrides mapped action method com/corrodinggames/rts/game/units/a/s.a()Ljava/lang/String; -> getDescription,Hierarchy-safe propagation to avoid UnitAction/QueueableUnitAction partial named override coverage.
method,com/corrodinggames/rts/game/units/h$17,()Ljava/lang/String;,b,method_Obf_h_17_getText,getText,v0.42-runtime-action-command-family,runtime-action-command,override-family-propagated,overrides mapped action method com/corrodinggames/rts/game/units/a/s.b()Ljava/lang/String; -> getText,Hierarchy-safe propagation to avoid UnitAction/QueueableUnitAction partial named override coverage.
method,com/corrodinggames/rts/game/units/h$17,()I,c,method_Obf_h_17_getCreditCost,getCreditCost,v0.42-runtime-action-command-family,runtime-action-command,override-family-propagated,overrides mapped action method com/corrodinggames/rts/game/units/a/s.c()I -> getCreditCost,Hierarchy-safe propagation to avoid UnitAction/QueueableUnitAction partial named override coverage.
method,com/corrodinggames/rts/game/units/h$17,(Lcom/corrodinggames/rts/game/units/am;Z)I,b,method_Obf_h_17_getDisplayQueueCount,getDisplayQueueCount,v0.42-runtime-action-command-family,runtime-action-command,override-family-propagated,overrides mapped action method com/corrodinggames/rts/game/units/a/s.b(Lcom/corrodinggames/rts/game/units/am;Z)I -> getDisplayQueueCount,Hierarchy-safe propagation to avoid UnitAction/QueueableUnitAction partial named override coverage.
method,com/corrodinggames/rts/game/units/h$17,()Lcom/corrodinggames/rts/game/units/a/u;,e,method_Obf_h_17_getActionCommandType,getActionCommandType,v0.42-runtime-action-command-family,runtime-action-command,override-family-propagated,overrides mapped action method com/corrodinggames/rts/game/units/a/s.e()Lcom/corrodinggames/rts/game/units/a/u; -> getActionCommandType,Hierarchy-safe propagation to avoid UnitAction/QueueableUnitAction partial named override coverage.
method,com/corrodinggames/rts/game/units/h$17,()Lcom/corrodinggames/rts/game/units/a/t;,f,method_Obf_h_17_getDisplayType,getDisplayType,v0.42-runtime-action-command-family,runtime-action-command,override-family-propagated,overrides mapped action method com/corrodinggames/rts/game/units/a/s.f()Lcom/corrodinggames/rts/game/units/a/t; -> getDisplayType,Hierarchy-safe propagation to avoid UnitAction/QueueableUnitAction partial named override coverage.
method,com/corrodinggames/rts/game/units/h$17,()Z,g,method_Obf_h_17_isBuildAction,isBuildAction,v0.42-runtime-action-command-family,runtime-action-command,override-family-propagated,overrides mapped action method com/corrodinggames/rts/game/units/a/s.g()Z -> isBuildAction,Hierarchy-safe propagation to avoid UnitAction/QueueableUnitAction partial named override coverage.
method,com/corrodinggames/rts/game/units/h$17,(Lcom/corrodinggames/rts/game/units/am;Z)Z,a,method_Obf_h_17_isActiveAndQueueAllowed,isActiveAndQueueAllowed,v0.42-runtime-action-command-family,runtime-action-command,override-family-propagated,overrides mapped action method com/corrodinggames/rts/game/units/a/s.a(Lcom/corrodinggames/rts/game/units/am;Z)Z -> isActiveAndQueueAllowed,Hierarchy-safe propagation to avoid UnitAction/QueueableUnitAction partial named override coverage.
method,com/corrodinggames/rts/game/units/h$17,()Lcom/corrodinggames/rts/game/units/as;,i,method_Obf_h_17_getBuildUnitType,getBuildUnitType,v0.42-runtime-action-command-family,runtime-action-command,override-family-propagated,overrides mapped action method com/corrodinggames/rts/game/units/a/s.i()Lcom/corrodinggames/rts/game/units/as; -> getBuildUnitType,Hierarchy-safe propagation to avoid UnitAction/QueueableUnitAction partial named override coverage.
method,com/corrodinggames/rts/game/units/h$18,()Ljava/lang/String;,a,method_Obf_h_18_getDescription,getDescription,v0.42-runtime-action-command-family,runtime-action-command,override-family-propagated,overrides mapped action method com/corrodinggames/rts/game/units/a/s.a()Ljava/lang/String; -> getDescription,Hierarchy-safe propagation to avoid UnitAction/QueueableUnitAction partial named override coverage.
method,com/corrodinggames/rts/game/units/h$18,()Ljava/lang/String;,b,method_Obf_h_18_getText,getText,v0.42-runtime-action-command-family,runtime-action-command,override-family-propagated,overrides mapped action method com/corrodinggames/rts/game/units/a/s.b()Ljava/lang/String; -> getText,Hierarchy-safe propagation to avoid UnitAction/QueueableUnitAction partial named override coverage.
method,com/corrodinggames/rts/game/units/h$18,()Z,h_,method_Obf_h_18_shouldShowText,shouldShowText,v0.42-runtime-action-command-family,runtime-action-command,override-family-propagated,overrides mapped action method com/corrodinggames/rts/game/units/a/s.h_()Z -> shouldShowText,Hierarchy-safe propagation to avoid UnitAction/QueueableUnitAction partial named override coverage.
method,com/corrodinggames/rts/game/units/h$18,()I,c,method_Obf_h_18_getCreditCost,getCreditCost,v0.42-runtime-action-command-family,runtime-action-command,override-family-propagated,overrides mapped action method com/corrodinggames/rts/game/units/a/s.c()I -> getCreditCost,Hierarchy-safe propagation to avoid UnitAction/QueueableUnitAction partial named override coverage.
method,com/corrodinggames/rts/game/units/h$18,(Lcom/corrodinggames/rts/game/units/am;Z)I,b,method_Obf_h_18_getDisplayQueueCount,getDisplayQueueCount,v0.42-runtime-action-command-family,runtime-action-command,override-family-propagated,overrides mapped action method com/corrodinggames/rts/game/units/a/s.b(Lcom/corrodinggames/rts/game/units/am;Z)I -> getDisplayQueueCount,Hierarchy-safe propagation to avoid UnitAction/QueueableUnitAction partial named override coverage.
method,com/corrodinggames/rts/game/units/h$18,()Lcom/corrodinggames/rts/game/units/a/u;,e,method_Obf_h_18_getActionCommandType,getActionCommandType,v0.42-runtime-action-command-family,runtime-action-command,override-family-propagated,overrides mapped action method com/corrodinggames/rts/game/units/a/s.e()Lcom/corrodinggames/rts/game/units/a/u; -> getActionCommandType,Hierarchy-safe propagation to avoid UnitAction/QueueableUnitAction partial named override coverage.
method,com/corrodinggames/rts/game/units/h$18,()Lcom/corrodinggames/rts/game/units/a/t;,f,method_Obf_h_18_getDisplayType,getDisplayType,v0.42-runtime-action-command-family,runtime-action-command,override-family-propagated,overrides mapped action method com/corrodinggames/rts/game/units/a/s.f()Lcom/corrodinggames/rts/game/units/a/t; -> getDisplayType,Hierarchy-safe propagation to avoid UnitAction/QueueableUnitAction partial named override coverage.
method,com/corrodinggames/rts/game/units/h$18,()Z,g,method_Obf_h_18_isBuildAction,isBuildAction,v0.42-runtime-action-command-family,runtime-action-command,override-family-propagated,overrides mapped action method com/corrodinggames/rts/game/units/a/s.g()Z -> isBuildAction,Hierarchy-safe propagation to avoid UnitAction/QueueableUnitAction partial named override coverage.
method,com/corrodinggames/rts/game/units/h$18,(Lcom/corrodinggames/rts/game/units/am;Z)Z,a,method_Obf_h_18_isActiveAndQueueAllowed,isActiveAndQueueAllowed,v0.42-runtime-action-command-family,runtime-action-command,override-family-propagated,overrides mapped action method com/corrodinggames/rts/game/units/a/s.a(Lcom/corrodinggames/rts/game/units/am;Z)Z -> isActiveAndQueueAllowed,Hierarchy-safe propagation to avoid UnitAction/QueueableUnitAction partial named override coverage.
method,com/corrodinggames/rts/game/units/h$18,()Lcom/corrodinggames/rts/game/units/as;,i,method_Obf_h_18_getBuildUnitType,getBuildUnitType,v0.42-runtime-action-command-family,runtime-action-command,override-family-propagated,overrides mapped action method com/corrodinggames/rts/game/units/a/s.i()Lcom/corrodinggames/rts/game/units/as; -> getBuildUnitType,Hierarchy-safe propagation to avoid UnitAction/QueueableUnitAction partial named override coverage.
method,com/corrodinggames/rts/game/units/h$19,()Ljava/lang/String;,a,method_Obf_h_19_getDescription,getDescription,v0.42-runtime-action-command-family,runtime-action-command,override-family-propagated,overrides mapped action method com/corrodinggames/rts/game/units/a/s.a()Ljava/lang/String; -> getDescription,Hierarchy-safe propagation to avoid UnitAction/QueueableUnitAction partial named override coverage.
method,com/corrodinggames/rts/game/units/h$19,()Ljava/lang/String;,b,method_Obf_h_19_getText,getText,v0.42-runtime-action-command-family,runtime-action-command,override-family-propagated,overrides mapped action method com/corrodinggames/rts/game/units/a/s.b()Ljava/lang/String; -> getText,Hierarchy-safe propagation to avoid UnitAction/QueueableUnitAction partial named override coverage.
method,com/corrodinggames/rts/game/units/h$19,()Z,h_,method_Obf_h_19_shouldShowText,shouldShowText,v0.42-runtime-action-command-family,runtime-action-command,override-family-propagated,overrides mapped action method com/corrodinggames/rts/game/units/a/s.h_()Z -> shouldShowText,Hierarchy-safe propagation to avoid UnitAction/QueueableUnitAction partial named override coverage.
method,com/corrodinggames/rts/game/units/h$19,()I,c,method_Obf_h_19_getCreditCost,getCreditCost,v0.42-runtime-action-command-family,runtime-action-command,override-family-propagated,overrides mapped action method com/corrodinggames/rts/game/units/a/s.c()I -> getCreditCost,Hierarchy-safe propagation to avoid UnitAction/QueueableUnitAction partial named override coverage.
method,com/corrodinggames/rts/game/units/h$19,(Lcom/corrodinggames/rts/game/units/am;Z)I,b,method_Obf_h_19_getDisplayQueueCount,getDisplayQueueCount,v0.42-runtime-action-command-family,runtime-action-command,override-family-propagated,overrides mapped action method com/corrodinggames/rts/game/units/a/s.b(Lcom/corrodinggames/rts/game/units/am;Z)I -> getDisplayQueueCount,Hierarchy-safe propagation to avoid UnitAction/QueueableUnitAction partial named override coverage.
method,com/corrodinggames/rts/game/units/h$19,()Lcom/corrodinggames/rts/game/units/a/u;,e,method_Obf_h_19_getActionCommandType,getActionCommandType,v0.42-runtime-action-command-family,runtime-action-command,override-family-propagated,overrides mapped action method com/corrodinggames/rts/game/units/a/s.e()Lcom/corrodinggames/rts/game/units/a/u; -> getActionCommandType,Hierarchy-safe propagation to avoid UnitAction/QueueableUnitAction partial named override coverage.
method,com/corrodinggames/rts/game/units/h$19,()Lcom/corrodinggames/rts/game/units/a/t;,f,method_Obf_h_19_getDisplayType,getDisplayType,v0.42-runtime-action-command-family,runtime-action-command,override-family-propagated,overrides mapped action method com/corrodinggames/rts/game/units/a/s.f()Lcom/corrodinggames/rts/game/units/a/t; -> getDisplayType,Hierarchy-safe propagation to avoid UnitAction/QueueableUnitAction partial named override coverage.
method,com/corrodinggames/rts/game/units/h$19,()Z,g,method_Obf_h_19_isBuildAction,isBuildAction,v0.42-runtime-action-command-family,runtime-action-command,override-family-propagated,overrides mapped action method com/corrodinggames/rts/game/units/a/s.g()Z -> isBuildAction,Hierarchy-safe propagation to avoid UnitAction/QueueableUnitAction partial named override coverage.
method,com/corrodinggames/rts/game/units/h$19,(Lcom/corrodinggames/rts/game/units/am;Z)Z,a,method_Obf_h_19_isActiveAndQueueAllowed,isActiveAndQueueAllowed,v0.42-runtime-action-command-family,runtime-action-command,override-family-propagated,overrides mapped action method com/corrodinggames/rts/game/units/a/s.a(Lcom/corrodinggames/rts/game/units/am;Z)Z -> isActiveAndQueueAllowed,Hierarchy-safe propagation to avoid UnitAction/QueueableUnitAction partial named override coverage.
method,com/corrodinggames/rts/game/units/h$19,()Lcom/corrodinggames/rts/game/units/as;,i,method_Obf_h_19_getBuildUnitType,getBuildUnitType,v0.42-runtime-action-command-family,runtime-action-command,override-family-propagated,overrides mapped action method com/corrodinggames/rts/game/units/a/s.i()Lcom/corrodinggames/rts/game/units/as; -> getBuildUnitType,Hierarchy-safe propagation to avoid UnitAction/QueueableUnitAction partial named override coverage.
method,com/corrodinggames/rts/game/units/h$2,()Ljava/lang/String;,a,method_Obf_h_2_getDescription,getDescription,v0.42-runtime-action-command-family,runtime-action-command,override-family-propagated,overrides mapped action method com/corrodinggames/rts/game/units/a/s.a()Ljava/lang/String; -> getDescription,Hierarchy-safe propagation to avoid UnitAction/QueueableUnitAction partial named override coverage.
method,com/corrodinggames/rts/game/units/h$2,()Ljava/lang/String;,b,method_Obf_h_2_getText,getText,v0.42-runtime-action-command-family,runtime-action-command,override-family-propagated,overrides mapped action method com/corrodinggames/rts/game/units/a/s.b()Ljava/lang/String; -> getText,Hierarchy-safe propagation to avoid UnitAction/QueueableUnitAction partial named override coverage.
method,com/corrodinggames/rts/game/units/h$2,()Ljava/lang/String;,d,method_Obf_h_2_getDisplayTextWithCount,getDisplayTextWithCount,v0.42-runtime-action-command-family,runtime-action-command,override-family-propagated,overrides mapped action method com/corrodinggames/rts/game/units/a/s.d()Ljava/lang/String; -> getDisplayTextWithCount,Hierarchy-safe propagation to avoid UnitAction/QueueableUnitAction partial named override coverage.
method,com/corrodinggames/rts/game/units/h$2,(Lcom/corrodinggames/rts/game/units/am;Z)Z,a,method_Obf_h_2_isActiveAndQueueAllowed,isActiveAndQueueAllowed,v0.42-runtime-action-command-family,runtime-action-command,override-family-propagated,overrides mapped action method com/corrodinggames/rts/game/units/a/s.a(Lcom/corrodinggames/rts/game/units/am;Z)Z -> isActiveAndQueueAllowed,Hierarchy-safe propagation to avoid UnitAction/QueueableUnitAction partial named override coverage.
method,com/corrodinggames/rts/game/units/h$2,(Lcom/corrodinggames/rts/game/units/am;)Z,a,method_Obf_h_2_isGuiBlinking,isGuiBlinking,v0.42-runtime-action-command-family,runtime-action-command,override-family-propagated,overrides mapped action method com/corrodinggames/rts/game/units/a/s.a(Lcom/corrodinggames/rts/game/units/am;)Z -> isGuiBlinking,Hierarchy-safe propagation to avoid UnitAction/QueueableUnitAction partial named override coverage.
method,com/corrodinggames/rts/game/units/h$20,()Ljava/lang/String;,a,method_Obf_h_20_getDescription,getDescription,v0.42-runtime-action-command-family,runtime-action-command,override-family-propagated,overrides mapped action method com/corrodinggames/rts/game/units/a/s.a()Ljava/lang/String; -> getDescription,Hierarchy-safe propagation to avoid UnitAction/QueueableUnitAction partial named override coverage.
method,com/corrodinggames/rts/game/units/h$20,()Ljava/lang/String;,b,method_Obf_h_20_getText,getText,v0.42-runtime-action-command-family,runtime-action-command,override-family-propagated,overrides mapped action method com/corrodinggames/rts/game/units/a/s.b()Ljava/lang/String; -> getText,Hierarchy-safe propagation to avoid UnitAction/QueueableUnitAction partial named override coverage.
method,com/corrodinggames/rts/game/units/h$20,()Z,h_,method_Obf_h_20_shouldShowText,shouldShowText,v0.42-runtime-action-command-family,runtime-action-command,override-family-propagated,overrides mapped action method com/corrodinggames/rts/game/units/a/s.h_()Z -> shouldShowText,Hierarchy-safe propagation to avoid UnitAction/QueueableUnitAction partial named override coverage.
method,com/corrodinggames/rts/game/units/h$20,()I,c,method_Obf_h_20_getCreditCost,getCreditCost,v0.42-runtime-action-command-family,runtime-action-command,override-family-propagated,overrides mapped action method com/corrodinggames/rts/game/units/a/s.c()I -> getCreditCost,Hierarchy-safe propagation to avoid UnitAction/QueueableUnitAction partial named override coverage.
method,com/corrodinggames/rts/game/units/h$20,(Lcom/corrodinggames/rts/game/units/am;Z)I,b,method_Obf_h_20_getDisplayQueueCount,getDisplayQueueCount,v0.42-runtime-action-command-family,runtime-action-command,override-family-propagated,overrides mapped action method com/corrodinggames/rts/game/units/a/s.b(Lcom/corrodinggames/rts/game/units/am;Z)I -> getDisplayQueueCount,Hierarchy-safe propagation to avoid UnitAction/QueueableUnitAction partial named override coverage.
method,com/corrodinggames/rts/game/units/h$20,()Lcom/corrodinggames/rts/game/units/a/u;,e,method_Obf_h_20_getActionCommandType,getActionCommandType,v0.42-runtime-action-command-family,runtime-action-command,override-family-propagated,overrides mapped action method com/corrodinggames/rts/game/units/a/s.e()Lcom/corrodinggames/rts/game/units/a/u; -> getActionCommandType,Hierarchy-safe propagation to avoid UnitAction/QueueableUnitAction partial named override coverage.
method,com/corrodinggames/rts/game/units/h$20,()Lcom/corrodinggames/rts/game/units/a/t;,f,method_Obf_h_20_getDisplayType,getDisplayType,v0.42-runtime-action-command-family,runtime-action-command,override-family-propagated,overrides mapped action method com/corrodinggames/rts/game/units/a/s.f()Lcom/corrodinggames/rts/game/units/a/t; -> getDisplayType,Hierarchy-safe propagation to avoid UnitAction/QueueableUnitAction partial named override coverage.
method,com/corrodinggames/rts/game/units/h$20,()Z,g,method_Obf_h_20_isBuildAction,isBuildAction,v0.42-runtime-action-command-family,runtime-action-command,override-family-propagated,overrides mapped action method com/corrodinggames/rts/game/units/a/s.g()Z -> isBuildAction,Hierarchy-safe propagation to avoid UnitAction/QueueableUnitAction partial named override coverage.
method,com/corrodinggames/rts/game/units/h$20,(Lcom/corrodinggames/rts/game/units/am;Z)Z,a,method_Obf_h_20_isActiveAndQueueAllowed,isActiveAndQueueAllowed,v0.42-runtime-action-command-family,runtime-action-command,override-family-propagated,overrides mapped action method com/corrodinggames/rts/game/units/a/s.a(Lcom/corrodinggames/rts/game/units/am;Z)Z -> isActiveAndQueueAllowed,Hierarchy-safe propagation to avoid UnitAction/QueueableUnitAction partial named override coverage.
method,com/corrodinggames/rts/game/units/h$20,()Lcom/corrodinggames/rts/game/units/as;,i,method_Obf_h_20_getBuildUnitType,getBuildUnitType,v0.42-runtime-action-command-family,runtime-action-command,override-family-propagated,overrides mapped action method com/corrodinggames/rts/game/units/a/s.i()Lcom/corrodinggames/rts/game/units/as; -> getBuildUnitType,Hierarchy-safe propagation to avoid UnitAction/QueueableUnitAction partial named override coverage.
method,com/corrodinggames/rts/game/units/h$21,()Ljava/lang/String;,a,method_Obf_h_21_getDescription,getDescription,v0.42-runtime-action-command-family,runtime-action-command,override-family-propagated,overrides mapped action method com/corrodinggames/rts/game/units/a/s.a()Ljava/lang/String; -> getDescription,Hierarchy-safe propagation to avoid UnitAction/QueueableUnitAction partial named override coverage.
method,com/corrodinggames/rts/game/units/h$21,()Ljava/lang/String;,b,method_Obf_h_21_getText,getText,v0.42-runtime-action-command-family,runtime-action-command,override-family-propagated,overrides mapped action method com/corrodinggames/rts/game/units/a/s.b()Ljava/lang/String; -> getText,Hierarchy-safe propagation to avoid UnitAction/QueueableUnitAction partial named override coverage.
method,com/corrodinggames/rts/game/units/h$21,()Z,h_,method_Obf_h_21_shouldShowText,shouldShowText,v0.42-runtime-action-command-family,runtime-action-command,override-family-propagated,overrides mapped action method com/corrodinggames/rts/game/units/a/s.h_()Z -> shouldShowText,Hierarchy-safe propagation to avoid UnitAction/QueueableUnitAction partial named override coverage.
method,com/corrodinggames/rts/game/units/h$21,()I,c,method_Obf_h_21_getCreditCost,getCreditCost,v0.42-runtime-action-command-family,runtime-action-command,override-family-propagated,overrides mapped action method com/corrodinggames/rts/game/units/a/s.c()I -> getCreditCost,Hierarchy-safe propagation to avoid UnitAction/QueueableUnitAction partial named override coverage.
method,com/corrodinggames/rts/game/units/h$21,(Lcom/corrodinggames/rts/game/units/am;Z)I,b,method_Obf_h_21_getDisplayQueueCount,getDisplayQueueCount,v0.42-runtime-action-command-family,runtime-action-command,override-family-propagated,overrides mapped action method com/corrodinggames/rts/game/units/a/s.b(Lcom/corrodinggames/rts/game/units/am;Z)I -> getDisplayQueueCount,Hierarchy-safe propagation to avoid UnitAction/QueueableUnitAction partial named override coverage.
method,com/corrodinggames/rts/game/units/h$21,()Lcom/corrodinggames/rts/game/units/a/u;,e,method_Obf_h_21_getActionCommandType,getActionCommandType,v0.42-runtime-action-command-family,runtime-action-command,override-family-propagated,overrides mapped action method com/corrodinggames/rts/game/units/a/s.e()Lcom/corrodinggames/rts/game/units/a/u; -> getActionCommandType,Hierarchy-safe propagation to avoid UnitAction/QueueableUnitAction partial named override coverage.
method,com/corrodinggames/rts/game/units/h$21,()Lcom/corrodinggames/rts/game/units/a/t;,f,method_Obf_h_21_getDisplayType,getDisplayType,v0.42-runtime-action-command-family,runtime-action-command,override-family-propagated,overrides mapped action method com/corrodinggames/rts/game/units/a/s.f()Lcom/corrodinggames/rts/game/units/a/t; -> getDisplayType,Hierarchy-safe propagation to avoid UnitAction/QueueableUnitAction partial named override coverage.
method,com/corrodinggames/rts/game/units/h$21,()Z,g,method_Obf_h_21_isBuildAction,isBuildAction,v0.42-runtime-action-command-family,runtime-action-command,override-family-propagated,overrides mapped action method com/corrodinggames/rts/game/units/a/s.g()Z -> isBuildAction,Hierarchy-safe propagation to avoid UnitAction/QueueableUnitAction partial named override coverage.
method,com/corrodinggames/rts/game/units/h$21,(Lcom/corrodinggames/rts/game/units/am;Z)Z,a,method_Obf_h_21_isActiveAndQueueAllowed,isActiveAndQueueAllowed,v0.42-runtime-action-command-family,runtime-action-command,override-family-propagated,overrides mapped action method com/corrodinggames/rts/game/units/a/s.a(Lcom/corrodinggames/rts/game/units/am;Z)Z -> isActiveAndQueueAllowed,Hierarchy-safe propagation to avoid UnitAction/QueueableUnitAction partial named override coverage.
method,com/corrodinggames/rts/game/units/h$21,()Lcom/corrodinggames/rts/game/units/as;,i,method_Obf_h_21_getBuildUnitType,getBuildUnitType,v0.42-runtime-action-command-family,runtime-action-command,override-family-propagated,overrides mapped action method com/corrodinggames/rts/game/units/a/s.i()Lcom/corrodinggames/rts/game/units/as; -> getBuildUnitType,Hierarchy-safe propagation to avoid UnitAction/QueueableUnitAction partial named override coverage.
method,com/corrodinggames/rts/game/units/h$22,()Ljava/lang/String;,a,method_Obf_h_22_getDescription,getDescription,v0.42-runtime-action-command-family,runtime-action-command,override-family-propagated,overrides mapped action method com/corrodinggames/rts/game/units/a/s.a()Ljava/lang/String; -> getDescription,Hierarchy-safe propagation to avoid UnitAction/QueueableUnitAction partial named override coverage.
method,com/corrodinggames/rts/game/units/h$22,()Ljava/lang/String;,b,method_Obf_h_22_getText,getText,v0.42-runtime-action-command-family,runtime-action-command,override-family-propagated,overrides mapped action method com/corrodinggames/rts/game/units/a/s.b()Ljava/lang/String; -> getText,Hierarchy-safe propagation to avoid UnitAction/QueueableUnitAction partial named override coverage.
method,com/corrodinggames/rts/game/units/h$22,()Ljava/lang/String;,d,method_Obf_h_22_getDisplayTextWithCount,getDisplayTextWithCount,v0.42-runtime-action-command-family,runtime-action-command,override-family-propagated,overrides mapped action method com/corrodinggames/rts/game/units/a/s.d()Ljava/lang/String; -> getDisplayTextWithCount,Hierarchy-safe propagation to avoid UnitAction/QueueableUnitAction partial named override coverage.
method,com/corrodinggames/rts/game/units/h$22,(Lcom/corrodinggames/rts/game/units/am;Z)Z,a,method_Obf_h_22_isActiveAndQueueAllowed,isActiveAndQueueAllowed,v0.42-runtime-action-command-family,runtime-action-command,override-family-propagated,overrides mapped action method com/corrodinggames/rts/game/units/a/s.a(Lcom/corrodinggames/rts/game/units/am;Z)Z -> isActiveAndQueueAllowed,Hierarchy-safe propagation to avoid UnitAction/QueueableUnitAction partial named override coverage.
method,com/corrodinggames/rts/game/units/h$23,()Ljava/lang/String;,a,method_Obf_h_23_getDescription,getDescription,v0.42-runtime-action-command-family,runtime-action-command,override-family-propagated,overrides mapped action method com/corrodinggames/rts/game/units/a/s.a()Ljava/lang/String; -> getDescription,Hierarchy-safe propagation to avoid UnitAction/QueueableUnitAction partial named override coverage.
method,com/corrodinggames/rts/game/units/h$23,()Ljava/lang/String;,b,method_Obf_h_23_getText,getText,v0.42-runtime-action-command-family,runtime-action-command,override-family-propagated,overrides mapped action method com/corrodinggames/rts/game/units/a/s.b()Ljava/lang/String; -> getText,Hierarchy-safe propagation to avoid UnitAction/QueueableUnitAction partial named override coverage.
method,com/corrodinggames/rts/game/units/h$23,()Ljava/lang/String;,d,method_Obf_h_23_getDisplayTextWithCount,getDisplayTextWithCount,v0.42-runtime-action-command-family,runtime-action-command,override-family-propagated,overrides mapped action method com/corrodinggames/rts/game/units/a/s.d()Ljava/lang/String; -> getDisplayTextWithCount,Hierarchy-safe propagation to avoid UnitAction/QueueableUnitAction partial named override coverage.
method,com/corrodinggames/rts/game/units/h$23,(Lcom/corrodinggames/rts/game/units/am;Z)Z,a,method_Obf_h_23_isActiveAndQueueAllowed,isActiveAndQueueAllowed,v0.42-runtime-action-command-family,runtime-action-command,override-family-propagated,overrides mapped action method com/corrodinggames/rts/game/units/a/s.a(Lcom/corrodinggames/rts/game/units/am;Z)Z -> isActiveAndQueueAllowed,Hierarchy-safe propagation to avoid UnitAction/QueueableUnitAction partial named override coverage.
method,com/corrodinggames/rts/game/units/h$3,()Ljava/lang/String;,a,method_Obf_h_3_getDescription,getDescription,v0.42-runtime-action-command-family,runtime-action-command,override-family-propagated,overrides mapped action method com/corrodinggames/rts/game/units/a/s.a()Ljava/lang/String; -> getDescription,Hierarchy-safe propagation to avoid UnitAction/QueueableUnitAction partial named override coverage.
method,com/corrodinggames/rts/game/units/h$3,()Ljava/lang/String;,b,method_Obf_h_3_getText,getText,v0.42-runtime-action-command-family,runtime-action-command,override-family-propagated,overrides mapped action method com/corrodinggames/rts/game/units/a/s.b()Ljava/lang/String; -> getText,Hierarchy-safe propagation to avoid UnitAction/QueueableUnitAction partial named override coverage.
method,com/corrodinggames/rts/game/units/h$3,()Ljava/lang/String;,d,method_Obf_h_3_getDisplayTextWithCount,getDisplayTextWithCount,v0.42-runtime-action-command-family,runtime-action-command,override-family-propagated,overrides mapped action method com/corrodinggames/rts/game/units/a/s.d()Ljava/lang/String; -> getDisplayTextWithCount,Hierarchy-safe propagation to avoid UnitAction/QueueableUnitAction partial named override coverage.
method,com/corrodinggames/rts/game/units/h$3,(Lcom/corrodinggames/rts/game/units/am;Z)Z,a,method_Obf_h_3_isActiveAndQueueAllowed,isActiveAndQueueAllowed,v0.42-runtime-action-command-family,runtime-action-command,override-family-propagated,overrides mapped action method com/corrodinggames/rts/game/units/a/s.a(Lcom/corrodinggames/rts/game/units/am;Z)Z -> isActiveAndQueueAllowed,Hierarchy-safe propagation to avoid UnitAction/QueueableUnitAction partial named override coverage.
method,com/corrodinggames/rts/game/units/h$3,(Lcom/corrodinggames/rts/game/units/am;)Z,b,method_Obf_h_3_isVisible,isVisible,v0.42-runtime-action-command-family,runtime-action-command,override-family-propagated,overrides mapped action method com/corrodinggames/rts/game/units/a/s.b(Lcom/corrodinggames/rts/game/units/am;)Z -> isVisible,Hierarchy-safe propagation to avoid UnitAction/QueueableUnitAction partial named override coverage.
method,com/corrodinggames/rts/game/units/h$3,(Lcom/corrodinggames/rts/game/units/am;)Z,a,method_Obf_h_3_isGuiBlinking,isGuiBlinking,v0.42-runtime-action-command-family,runtime-action-command,override-family-propagated,overrides mapped action method com/corrodinggames/rts/game/units/a/s.a(Lcom/corrodinggames/rts/game/units/am;)Z -> isGuiBlinking,Hierarchy-safe propagation to avoid UnitAction/QueueableUnitAction partial named override coverage.
method,com/corrodinggames/rts/game/units/h$4,()Ljava/lang/String;,a,method_Obf_h_4_getDescription,getDescription,v0.42-runtime-action-command-family,runtime-action-command,override-family-propagated,overrides mapped action method com/corrodinggames/rts/game/units/a/s.a()Ljava/lang/String; -> getDescription,Hierarchy-safe propagation to avoid UnitAction/QueueableUnitAction partial named override coverage.
method,com/corrodinggames/rts/game/units/h$4,()Ljava/lang/String;,b,method_Obf_h_4_getText,getText,v0.42-runtime-action-command-family,runtime-action-command,override-family-propagated,overrides mapped action method com/corrodinggames/rts/game/units/a/s.b()Ljava/lang/String; -> getText,Hierarchy-safe propagation to avoid UnitAction/QueueableUnitAction partial named override coverage.
method,com/corrodinggames/rts/game/units/h$5,()Ljava/lang/String;,a,method_Obf_h_5_getDescription,getDescription,v0.42-runtime-action-command-family,runtime-action-command,override-family-propagated,overrides mapped action method com/corrodinggames/rts/game/units/a/s.a()Ljava/lang/String; -> getDescription,Hierarchy-safe propagation to avoid UnitAction/QueueableUnitAction partial named override coverage.
method,com/corrodinggames/rts/game/units/h$5,()Ljava/lang/String;,b,method_Obf_h_5_getText,getText,v0.42-runtime-action-command-family,runtime-action-command,override-family-propagated,overrides mapped action method com/corrodinggames/rts/game/units/a/s.b()Ljava/lang/String; -> getText,Hierarchy-safe propagation to avoid UnitAction/QueueableUnitAction partial named override coverage.
method,com/corrodinggames/rts/game/units/h$5,()Ljava/lang/String;,d,method_Obf_h_5_getDisplayTextWithCount,getDisplayTextWithCount,v0.42-runtime-action-command-family,runtime-action-command,override-family-propagated,overrides mapped action method com/corrodinggames/rts/game/units/a/s.d()Ljava/lang/String; -> getDisplayTextWithCount,Hierarchy-safe propagation to avoid UnitAction/QueueableUnitAction partial named override coverage.
method,com/corrodinggames/rts/game/units/h$5,(Lcom/corrodinggames/rts/game/units/am;Z)Z,a,method_Obf_h_5_isActiveAndQueueAllowed,isActiveAndQueueAllowed,v0.42-runtime-action-command-family,runtime-action-command,override-family-propagated,overrides mapped action method com/corrodinggames/rts/game/units/a/s.a(Lcom/corrodinggames/rts/game/units/am;Z)Z -> isActiveAndQueueAllowed,Hierarchy-safe propagation to avoid UnitAction/QueueableUnitAction partial named override coverage.
method,com/corrodinggames/rts/game/units/h$6,()Ljava/lang/String;,a,method_Obf_h_6_getDescription,getDescription,v0.42-runtime-action-command-family,runtime-action-command,override-family-propagated,overrides mapped action method com/corrodinggames/rts/game/units/a/s.a()Ljava/lang/String; -> getDescription,Hierarchy-safe propagation to avoid UnitAction/QueueableUnitAction partial named override coverage.
method,com/corrodinggames/rts/game/units/h$6,()Ljava/lang/String;,b,method_Obf_h_6_getText,getText,v0.42-runtime-action-command-family,runtime-action-command,override-family-propagated,overrides mapped action method com/corrodinggames/rts/game/units/a/s.b()Ljava/lang/String; -> getText,Hierarchy-safe propagation to avoid UnitAction/QueueableUnitAction partial named override coverage.
method,com/corrodinggames/rts/game/units/h$7,()Ljava/lang/String;,a,method_Obf_h_7_getDescription,getDescription,v0.42-runtime-action-command-family,runtime-action-command,override-family-propagated,overrides mapped action method com/corrodinggames/rts/game/units/a/s.a()Ljava/lang/String; -> getDescription,Hierarchy-safe propagation to avoid UnitAction/QueueableUnitAction partial named override coverage.
method,com/corrodinggames/rts/game/units/h$7,()Ljava/lang/String;,b,method_Obf_h_7_getText,getText,v0.42-runtime-action-command-family,runtime-action-command,override-family-propagated,overrides mapped action method com/corrodinggames/rts/game/units/a/s.b()Ljava/lang/String; -> getText,Hierarchy-safe propagation to avoid UnitAction/QueueableUnitAction partial named override coverage.
method,com/corrodinggames/rts/game/units/h$8,()Ljava/lang/String;,a,method_Obf_h_8_getDescription,getDescription,v0.42-runtime-action-command-family,runtime-action-command,override-family-propagated,overrides mapped action method com/corrodinggames/rts/game/units/a/s.a()Ljava/lang/String; -> getDescription,Hierarchy-safe propagation to avoid UnitAction/QueueableUnitAction partial named override coverage.
method,com/corrodinggames/rts/game/units/h$8,()Ljava/lang/String;,b,method_Obf_h_8_getText,getText,v0.42-runtime-action-command-family,runtime-action-command,override-family-propagated,overrides mapped action method com/corrodinggames/rts/game/units/a/s.b()Ljava/lang/String; -> getText,Hierarchy-safe propagation to avoid UnitAction/QueueableUnitAction partial named override coverage.
method,com/corrodinggames/rts/game/units/h$9,()Lcom/corrodinggames/rts/gameFramework/m/e;,j,method_Obf_h_9_getIconImage,getIconImage,v0.42-runtime-action-command-family,runtime-action-command,override-family-propagated,overrides mapped action method com/corrodinggames/rts/game/units/a/s.j()Lcom/corrodinggames/rts/gameFramework/m/e; -> getIconImage,Hierarchy-safe propagation to avoid UnitAction/QueueableUnitAction partial named override coverage.
method,com/corrodinggames/rts/game/units/h$9,()Ljava/lang/String;,a,method_Obf_h_9_getDescription,getDescription,v0.42-runtime-action-command-family,runtime-action-command,override-family-propagated,overrides mapped action method com/corrodinggames/rts/game/units/a/s.a()Ljava/lang/String; -> getDescription,Hierarchy-safe propagation to avoid UnitAction/QueueableUnitAction partial named override coverage.
method,com/corrodinggames/rts/game/units/h$9,()Ljava/lang/String;,b,method_Obf_h_9_getText,getText,v0.42-runtime-action-command-family,runtime-action-command,override-family-propagated,overrides mapped action method com/corrodinggames/rts/game/units/a/s.b()Ljava/lang/String; -> getText,Hierarchy-safe propagation to avoid UnitAction/QueueableUnitAction partial named override coverage.
method,com/corrodinggames/rts/game/units/h/e$1,()Ljava/lang/String;,a,method_Obf_h_e_1_getDescription,getDescription,v0.42-runtime-action-command-family,runtime-action-command,override-family-propagated,overrides mapped action method com/corrodinggames/rts/game/units/a/s.a()Ljava/lang/String; -> getDescription,Hierarchy-safe propagation to avoid UnitAction/QueueableUnitAction partial named override coverage.
method,com/corrodinggames/rts/game/units/h/e$1,()Ljava/lang/String;,b,method_Obf_h_e_1_getText,getText,v0.42-runtime-action-command-family,runtime-action-command,override-family-propagated,overrides mapped action method com/corrodinggames/rts/game/units/a/s.b()Ljava/lang/String; -> getText,Hierarchy-safe propagation to avoid UnitAction/QueueableUnitAction partial named override coverage.
method,com/corrodinggames/rts/game/units/h/e$1,(Lcom/corrodinggames/rts/game/units/am;Z)Z,a,method_Obf_h_e_1_isActiveAndQueueAllowed,isActiveAndQueueAllowed,v0.42-runtime-action-command-family,runtime-action-command,override-family-propagated,overrides mapped action method com/corrodinggames/rts/game/units/a/s.a(Lcom/corrodinggames/rts/game/units/am;Z)Z -> isActiveAndQueueAllowed,Hierarchy-safe propagation to avoid UnitAction/QueueableUnitAction partial named override coverage.
method,com/corrodinggames/rts/game/units/h/e$2,()Ljava/lang/String;,a,method_Obf_h_e_2_getDescription,getDescription,v0.42-runtime-action-command-family,runtime-action-command,override-family-propagated,overrides mapped action method com/corrodinggames/rts/game/units/a/s.a()Ljava/lang/String; -> getDescription,Hierarchy-safe propagation to avoid UnitAction/QueueableUnitAction partial named override coverage.
method,com/corrodinggames/rts/game/units/h/e$2,()Ljava/lang/String;,b,method_Obf_h_e_2_getText,getText,v0.42-runtime-action-command-family,runtime-action-command,override-family-propagated,overrides mapped action method com/corrodinggames/rts/game/units/a/s.b()Ljava/lang/String; -> getText,Hierarchy-safe propagation to avoid UnitAction/QueueableUnitAction partial named override coverage.
method,com/corrodinggames/rts/game/units/h/e$2,(Lcom/corrodinggames/rts/game/units/am;Z)Z,a,method_Obf_h_e_2_isActiveAndQueueAllowed,isActiveAndQueueAllowed,v0.42-runtime-action-command-family,runtime-action-command,override-family-propagated,overrides mapped action method com/corrodinggames/rts/game/units/a/s.a(Lcom/corrodinggames/rts/game/units/am;Z)Z -> isActiveAndQueueAllowed,Hierarchy-safe propagation to avoid UnitAction/QueueableUnitAction partial named override coverage.
method,com/corrodinggames/rts/game/units/i,()Ljava/lang/String;,b,method_Obf_i_getText,getText,v0.42-runtime-action-command-family,runtime-action-command,override-family-propagated,overrides mapped action method com/corrodinggames/rts/game/units/a/s.b()Ljava/lang/String; -> getText,Hierarchy-safe propagation to avoid UnitAction/QueueableUnitAction partial named override coverage.
method,com/corrodinggames/rts/game/units/i,()Ljava/lang/String;,a,method_Obf_i_getDescription,getDescription,v0.42-runtime-action-command-family,runtime-action-command,override-family-propagated,overrides mapped action method com/corrodinggames/rts/game/units/a/s.a()Ljava/lang/String; -> getDescription,Hierarchy-safe propagation to avoid UnitAction/QueueableUnitAction partial named override coverage.
method,com/corrodinggames/rts/game/units/j,(Lcom/corrodinggames/rts/game/units/am;)Z,b,method_Obf_j_isVisible,isVisible,v0.42-runtime-action-command-family,runtime-action-command,override-family-propagated,overrides mapped action method com/corrodinggames/rts/game/units/a/s.b(Lcom/corrodinggames/rts/game/units/am;)Z -> isVisible,Hierarchy-safe propagation to avoid UnitAction/QueueableUnitAction partial named override coverage.
method,com/corrodinggames/rts/game/units/j,()Ljava/lang/String;,b,method_Obf_j_getText,getText,v0.42-runtime-action-command-family,runtime-action-command,override-family-propagated,overrides mapped action method com/corrodinggames/rts/game/units/a/s.b()Ljava/lang/String; -> getText,Hierarchy-safe propagation to avoid UnitAction/QueueableUnitAction partial named override coverage.
method,com/corrodinggames/rts/game/units/j,()Ljava/lang/String;,d,method_Obf_j_getDisplayTextWithCount,getDisplayTextWithCount,v0.42-runtime-action-command-family,runtime-action-command,override-family-propagated,overrides mapped action method com/corrodinggames/rts/game/units/a/s.d()Ljava/lang/String; -> getDisplayTextWithCount,Hierarchy-safe propagation to avoid UnitAction/QueueableUnitAction partial named override coverage.
method,com/corrodinggames/rts/game/units/j,()Ljava/lang/String;,a,method_Obf_j_getDescription,getDescription,v0.42-runtime-action-command-family,runtime-action-command,override-family-propagated,overrides mapped action method com/corrodinggames/rts/game/units/a/s.a()Ljava/lang/String; -> getDescription,Hierarchy-safe propagation to avoid UnitAction/QueueableUnitAction partial named override coverage.
method,com/corrodinggames/rts/game/units/j,()Lcom/corrodinggames/rts/game/units/a/t;,f,method_Obf_j_getDisplayType,getDisplayType,v0.42-runtime-action-command-family,runtime-action-command,override-family-propagated,overrides mapped action method com/corrodinggames/rts/game/units/a/s.f()Lcom/corrodinggames/rts/game/units/a/t; -> getDisplayType,Hierarchy-safe propagation to avoid UnitAction/QueueableUnitAction partial named override coverage.
method,com/corrodinggames/rts/game/units/j,()Lcom/corrodinggames/rts/game/units/a/u;,e,method_Obf_j_getActionCommandType,getActionCommandType,v0.42-runtime-action-command-family,runtime-action-command,override-family-propagated,overrides mapped action method com/corrodinggames/rts/game/units/a/s.e()Lcom/corrodinggames/rts/game/units/a/u; -> getActionCommandType,Hierarchy-safe propagation to avoid UnitAction/QueueableUnitAction partial named override coverage.
method,com/corrodinggames/rts/game/units/k,()Ljava/lang/String;,b,method_Obf_k_getText,getText,v0.42-runtime-action-command-family,runtime-action-command,override-family-propagated,overrides mapped action method com/corrodinggames/rts/game/units/a/s.b()Ljava/lang/String; -> getText,Hierarchy-safe propagation to avoid UnitAction/QueueableUnitAction partial named override coverage.
method,com/corrodinggames/rts/game/units/k,()Ljava/lang/String;,d,method_Obf_k_getDisplayTextWithCount,getDisplayTextWithCount,v0.42-runtime-action-command-family,runtime-action-command,override-family-propagated,overrides mapped action method com/corrodinggames/rts/game/units/a/s.d()Ljava/lang/String; -> getDisplayTextWithCount,Hierarchy-safe propagation to avoid UnitAction/QueueableUnitAction partial named override coverage.
method,com/corrodinggames/rts/game/units/k,()Ljava/lang/String;,a,method_Obf_k_getDescription,getDescription,v0.42-runtime-action-command-family,runtime-action-command,override-family-propagated,overrides mapped action method com/corrodinggames/rts/game/units/a/s.a()Ljava/lang/String; -> getDescription,Hierarchy-safe propagation to avoid UnitAction/QueueableUnitAction partial named override coverage.
method,com/corrodinggames/rts/game/units/k,()Lcom/corrodinggames/rts/game/units/a/t;,f,method_Obf_k_getDisplayType,getDisplayType,v0.42-runtime-action-command-family,runtime-action-command,override-family-propagated,overrides mapped action method com/corrodinggames/rts/game/units/a/s.f()Lcom/corrodinggames/rts/game/units/a/t; -> getDisplayType,Hierarchy-safe propagation to avoid UnitAction/QueueableUnitAction partial named override coverage.
method,com/corrodinggames/rts/game/units/k,()Lcom/corrodinggames/rts/game/units/a/u;,e,method_Obf_k_getActionCommandType,getActionCommandType,v0.42-runtime-action-command-family,runtime-action-command,override-family-propagated,overrides mapped action method com/corrodinggames/rts/game/units/a/s.e()Lcom/corrodinggames/rts/game/units/a/u; -> getActionCommandType,Hierarchy-safe propagation to avoid UnitAction/QueueableUnitAction partial named override coverage.
method,com/corrodinggames/rts/game/units/l,(Lcom/corrodinggames/rts/game/units/am;)Z,b,method_Obf_l_isVisible,isVisible,v0.42-runtime-action-command-family,runtime-action-command,override-family-propagated,overrides mapped action method com/corrodinggames/rts/game/units/a/s.b(Lcom/corrodinggames/rts/game/units/am;)Z -> isVisible,Hierarchy-safe propagation to avoid UnitAction/QueueableUnitAction partial named override coverage.
method,com/corrodinggames/rts/game/units/l,()Ljava/lang/String;,b,method_Obf_l_getText,getText,v0.42-runtime-action-command-family,runtime-action-command,override-family-propagated,overrides mapped action method com/corrodinggames/rts/game/units/a/s.b()Ljava/lang/String; -> getText,Hierarchy-safe propagation to avoid UnitAction/QueueableUnitAction partial named override coverage.
method,com/corrodinggames/rts/game/units/l,()Ljava/lang/String;,d,method_Obf_l_getDisplayTextWithCount,getDisplayTextWithCount,v0.42-runtime-action-command-family,runtime-action-command,override-family-propagated,overrides mapped action method com/corrodinggames/rts/game/units/a/s.d()Ljava/lang/String; -> getDisplayTextWithCount,Hierarchy-safe propagation to avoid UnitAction/QueueableUnitAction partial named override coverage.
method,com/corrodinggames/rts/game/units/l,()Ljava/lang/String;,a,method_Obf_l_getDescription,getDescription,v0.42-runtime-action-command-family,runtime-action-command,override-family-propagated,overrides mapped action method com/corrodinggames/rts/game/units/a/s.a()Ljava/lang/String; -> getDescription,Hierarchy-safe propagation to avoid UnitAction/QueueableUnitAction partial named override coverage.
method,com/corrodinggames/rts/game/units/l,()Lcom/corrodinggames/rts/game/units/a/t;,f,method_Obf_l_getDisplayType,getDisplayType,v0.42-runtime-action-command-family,runtime-action-command,override-family-propagated,overrides mapped action method com/corrodinggames/rts/game/units/a/s.f()Lcom/corrodinggames/rts/game/units/a/t; -> getDisplayType,Hierarchy-safe propagation to avoid UnitAction/QueueableUnitAction partial named override coverage.
method,com/corrodinggames/rts/game/units/l,()Lcom/corrodinggames/rts/game/units/a/u;,e,method_Obf_l_getActionCommandType,getActionCommandType,v0.42-runtime-action-command-family,runtime-action-command,override-family-propagated,overrides mapped action method com/corrodinggames/rts/game/units/a/s.e()Lcom/corrodinggames/rts/game/units/a/u; -> getActionCommandType,Hierarchy-safe propagation to avoid UnitAction/QueueableUnitAction partial named override coverage.
method,com/corrodinggames/rts/game/units/m,()Ljava/lang/String;,b,method_Obf_m_getText,getText,v0.42-runtime-action-command-family,runtime-action-command,override-family-propagated,overrides mapped action method com/corrodinggames/rts/game/units/a/s.b()Ljava/lang/String; -> getText,Hierarchy-safe propagation to avoid UnitAction/QueueableUnitAction partial named override coverage.
method,com/corrodinggames/rts/game/units/m,()Ljava/lang/String;,d,method_Obf_m_getDisplayTextWithCount,getDisplayTextWithCount,v0.42-runtime-action-command-family,runtime-action-command,override-family-propagated,overrides mapped action method com/corrodinggames/rts/game/units/a/s.d()Ljava/lang/String; -> getDisplayTextWithCount,Hierarchy-safe propagation to avoid UnitAction/QueueableUnitAction partial named override coverage.
method,com/corrodinggames/rts/game/units/m,()Ljava/lang/String;,a,method_Obf_m_getDescription,getDescription,v0.42-runtime-action-command-family,runtime-action-command,override-family-propagated,overrides mapped action method com/corrodinggames/rts/game/units/a/s.a()Ljava/lang/String; -> getDescription,Hierarchy-safe propagation to avoid UnitAction/QueueableUnitAction partial named override coverage.
method,com/corrodinggames/rts/game/units/m,()Lcom/corrodinggames/rts/game/units/a/t;,f,method_Obf_m_getDisplayType,getDisplayType,v0.42-runtime-action-command-family,runtime-action-command,override-family-propagated,overrides mapped action method com/corrodinggames/rts/game/units/a/s.f()Lcom/corrodinggames/rts/game/units/a/t; -> getDisplayType,Hierarchy-safe propagation to avoid UnitAction/QueueableUnitAction partial named override coverage.
method,com/corrodinggames/rts/game/units/m,()Lcom/corrodinggames/rts/game/units/a/u;,e,method_Obf_m_getActionCommandType,getActionCommandType,v0.42-runtime-action-command-family,runtime-action-command,override-family-propagated,overrides mapped action method com/corrodinggames/rts/game/units/a/s.e()Lcom/corrodinggames/rts/game/units/a/u; -> getActionCommandType,Hierarchy-safe propagation to avoid UnitAction/QueueableUnitAction partial named override coverage.
method,com/corrodinggames/rts/game/units/q,(Lcom/corrodinggames/rts/game/units/am;)Z,b,method_Obf_q_isVisible,isVisible,v0.42-runtime-action-command-family,runtime-action-command,override-family-propagated,overrides mapped action method com/corrodinggames/rts/game/units/a/s.b(Lcom/corrodinggames/rts/game/units/am;)Z -> isVisible,Hierarchy-safe propagation to avoid UnitAction/QueueableUnitAction partial named override coverage.
method,com/corrodinggames/rts/game/units/q,()Ljava/lang/String;,a,method_Obf_q_getDescription,getDescription,v0.42-runtime-action-command-family,runtime-action-command,override-family-propagated,overrides mapped action method com/corrodinggames/rts/game/units/a/s.a()Ljava/lang/String; -> getDescription,Hierarchy-safe propagation to avoid UnitAction/QueueableUnitAction partial named override coverage.
method,com/corrodinggames/rts/game/units/q,()Ljava/lang/String;,b,method_Obf_q_getText,getText,v0.42-runtime-action-command-family,runtime-action-command,override-family-propagated,overrides mapped action method com/corrodinggames/rts/game/units/a/s.b()Ljava/lang/String; -> getText,Hierarchy-safe propagation to avoid UnitAction/QueueableUnitAction partial named override coverage.
method,com/corrodinggames/rts/game/units/q,()Z,h_,method_Obf_q_shouldShowText,shouldShowText,v0.42-runtime-action-command-family,runtime-action-command,override-family-propagated,overrides mapped action method com/corrodinggames/rts/game/units/a/s.h_()Z -> shouldShowText,Hierarchy-safe propagation to avoid UnitAction/QueueableUnitAction partial named override coverage.
method,com/corrodinggames/rts/game/units/q,()I,c,method_Obf_q_getCreditCost,getCreditCost,v0.42-runtime-action-command-family,runtime-action-command,override-family-propagated,overrides mapped action method com/corrodinggames/rts/game/units/a/s.c()I -> getCreditCost,Hierarchy-safe propagation to avoid UnitAction/QueueableUnitAction partial named override coverage.
method,com/corrodinggames/rts/game/units/q,(Lcom/corrodinggames/rts/game/units/am;Z)I,b,method_Obf_q_getDisplayQueueCount,getDisplayQueueCount,v0.42-runtime-action-command-family,runtime-action-command,override-family-propagated,overrides mapped action method com/corrodinggames/rts/game/units/a/s.b(Lcom/corrodinggames/rts/game/units/am;Z)I -> getDisplayQueueCount,Hierarchy-safe propagation to avoid UnitAction/QueueableUnitAction partial named override coverage.
method,com/corrodinggames/rts/game/units/q,()Lcom/corrodinggames/rts/game/units/a/u;,e,method_Obf_q_getActionCommandType,getActionCommandType,v0.42-runtime-action-command-family,runtime-action-command,override-family-propagated,overrides mapped action method com/corrodinggames/rts/game/units/a/s.e()Lcom/corrodinggames/rts/game/units/a/u; -> getActionCommandType,Hierarchy-safe propagation to avoid UnitAction/QueueableUnitAction partial named override coverage.
method,com/corrodinggames/rts/game/units/q,()Lcom/corrodinggames/rts/game/units/a/t;,f,method_Obf_q_getDisplayType,getDisplayType,v0.42-runtime-action-command-family,runtime-action-command,override-family-propagated,overrides mapped action method com/corrodinggames/rts/game/units/a/s.f()Lcom/corrodinggames/rts/game/units/a/t; -> getDisplayType,Hierarchy-safe propagation to avoid UnitAction/QueueableUnitAction partial named override coverage.
method,com/corrodinggames/rts/game/units/q,()Z,g,method_Obf_q_isBuildAction,isBuildAction,v0.42-runtime-action-command-family,runtime-action-command,override-family-propagated,overrides mapped action method com/corrodinggames/rts/game/units/a/s.g()Z -> isBuildAction,Hierarchy-safe propagation to avoid UnitAction/QueueableUnitAction partial named override coverage.
method,com/corrodinggames/rts/game/units/q,(Lcom/corrodinggames/rts/game/units/am;Z)Z,a,method_Obf_q_isActiveAndQueueAllowed,isActiveAndQueueAllowed,v0.42-runtime-action-command-family,runtime-action-command,override-family-propagated,overrides mapped action method com/corrodinggames/rts/game/units/a/s.a(Lcom/corrodinggames/rts/game/units/am;Z)Z -> isActiveAndQueueAllowed,Hierarchy-safe propagation to avoid UnitAction/QueueableUnitAction partial named override coverage.
method,com/corrodinggames/rts/game/units/q,()Lcom/corrodinggames/rts/game/units/as;,i,method_Obf_q_getBuildUnitType,getBuildUnitType,v0.42-runtime-action-command-family,runtime-action-command,override-family-propagated,overrides mapped action method com/corrodinggames/rts/game/units/a/s.i()Lcom/corrodinggames/rts/game/units/as; -> getBuildUnitType,Hierarchy-safe propagation to avoid UnitAction/QueueableUnitAction partial named override coverage.
