kind,owner_official,descriptor,official_name,intermediary_name,named_name,source,category,confidence,evidence,notes
class,com/corrodinggames/rts/java/f,,,rw/client/render/SlickFontKey,rustedwarfare/client/render/SlickFontKey,v0.72-slick-graphics-backend,slick-graphics-backend,high,toString literal FontKey:(size: plus cached Font/recentTexts fields identify a font cache key,
class,com/corrodinggames/rts/java/g,,,rw/client/render/SlickTransformState,rustedwarfare/client/render/SlickTransformState,v0.72-slick-graphics-backend,slick-graphics-backend,high,Fields store translate/rotation/scale/clip state used by SlickGraphicsBackend transform stack,
method,com/corrodinggames/rts/gameFramework/m/y,(Lcom/corrodinggames/rts/gameFramework/m/e;)Lcom/corrodinggames/rts/gameFramework/m/y;,a,method_y_createChildBackendForImage,createChildBackendForImage,v0.72-slick-graphics-backend,slick-graphics-backend,high,Creates a graphics backend bound to a target GameImage; Slick bridge delegates to class-specific child backend; GraphicsEngine abstract descriptor family plus Canvas/Null/Slick overrides; Slick bytecode routes through Slick Graphics/Image/Font/GL transform calls,v0.72 graphics family completion
method,com/corrodinggames/rts/gameFramework/m/y,(Lcom/corrodinggames/rts/gameFramework/m/e;)Lcom/corrodinggames/rts/gameFramework/m/y;,b,method_y_createBackendForImage,createBackendForImage,v0.72-slick-graphics-backend,slick-graphics-backend,high,Creates a graphics backend for a render target GameImage; Slick bridge delegates to class-specific backend factory; GraphicsEngine abstract descriptor family plus Canvas/Null/Slick overrides; Slick bytecode routes through Slick Graphics/Image/Font/GL transform calls,v0.72 graphics family completion
method,com/corrodinggames/rts/gameFramework/m/y,()I,m,method_y_getWidth,getWidth,v0.72-slick-graphics-backend,slick-graphics-backend,high,Returns target or screen width for the active graphics backend; GraphicsEngine abstract descriptor family plus Canvas/Null/Slick overrides; Slick bytecode routes through Slick Graphics/Image/Font/GL transform calls,v0.72 graphics family completion
method,com/corrodinggames/rts/gameFramework/m/y,()I,n,method_y_getHeight,getHeight,v0.72-slick-graphics-backend,slick-graphics-backend,high,Returns target or screen height for the active graphics backend; GraphicsEngine abstract descriptor family plus Canvas/Null/Slick overrides; Slick bytecode routes through Slick Graphics/Image/Font/GL transform calls,v0.72 graphics family completion
method,com/corrodinggames/rts/gameFramework/m/y,(II)V,a,method_y_setSize,setSize,v0.72-slick-graphics-backend,slick-graphics-backend,high,Stores backend target width and height; GraphicsEngine abstract descriptor family plus Canvas/Null/Slick overrides; Slick bytecode routes through Slick Graphics/Image/Font/GL transform calls,v0.72 graphics family completion
method,com/corrodinggames/rts/gameFramework/m/y,(Lcom/corrodinggames/rts/gameFramework/m/e;FFFLandroid/graphics/Paint;)V,a,method_y_drawImageRotated,drawImageRotated,v0.72-slick-graphics-backend,slick-graphics-backend,high,"Slick implementation saves transform, rotates, draws image centered, then restores; GraphicsEngine abstract descriptor family plus Canvas/Null/Slick overrides; Slick bytecode routes through Slick Graphics/Image/Font/GL transform calls",v0.72 graphics family completion
method,com/corrodinggames/rts/gameFramework/m/y,(Lcom/corrodinggames/rts/gameFramework/m/e;Landroid/graphics/Rect;FFFLandroid/graphics/Paint;)V,a,method_y_drawImageSectionRotated,drawImageSectionRotated,v0.72-slick-graphics-backend,slick-graphics-backend,high,Slick implementation rotates around destination and draws source Rect into scratch RectF; GraphicsEngine abstract descriptor family plus Canvas/Null/Slick overrides; Slick bytecode routes through Slick Graphics/Image/Font/GL transform calls,v0.72 graphics family completion
method,com/corrodinggames/rts/gameFramework/m/y,(Lcom/corrodinggames/rts/gameFramework/m/e;Landroid/graphics/Rect;Landroid/graphics/Rect;Landroid/graphics/Paint;)V,a,method_y_drawImage,drawImage,v0.72-slick-graphics-backend,slick-graphics-backend,high,Draws a source Rect to a destination Rect via RectF conversion; GraphicsEngine abstract descriptor family plus Canvas/Null/Slick overrides; Slick bytecode routes through Slick Graphics/Image/Font/GL transform calls,v0.72 graphics family completion
method,com/corrodinggames/rts/gameFramework/m/y,(Lcom/corrodinggames/rts/gameFramework/m/e;Landroid/graphics/Rect;Landroid/graphics/RectF;Landroid/graphics/Paint;)V,a,method_y_drawImage,drawImage,v0.72-slick-graphics-backend,slick-graphics-backend,high,Draws a source Rect to a destination RectF; GraphicsEngine abstract descriptor family plus Canvas/Null/Slick overrides; Slick bytecode routes through Slick Graphics/Image/Font/GL transform calls,v0.72 graphics family completion
method,com/corrodinggames/rts/gameFramework/m/y,(Lcom/corrodinggames/rts/gameFramework/m/e;Landroid/graphics/Rect;Landroid/graphics/Rect;Landroid/graphics/Paint;)V,b,method_y_drawImageDirect,drawImageDirect,v0.72-slick-graphics-backend,slick-graphics-backend,high,Alternate direct Rect-to-Rect draw path in Canvas/Slick implementations; GraphicsEngine abstract descriptor family plus Canvas/Null/Slick overrides; Slick bytecode routes through Slick Graphics/Image/Font/GL transform calls,v0.72 graphics family completion
method,com/corrodinggames/rts/gameFramework/m/y,(Lcom/corrodinggames/rts/gameFramework/m/e;FFLandroid/graphics/Paint;)V,a,method_y_drawImageCentered,drawImageCentered,v0.72-slick-graphics-backend,slick-graphics-backend,high,Slick implementation offsets x/y by GameImage center fields before raw draw; GraphicsEngine abstract descriptor family plus Canvas/Null/Slick overrides; Slick bytecode routes through Slick Graphics/Image/Font/GL transform calls,v0.72 graphics family completion
method,com/corrodinggames/rts/gameFramework/m/y,(Lcom/corrodinggames/rts/gameFramework/m/e;FFLandroid/graphics/Paint;FF)V,a,method_y_drawImageTransformed,drawImageTransformed,v0.72-slick-graphics-backend,slick-graphics-backend,high,Draws image at x/y with explicit scale/pivot style float arguments; GraphicsEngine abstract descriptor family plus Canvas/Null/Slick overrides; Slick bytecode routes through Slick Graphics/Image/Font/GL transform calls,v0.72 graphics family completion
method,com/corrodinggames/rts/gameFramework/m/y,(Lcom/corrodinggames/rts/gameFramework/m/e;FFLandroid/graphics/Paint;)V,b,method_y_drawImageRaw,drawImageRaw,v0.72-slick-graphics-backend,slick-graphics-backend,high,Raw x/y image draw without center offset; GraphicsEngine abstract descriptor family plus Canvas/Null/Slick overrides; Slick bytecode routes through Slick Graphics/Image/Font/GL transform calls,v0.72 graphics family completion
method,com/corrodinggames/rts/gameFramework/m/y,(Lcom/corrodinggames/rts/gameFramework/m/e;Landroid/graphics/Rect;Landroid/graphics/Paint;)V,a,method_y_drawTiledImage,drawTiledImage,v0.72-slick-graphics-backend,slick-graphics-backend,high,Draws/tessellates image into a Rect destination; GraphicsEngine abstract descriptor family plus Canvas/Null/Slick overrides; Slick bytecode routes through Slick Graphics/Image/Font/GL transform calls,v0.72 graphics family completion
method,com/corrodinggames/rts/gameFramework/m/y,(Lcom/corrodinggames/rts/gameFramework/m/e;Landroid/graphics/Rect;Landroid/graphics/Paint;IIII)V,a,method_y_drawTiledImage,drawTiledImage,v0.72-slick-graphics-backend,slick-graphics-backend,high,Draws/tessellates image into a Rect with explicit tile offsets/margins; GraphicsEngine abstract descriptor family plus Canvas/Null/Slick overrides; Slick bytecode routes through Slick Graphics/Image/Font/GL transform calls,v0.72 graphics family completion
method,com/corrodinggames/rts/gameFramework/m/y,(Lcom/corrodinggames/rts/gameFramework/m/e;Landroid/graphics/RectF;Landroid/graphics/Paint;FFII)V,a,method_y_drawTiledImage,drawTiledImage,v0.72-slick-graphics-backend,slick-graphics-backend,high,Draws/tessellates image into a RectF with explicit tile offsets/margins; GraphicsEngine abstract descriptor family plus Canvas/Null/Slick overrides; Slick bytecode routes through Slick Graphics/Image/Font/GL transform calls,v0.72 graphics family completion
method,com/corrodinggames/rts/gameFramework/m/y,(Landroid/graphics/Rect;Landroid/graphics/Paint;)V,a,method_y_drawRect,drawRect,v0.72-slick-graphics-backend,slick-graphics-backend,high,Draws Android Rect through backend paint state; GraphicsEngine abstract descriptor family plus Canvas/Null/Slick overrides; Slick bytecode routes through Slick Graphics/Image/Font/GL transform calls,v0.72 graphics family completion
method,com/corrodinggames/rts/gameFramework/m/y,(Landroid/graphics/Rect;Landroid/graphics/Paint;)V,b,method_y_drawRectDirect,drawRectDirect,v0.72-slick-graphics-backend,slick-graphics-backend,high,Direct Rect draw variant after public RectF/text helpers; GraphicsEngine abstract descriptor family plus Canvas/Null/Slick overrides; Slick bytecode routes through Slick Graphics/Image/Font/GL transform calls,v0.72 graphics family completion
method,com/corrodinggames/rts/gameFramework/m/y,(Landroid/graphics/RectF;Landroid/graphics/Paint;)V,a,method_y_drawRect,drawRect,v0.72-slick-graphics-backend,slick-graphics-backend,high,Draws Android RectF through backend paint state; GraphicsEngine abstract descriptor family plus Canvas/Null/Slick overrides; Slick bytecode routes through Slick Graphics/Image/Font/GL transform calls,v0.72 graphics family completion
method,com/corrodinggames/rts/gameFramework/m/y,(Landroid/graphics/Rect;Landroid/graphics/Paint;)V,c,method_y_drawRectFromSize,drawRectFromSize,v0.72-slick-graphics-backend,slick-graphics-backend,high,Canvas/Slick method builds a RectF/area from Rect fields and fills/strokes it; GraphicsEngine abstract descriptor family plus Canvas/Null/Slick overrides; Slick bytecode routes through Slick Graphics/Image/Font/GL transform calls,v0.72 graphics family completion
method,com/corrodinggames/rts/gameFramework/m/y,(I)V,b,method_y_drawColor,drawColor,v0.72-slick-graphics-backend,slick-graphics-backend,high,Draws/clears with packed ARGB color; GraphicsEngine abstract descriptor family plus Canvas/Null/Slick overrides; Slick bytecode routes through Slick Graphics/Image/Font/GL transform calls,v0.72 graphics family completion
method,com/corrodinggames/rts/gameFramework/m/y,(ILandroid/graphics/PorterDuff$Mode;)V,a,method_y_drawColor,drawColor,v0.72-slick-graphics-backend,slick-graphics-backend,high,Draws/clears with packed ARGB color and PorterDuff mode; GraphicsEngine abstract descriptor family plus Canvas/Null/Slick overrides; Slick bytecode routes through Slick Graphics/Image/Font/GL transform calls,v0.72 graphics family completion
method,com/corrodinggames/rts/gameFramework/m/y,(Ljava/lang/String;FFLandroid/graphics/Paint;Landroid/graphics/Paint;F)V,a,method_y_drawTextWithBackground,drawTextWithBackground,v0.72-slick-graphics-backend,slick-graphics-backend,high,"Slick implementation measures text, draws padded background RectF, then draws text; GraphicsEngine abstract descriptor family plus Canvas/Null/Slick overrides; Slick bytecode routes through Slick Graphics/Image/Font/GL transform calls",v0.72 graphics family completion
method,com/corrodinggames/rts/gameFramework/m/y,(Ljava/lang/String;FFLandroid/graphics/Paint;)V,a,method_y_drawText,drawText,v0.72-slick-graphics-backend,slick-graphics-backend,high,Slick implementation applies UI-scale font path and calls Slick font drawString; GraphicsEngine abstract descriptor family plus Canvas/Null/Slick overrides; Slick bytecode routes through Slick Graphics/Image/Font/GL transform calls,v0.72 graphics family completion
method,com/corrodinggames/rts/gameFramework/m/y,(Landroid/graphics/Rect;)V,a,method_y_setClipRect,setClipRect,v0.72-slick-graphics-backend,slick-graphics-backend,high,Stores/applies rectangular clip state; GraphicsEngine abstract descriptor family plus Canvas/Null/Slick overrides; Slick bytecode routes through Slick Graphics/Image/Font/GL transform calls,v0.72 graphics family completion
method,com/corrodinggames/rts/gameFramework/m/y,(Landroid/graphics/RectF;)V,a,method_y_setClipRect,setClipRect,v0.72-slick-graphics-backend,slick-graphics-backend,high,Stores/applies RectF clip state; GraphicsEngine abstract descriptor family plus Canvas/Null/Slick overrides; Slick bytecode routes through Slick Graphics/Image/Font/GL transform calls,v0.72 graphics family completion
method,com/corrodinggames/rts/gameFramework/m/y,(FFFLandroid/graphics/Paint;)V,a,method_y_drawCircle,drawCircle,v0.72-slick-graphics-backend,slick-graphics-backend,high,Draws circle through backend paint state; GraphicsEngine abstract descriptor family plus Canvas/Null/Slick overrides; Slick bytecode routes through Slick Graphics/Image/Font/GL transform calls,v0.72 graphics family completion
method,com/corrodinggames/rts/gameFramework/m/y,(FFFLandroid/graphics/Paint;)V,b,method_y_drawCircleDirect,drawCircleDirect,v0.72-slick-graphics-backend,slick-graphics-backend,high,Direct circle helper; Slick path uses GL/line strip for stroke/fill variants; GraphicsEngine abstract descriptor family plus Canvas/Null/Slick overrides; Slick bytecode routes through Slick Graphics/Image/Font/GL transform calls,v0.72 graphics family completion
method,com/corrodinggames/rts/gameFramework/m/y,([FIILandroid/graphics/Paint;)V,a,method_y_drawLines,drawLines,v0.72-slick-graphics-backend,slick-graphics-backend,high,Draws packed float line/point coordinates through backend paint state; GraphicsEngine abstract descriptor family plus Canvas/Null/Slick overrides; Slick bytecode routes through Slick Graphics/Image/Font/GL transform calls,v0.72 graphics family completion
method,com/corrodinggames/rts/gameFramework/m/y,(FFFFLandroid/graphics/Paint;)V,a,method_y_drawLine,drawLine,v0.72-slick-graphics-backend,slick-graphics-backend,high,Draws a single line from x1/y1 to x2/y2; GraphicsEngine abstract descriptor family plus Canvas/Null/Slick overrides; Slick bytecode routes through Slick Graphics/Image/Font/GL transform calls,v0.72 graphics family completion
method,com/corrodinggames/rts/gameFramework/m/y,()V,g,method_y_beginFrame,beginFrame,v0.72-slick-graphics-backend,slick-graphics-backend,high,Frame begin hook for graphics backend; GraphicsEngine abstract descriptor family plus Canvas/Null/Slick overrides; Slick bytecode routes through Slick Graphics/Image/Font/GL transform calls,v0.72 graphics family completion
method,com/corrodinggames/rts/gameFramework/m/y,()V,h,method_y_endFrame,endFrame,v0.72-slick-graphics-backend,slick-graphics-backend,high,Frame end hook resets/rebinds graphics state; GraphicsEngine abstract descriptor family plus Canvas/Null/Slick overrides; Slick bytecode routes through Slick Graphics/Image/Font/GL transform calls,v0.72 graphics family completion
method,com/corrodinggames/rts/gameFramework/m/y,()V,i,method_y_save,save,v0.72-slick-graphics-backend,slick-graphics-backend,high,General save stack method in backend interface; GraphicsEngine abstract descriptor family plus Canvas/Null/Slick overrides; Slick bytecode routes through Slick Graphics/Image/Font/GL transform calls,v0.72 graphics family completion
method,com/corrodinggames/rts/gameFramework/m/y,()V,j,method_y_restore,restore,v0.72-slick-graphics-backend,slick-graphics-backend,high,General restore stack method in backend interface; GraphicsEngine abstract descriptor family plus Canvas/Null/Slick overrides; Slick bytecode routes through Slick Graphics/Image/Font/GL transform calls,v0.72 graphics family completion
method,com/corrodinggames/rts/gameFramework/m/y,()V,k,method_y_saveTransform,saveTransform,v0.72-slick-graphics-backend,slick-graphics-backend,high,Slick method pushes transform state before rotate/scale/clip operations; GraphicsEngine abstract descriptor family plus Canvas/Null/Slick overrides; Slick bytecode routes through Slick Graphics/Image/Font/GL transform calls,v0.72 graphics family completion
method,com/corrodinggames/rts/gameFramework/m/y,()V,l,method_y_restoreTransform,restoreTransform,v0.72-slick-graphics-backend,slick-graphics-backend,high,Slick method pops transform state after rotated/scaled draw; GraphicsEngine abstract descriptor family plus Canvas/Null/Slick overrides; Slick bytecode routes through Slick Graphics/Image/Font/GL transform calls,v0.72 graphics family completion
method,com/corrodinggames/rts/gameFramework/m/y,(FFF)V,a,method_y_rotate,rotate,v0.72-slick-graphics-backend,slick-graphics-backend,high,Applies rotation degrees around x/y pivot; GraphicsEngine abstract descriptor family plus Canvas/Null/Slick overrides; Slick bytecode routes through Slick Graphics/Image/Font/GL transform calls,v0.72 graphics family completion
method,com/corrodinggames/rts/gameFramework/m/y,(FF)V,a,method_y_scale,scale,v0.72-slick-graphics-backend,slick-graphics-backend,high,Applies x/y scale to current transform state; GraphicsEngine abstract descriptor family plus Canvas/Null/Slick overrides; Slick bytecode routes through Slick Graphics/Image/Font/GL transform calls,v0.72 graphics family completion
method,com/corrodinggames/rts/gameFramework/m/y,(FFFF)V,a,method_y_scaleAround,scaleAround,v0.72-slick-graphics-backend,slick-graphics-backend,high,Applies x/y scale around a pivot point; GraphicsEngine abstract descriptor family plus Canvas/Null/Slick overrides; Slick bytecode routes through Slick Graphics/Image/Font/GL transform calls,v0.72 graphics family completion
method,com/corrodinggames/rts/gameFramework/m/y,(FF)V,b,method_y_translate,translate,v0.72-slick-graphics-backend,slick-graphics-backend,high,Applies x/y translation to current transform state; GraphicsEngine abstract descriptor family plus Canvas/Null/Slick overrides; Slick bytecode routes through Slick Graphics/Image/Font/GL transform calls,v0.72 graphics family completion
method,com/corrodinggames/rts/gameFramework/m/y,(Lcom/corrodinggames/rts/gameFramework/m/m;)V,a,method_y_runDrawTimeCallback,runDrawTimeCallback,v0.72-slick-graphics-backend,slick-graphics-backend,high,Runs a draw-time callback against the active graphics backend; GraphicsEngine abstract descriptor family plus Canvas/Null/Slick overrides; Slick bytecode routes through Slick Graphics/Image/Font/GL transform calls,v0.72 graphics family completion
method,com/corrodinggames/rts/gameFramework/m/y,()V,o,method_y_clearAlphaMap,clearAlphaMap,v0.72-slick-graphics-backend,slick-graphics-backend,high,Clears/reset alpha map state; Slick implementation is a render backend no-op hook; GraphicsEngine abstract descriptor family plus Canvas/Null/Slick overrides; Slick bytecode routes through Slick Graphics/Image/Font/GL transform calls,v0.72 graphics family completion
method,com/corrodinggames/rts/gameFramework/m/y,(Landroid/graphics/Paint;)V,a,method_y_prepareFontForPaint,prepareFontForPaint,v0.72-slick-graphics-backend,slick-graphics-backend,high,Prepares backend font/paint state for text measurement/drawing; GraphicsEngine abstract descriptor family plus Canvas/Null/Slick overrides; Slick bytecode routes through Slick Graphics/Image/Font/GL transform calls,v0.72 graphics family completion
method,com/corrodinggames/rts/gameFramework/m/y,()V,p,method_y_flush,flush,v0.72-slick-graphics-backend,slick-graphics-backend,high,Flushes pending backend rendering work; GraphicsEngine abstract descriptor family plus Canvas/Null/Slick overrides; Slick bytecode routes through Slick Graphics/Image/Font/GL transform calls,v0.72 graphics family completion
method,com/corrodinggames/rts/gameFramework/m/y,()V,q,method_y_dispose,dispose,v0.72-slick-graphics-backend,slick-graphics-backend,high,Disposes/destroys backend rendering resources; GraphicsEngine abstract descriptor family plus Canvas/Null/Slick overrides; Slick bytecode routes through Slick Graphics/Image/Font/GL transform calls,v0.72 graphics family completion
method,com/corrodinggames/rts/gameFramework/m/y,(Ljava/lang/String;Landroid/graphics/Paint;)I,a,method_y_getTextHeight,getTextHeight,v0.72-slick-graphics-backend,slick-graphics-backend,high,Measures text height with backend font metrics; GraphicsEngine abstract descriptor family plus Canvas/Null/Slick overrides; Slick bytecode routes through Slick Graphics/Image/Font/GL transform calls,v0.72 graphics family completion
method,com/corrodinggames/rts/gameFramework/m/y,(Ljava/lang/String;Landroid/graphics/Paint;)I,b,method_y_getTextWidth,getTextWidth,v0.72-slick-graphics-backend,slick-graphics-backend,high,Measures text width with backend font metrics; GraphicsEngine abstract descriptor family plus Canvas/Null/Slick overrides; Slick bytecode routes through Slick Graphics/Image/Font/GL transform calls,v0.72 graphics family completion
method,com/corrodinggames/rts/gameFramework/m/y,(Lcom/corrodinggames/rts/gameFramework/m/e;Ljava/io/File;)V,a,method_y_saveImageToFile,saveImageToFile,v0.72-slick-graphics-backend,slick-graphics-backend,high,Writes a GameImage/render target to file; GraphicsEngine abstract descriptor family plus Canvas/Null/Slick overrides; Slick bytecode routes through Slick Graphics/Image/Font/GL transform calls,v0.72 graphics family completion
method,com/corrodinggames/rts/gameFramework/m/y,(Ljava/util/concurrent/locks/Lock;)V,a,method_y_enterLock,enterLock,v0.72-slick-graphics-backend,slick-graphics-backend,high,Acquires an external render lock around backend work; GraphicsEngine abstract descriptor family plus Canvas/Null/Slick overrides; Slick bytecode routes through Slick Graphics/Image/Font/GL transform calls,v0.72 graphics family completion
method,com/corrodinggames/rts/gameFramework/m/y,(Ljava/util/concurrent/locks/Lock;)V,b,method_y_leaveLock,leaveLock,v0.72-slick-graphics-backend,slick-graphics-backend,high,Releases an external render lock around backend work; GraphicsEngine abstract descriptor family plus Canvas/Null/Slick overrides; Slick bytecode routes through Slick Graphics/Image/Font/GL transform calls,v0.72 graphics family completion
method,com/corrodinggames/rts/gameFramework/m/y,()F,s,method_y_getUiScale,getUiScale,v0.72-slick-graphics-backend,slick-graphics-backend,high,Returns backend UI scale used by Slick text scaling path; GraphicsEngine abstract descriptor family plus Canvas/Null/Slick overrides; Slick bytecode routes through Slick Graphics/Image/Font/GL transform calls,v0.72 graphics family completion
method,com/corrodinggames/rts/gameFramework/m/x,(Lcom/corrodinggames/rts/gameFramework/m/e;)Lcom/corrodinggames/rts/gameFramework/m/y;,a,method_x_createChildBackendForImage,createChildBackendForImage,v0.72-slick-graphics-backend,slick-graphics-backend,high,Creates a graphics backend bound to a target GameImage; Slick bridge delegates to class-specific child backend; GraphicsEngine abstract descriptor family plus Canvas/Null/Slick overrides; Slick bytecode routes through Slick Graphics/Image/Font/GL transform calls,v0.72 graphics family completion
method,com/corrodinggames/rts/gameFramework/m/x,(Lcom/corrodinggames/rts/gameFramework/m/e;)Lcom/corrodinggames/rts/gameFramework/m/y;,b,method_x_createBackendForImage,createBackendForImage,v0.72-slick-graphics-backend,slick-graphics-backend,high,Creates a graphics backend for a render target GameImage; Slick bridge delegates to class-specific backend factory; GraphicsEngine abstract descriptor family plus Canvas/Null/Slick overrides; Slick bytecode routes through Slick Graphics/Image/Font/GL transform calls,v0.72 graphics family completion
method,com/corrodinggames/rts/gameFramework/m/x,()I,m,method_x_getWidth,getWidth,v0.72-slick-graphics-backend,slick-graphics-backend,high,Returns target or screen width for the active graphics backend; GraphicsEngine abstract descriptor family plus Canvas/Null/Slick overrides; Slick bytecode routes through Slick Graphics/Image/Font/GL transform calls,v0.72 graphics family completion
method,com/corrodinggames/rts/gameFramework/m/x,()I,n,method_x_getHeight,getHeight,v0.72-slick-graphics-backend,slick-graphics-backend,high,Returns target or screen height for the active graphics backend; GraphicsEngine abstract descriptor family plus Canvas/Null/Slick overrides; Slick bytecode routes through Slick Graphics/Image/Font/GL transform calls,v0.72 graphics family completion
method,com/corrodinggames/rts/gameFramework/m/x,(II)V,a,method_x_setSize,setSize,v0.72-slick-graphics-backend,slick-graphics-backend,high,Stores backend target width and height; GraphicsEngine abstract descriptor family plus Canvas/Null/Slick overrides; Slick bytecode routes through Slick Graphics/Image/Font/GL transform calls,v0.72 graphics family completion
method,com/corrodinggames/rts/gameFramework/m/x,(Lcom/corrodinggames/rts/gameFramework/m/e;FFFLandroid/graphics/Paint;)V,a,method_x_drawImageRotated,drawImageRotated,v0.72-slick-graphics-backend,slick-graphics-backend,high,"Slick implementation saves transform, rotates, draws image centered, then restores; GraphicsEngine abstract descriptor family plus Canvas/Null/Slick overrides; Slick bytecode routes through Slick Graphics/Image/Font/GL transform calls",v0.72 graphics family completion
method,com/corrodinggames/rts/gameFramework/m/x,(Lcom/corrodinggames/rts/gameFramework/m/e;Landroid/graphics/Rect;FFFLandroid/graphics/Paint;)V,a,method_x_drawImageSectionRotated,drawImageSectionRotated,v0.72-slick-graphics-backend,slick-graphics-backend,high,Slick implementation rotates around destination and draws source Rect into scratch RectF; GraphicsEngine abstract descriptor family plus Canvas/Null/Slick overrides; Slick bytecode routes through Slick Graphics/Image/Font/GL transform calls,v0.72 graphics family completion
method,com/corrodinggames/rts/gameFramework/m/x,(Lcom/corrodinggames/rts/gameFramework/m/e;Landroid/graphics/Rect;Landroid/graphics/Rect;Landroid/graphics/Paint;)V,a,method_x_drawImage,drawImage,v0.72-slick-graphics-backend,slick-graphics-backend,high,Draws a source Rect to a destination Rect via RectF conversion; GraphicsEngine abstract descriptor family plus Canvas/Null/Slick overrides; Slick bytecode routes through Slick Graphics/Image/Font/GL transform calls,v0.72 graphics family completion
method,com/corrodinggames/rts/gameFramework/m/x,(Lcom/corrodinggames/rts/gameFramework/m/e;Landroid/graphics/Rect;Landroid/graphics/RectF;Landroid/graphics/Paint;)V,a,method_x_drawImage,drawImage,v0.72-slick-graphics-backend,slick-graphics-backend,high,Draws a source Rect to a destination RectF; GraphicsEngine abstract descriptor family plus Canvas/Null/Slick overrides; Slick bytecode routes through Slick Graphics/Image/Font/GL transform calls,v0.72 graphics family completion
method,com/corrodinggames/rts/gameFramework/m/x,(Lcom/corrodinggames/rts/gameFramework/m/e;Landroid/graphics/Rect;Landroid/graphics/Rect;Landroid/graphics/Paint;)V,b,method_x_drawImageDirect,drawImageDirect,v0.72-slick-graphics-backend,slick-graphics-backend,high,Alternate direct Rect-to-Rect draw path in Canvas/Slick implementations; GraphicsEngine abstract descriptor family plus Canvas/Null/Slick overrides; Slick bytecode routes through Slick Graphics/Image/Font/GL transform calls,v0.72 graphics family completion
method,com/corrodinggames/rts/gameFramework/m/x,(Lcom/corrodinggames/rts/gameFramework/m/e;FFLandroid/graphics/Paint;)V,a,method_x_drawImageCentered,drawImageCentered,v0.72-slick-graphics-backend,slick-graphics-backend,high,Slick implementation offsets x/y by GameImage center fields before raw draw; GraphicsEngine abstract descriptor family plus Canvas/Null/Slick overrides; Slick bytecode routes through Slick Graphics/Image/Font/GL transform calls,v0.72 graphics family completion
method,com/corrodinggames/rts/gameFramework/m/x,(Lcom/corrodinggames/rts/gameFramework/m/e;FFLandroid/graphics/Paint;FF)V,a,method_x_drawImageTransformed,drawImageTransformed,v0.72-slick-graphics-backend,slick-graphics-backend,high,Draws image at x/y with explicit scale/pivot style float arguments; GraphicsEngine abstract descriptor family plus Canvas/Null/Slick overrides; Slick bytecode routes through Slick Graphics/Image/Font/GL transform calls,v0.72 graphics family completion
method,com/corrodinggames/rts/gameFramework/m/x,(Lcom/corrodinggames/rts/gameFramework/m/e;FFLandroid/graphics/Paint;)V,b,method_x_drawImageRaw,drawImageRaw,v0.72-slick-graphics-backend,slick-graphics-backend,high,Raw x/y image draw without center offset; GraphicsEngine abstract descriptor family plus Canvas/Null/Slick overrides; Slick bytecode routes through Slick Graphics/Image/Font/GL transform calls,v0.72 graphics family completion
method,com/corrodinggames/rts/gameFramework/m/x,(Lcom/corrodinggames/rts/gameFramework/m/e;Landroid/graphics/Rect;Landroid/graphics/Paint;)V,a,method_x_drawTiledImage,drawTiledImage,v0.72-slick-graphics-backend,slick-graphics-backend,high,Draws/tessellates image into a Rect destination; GraphicsEngine abstract descriptor family plus Canvas/Null/Slick overrides; Slick bytecode routes through Slick Graphics/Image/Font/GL transform calls,v0.72 graphics family completion
method,com/corrodinggames/rts/gameFramework/m/x,(Lcom/corrodinggames/rts/gameFramework/m/e;Landroid/graphics/Rect;Landroid/graphics/Paint;IIII)V,a,method_x_drawTiledImage,drawTiledImage,v0.72-slick-graphics-backend,slick-graphics-backend,high,Draws/tessellates image into a Rect with explicit tile offsets/margins; GraphicsEngine abstract descriptor family plus Canvas/Null/Slick overrides; Slick bytecode routes through Slick Graphics/Image/Font/GL transform calls,v0.72 graphics family completion
method,com/corrodinggames/rts/gameFramework/m/x,(Lcom/corrodinggames/rts/gameFramework/m/e;Landroid/graphics/RectF;Landroid/graphics/Paint;FFII)V,a,method_x_drawTiledImage,drawTiledImage,v0.72-slick-graphics-backend,slick-graphics-backend,high,Draws/tessellates image into a RectF with explicit tile offsets/margins; GraphicsEngine abstract descriptor family plus Canvas/Null/Slick overrides; Slick bytecode routes through Slick Graphics/Image/Font/GL transform calls,v0.72 graphics family completion
method,com/corrodinggames/rts/gameFramework/m/x,(Landroid/graphics/Rect;Landroid/graphics/Paint;)V,a,method_x_drawRect,drawRect,v0.72-slick-graphics-backend,slick-graphics-backend,high,Draws Android Rect through backend paint state; GraphicsEngine abstract descriptor family plus Canvas/Null/Slick overrides; Slick bytecode routes through Slick Graphics/Image/Font/GL transform calls,v0.72 graphics family completion
method,com/corrodinggames/rts/gameFramework/m/x,(Landroid/graphics/Rect;Landroid/graphics/Paint;)V,b,method_x_drawRectDirect,drawRectDirect,v0.72-slick-graphics-backend,slick-graphics-backend,high,Direct Rect draw variant after public RectF/text helpers; GraphicsEngine abstract descriptor family plus Canvas/Null/Slick overrides; Slick bytecode routes through Slick Graphics/Image/Font/GL transform calls,v0.72 graphics family completion
method,com/corrodinggames/rts/gameFramework/m/x,(Landroid/graphics/RectF;Landroid/graphics/Paint;)V,a,method_x_drawRect,drawRect,v0.72-slick-graphics-backend,slick-graphics-backend,high,Draws Android RectF through backend paint state; GraphicsEngine abstract descriptor family plus Canvas/Null/Slick overrides; Slick bytecode routes through Slick Graphics/Image/Font/GL transform calls,v0.72 graphics family completion
method,com/corrodinggames/rts/gameFramework/m/x,(Landroid/graphics/Rect;Landroid/graphics/Paint;)V,c,method_x_drawRectFromSize,drawRectFromSize,v0.72-slick-graphics-backend,slick-graphics-backend,high,Canvas/Slick method builds a RectF/area from Rect fields and fills/strokes it; GraphicsEngine abstract descriptor family plus Canvas/Null/Slick overrides; Slick bytecode routes through Slick Graphics/Image/Font/GL transform calls,v0.72 graphics family completion
method,com/corrodinggames/rts/gameFramework/m/x,(I)V,b,method_x_drawColor,drawColor,v0.72-slick-graphics-backend,slick-graphics-backend,high,Draws/clears with packed ARGB color; GraphicsEngine abstract descriptor family plus Canvas/Null/Slick overrides; Slick bytecode routes through Slick Graphics/Image/Font/GL transform calls,v0.72 graphics family completion
method,com/corrodinggames/rts/gameFramework/m/x,(ILandroid/graphics/PorterDuff$Mode;)V,a,method_x_drawColor,drawColor,v0.72-slick-graphics-backend,slick-graphics-backend,high,Draws/clears with packed ARGB color and PorterDuff mode; GraphicsEngine abstract descriptor family plus Canvas/Null/Slick overrides; Slick bytecode routes through Slick Graphics/Image/Font/GL transform calls,v0.72 graphics family completion
method,com/corrodinggames/rts/gameFramework/m/x,(Ljava/lang/String;FFLandroid/graphics/Paint;Landroid/graphics/Paint;F)V,a,method_x_drawTextWithBackground,drawTextWithBackground,v0.72-slick-graphics-backend,slick-graphics-backend,high,"Slick implementation measures text, draws padded background RectF, then draws text; GraphicsEngine abstract descriptor family plus Canvas/Null/Slick overrides; Slick bytecode routes through Slick Graphics/Image/Font/GL transform calls",v0.72 graphics family completion
method,com/corrodinggames/rts/gameFramework/m/x,(Ljava/lang/String;FFLandroid/graphics/Paint;)V,a,method_x_drawText,drawText,v0.72-slick-graphics-backend,slick-graphics-backend,high,Slick implementation applies UI-scale font path and calls Slick font drawString; GraphicsEngine abstract descriptor family plus Canvas/Null/Slick overrides; Slick bytecode routes through Slick Graphics/Image/Font/GL transform calls,v0.72 graphics family completion
method,com/corrodinggames/rts/gameFramework/m/x,(Landroid/graphics/Rect;)V,a,method_x_setClipRect,setClipRect,v0.72-slick-graphics-backend,slick-graphics-backend,high,Stores/applies rectangular clip state; GraphicsEngine abstract descriptor family plus Canvas/Null/Slick overrides; Slick bytecode routes through Slick Graphics/Image/Font/GL transform calls,v0.72 graphics family completion
method,com/corrodinggames/rts/gameFramework/m/x,(Landroid/graphics/RectF;)V,a,method_x_setClipRect,setClipRect,v0.72-slick-graphics-backend,slick-graphics-backend,high,Stores/applies RectF clip state; GraphicsEngine abstract descriptor family plus Canvas/Null/Slick overrides; Slick bytecode routes through Slick Graphics/Image/Font/GL transform calls,v0.72 graphics family completion
method,com/corrodinggames/rts/gameFramework/m/x,(FFFLandroid/graphics/Paint;)V,a,method_x_drawCircle,drawCircle,v0.72-slick-graphics-backend,slick-graphics-backend,high,Draws circle through backend paint state; GraphicsEngine abstract descriptor family plus Canvas/Null/Slick overrides; Slick bytecode routes through Slick Graphics/Image/Font/GL transform calls,v0.72 graphics family completion
method,com/corrodinggames/rts/gameFramework/m/x,(FFFLandroid/graphics/Paint;)V,b,method_x_drawCircleDirect,drawCircleDirect,v0.72-slick-graphics-backend,slick-graphics-backend,high,Direct circle helper; Slick path uses GL/line strip for stroke/fill variants; GraphicsEngine abstract descriptor family plus Canvas/Null/Slick overrides; Slick bytecode routes through Slick Graphics/Image/Font/GL transform calls,v0.72 graphics family completion
method,com/corrodinggames/rts/gameFramework/m/x,([FIILandroid/graphics/Paint;)V,a,method_x_drawLines,drawLines,v0.72-slick-graphics-backend,slick-graphics-backend,high,Draws packed float line/point coordinates through backend paint state; GraphicsEngine abstract descriptor family plus Canvas/Null/Slick overrides; Slick bytecode routes through Slick Graphics/Image/Font/GL transform calls,v0.72 graphics family completion
method,com/corrodinggames/rts/gameFramework/m/x,(FFFFLandroid/graphics/Paint;)V,a,method_x_drawLine,drawLine,v0.72-slick-graphics-backend,slick-graphics-backend,high,Draws a single line from x1/y1 to x2/y2; GraphicsEngine abstract descriptor family plus Canvas/Null/Slick overrides; Slick bytecode routes through Slick Graphics/Image/Font/GL transform calls,v0.72 graphics family completion
method,com/corrodinggames/rts/gameFramework/m/x,()V,g,method_x_beginFrame,beginFrame,v0.72-slick-graphics-backend,slick-graphics-backend,high,Frame begin hook for graphics backend; GraphicsEngine abstract descriptor family plus Canvas/Null/Slick overrides; Slick bytecode routes through Slick Graphics/Image/Font/GL transform calls,v0.72 graphics family completion
method,com/corrodinggames/rts/gameFramework/m/x,()V,h,method_x_endFrame,endFrame,v0.72-slick-graphics-backend,slick-graphics-backend,high,Frame end hook resets/rebinds graphics state; GraphicsEngine abstract descriptor family plus Canvas/Null/Slick overrides; Slick bytecode routes through Slick Graphics/Image/Font/GL transform calls,v0.72 graphics family completion
method,com/corrodinggames/rts/gameFramework/m/x,()V,i,method_x_save,save,v0.72-slick-graphics-backend,slick-graphics-backend,high,General save stack method in backend interface; GraphicsEngine abstract descriptor family plus Canvas/Null/Slick overrides; Slick bytecode routes through Slick Graphics/Image/Font/GL transform calls,v0.72 graphics family completion
method,com/corrodinggames/rts/gameFramework/m/x,()V,j,method_x_restore,restore,v0.72-slick-graphics-backend,slick-graphics-backend,high,General restore stack method in backend interface; GraphicsEngine abstract descriptor family plus Canvas/Null/Slick overrides; Slick bytecode routes through Slick Graphics/Image/Font/GL transform calls,v0.72 graphics family completion
method,com/corrodinggames/rts/gameFramework/m/x,()V,k,method_x_saveTransform,saveTransform,v0.72-slick-graphics-backend,slick-graphics-backend,high,Slick method pushes transform state before rotate/scale/clip operations; GraphicsEngine abstract descriptor family plus Canvas/Null/Slick overrides; Slick bytecode routes through Slick Graphics/Image/Font/GL transform calls,v0.72 graphics family completion
method,com/corrodinggames/rts/gameFramework/m/x,()V,l,method_x_restoreTransform,restoreTransform,v0.72-slick-graphics-backend,slick-graphics-backend,high,Slick method pops transform state after rotated/scaled draw; GraphicsEngine abstract descriptor family plus Canvas/Null/Slick overrides; Slick bytecode routes through Slick Graphics/Image/Font/GL transform calls,v0.72 graphics family completion
method,com/corrodinggames/rts/gameFramework/m/x,(FFF)V,a,method_x_rotate,rotate,v0.72-slick-graphics-backend,slick-graphics-backend,high,Applies rotation degrees around x/y pivot; GraphicsEngine abstract descriptor family plus Canvas/Null/Slick overrides; Slick bytecode routes through Slick Graphics/Image/Font/GL transform calls,v0.72 graphics family completion
method,com/corrodinggames/rts/gameFramework/m/x,(FF)V,a,method_x_scale,scale,v0.72-slick-graphics-backend,slick-graphics-backend,high,Applies x/y scale to current transform state; GraphicsEngine abstract descriptor family plus Canvas/Null/Slick overrides; Slick bytecode routes through Slick Graphics/Image/Font/GL transform calls,v0.72 graphics family completion
method,com/corrodinggames/rts/gameFramework/m/x,(FFFF)V,a,method_x_scaleAround,scaleAround,v0.72-slick-graphics-backend,slick-graphics-backend,high,Applies x/y scale around a pivot point; GraphicsEngine abstract descriptor family plus Canvas/Null/Slick overrides; Slick bytecode routes through Slick Graphics/Image/Font/GL transform calls,v0.72 graphics family completion
method,com/corrodinggames/rts/gameFramework/m/x,(FF)V,b,method_x_translate,translate,v0.72-slick-graphics-backend,slick-graphics-backend,high,Applies x/y translation to current transform state; GraphicsEngine abstract descriptor family plus Canvas/Null/Slick overrides; Slick bytecode routes through Slick Graphics/Image/Font/GL transform calls,v0.72 graphics family completion
method,com/corrodinggames/rts/gameFramework/m/x,(Lcom/corrodinggames/rts/gameFramework/m/m;)V,a,method_x_runDrawTimeCallback,runDrawTimeCallback,v0.72-slick-graphics-backend,slick-graphics-backend,high,Runs a draw-time callback against the active graphics backend; GraphicsEngine abstract descriptor family plus Canvas/Null/Slick overrides; Slick bytecode routes through Slick Graphics/Image/Font/GL transform calls,v0.72 graphics family completion
method,com/corrodinggames/rts/gameFramework/m/x,()V,o,method_x_clearAlphaMap,clearAlphaMap,v0.72-slick-graphics-backend,slick-graphics-backend,high,Clears/reset alpha map state; Slick implementation is a render backend no-op hook; GraphicsEngine abstract descriptor family plus Canvas/Null/Slick overrides; Slick bytecode routes through Slick Graphics/Image/Font/GL transform calls,v0.72 graphics family completion
method,com/corrodinggames/rts/gameFramework/m/x,(Landroid/graphics/Paint;)V,a,method_x_prepareFontForPaint,prepareFontForPaint,v0.72-slick-graphics-backend,slick-graphics-backend,high,Prepares backend font/paint state for text measurement/drawing; GraphicsEngine abstract descriptor family plus Canvas/Null/Slick overrides; Slick bytecode routes through Slick Graphics/Image/Font/GL transform calls,v0.72 graphics family completion
method,com/corrodinggames/rts/gameFramework/m/x,()V,p,method_x_flush,flush,v0.72-slick-graphics-backend,slick-graphics-backend,high,Flushes pending backend rendering work; GraphicsEngine abstract descriptor family plus Canvas/Null/Slick overrides; Slick bytecode routes through Slick Graphics/Image/Font/GL transform calls,v0.72 graphics family completion
method,com/corrodinggames/rts/gameFramework/m/x,()V,q,method_x_dispose,dispose,v0.72-slick-graphics-backend,slick-graphics-backend,high,Disposes/destroys backend rendering resources; GraphicsEngine abstract descriptor family plus Canvas/Null/Slick overrides; Slick bytecode routes through Slick Graphics/Image/Font/GL transform calls,v0.72 graphics family completion
method,com/corrodinggames/rts/gameFramework/m/x,(Ljava/lang/String;Landroid/graphics/Paint;)I,a,method_x_getTextHeight,getTextHeight,v0.72-slick-graphics-backend,slick-graphics-backend,high,Measures text height with backend font metrics; GraphicsEngine abstract descriptor family plus Canvas/Null/Slick overrides; Slick bytecode routes through Slick Graphics/Image/Font/GL transform calls,v0.72 graphics family completion
method,com/corrodinggames/rts/gameFramework/m/x,(Ljava/lang/String;Landroid/graphics/Paint;)I,b,method_x_getTextWidth,getTextWidth,v0.72-slick-graphics-backend,slick-graphics-backend,high,Measures text width with backend font metrics; GraphicsEngine abstract descriptor family plus Canvas/Null/Slick overrides; Slick bytecode routes through Slick Graphics/Image/Font/GL transform calls,v0.72 graphics family completion
method,com/corrodinggames/rts/gameFramework/m/x,(Lcom/corrodinggames/rts/gameFramework/m/e;Ljava/io/File;)V,a,method_x_saveImageToFile,saveImageToFile,v0.72-slick-graphics-backend,slick-graphics-backend,high,Writes a GameImage/render target to file; GraphicsEngine abstract descriptor family plus Canvas/Null/Slick overrides; Slick bytecode routes through Slick Graphics/Image/Font/GL transform calls,v0.72 graphics family completion
method,com/corrodinggames/rts/gameFramework/m/x,(Ljava/util/concurrent/locks/Lock;)V,a,method_x_enterLock,enterLock,v0.72-slick-graphics-backend,slick-graphics-backend,high,Acquires an external render lock around backend work; GraphicsEngine abstract descriptor family plus Canvas/Null/Slick overrides; Slick bytecode routes through Slick Graphics/Image/Font/GL transform calls,v0.72 graphics family completion
method,com/corrodinggames/rts/gameFramework/m/x,(Ljava/util/concurrent/locks/Lock;)V,b,method_x_leaveLock,leaveLock,v0.72-slick-graphics-backend,slick-graphics-backend,high,Releases an external render lock around backend work; GraphicsEngine abstract descriptor family plus Canvas/Null/Slick overrides; Slick bytecode routes through Slick Graphics/Image/Font/GL transform calls,v0.72 graphics family completion
method,com/corrodinggames/rts/gameFramework/m/x,()F,s,method_x_getUiScale,getUiScale,v0.72-slick-graphics-backend,slick-graphics-backend,high,Returns backend UI scale used by Slick text scaling path; GraphicsEngine abstract descriptor family plus Canvas/Null/Slick overrides; Slick bytecode routes through Slick Graphics/Image/Font/GL transform calls,v0.72 graphics family completion
method,com/corrodinggames/rts/gameFramework/m/z,(Lcom/corrodinggames/rts/gameFramework/m/e;)Lcom/corrodinggames/rts/gameFramework/m/y;,a,method_z_createChildBackendForImage,createChildBackendForImage,v0.72-slick-graphics-backend,slick-graphics-backend,high,Creates a graphics backend bound to a target GameImage; Slick bridge delegates to class-specific child backend; GraphicsEngine abstract descriptor family plus Canvas/Null/Slick overrides; Slick bytecode routes through Slick Graphics/Image/Font/GL transform calls,v0.72 graphics family completion
method,com/corrodinggames/rts/gameFramework/m/z,(Lcom/corrodinggames/rts/gameFramework/m/e;)Lcom/corrodinggames/rts/gameFramework/m/y;,b,method_z_createBackendForImage,createBackendForImage,v0.72-slick-graphics-backend,slick-graphics-backend,high,Creates a graphics backend for a render target GameImage; Slick bridge delegates to class-specific backend factory; GraphicsEngine abstract descriptor family plus Canvas/Null/Slick overrides; Slick bytecode routes through Slick Graphics/Image/Font/GL transform calls,v0.72 graphics family completion
method,com/corrodinggames/rts/gameFramework/m/z,()I,m,method_z_getWidth,getWidth,v0.72-slick-graphics-backend,slick-graphics-backend,high,Returns target or screen width for the active graphics backend; GraphicsEngine abstract descriptor family plus Canvas/Null/Slick overrides; Slick bytecode routes through Slick Graphics/Image/Font/GL transform calls,v0.72 graphics family completion
method,com/corrodinggames/rts/gameFramework/m/z,()I,n,method_z_getHeight,getHeight,v0.72-slick-graphics-backend,slick-graphics-backend,high,Returns target or screen height for the active graphics backend; GraphicsEngine abstract descriptor family plus Canvas/Null/Slick overrides; Slick bytecode routes through Slick Graphics/Image/Font/GL transform calls,v0.72 graphics family completion
method,com/corrodinggames/rts/gameFramework/m/z,(II)V,a,method_z_setSize,setSize,v0.72-slick-graphics-backend,slick-graphics-backend,high,Stores backend target width and height; GraphicsEngine abstract descriptor family plus Canvas/Null/Slick overrides; Slick bytecode routes through Slick Graphics/Image/Font/GL transform calls,v0.72 graphics family completion
method,com/corrodinggames/rts/gameFramework/m/z,(Lcom/corrodinggames/rts/gameFramework/m/e;FFFLandroid/graphics/Paint;)V,a,method_z_drawImageRotated,drawImageRotated,v0.72-slick-graphics-backend,slick-graphics-backend,high,"Slick implementation saves transform, rotates, draws image centered, then restores; GraphicsEngine abstract descriptor family plus Canvas/Null/Slick overrides; Slick bytecode routes through Slick Graphics/Image/Font/GL transform calls",v0.72 graphics family completion
method,com/corrodinggames/rts/gameFramework/m/z,(Lcom/corrodinggames/rts/gameFramework/m/e;Landroid/graphics/Rect;FFFLandroid/graphics/Paint;)V,a,method_z_drawImageSectionRotated,drawImageSectionRotated,v0.72-slick-graphics-backend,slick-graphics-backend,high,Slick implementation rotates around destination and draws source Rect into scratch RectF; GraphicsEngine abstract descriptor family plus Canvas/Null/Slick overrides; Slick bytecode routes through Slick Graphics/Image/Font/GL transform calls,v0.72 graphics family completion
method,com/corrodinggames/rts/gameFramework/m/z,(Lcom/corrodinggames/rts/gameFramework/m/e;Landroid/graphics/Rect;Landroid/graphics/Rect;Landroid/graphics/Paint;)V,a,method_z_drawImage,drawImage,v0.72-slick-graphics-backend,slick-graphics-backend,high,Draws a source Rect to a destination Rect via RectF conversion; GraphicsEngine abstract descriptor family plus Canvas/Null/Slick overrides; Slick bytecode routes through Slick Graphics/Image/Font/GL transform calls,v0.72 graphics family completion
method,com/corrodinggames/rts/gameFramework/m/z,(Lcom/corrodinggames/rts/gameFramework/m/e;Landroid/graphics/Rect;Landroid/graphics/RectF;Landroid/graphics/Paint;)V,a,method_z_drawImage,drawImage,v0.72-slick-graphics-backend,slick-graphics-backend,high,Draws a source Rect to a destination RectF; GraphicsEngine abstract descriptor family plus Canvas/Null/Slick overrides; Slick bytecode routes through Slick Graphics/Image/Font/GL transform calls,v0.72 graphics family completion
method,com/corrodinggames/rts/gameFramework/m/z,(Lcom/corrodinggames/rts/gameFramework/m/e;Landroid/graphics/Rect;Landroid/graphics/Rect;Landroid/graphics/Paint;)V,b,method_z_drawImageDirect,drawImageDirect,v0.72-slick-graphics-backend,slick-graphics-backend,high,Alternate direct Rect-to-Rect draw path in Canvas/Slick implementations; GraphicsEngine abstract descriptor family plus Canvas/Null/Slick overrides; Slick bytecode routes through Slick Graphics/Image/Font/GL transform calls,v0.72 graphics family completion
method,com/corrodinggames/rts/gameFramework/m/z,(Lcom/corrodinggames/rts/gameFramework/m/e;FFLandroid/graphics/Paint;)V,a,method_z_drawImageCentered,drawImageCentered,v0.72-slick-graphics-backend,slick-graphics-backend,high,Slick implementation offsets x/y by GameImage center fields before raw draw; GraphicsEngine abstract descriptor family plus Canvas/Null/Slick overrides; Slick bytecode routes through Slick Graphics/Image/Font/GL transform calls,v0.72 graphics family completion
method,com/corrodinggames/rts/gameFramework/m/z,(Lcom/corrodinggames/rts/gameFramework/m/e;FFLandroid/graphics/Paint;FF)V,a,method_z_drawImageTransformed,drawImageTransformed,v0.72-slick-graphics-backend,slick-graphics-backend,high,Draws image at x/y with explicit scale/pivot style float arguments; GraphicsEngine abstract descriptor family plus Canvas/Null/Slick overrides; Slick bytecode routes through Slick Graphics/Image/Font/GL transform calls,v0.72 graphics family completion
method,com/corrodinggames/rts/gameFramework/m/z,(Lcom/corrodinggames/rts/gameFramework/m/e;FFLandroid/graphics/Paint;)V,b,method_z_drawImageRaw,drawImageRaw,v0.72-slick-graphics-backend,slick-graphics-backend,high,Raw x/y image draw without center offset; GraphicsEngine abstract descriptor family plus Canvas/Null/Slick overrides; Slick bytecode routes through Slick Graphics/Image/Font/GL transform calls,v0.72 graphics family completion
method,com/corrodinggames/rts/gameFramework/m/z,(Lcom/corrodinggames/rts/gameFramework/m/e;Landroid/graphics/Rect;Landroid/graphics/Paint;)V,a,method_z_drawTiledImage,drawTiledImage,v0.72-slick-graphics-backend,slick-graphics-backend,high,Draws/tessellates image into a Rect destination; GraphicsEngine abstract descriptor family plus Canvas/Null/Slick overrides; Slick bytecode routes through Slick Graphics/Image/Font/GL transform calls,v0.72 graphics family completion
method,com/corrodinggames/rts/gameFramework/m/z,(Lcom/corrodinggames/rts/gameFramework/m/e;Landroid/graphics/Rect;Landroid/graphics/Paint;IIII)V,a,method_z_drawTiledImage,drawTiledImage,v0.72-slick-graphics-backend,slick-graphics-backend,high,Draws/tessellates image into a Rect with explicit tile offsets/margins; GraphicsEngine abstract descriptor family plus Canvas/Null/Slick overrides; Slick bytecode routes through Slick Graphics/Image/Font/GL transform calls,v0.72 graphics family completion
method,com/corrodinggames/rts/gameFramework/m/z,(Lcom/corrodinggames/rts/gameFramework/m/e;Landroid/graphics/RectF;Landroid/graphics/Paint;FFII)V,a,method_z_drawTiledImage,drawTiledImage,v0.72-slick-graphics-backend,slick-graphics-backend,high,Draws/tessellates image into a RectF with explicit tile offsets/margins; GraphicsEngine abstract descriptor family plus Canvas/Null/Slick overrides; Slick bytecode routes through Slick Graphics/Image/Font/GL transform calls,v0.72 graphics family completion
method,com/corrodinggames/rts/gameFramework/m/z,(Landroid/graphics/Rect;Landroid/graphics/Paint;)V,a,method_z_drawRect,drawRect,v0.72-slick-graphics-backend,slick-graphics-backend,high,Draws Android Rect through backend paint state; GraphicsEngine abstract descriptor family plus Canvas/Null/Slick overrides; Slick bytecode routes through Slick Graphics/Image/Font/GL transform calls,v0.72 graphics family completion
method,com/corrodinggames/rts/gameFramework/m/z,(Landroid/graphics/Rect;Landroid/graphics/Paint;)V,b,method_z_drawRectDirect,drawRectDirect,v0.72-slick-graphics-backend,slick-graphics-backend,high,Direct Rect draw variant after public RectF/text helpers; GraphicsEngine abstract descriptor family plus Canvas/Null/Slick overrides; Slick bytecode routes through Slick Graphics/Image/Font/GL transform calls,v0.72 graphics family completion
method,com/corrodinggames/rts/gameFramework/m/z,(Landroid/graphics/RectF;Landroid/graphics/Paint;)V,a,method_z_drawRect,drawRect,v0.72-slick-graphics-backend,slick-graphics-backend,high,Draws Android RectF through backend paint state; GraphicsEngine abstract descriptor family plus Canvas/Null/Slick overrides; Slick bytecode routes through Slick Graphics/Image/Font/GL transform calls,v0.72 graphics family completion
method,com/corrodinggames/rts/gameFramework/m/z,(Landroid/graphics/Rect;Landroid/graphics/Paint;)V,c,method_z_drawRectFromSize,drawRectFromSize,v0.72-slick-graphics-backend,slick-graphics-backend,high,Canvas/Slick method builds a RectF/area from Rect fields and fills/strokes it; GraphicsEngine abstract descriptor family plus Canvas/Null/Slick overrides; Slick bytecode routes through Slick Graphics/Image/Font/GL transform calls,v0.72 graphics family completion
method,com/corrodinggames/rts/gameFramework/m/z,(I)V,b,method_z_drawColor,drawColor,v0.72-slick-graphics-backend,slick-graphics-backend,high,Draws/clears with packed ARGB color; GraphicsEngine abstract descriptor family plus Canvas/Null/Slick overrides; Slick bytecode routes through Slick Graphics/Image/Font/GL transform calls,v0.72 graphics family completion
method,com/corrodinggames/rts/gameFramework/m/z,(ILandroid/graphics/PorterDuff$Mode;)V,a,method_z_drawColor,drawColor,v0.72-slick-graphics-backend,slick-graphics-backend,high,Draws/clears with packed ARGB color and PorterDuff mode; GraphicsEngine abstract descriptor family plus Canvas/Null/Slick overrides; Slick bytecode routes through Slick Graphics/Image/Font/GL transform calls,v0.72 graphics family completion
method,com/corrodinggames/rts/gameFramework/m/z,(Ljava/lang/String;FFLandroid/graphics/Paint;Landroid/graphics/Paint;F)V,a,method_z_drawTextWithBackground,drawTextWithBackground,v0.72-slick-graphics-backend,slick-graphics-backend,high,"Slick implementation measures text, draws padded background RectF, then draws text; GraphicsEngine abstract descriptor family plus Canvas/Null/Slick overrides; Slick bytecode routes through Slick Graphics/Image/Font/GL transform calls",v0.72 graphics family completion
method,com/corrodinggames/rts/gameFramework/m/z,(Ljava/lang/String;FFLandroid/graphics/Paint;)V,a,method_z_drawText,drawText,v0.72-slick-graphics-backend,slick-graphics-backend,high,Slick implementation applies UI-scale font path and calls Slick font drawString; GraphicsEngine abstract descriptor family plus Canvas/Null/Slick overrides; Slick bytecode routes through Slick Graphics/Image/Font/GL transform calls,v0.72 graphics family completion
method,com/corrodinggames/rts/gameFramework/m/z,(Landroid/graphics/Rect;)V,a,method_z_setClipRect,setClipRect,v0.72-slick-graphics-backend,slick-graphics-backend,high,Stores/applies rectangular clip state; GraphicsEngine abstract descriptor family plus Canvas/Null/Slick overrides; Slick bytecode routes through Slick Graphics/Image/Font/GL transform calls,v0.72 graphics family completion
method,com/corrodinggames/rts/gameFramework/m/z,(Landroid/graphics/RectF;)V,a,method_z_setClipRect,setClipRect,v0.72-slick-graphics-backend,slick-graphics-backend,high,Stores/applies RectF clip state; GraphicsEngine abstract descriptor family plus Canvas/Null/Slick overrides; Slick bytecode routes through Slick Graphics/Image/Font/GL transform calls,v0.72 graphics family completion
method,com/corrodinggames/rts/gameFramework/m/z,(FFFLandroid/graphics/Paint;)V,a,method_z_drawCircle,drawCircle,v0.72-slick-graphics-backend,slick-graphics-backend,high,Draws circle through backend paint state; GraphicsEngine abstract descriptor family plus Canvas/Null/Slick overrides; Slick bytecode routes through Slick Graphics/Image/Font/GL transform calls,v0.72 graphics family completion
method,com/corrodinggames/rts/gameFramework/m/z,(FFFLandroid/graphics/Paint;)V,b,method_z_drawCircleDirect,drawCircleDirect,v0.72-slick-graphics-backend,slick-graphics-backend,high,Direct circle helper; Slick path uses GL/line strip for stroke/fill variants; GraphicsEngine abstract descriptor family plus Canvas/Null/Slick overrides; Slick bytecode routes through Slick Graphics/Image/Font/GL transform calls,v0.72 graphics family completion
method,com/corrodinggames/rts/gameFramework/m/z,([FIILandroid/graphics/Paint;)V,a,method_z_drawLines,drawLines,v0.72-slick-graphics-backend,slick-graphics-backend,high,Draws packed float line/point coordinates through backend paint state; GraphicsEngine abstract descriptor family plus Canvas/Null/Slick overrides; Slick bytecode routes through Slick Graphics/Image/Font/GL transform calls,v0.72 graphics family completion
method,com/corrodinggames/rts/gameFramework/m/z,(FFFFLandroid/graphics/Paint;)V,a,method_z_drawLine,drawLine,v0.72-slick-graphics-backend,slick-graphics-backend,high,Draws a single line from x1/y1 to x2/y2; GraphicsEngine abstract descriptor family plus Canvas/Null/Slick overrides; Slick bytecode routes through Slick Graphics/Image/Font/GL transform calls,v0.72 graphics family completion
method,com/corrodinggames/rts/gameFramework/m/z,()V,g,method_z_beginFrame,beginFrame,v0.72-slick-graphics-backend,slick-graphics-backend,high,Frame begin hook for graphics backend; GraphicsEngine abstract descriptor family plus Canvas/Null/Slick overrides; Slick bytecode routes through Slick Graphics/Image/Font/GL transform calls,v0.72 graphics family completion
method,com/corrodinggames/rts/gameFramework/m/z,()V,h,method_z_endFrame,endFrame,v0.72-slick-graphics-backend,slick-graphics-backend,high,Frame end hook resets/rebinds graphics state; GraphicsEngine abstract descriptor family plus Canvas/Null/Slick overrides; Slick bytecode routes through Slick Graphics/Image/Font/GL transform calls,v0.72 graphics family completion
method,com/corrodinggames/rts/gameFramework/m/z,()V,i,method_z_save,save,v0.72-slick-graphics-backend,slick-graphics-backend,high,General save stack method in backend interface; GraphicsEngine abstract descriptor family plus Canvas/Null/Slick overrides; Slick bytecode routes through Slick Graphics/Image/Font/GL transform calls,v0.72 graphics family completion
method,com/corrodinggames/rts/gameFramework/m/z,()V,j,method_z_restore,restore,v0.72-slick-graphics-backend,slick-graphics-backend,high,General restore stack method in backend interface; GraphicsEngine abstract descriptor family plus Canvas/Null/Slick overrides; Slick bytecode routes through Slick Graphics/Image/Font/GL transform calls,v0.72 graphics family completion
method,com/corrodinggames/rts/gameFramework/m/z,()V,k,method_z_saveTransform,saveTransform,v0.72-slick-graphics-backend,slick-graphics-backend,high,Slick method pushes transform state before rotate/scale/clip operations; GraphicsEngine abstract descriptor family plus Canvas/Null/Slick overrides; Slick bytecode routes through Slick Graphics/Image/Font/GL transform calls,v0.72 graphics family completion
method,com/corrodinggames/rts/gameFramework/m/z,()V,l,method_z_restoreTransform,restoreTransform,v0.72-slick-graphics-backend,slick-graphics-backend,high,Slick method pops transform state after rotated/scaled draw; GraphicsEngine abstract descriptor family plus Canvas/Null/Slick overrides; Slick bytecode routes through Slick Graphics/Image/Font/GL transform calls,v0.72 graphics family completion
method,com/corrodinggames/rts/gameFramework/m/z,(FFF)V,a,method_z_rotate,rotate,v0.72-slick-graphics-backend,slick-graphics-backend,high,Applies rotation degrees around x/y pivot; GraphicsEngine abstract descriptor family plus Canvas/Null/Slick overrides; Slick bytecode routes through Slick Graphics/Image/Font/GL transform calls,v0.72 graphics family completion
method,com/corrodinggames/rts/gameFramework/m/z,(FF)V,a,method_z_scale,scale,v0.72-slick-graphics-backend,slick-graphics-backend,high,Applies x/y scale to current transform state; GraphicsEngine abstract descriptor family plus Canvas/Null/Slick overrides; Slick bytecode routes through Slick Graphics/Image/Font/GL transform calls,v0.72 graphics family completion
method,com/corrodinggames/rts/gameFramework/m/z,(FFFF)V,a,method_z_scaleAround,scaleAround,v0.72-slick-graphics-backend,slick-graphics-backend,high,Applies x/y scale around a pivot point; GraphicsEngine abstract descriptor family plus Canvas/Null/Slick overrides; Slick bytecode routes through Slick Graphics/Image/Font/GL transform calls,v0.72 graphics family completion
method,com/corrodinggames/rts/gameFramework/m/z,(FF)V,b,method_z_translate,translate,v0.72-slick-graphics-backend,slick-graphics-backend,high,Applies x/y translation to current transform state; GraphicsEngine abstract descriptor family plus Canvas/Null/Slick overrides; Slick bytecode routes through Slick Graphics/Image/Font/GL transform calls,v0.72 graphics family completion
method,com/corrodinggames/rts/gameFramework/m/z,(Lcom/corrodinggames/rts/gameFramework/m/m;)V,a,method_z_runDrawTimeCallback,runDrawTimeCallback,v0.72-slick-graphics-backend,slick-graphics-backend,high,Runs a draw-time callback against the active graphics backend; GraphicsEngine abstract descriptor family plus Canvas/Null/Slick overrides; Slick bytecode routes through Slick Graphics/Image/Font/GL transform calls,v0.72 graphics family completion
method,com/corrodinggames/rts/gameFramework/m/z,()V,o,method_z_clearAlphaMap,clearAlphaMap,v0.72-slick-graphics-backend,slick-graphics-backend,high,Clears/reset alpha map state; Slick implementation is a render backend no-op hook; GraphicsEngine abstract descriptor family plus Canvas/Null/Slick overrides; Slick bytecode routes through Slick Graphics/Image/Font/GL transform calls,v0.72 graphics family completion
method,com/corrodinggames/rts/gameFramework/m/z,(Landroid/graphics/Paint;)V,a,method_z_prepareFontForPaint,prepareFontForPaint,v0.72-slick-graphics-backend,slick-graphics-backend,high,Prepares backend font/paint state for text measurement/drawing; GraphicsEngine abstract descriptor family plus Canvas/Null/Slick overrides; Slick bytecode routes through Slick Graphics/Image/Font/GL transform calls,v0.72 graphics family completion
method,com/corrodinggames/rts/gameFramework/m/z,()V,p,method_z_flush,flush,v0.72-slick-graphics-backend,slick-graphics-backend,high,Flushes pending backend rendering work; GraphicsEngine abstract descriptor family plus Canvas/Null/Slick overrides; Slick bytecode routes through Slick Graphics/Image/Font/GL transform calls,v0.72 graphics family completion
method,com/corrodinggames/rts/gameFramework/m/z,()V,q,method_z_dispose,dispose,v0.72-slick-graphics-backend,slick-graphics-backend,high,Disposes/destroys backend rendering resources; GraphicsEngine abstract descriptor family plus Canvas/Null/Slick overrides; Slick bytecode routes through Slick Graphics/Image/Font/GL transform calls,v0.72 graphics family completion
method,com/corrodinggames/rts/gameFramework/m/z,(Ljava/lang/String;Landroid/graphics/Paint;)I,a,method_z_getTextHeight,getTextHeight,v0.72-slick-graphics-backend,slick-graphics-backend,high,Measures text height with backend font metrics; GraphicsEngine abstract descriptor family plus Canvas/Null/Slick overrides; Slick bytecode routes through Slick Graphics/Image/Font/GL transform calls,v0.72 graphics family completion
method,com/corrodinggames/rts/gameFramework/m/z,(Ljava/lang/String;Landroid/graphics/Paint;)I,b,method_z_getTextWidth,getTextWidth,v0.72-slick-graphics-backend,slick-graphics-backend,high,Measures text width with backend font metrics; GraphicsEngine abstract descriptor family plus Canvas/Null/Slick overrides; Slick bytecode routes through Slick Graphics/Image/Font/GL transform calls,v0.72 graphics family completion
method,com/corrodinggames/rts/gameFramework/m/z,(Lcom/corrodinggames/rts/gameFramework/m/e;Ljava/io/File;)V,a,method_z_saveImageToFile,saveImageToFile,v0.72-slick-graphics-backend,slick-graphics-backend,high,Writes a GameImage/render target to file; GraphicsEngine abstract descriptor family plus Canvas/Null/Slick overrides; Slick bytecode routes through Slick Graphics/Image/Font/GL transform calls,v0.72 graphics family completion
method,com/corrodinggames/rts/gameFramework/m/z,(Ljava/util/concurrent/locks/Lock;)V,a,method_z_enterLock,enterLock,v0.72-slick-graphics-backend,slick-graphics-backend,high,Acquires an external render lock around backend work; GraphicsEngine abstract descriptor family plus Canvas/Null/Slick overrides; Slick bytecode routes through Slick Graphics/Image/Font/GL transform calls,v0.72 graphics family completion
method,com/corrodinggames/rts/gameFramework/m/z,(Ljava/util/concurrent/locks/Lock;)V,b,method_z_leaveLock,leaveLock,v0.72-slick-graphics-backend,slick-graphics-backend,high,Releases an external render lock around backend work; GraphicsEngine abstract descriptor family plus Canvas/Null/Slick overrides; Slick bytecode routes through Slick Graphics/Image/Font/GL transform calls,v0.72 graphics family completion
method,com/corrodinggames/rts/gameFramework/m/z,()F,s,method_z_getUiScale,getUiScale,v0.72-slick-graphics-backend,slick-graphics-backend,high,Returns backend UI scale used by Slick text scaling path; GraphicsEngine abstract descriptor family plus Canvas/Null/Slick overrides; Slick bytecode routes through Slick Graphics/Image/Font/GL transform calls,v0.72 graphics family completion
method,com/corrodinggames/rts/java/e,(Lcom/corrodinggames/rts/gameFramework/m/e;)Lcom/corrodinggames/rts/gameFramework/m/y;,a,method_e_createChildBackendForImage,createChildBackendForImage,v0.72-slick-graphics-backend,slick-graphics-backend,high,Creates a graphics backend bound to a target GameImage; Slick bridge delegates to class-specific child backend; GraphicsEngine abstract descriptor family plus Canvas/Null/Slick overrides; Slick bytecode routes through Slick Graphics/Image/Font/GL transform calls,v0.72 graphics family completion
method,com/corrodinggames/rts/java/e,(Lcom/corrodinggames/rts/gameFramework/m/e;)Lcom/corrodinggames/rts/gameFramework/m/y;,b,method_e_createBackendForImage,createBackendForImage,v0.72-slick-graphics-backend,slick-graphics-backend,high,Creates a graphics backend for a render target GameImage; Slick bridge delegates to class-specific backend factory; GraphicsEngine abstract descriptor family plus Canvas/Null/Slick overrides; Slick bytecode routes through Slick Graphics/Image/Font/GL transform calls,v0.72 graphics family completion
method,com/corrodinggames/rts/java/e,()I,m,method_e_getWidth,getWidth,v0.72-slick-graphics-backend,slick-graphics-backend,high,Returns target or screen width for the active graphics backend; GraphicsEngine abstract descriptor family plus Canvas/Null/Slick overrides; Slick bytecode routes through Slick Graphics/Image/Font/GL transform calls,v0.72 graphics family completion
method,com/corrodinggames/rts/java/e,()I,n,method_e_getHeight,getHeight,v0.72-slick-graphics-backend,slick-graphics-backend,high,Returns target or screen height for the active graphics backend; GraphicsEngine abstract descriptor family plus Canvas/Null/Slick overrides; Slick bytecode routes through Slick Graphics/Image/Font/GL transform calls,v0.72 graphics family completion
method,com/corrodinggames/rts/java/e,(II)V,a,method_e_setSize,setSize,v0.72-slick-graphics-backend,slick-graphics-backend,high,Stores backend target width and height; GraphicsEngine abstract descriptor family plus Canvas/Null/Slick overrides; Slick bytecode routes through Slick Graphics/Image/Font/GL transform calls,v0.72 graphics family completion
method,com/corrodinggames/rts/java/e,(Lcom/corrodinggames/rts/gameFramework/m/e;FFFLandroid/graphics/Paint;)V,a,method_e_drawImageRotated,drawImageRotated,v0.72-slick-graphics-backend,slick-graphics-backend,high,"Slick implementation saves transform, rotates, draws image centered, then restores; GraphicsEngine abstract descriptor family plus Canvas/Null/Slick overrides; Slick bytecode routes through Slick Graphics/Image/Font/GL transform calls",v0.72 graphics family completion
method,com/corrodinggames/rts/java/e,(Lcom/corrodinggames/rts/gameFramework/m/e;Landroid/graphics/Rect;FFFLandroid/graphics/Paint;)V,a,method_e_drawImageSectionRotated,drawImageSectionRotated,v0.72-slick-graphics-backend,slick-graphics-backend,high,Slick implementation rotates around destination and draws source Rect into scratch RectF; GraphicsEngine abstract descriptor family plus Canvas/Null/Slick overrides; Slick bytecode routes through Slick Graphics/Image/Font/GL transform calls,v0.72 graphics family completion
method,com/corrodinggames/rts/java/e,(Lcom/corrodinggames/rts/gameFramework/m/e;Landroid/graphics/Rect;Landroid/graphics/Rect;Landroid/graphics/Paint;)V,a,method_e_drawImage,drawImage,v0.72-slick-graphics-backend,slick-graphics-backend,high,Draws a source Rect to a destination Rect via RectF conversion; GraphicsEngine abstract descriptor family plus Canvas/Null/Slick overrides; Slick bytecode routes through Slick Graphics/Image/Font/GL transform calls,v0.72 graphics family completion
method,com/corrodinggames/rts/java/e,(Lcom/corrodinggames/rts/gameFramework/m/e;Landroid/graphics/Rect;Landroid/graphics/RectF;Landroid/graphics/Paint;)V,a,method_e_drawImage,drawImage,v0.72-slick-graphics-backend,slick-graphics-backend,high,Draws a source Rect to a destination RectF; GraphicsEngine abstract descriptor family plus Canvas/Null/Slick overrides; Slick bytecode routes through Slick Graphics/Image/Font/GL transform calls,v0.72 graphics family completion
method,com/corrodinggames/rts/java/e,(Lcom/corrodinggames/rts/gameFramework/m/e;Landroid/graphics/Rect;Landroid/graphics/Rect;Landroid/graphics/Paint;)V,b,method_e_drawImageDirect,drawImageDirect,v0.72-slick-graphics-backend,slick-graphics-backend,high,Alternate direct Rect-to-Rect draw path in Canvas/Slick implementations; GraphicsEngine abstract descriptor family plus Canvas/Null/Slick overrides; Slick bytecode routes through Slick Graphics/Image/Font/GL transform calls,v0.72 graphics family completion
method,com/corrodinggames/rts/java/e,(Lcom/corrodinggames/rts/gameFramework/m/e;FFLandroid/graphics/Paint;)V,a,method_e_drawImageCentered,drawImageCentered,v0.72-slick-graphics-backend,slick-graphics-backend,high,Slick implementation offsets x/y by GameImage center fields before raw draw; GraphicsEngine abstract descriptor family plus Canvas/Null/Slick overrides; Slick bytecode routes through Slick Graphics/Image/Font/GL transform calls,v0.72 graphics family completion
method,com/corrodinggames/rts/java/e,(Lcom/corrodinggames/rts/gameFramework/m/e;FFLandroid/graphics/Paint;FF)V,a,method_e_drawImageTransformed,drawImageTransformed,v0.72-slick-graphics-backend,slick-graphics-backend,high,Draws image at x/y with explicit scale/pivot style float arguments; GraphicsEngine abstract descriptor family plus Canvas/Null/Slick overrides; Slick bytecode routes through Slick Graphics/Image/Font/GL transform calls,v0.72 graphics family completion
method,com/corrodinggames/rts/java/e,(Lcom/corrodinggames/rts/gameFramework/m/e;FFLandroid/graphics/Paint;)V,b,method_e_drawImageRaw,drawImageRaw,v0.72-slick-graphics-backend,slick-graphics-backend,high,Raw x/y image draw without center offset; GraphicsEngine abstract descriptor family plus Canvas/Null/Slick overrides; Slick bytecode routes through Slick Graphics/Image/Font/GL transform calls,v0.72 graphics family completion
method,com/corrodinggames/rts/java/e,(Lcom/corrodinggames/rts/gameFramework/m/e;Landroid/graphics/Rect;Landroid/graphics/Paint;)V,a,method_e_drawTiledImage,drawTiledImage,v0.72-slick-graphics-backend,slick-graphics-backend,high,Draws/tessellates image into a Rect destination; GraphicsEngine abstract descriptor family plus Canvas/Null/Slick overrides; Slick bytecode routes through Slick Graphics/Image/Font/GL transform calls,v0.72 graphics family completion
method,com/corrodinggames/rts/java/e,(Lcom/corrodinggames/rts/gameFramework/m/e;Landroid/graphics/Rect;Landroid/graphics/Paint;IIII)V,a,method_e_drawTiledImage,drawTiledImage,v0.72-slick-graphics-backend,slick-graphics-backend,high,Draws/tessellates image into a Rect with explicit tile offsets/margins; GraphicsEngine abstract descriptor family plus Canvas/Null/Slick overrides; Slick bytecode routes through Slick Graphics/Image/Font/GL transform calls,v0.72 graphics family completion
method,com/corrodinggames/rts/java/e,(Lcom/corrodinggames/rts/gameFramework/m/e;Landroid/graphics/RectF;Landroid/graphics/Paint;FFII)V,a,method_e_drawTiledImage,drawTiledImage,v0.72-slick-graphics-backend,slick-graphics-backend,high,Draws/tessellates image into a RectF with explicit tile offsets/margins; GraphicsEngine abstract descriptor family plus Canvas/Null/Slick overrides; Slick bytecode routes through Slick Graphics/Image/Font/GL transform calls,v0.72 graphics family completion
method,com/corrodinggames/rts/java/e,(Landroid/graphics/Rect;Landroid/graphics/Paint;)V,a,method_e_drawRect,drawRect,v0.72-slick-graphics-backend,slick-graphics-backend,high,Draws Android Rect through backend paint state; GraphicsEngine abstract descriptor family plus Canvas/Null/Slick overrides; Slick bytecode routes through Slick Graphics/Image/Font/GL transform calls,v0.72 graphics family completion
method,com/corrodinggames/rts/java/e,(Landroid/graphics/Rect;Landroid/graphics/Paint;)V,b,method_e_drawRectDirect,drawRectDirect,v0.72-slick-graphics-backend,slick-graphics-backend,high,Direct Rect draw variant after public RectF/text helpers; GraphicsEngine abstract descriptor family plus Canvas/Null/Slick overrides; Slick bytecode routes through Slick Graphics/Image/Font/GL transform calls,v0.72 graphics family completion
method,com/corrodinggames/rts/java/e,(Landroid/graphics/RectF;Landroid/graphics/Paint;)V,a,method_e_drawRect,drawRect,v0.72-slick-graphics-backend,slick-graphics-backend,high,Draws Android RectF through backend paint state; GraphicsEngine abstract descriptor family plus Canvas/Null/Slick overrides; Slick bytecode routes through Slick Graphics/Image/Font/GL transform calls,v0.72 graphics family completion
method,com/corrodinggames/rts/java/e,(Landroid/graphics/Rect;Landroid/graphics/Paint;)V,c,method_e_drawRectFromSize,drawRectFromSize,v0.72-slick-graphics-backend,slick-graphics-backend,high,Canvas/Slick method builds a RectF/area from Rect fields and fills/strokes it; GraphicsEngine abstract descriptor family plus Canvas/Null/Slick overrides; Slick bytecode routes through Slick Graphics/Image/Font/GL transform calls,v0.72 graphics family completion
method,com/corrodinggames/rts/java/e,(I)V,b,method_e_drawColor,drawColor,v0.72-slick-graphics-backend,slick-graphics-backend,high,Draws/clears with packed ARGB color; GraphicsEngine abstract descriptor family plus Canvas/Null/Slick overrides; Slick bytecode routes through Slick Graphics/Image/Font/GL transform calls,v0.72 graphics family completion
method,com/corrodinggames/rts/java/e,(ILandroid/graphics/PorterDuff$Mode;)V,a,method_e_drawColor,drawColor,v0.72-slick-graphics-backend,slick-graphics-backend,high,Draws/clears with packed ARGB color and PorterDuff mode; GraphicsEngine abstract descriptor family plus Canvas/Null/Slick overrides; Slick bytecode routes through Slick Graphics/Image/Font/GL transform calls,v0.72 graphics family completion
method,com/corrodinggames/rts/java/e,(Ljava/lang/String;FFLandroid/graphics/Paint;Landroid/graphics/Paint;F)V,a,method_e_drawTextWithBackground,drawTextWithBackground,v0.72-slick-graphics-backend,slick-graphics-backend,high,"Slick implementation measures text, draws padded background RectF, then draws text; GraphicsEngine abstract descriptor family plus Canvas/Null/Slick overrides; Slick bytecode routes through Slick Graphics/Image/Font/GL transform calls",v0.72 graphics family completion
method,com/corrodinggames/rts/java/e,(Ljava/lang/String;FFLandroid/graphics/Paint;)V,a,method_e_drawText,drawText,v0.72-slick-graphics-backend,slick-graphics-backend,high,Slick implementation applies UI-scale font path and calls Slick font drawString; GraphicsEngine abstract descriptor family plus Canvas/Null/Slick overrides; Slick bytecode routes through Slick Graphics/Image/Font/GL transform calls,v0.72 graphics family completion
method,com/corrodinggames/rts/java/e,(Landroid/graphics/Rect;)V,a,method_e_setClipRect,setClipRect,v0.72-slick-graphics-backend,slick-graphics-backend,high,Stores/applies rectangular clip state; GraphicsEngine abstract descriptor family plus Canvas/Null/Slick overrides; Slick bytecode routes through Slick Graphics/Image/Font/GL transform calls,v0.72 graphics family completion
method,com/corrodinggames/rts/java/e,(Landroid/graphics/RectF;)V,a,method_e_setClipRect,setClipRect,v0.72-slick-graphics-backend,slick-graphics-backend,high,Stores/applies RectF clip state; GraphicsEngine abstract descriptor family plus Canvas/Null/Slick overrides; Slick bytecode routes through Slick Graphics/Image/Font/GL transform calls,v0.72 graphics family completion
method,com/corrodinggames/rts/java/e,(FFFLandroid/graphics/Paint;)V,a,method_e_drawCircle,drawCircle,v0.72-slick-graphics-backend,slick-graphics-backend,high,Draws circle through backend paint state; GraphicsEngine abstract descriptor family plus Canvas/Null/Slick overrides; Slick bytecode routes through Slick Graphics/Image/Font/GL transform calls,v0.72 graphics family completion
method,com/corrodinggames/rts/java/e,(FFFLandroid/graphics/Paint;)V,b,method_e_drawCircleDirect,drawCircleDirect,v0.72-slick-graphics-backend,slick-graphics-backend,high,Direct circle helper; Slick path uses GL/line strip for stroke/fill variants; GraphicsEngine abstract descriptor family plus Canvas/Null/Slick overrides; Slick bytecode routes through Slick Graphics/Image/Font/GL transform calls,v0.72 graphics family completion
method,com/corrodinggames/rts/java/e,([FIILandroid/graphics/Paint;)V,a,method_e_drawLines,drawLines,v0.72-slick-graphics-backend,slick-graphics-backend,high,Draws packed float line/point coordinates through backend paint state; GraphicsEngine abstract descriptor family plus Canvas/Null/Slick overrides; Slick bytecode routes through Slick Graphics/Image/Font/GL transform calls,v0.72 graphics family completion
method,com/corrodinggames/rts/java/e,(FFFFLandroid/graphics/Paint;)V,a,method_e_drawLine,drawLine,v0.72-slick-graphics-backend,slick-graphics-backend,high,Draws a single line from x1/y1 to x2/y2; GraphicsEngine abstract descriptor family plus Canvas/Null/Slick overrides; Slick bytecode routes through Slick Graphics/Image/Font/GL transform calls,v0.72 graphics family completion
method,com/corrodinggames/rts/java/e,()V,g,method_e_beginFrame,beginFrame,v0.72-slick-graphics-backend,slick-graphics-backend,high,Frame begin hook for graphics backend; GraphicsEngine abstract descriptor family plus Canvas/Null/Slick overrides; Slick bytecode routes through Slick Graphics/Image/Font/GL transform calls,v0.72 graphics family completion
method,com/corrodinggames/rts/java/e,()V,h,method_e_endFrame,endFrame,v0.72-slick-graphics-backend,slick-graphics-backend,high,Frame end hook resets/rebinds graphics state; GraphicsEngine abstract descriptor family plus Canvas/Null/Slick overrides; Slick bytecode routes through Slick Graphics/Image/Font/GL transform calls,v0.72 graphics family completion
method,com/corrodinggames/rts/java/e,()V,i,method_e_save,save,v0.72-slick-graphics-backend,slick-graphics-backend,high,General save stack method in backend interface; GraphicsEngine abstract descriptor family plus Canvas/Null/Slick overrides; Slick bytecode routes through Slick Graphics/Image/Font/GL transform calls,v0.72 graphics family completion
method,com/corrodinggames/rts/java/e,()V,j,method_e_restore,restore,v0.72-slick-graphics-backend,slick-graphics-backend,high,General restore stack method in backend interface; GraphicsEngine abstract descriptor family plus Canvas/Null/Slick overrides; Slick bytecode routes through Slick Graphics/Image/Font/GL transform calls,v0.72 graphics family completion
method,com/corrodinggames/rts/java/e,()V,k,method_e_saveTransform,saveTransform,v0.72-slick-graphics-backend,slick-graphics-backend,high,Slick method pushes transform state before rotate/scale/clip operations; GraphicsEngine abstract descriptor family plus Canvas/Null/Slick overrides; Slick bytecode routes through Slick Graphics/Image/Font/GL transform calls,v0.72 graphics family completion
method,com/corrodinggames/rts/java/e,()V,l,method_e_restoreTransform,restoreTransform,v0.72-slick-graphics-backend,slick-graphics-backend,high,Slick method pops transform state after rotated/scaled draw; GraphicsEngine abstract descriptor family plus Canvas/Null/Slick overrides; Slick bytecode routes through Slick Graphics/Image/Font/GL transform calls,v0.72 graphics family completion
method,com/corrodinggames/rts/java/e,(FFF)V,a,method_e_rotate,rotate,v0.72-slick-graphics-backend,slick-graphics-backend,high,Applies rotation degrees around x/y pivot; GraphicsEngine abstract descriptor family plus Canvas/Null/Slick overrides; Slick bytecode routes through Slick Graphics/Image/Font/GL transform calls,v0.72 graphics family completion
method,com/corrodinggames/rts/java/e,(FF)V,a,method_e_scale,scale,v0.72-slick-graphics-backend,slick-graphics-backend,high,Applies x/y scale to current transform state; GraphicsEngine abstract descriptor family plus Canvas/Null/Slick overrides; Slick bytecode routes through Slick Graphics/Image/Font/GL transform calls,v0.72 graphics family completion
method,com/corrodinggames/rts/java/e,(FFFF)V,a,method_e_scaleAround,scaleAround,v0.72-slick-graphics-backend,slick-graphics-backend,high,Applies x/y scale around a pivot point; GraphicsEngine abstract descriptor family plus Canvas/Null/Slick overrides; Slick bytecode routes through Slick Graphics/Image/Font/GL transform calls,v0.72 graphics family completion
method,com/corrodinggames/rts/java/e,(FF)V,b,method_e_translate,translate,v0.72-slick-graphics-backend,slick-graphics-backend,high,Applies x/y translation to current transform state; GraphicsEngine abstract descriptor family plus Canvas/Null/Slick overrides; Slick bytecode routes through Slick Graphics/Image/Font/GL transform calls,v0.72 graphics family completion
method,com/corrodinggames/rts/java/e,(Lcom/corrodinggames/rts/gameFramework/m/m;)V,a,method_e_runDrawTimeCallback,runDrawTimeCallback,v0.72-slick-graphics-backend,slick-graphics-backend,high,Runs a draw-time callback against the active graphics backend; GraphicsEngine abstract descriptor family plus Canvas/Null/Slick overrides; Slick bytecode routes through Slick Graphics/Image/Font/GL transform calls,v0.72 graphics family completion
method,com/corrodinggames/rts/java/e,()V,o,method_e_clearAlphaMap,clearAlphaMap,v0.72-slick-graphics-backend,slick-graphics-backend,high,Clears/reset alpha map state; Slick implementation is a render backend no-op hook; GraphicsEngine abstract descriptor family plus Canvas/Null/Slick overrides; Slick bytecode routes through Slick Graphics/Image/Font/GL transform calls,v0.72 graphics family completion
method,com/corrodinggames/rts/java/e,(Landroid/graphics/Paint;)V,a,method_e_prepareFontForPaint,prepareFontForPaint,v0.72-slick-graphics-backend,slick-graphics-backend,high,Prepares backend font/paint state for text measurement/drawing; GraphicsEngine abstract descriptor family plus Canvas/Null/Slick overrides; Slick bytecode routes through Slick Graphics/Image/Font/GL transform calls,v0.72 graphics family completion
method,com/corrodinggames/rts/java/e,()V,p,method_e_flush,flush,v0.72-slick-graphics-backend,slick-graphics-backend,high,Flushes pending backend rendering work; GraphicsEngine abstract descriptor family plus Canvas/Null/Slick overrides; Slick bytecode routes through Slick Graphics/Image/Font/GL transform calls,v0.72 graphics family completion
method,com/corrodinggames/rts/java/e,()V,q,method_e_dispose,dispose,v0.72-slick-graphics-backend,slick-graphics-backend,high,Disposes/destroys backend rendering resources; GraphicsEngine abstract descriptor family plus Canvas/Null/Slick overrides; Slick bytecode routes through Slick Graphics/Image/Font/GL transform calls,v0.72 graphics family completion
method,com/corrodinggames/rts/java/e,(Ljava/lang/String;Landroid/graphics/Paint;)I,a,method_e_getTextHeight,getTextHeight,v0.72-slick-graphics-backend,slick-graphics-backend,high,Measures text height with backend font metrics; GraphicsEngine abstract descriptor family plus Canvas/Null/Slick overrides; Slick bytecode routes through Slick Graphics/Image/Font/GL transform calls,v0.72 graphics family completion
method,com/corrodinggames/rts/java/e,(Ljava/lang/String;Landroid/graphics/Paint;)I,b,method_e_getTextWidth,getTextWidth,v0.72-slick-graphics-backend,slick-graphics-backend,high,Measures text width with backend font metrics; GraphicsEngine abstract descriptor family plus Canvas/Null/Slick overrides; Slick bytecode routes through Slick Graphics/Image/Font/GL transform calls,v0.72 graphics family completion
method,com/corrodinggames/rts/java/e,(Lcom/corrodinggames/rts/gameFramework/m/e;Ljava/io/File;)V,a,method_e_saveImageToFile,saveImageToFile,v0.72-slick-graphics-backend,slick-graphics-backend,high,Writes a GameImage/render target to file; GraphicsEngine abstract descriptor family plus Canvas/Null/Slick overrides; Slick bytecode routes through Slick Graphics/Image/Font/GL transform calls,v0.72 graphics family completion
method,com/corrodinggames/rts/java/e,(Ljava/util/concurrent/locks/Lock;)V,a,method_e_enterLock,enterLock,v0.72-slick-graphics-backend,slick-graphics-backend,high,Acquires an external render lock around backend work; GraphicsEngine abstract descriptor family plus Canvas/Null/Slick overrides; Slick bytecode routes through Slick Graphics/Image/Font/GL transform calls,v0.72 graphics family completion
method,com/corrodinggames/rts/java/e,(Ljava/util/concurrent/locks/Lock;)V,b,method_e_leaveLock,leaveLock,v0.72-slick-graphics-backend,slick-graphics-backend,high,Releases an external render lock around backend work; GraphicsEngine abstract descriptor family plus Canvas/Null/Slick overrides; Slick bytecode routes through Slick Graphics/Image/Font/GL transform calls,v0.72 graphics family completion
method,com/corrodinggames/rts/java/e,()F,s,method_e_getUiScale,getUiScale,v0.72-slick-graphics-backend,slick-graphics-backend,high,Returns backend UI scale used by Slick text scaling path; GraphicsEngine abstract descriptor family plus Canvas/Null/Slick overrides; Slick bytecode routes through Slick Graphics/Image/Font/GL transform calls,v0.72 graphics family completion
field,com/corrodinggames/rts/java/e,Z,a,field_e_shadersEnabled,shadersEnabled,v0.72-slick-graphics-backend,slick-graphics-backend,high,SlickGraphicsBackend checks this flag before shader compile/use paths,
field,com/corrodinggames/rts/java/e,Z,b,field_e_paintStateDirty,paintStateDirty,v0.72-slick-graphics-backend,slick-graphics-backend,high,activate/end frame paths mark paint/color state dirty before reapplying Slick color/paint,
field,com/corrodinggames/rts/java/e,Lorg/newdawn/slick/Graphics;,f,field_e_slickGraphics,slickGraphics,v0.72-slick-graphics-backend,slick-graphics-backend,high,Constructor and activateGraphicsContext bind this Slick Graphics object,
field,com/corrodinggames/rts/java/e,Lcom/corrodinggames/rts/gameFramework/m/e;,g,field_e_renderTargetImage,renderTargetImage,v0.72-slick-graphics-backend,slick-graphics-backend,high,Child backend constructors store the GameImage render target,
field,com/corrodinggames/rts/java/e,I,h,field_e_targetWidth,targetWidth,v0.72-slick-graphics-backend,slick-graphics-backend,high,getWidth returns this field when a render target size is active,
field,com/corrodinggames/rts/java/e,I,i,field_e_targetHeight,targetHeight,v0.72-slick-graphics-backend,slick-graphics-backend,high,getHeight returns this field when a render target size is active,
field,com/corrodinggames/rts/java/e,Lorg/newdawn/slick/Graphics;,k,field_e_currentSlickGraphics,currentSlickGraphics,v0.72-slick-graphics-backend,slick-graphics-backend,high,Static current Graphics compared/rebound in activateGraphicsContext,
field,com/corrodinggames/rts/java/e,Lcom/corrodinggames/rts/java/e;,l,field_e_activeBackend,activeBackend,v0.72-slick-graphics-backend,slick-graphics-backend,high,Static active SlickGraphicsBackend used with current Graphics/clip state,
field,com/corrodinggames/rts/java/e,Lcom/corrodinggames/rts/gameFramework/m/ae;,m,field_e_activeShader,activeShader,v0.72-slick-graphics-backend,slick-graphics-backend,high,Static shader pointer updated by applyPaintState / shader clear paths,
field,com/corrodinggames/rts/java/e,Landroid/graphics/Rect;,n,field_e_scratchSrcRect,scratchSrcRect,v0.72-slick-graphics-backend,slick-graphics-backend,high,Scratch Rect used while adapting image/source rectangles,
field,com/corrodinggames/rts/java/e,Landroid/graphics/Rect;,o,field_e_scratchDstRect,scratchDstRect,v0.72-slick-graphics-backend,slick-graphics-backend,high,Scratch Rect used while adapting draw destinations,
field,com/corrodinggames/rts/java/e,Landroid/graphics/RectF;,p,field_e_scratchDstRectF,scratchDstRectF,v0.72-slick-graphics-backend,slick-graphics-backend,high,Scratch RectF used while adapting draw destinations,
field,com/corrodinggames/rts/java/e,Landroid/graphics/PointF;,q,field_e_scratchPoint,scratchPoint,v0.72-slick-graphics-backend,slick-graphics-backend,high,Scratch PointF used by rotatePoint and transform math,
field,com/corrodinggames/rts/java/e,Ljava/util/ArrayList;,u,field_e_fontCacheKeys,fontCacheKeys,v0.72-slick-graphics-backend,slick-graphics-backend,high,Slick font lookup iterates cached SlickFontKey entries,
field,com/corrodinggames/rts/java/e,I,v,field_e_currentDrawMode,currentDrawMode,v0.72-slick-graphics-backend,slick-graphics-backend,high,Paint state switch stores current Slick draw mode for fill/stroke paths,
field,com/corrodinggames/rts/java/e,Landroid/graphics/Paint;,w,field_e_currentPaint,currentPaint,v0.72-slick-graphics-backend,slick-graphics-backend,high,Paint state cache keeps the last applied Android Paint,
field,com/corrodinggames/rts/java/e,Lcom/corrodinggames/rts/java/s;,x,field_e_currentPaintImage,currentPaintImage,v0.72-slick-graphics-backend,slick-graphics-backend,high,Paint state cache keeps the current SlickBitmapOrTexture image,
field,com/corrodinggames/rts/java/e,Landroid/graphics/Paint;,z,field_e_scratchPaint,scratchPaint,v0.72-slick-graphics-backend,slick-graphics-backend,high,Constructor allocates Paint scratch object for rendering helpers,
field,com/corrodinggames/rts/java/e,F,B,field_e_currentLineWidth,currentLineWidth,v0.72-slick-graphics-backend,slick-graphics-backend,high,setLineWidth compares against static current line width before issuing GL line width,
field,com/corrodinggames/rts/java/e,Lcom/corrodinggames/rts/java/f;,C,field_e_fontKeyScratch,fontKeyScratch,v0.72-slick-graphics-backend,slick-graphics-backend,high,getFont fills this reusable SlickFontKey before cache lookup,
field,com/corrodinggames/rts/java/e,[B,D,field_e_pixelScratchBytes,pixelScratchBytes,v0.72-slick-graphics-backend,slick-graphics-backend,high,ImageData readback/copy path reuses this byte array,
field,com/corrodinggames/rts/java/e,Landroid/graphics/RectF;,G,field_e_scratchRectF,scratchRectF,v0.72-slick-graphics-backend,slick-graphics-backend,high,Rotated image path writes destination bounds into this RectF,
field,com/corrodinggames/rts/java/e,F,L,field_e_uiScale,uiScale,v0.72-slick-graphics-backend,slick-graphics-backend,high,shouldScaleTextForUi and getUiScale read this field,
field,com/corrodinggames/rts/java/e,Ljava/nio/FloatBuffer;,N,field_e_sharedFloatBuffer,sharedFloatBuffer,v0.72-slick-graphics-backend,slick-graphics-backend,high,drawLines path ensures/wraps reusable FloatBuffer,
field,com/corrodinggames/rts/java/e,[F,O,field_e_sharedFloatArray,sharedFloatArray,v0.72-slick-graphics-backend,slick-graphics-backend,high,circle/line helper ensures reusable float array capacity,
field,com/corrodinggames/rts/java/e,I,P,field_e_cachedCircleSegments,cachedCircleSegments,v0.72-slick-graphics-backend,slick-graphics-backend,high,drawCircleWithSegments caches segment count for circle trig values,
field,com/corrodinggames/rts/java/e,F,Q,field_e_cachedCircleAngleStep,cachedCircleAngleStep,v0.72-slick-graphics-backend,slick-graphics-backend,high,drawCircleWithSegments caches angle step,
field,com/corrodinggames/rts/java/e,F,R,field_e_cachedCircleCosStep,cachedCircleCosStep,v0.72-slick-graphics-backend,slick-graphics-backend,high,drawCircleWithSegments caches cosine of angle step,
field,com/corrodinggames/rts/java/e,F,S,field_e_cachedCircleSinStep,cachedCircleSinStep,v0.72-slick-graphics-backend,slick-graphics-backend,high,drawCircleWithSegments caches sine of angle step,
field,com/corrodinggames/rts/java/e,Lcom/corrodinggames/rts/java/g;,T,field_e_transformState,transformState,v0.72-slick-graphics-backend,slick-graphics-backend,high,SlickGraphicsBackend reads/writes translate/rotation/scale/clip state through this field,
field,com/corrodinggames/rts/java/e,Lcom/corrodinggames/rts/gameFramework/utility/m;,U,field_e_transformStack,transformStack,v0.72-slick-graphics-backend,slick-graphics-backend,high,saveTransform pushes SlickTransformState instances onto this utility list,
field,com/corrodinggames/rts/java/e,Lcom/corrodinggames/rts/gameFramework/utility/m;,V,field_e_transformStatePool,transformStatePool,v0.72-slick-graphics-backend,slick-graphics-backend,high,restoreTransform recycles SlickTransformState instances into this utility list,
field,com/corrodinggames/rts/java/e,Lorg/newdawn/slick/opengl/renderer/SGL;,W,field_e_slickRenderer,slickRenderer,v0.72-slick-graphics-backend,slick-graphics-backend,high,Static renderer object used for GL calls in clip/line/circle paths,
field,com/corrodinggames/rts/java/e,Lorg/newdawn/slick/opengl/renderer/LineStripRenderer;,X,field_e_lineStripRenderer,lineStripRenderer,v0.72-slick-graphics-backend,slick-graphics-backend,high,Static line strip renderer used by circle/line helper paths,
method,com/corrodinggames/rts/java/e,()V,c,method_e_initSlickRenderer,initSlickRenderer,v0.72-slick-graphics-backend,slick-graphics-backend,high,Static method initializes Slick renderer references via Renderer.get(),
method,com/corrodinggames/rts/java/e,()Lorg/newdawn/slick/Color;,t,method_e_getReusableSlickColor,getReusableSlickColor,v0.72-slick-graphics-backend,slick-graphics-backend,high,Returns reusable Slick Color object for paint conversion,
method,com/corrodinggames/rts/java/e,(Lcom/corrodinggames/rts/gameFramework/m/e;)Lcom/corrodinggames/rts/java/e;,c,method_e_createChildBackendForImage,createChildBackendForImage,v0.72-slick-graphics-backend,slick-graphics-backend,high,Class-specific child backend factory for GameImage render target,
method,com/corrodinggames/rts/java/e,(Lcom/corrodinggames/rts/gameFramework/m/e;)Lcom/corrodinggames/rts/java/e;,d,method_e_createBackendForImage,createBackendForImage,v0.72-slick-graphics-backend,slick-graphics-backend,high,Class-specific backend factory for GameImage render target,
method,com/corrodinggames/rts/java/e,(Ljava/lang/String;)Z,a,method_e_containsNonAscii,containsNonAscii,v0.72-slick-graphics-backend,slick-graphics-backend,high,Static helper scans string characters/codepoints above ASCII range before font glyph loading,
method,com/corrodinggames/rts/java/e,(Lcom/corrodinggames/rts/java/f;Ljava/lang/String;Z)Lorg/newdawn/slick/Font;,a,method_e_getFontForText,getFontForText,v0.72-slick-graphics-backend,slick-graphics-backend,high,Loads/remembers glyphs for text and logs new glyph events before returning Slick Font,
method,com/corrodinggames/rts/java/e,(Lcom/corrodinggames/rts/java/f;Z)Lcom/corrodinggames/rts/java/f;,a,method_e_getOrCreateFontKey,getOrCreateFontKey,v0.72-slick-graphics-backend,slick-graphics-backend,high,Font cache lookup/creation path for size/bold/fallback SlickFontKey,
method,com/corrodinggames/rts/java/e,(Landroid/graphics/Paint;Ljava/lang/String;)V,a,method_e_applyPaintForText,applyPaintForText,v0.72-slick-graphics-backend,slick-graphics-backend,high,Applies Android Paint state with text-aware Slick font/glyph path,
method,com/corrodinggames/rts/java/e,(Landroid/graphics/Paint;)V,b,method_e_applyPaint,applyPaint,v0.72-slick-graphics-backend,slick-graphics-backend,high,Applies Android Paint state without text or image context,
method,com/corrodinggames/rts/java/e,(Landroid/graphics/Paint;Lcom/corrodinggames/rts/java/s;Lcom/corrodinggames/rts/gameFramework/m/e;)V,a,method_e_applyPaintForImage,applyPaintForImage,v0.72-slick-graphics-backend,slick-graphics-backend,high,Applies Android Paint state for image/texture draw path,
method,com/corrodinggames/rts/java/e,()V,u,method_e_activateGraphicsContext,activateGraphicsContext,v0.72-slick-graphics-backend,slick-graphics-backend,high,"Binds Slick Graphics current context, clip state and paint/color dirty state",
method,com/corrodinggames/rts/java/e,(Landroid/graphics/Paint;ZLjava/lang/String;Lcom/corrodinggames/rts/java/s;Lcom/corrodinggames/rts/gameFramework/m/e;)V,a,method_e_applyPaintState,applyPaintState,v0.72-slick-graphics-backend,slick-graphics-backend,high,Central Slick paint/text/image/shader state setup method,
method,com/corrodinggames/rts/java/e,()V,v,method_e_clearShaderProgram,clearShaderProgram,v0.72-slick-graphics-backend,slick-graphics-backend,high,Calls glUseProgram(0) and clears active shader state,
method,com/corrodinggames/rts/java/e,(Lcom/corrodinggames/rts/gameFramework/m/ae;)V,b,method_e_updateShaderUniforms,updateShaderUniforms,v0.72-slick-graphics-backend,slick-graphics-backend,high,Iterates shader parameters/uniforms and uploads them to the Slick GL shader program,
method,com/corrodinggames/rts/java/e,(Lcom/corrodinggames/rts/gameFramework/m/ae;)Z,c,method_e_ensureShaderProgram,ensureShaderProgram,v0.72-slick-graphics-backend,slick-graphics-backend,high,Compiles/links shader program on demand and returns availability,
method,com/corrodinggames/rts/java/e,(Lcom/corrodinggames/rts/gameFramework/m/ae;ILjava/lang/String;)I,a,method_e_compileShaderStage,compileShaderStage,v0.72-slick-graphics-backend,slick-graphics-backend,high,Compiles a vertex/fragment shader stage and logs shader type on failure,
method,com/corrodinggames/rts/java/e,(I)Ljava/lang/String;,e,method_e_getShaderTypeName,getShaderTypeName,v0.72-slick-graphics-backend,slick-graphics-backend,high,Maps OpenGL shader type constant to FRAGMENT_SHADER/VERTEX_SHADER/shader label,
method,com/corrodinggames/rts/java/e,(I)V,f,method_e_setGlColorFromArgb,setGlColorFromArgb,v0.72-slick-graphics-backend,slick-graphics-backend,high,Converts packed ARGB into OpenGL/Slick color state,
method,com/corrodinggames/rts/java/e,(Lorg/newdawn/slick/Color;)V,a,method_e_setSlickColor,setSlickColor,v0.72-slick-graphics-backend,slick-graphics-backend,high,Sets Slick Graphics color only when cached/dirty color state requires it,
method,com/corrodinggames/rts/java/e,(F)V,a,method_e_setLineWidth,setLineWidth,v0.72-slick-graphics-backend,slick-graphics-backend,high,Updates GL line width if it differs from currentLineWidth,
method,com/corrodinggames/rts/java/e,(Landroid/graphics/Paint;Ljava/lang/String;Z)Lorg/newdawn/slick/Font;,a,method_e_getFont,getFont,v0.72-slick-graphics-backend,slick-graphics-backend,high,Builds font key from Paint/text/fallback flag and returns matching Slick Font,
method,com/corrodinggames/rts/java/e,(Lorg/newdawn/slick/opengl/ImageData;Ljava/nio/ByteBuffer;IIIIIII)V,a,method_e_copyPixelsFromImageData,copyPixelsFromImageData,v0.72-slick-graphics-backend,slick-graphics-backend,high,Copies ImageData bytes into destination buffer with channel/stride adjustments,
method,com/corrodinggames/rts/java/e,(Lorg/newdawn/slick/opengl/ImageData;Ljava/nio/ByteBuffer;III)I,a,method_e_readPixelFromImageData,readPixelFromImageData,v0.72-slick-graphics-backend,slick-graphics-backend,high,Reads a packed pixel value from Slick ImageData/ByteBuffer,
method,com/corrodinggames/rts/java/e,(IIII)I,a,method_e_packArgb,packArgb,v0.72-slick-graphics-backend,slick-graphics-backend,high,Static helper packs alpha/red/green/blue channel bytes into an int,
method,com/corrodinggames/rts/java/e,(ILorg/newdawn/slick/Color;)Lorg/newdawn/slick/Color;,a,method_e_setColorFromArgb,setColorFromArgb,v0.72-slick-graphics-backend,slick-graphics-backend,high,Static helper fills a Slick Color from packed ARGB int,
method,com/corrodinggames/rts/java/e,(Lcom/corrodinggames/rts/gameFramework/m/e;)Lcom/corrodinggames/rts/java/s;,e,method_e_unwrapSlickBitmapOrTexture,unwrapSlickBitmapOrTexture,v0.72-slick-graphics-backend,slick-graphics-backend,high,Private static helper validates/unpacks GameImage into SlickBitmapOrTexture,
method,com/corrodinggames/rts/java/e,(Lcom/corrodinggames/rts/gameFramework/m/e;FFLandroid/graphics/Paint;)V,c,method_e_drawImageRawInternal,drawImageRawInternal,v0.72-slick-graphics-backend,slick-graphics-backend,high,Private helper draws GameImage at raw x/y after unwrap and paint state setup,
method,com/corrodinggames/rts/java/e,(Lcom/corrodinggames/rts/gameFramework/m/e;FFFFFFFFLandroid/graphics/Paint;)V,a,method_e_drawImageQuadInternal,drawImageQuadInternal,v0.72-slick-graphics-backend,slick-graphics-backend,high,Private helper maps GameImage texture to explicit quad coordinates,
method,com/corrodinggames/rts/java/e,(Lorg/newdawn/slick/Image;FFFFFFFFLorg/newdawn/slick/Color;F)V,a,method_e_drawSlickImageQuad,drawSlickImageQuad,v0.72-slick-graphics-backend,slick-graphics-backend,high,Private helper emits Slick Image quad draw with color/alpha,
method,com/corrodinggames/rts/java/e,()Z,x,method_e_shouldScaleTextForUi,shouldScaleTextForUi,v0.72-slick-graphics-backend,slick-graphics-backend,high,Checks SettingsEngine.resizeFontWithUIScale and uiScale before scaled text path,
method,com/corrodinggames/rts/java/e,(Z)V,b,method_e_applyClipState,applyClipState,v0.72-slick-graphics-backend,slick-graphics-backend,high,Applies/removes Slick/OpenGL scissor state for current clip rect,
method,com/corrodinggames/rts/java/e,(I)Ljava/nio/FloatBuffer;,c,method_e_ensureFloatBufferCapacity,ensureFloatBufferCapacity,v0.72-slick-graphics-backend,slick-graphics-backend,high,Ensures reusable FloatBuffer can hold requested float count,
method,com/corrodinggames/rts/java/e,([FI)Ljava/nio/FloatBuffer;,a,method_e_wrapFloatBuffer,wrapFloatBuffer,v0.72-slick-graphics-backend,slick-graphics-backend,high,Copies float array data into reusable FloatBuffer and flips it for GL use,
method,com/corrodinggames/rts/java/e,(I)[F,d,method_e_ensureFloatArrayCapacity,ensureFloatArrayCapacity,v0.72-slick-graphics-backend,slick-graphics-backend,high,Ensures reusable float array can hold requested coordinate count,
method,com/corrodinggames/rts/java/e,([FIILandroid/graphics/Paint;)V,b,method_e_drawLinesWithVertexArray,drawLinesWithVertexArray,v0.72-slick-graphics-backend,slick-graphics-backend,high,GL vertex-array backed drawLines implementation,
method,com/corrodinggames/rts/java/e,(FFFI)V,a,method_e_drawCircleWithSegments,drawCircleWithSegments,v0.72-slick-graphics-backend,slick-graphics-backend,high,Draws circle approximation with cached segment trig values,
method,com/corrodinggames/rts/java/e,(FLandroid/graphics/PointF;)V,a,method_e_rotatePoint,rotatePoint,v0.72-slick-graphics-backend,slick-graphics-backend,high,Static helper rotates PointF by degrees for transform math,
method,com/corrodinggames/rts/java/e,()V,y,method_e_flushBuffer,flushBuffer,v0.72-slick-graphics-backend,slick-graphics-backend,high,Flushes Slick/OpenGL buffered draw state before backend flush,
method,com/corrodinggames/rts/java/e,()V,z,method_e_pushTransformState,pushTransformState,v0.72-slick-graphics-backend,slick-graphics-backend,high,Pushes/copies current SlickTransformState for transform save,
method,com/corrodinggames/rts/java/e,()V,A,method_e_popTransformState,popTransformState,v0.72-slick-graphics-backend,slick-graphics-backend,high,Restores/recycles previous SlickTransformState for transform restore,
field,com/corrodinggames/rts/java/f,I,a,field_f_fontSize,fontSize,v0.72-slick-graphics-backend,slick-graphics-backend,high,toString emits FontKey:(size: and constructor/cache logic stores Paint text size here,
field,com/corrodinggames/rts/java/f,Z,b,field_f_bold,bold,v0.72-slick-graphics-backend,slick-graphics-backend,high,Font cache key stores bold flag from Paint typeface/style,
field,com/corrodinggames/rts/java/f,Z,c,field_f_fallback,fallback,v0.72-slick-graphics-backend,slick-graphics-backend,high,Font cache key stores fallback/unicode font flag,
field,com/corrodinggames/rts/java/f,Lorg/newdawn/slick/Font;,d,field_f_font,font,v0.72-slick-graphics-backend,slick-graphics-backend,high,Font cache key owns the loaded Slick Font,
field,com/corrodinggames/rts/java/f,I,e,field_f_recentTextIndex,recentTextIndex,v0.72-slick-graphics-backend,slick-graphics-backend,high,rememberText increments ring index for recentTexts cache,
field,com/corrodinggames/rts/java/f,[Ljava/lang/String;,f,field_f_recentTexts,recentTexts,v0.72-slick-graphics-backend,slick-graphics-backend,high,Font glyph path stores recently seen strings to avoid repeated glyph loads,
field,com/corrodinggames/rts/java/f,Lcom/corrodinggames/rts/java/e;,g,field_f_owner,owner,v0.72-slick-graphics-backend,slick-graphics-backend,high,SlickFontKey captures enclosing SlickGraphicsBackend in constructor,
method,com/corrodinggames/rts/java/f,(Lcom/corrodinggames/rts/java/e;)V,<init>,<init>,<init>,v0.72-slick-graphics-backend,slick-graphics-backend,high,SlickFontKey constructor stores owner and initializes recentTexts ring,
method,com/corrodinggames/rts/java/f,()Lcom/corrodinggames/rts/java/f;,a,method_f_copyKey,copyKey,v0.72-slick-graphics-backend,slick-graphics-backend,high,Clone/copy helper duplicates size/bold/fallback fields for cache insertion,
method,com/corrodinggames/rts/java/f,()Ljava/lang/String;,toString,method_f_toString,toString,v0.72-slick-graphics-backend,slick-graphics-backend,high,"Returns FontKey:(size:..., bold:..., fallback:...) diagnostic string",
method,com/corrodinggames/rts/java/f,(Ljava/lang/String;)Z,a,method_f_hasGlyphsForText,hasGlyphsForText,v0.72-slick-graphics-backend,slick-graphics-backend,high,Returns true when text can be rendered without loading new glyphs/recent text cache miss,
method,com/corrodinggames/rts/java/f,(Ljava/lang/String;)V,b,method_f_rememberText,rememberText,v0.72-slick-graphics-backend,slick-graphics-backend,high,Stores text in recentTexts ring after glyph load,
method,com/corrodinggames/rts/java/f,()Ljava/lang/Object;,clone,method_f_clone,clone,v0.72-slick-graphics-backend,slick-graphics-backend,high,Bridge clone delegates to copyKey,
field,com/corrodinggames/rts/java/g,F,a,field_g_translateX,translateX,v0.72-slick-graphics-backend,slick-graphics-backend,high,SlickGraphicsBackend drawText and translate paths read/write transformState.translateX,
field,com/corrodinggames/rts/java/g,F,b,field_g_translateY,translateY,v0.72-slick-graphics-backend,slick-graphics-backend,high,SlickGraphicsBackend drawText and translate paths read/write transformState.translateY,
field,com/corrodinggames/rts/java/g,F,c,field_g_rotationDegrees,rotationDegrees,v0.72-slick-graphics-backend,slick-graphics-backend,high,Constructor initializes -90 sentinel and rotate path updates current rotation,
field,com/corrodinggames/rts/java/g,F,d,field_g_scaleX,scaleX,v0.72-slick-graphics-backend,slick-graphics-backend,high,Constructor initializes scaleX to 1 and scale path multiplies coordinates by it,
field,com/corrodinggames/rts/java/g,F,e,field_g_scaleY,scaleY,v0.72-slick-graphics-backend,slick-graphics-backend,high,Constructor initializes scaleY to 1 and scale path multiplies coordinates by it,
field,com/corrodinggames/rts/java/g,Landroid/graphics/RectF;,f,field_g_clipRect,clipRect,v0.72-slick-graphics-backend,slick-graphics-backend,high,Clip setter stores current clip rect in transform state,
field,com/corrodinggames/rts/java/g,F,g,field_g_rotationPivotX,rotationPivotX,v0.72-slick-graphics-backend,slick-graphics-backend,high,Rotate path stores pivot x for current transform state,
field,com/corrodinggames/rts/java/g,F,h,field_g_rotationPivotY,rotationPivotY,v0.72-slick-graphics-backend,slick-graphics-backend,high,Rotate path stores pivot y for current transform state,
method,com/corrodinggames/rts/java/g,()V,<init>,<init>,<init>,v0.72-slick-graphics-backend,slick-graphics-backend,high,Initializes rotationDegrees to -90 and scaleX/scaleY to 1,
method,com/corrodinggames/rts/java/g,(Lcom/corrodinggames/rts/java/g;)V,a,method_g_copyInto,copyInto,v0.72-slick-graphics-backend,slick-graphics-backend,high,Copies translate/rotation/scale/clip/pivot fields into another SlickTransformState,
