pc_official,android_official,intermediary,named,confidence,source,reason,scope
com/corrodinggames/rts/appFramework/b,com/corrodinggames/rts/appFramework/a,rw/ui/android/AndroidBaseActivity,rustedwarfare/ui/android/AndroidBaseActivity,high,manual_anchor,independent structural/string anchor,android_appframework_port
com/corrodinggames/rts/appFramework/c,com/corrodinggames/rts/appFramework/d,rw/ui/android/AndroidUiHelper,rustedwarfare/ui/android/AndroidUiHelper,high,manual_anchor,independent structural/string anchor,android_appframework_port
com/corrodinggames/rts/appFramework/c$1,com/corrodinggames/rts/appFramework/e,rw/v090/ui/android/AndroidUiHelper$1,rustedwarfare/ui/android/AndroidUiHelper$1,high,manual_anchor,independent structural/string anchor,android_appframework_port
com/corrodinggames/rts/appFramework/c$2,com/corrodinggames/rts/appFramework/f,rw/v090/ui/android/AndroidUiHelper$2,rustedwarfare/ui/android/AndroidUiHelper$2,high,manual_anchor,independent structural/string anchor,android_appframework_port
com/corrodinggames/rts/appFramework/c$2$1,com/corrodinggames/rts/appFramework/g,rw/v090/ui/android/AndroidUiHelper$2$1,rustedwarfare/ui/android/AndroidUiHelper$2$1,high,manual_anchor,independent structural/string anchor,android_appframework_port
com/corrodinggames/rts/appFramework/d,com/corrodinggames/rts/appFramework/k,rw/ui/android/AndroidStorageCallback,rustedwarfare/ui/android/AndroidStorageCallback,high,manual_anchor,independent structural/string anchor,android_appframework_port
com/corrodinggames/rts/appFramework/e,com/corrodinggames/rts/appFramework/l,rw/ui/android/AndroidGameViewMode,rustedwarfare/ui/android/AndroidGameViewMode,high,manual_anchor,independent structural/string anchor,android_appframework_port
com/corrodinggames/rts/appFramework/f,com/corrodinggames/rts/appFramework/ab,rw/ui/android/GameViewHost,rustedwarfare/ui/android/GameViewHost,high,manual_anchor,independent structural/string anchor,android_appframework_port
com/corrodinggames/rts/appFramework/g,com/corrodinggames/rts/appFramework/InGameActivity,rw/ui/android/InGameActivity,rustedwarfare/ui/android/InGameActivity,high,manual_anchor,independent structural/string anchor,android_appframework_port
com/corrodinggames/rts/appFramework/g$1,com/corrodinggames/rts/appFramework/ak,rw/v090/ui/android/InGameActivity$1,rustedwarfare/ui/android/InGameActivity$1,high,iterative_app_match,super+interface+outer,android_appframework_port
com/corrodinggames/rts/appFramework/g$10,com/corrodinggames/rts/appFramework/ay,rw/v090/ui/android/InGameActivity$10,rustedwarfare/ui/android/InGameActivity$10,high,iterative_app_match,super+interface+outer,android_appframework_port
com/corrodinggames/rts/appFramework/g$11,com/corrodinggames/rts/appFramework/az,rw/v090/ui/android/InGameActivity$11,rustedwarfare/ui/android/InGameActivity$11,high,iterative_app_match,super+interface+outer,android_appframework_port
com/corrodinggames/rts/appFramework/g$12,com/corrodinggames/rts/appFramework/ba,rw/v090/ui/android/InGameActivity$12,rustedwarfare/ui/android/InGameActivity$12,high,iterative_app_match,super+interface+outer,android_appframework_port
com/corrodinggames/rts/appFramework/g$13,com/corrodinggames/rts/appFramework/bb,rw/v090/ui/android/InGameActivity$13,rustedwarfare/ui/android/InGameActivity$13,high,manual_bytecode_sequence,exact exited/network-disconnect/finish body; bounded between surrender and battleroom return,android_appframework_port
com/corrodinggames/rts/appFramework/g$14,com/corrodinggames/rts/appFramework/bc,rw/v090/ui/android/InGameActivity$14,rustedwarfare/ui/android/InGameActivity$14,high,iterative_app_match,super+interface+outer,android_appframework_port
com/corrodinggames/rts/appFramework/g$15,com/corrodinggames/rts/appFramework/bd,rw/v090/ui/android/InGameActivity$15,rustedwarfare/ui/android/InGameActivity$15,high,manual_bytecode_sequence,exact finish listener; bounded after return-to-battleroom listener,android_appframework_port
com/corrodinggames/rts/appFramework/g$16,com/corrodinggames/rts/appFramework/be,rw/v090/ui/android/InGameActivity$16,rustedwarfare/ui/android/InGameActivity$16,high,manual_bytecode_sequence,exact EditText+team flag chat-send listener body,android_appframework_port
com/corrodinggames/rts/appFramework/g$2,com/corrodinggames/rts/appFramework/al,rw/v090/ui/android/InGameActivity$2,rustedwarfare/ui/android/InGameActivity$2,high,manual_bytecode_sequence,bytecode-equivalent chat-send listener; field/constructor and network call sequence,android_appframework_port
com/corrodinggames/rts/appFramework/g$3,com/corrodinggames/rts/appFramework/am,rw/v090/ui/android/InGameActivity$3,rustedwarfare/ui/android/InGameActivity$3,medium,manual_bytecode_sequence,anchor-bounded empty cancel listener after g$2,android_appframework_port
com/corrodinggames/rts/appFramework/g$4,com/corrodinggames/rts/appFramework/an,rw/v090/ui/android/InGameActivity$4,rustedwarfare/ui/android/InGameActivity$4,high,iterative_app_match,super+interface+outer,android_appframework_port
com/corrodinggames/rts/appFramework/g$4$1,com/corrodinggames/rts/appFramework/ao,rw/v090/ui/android/InGameActivity$4$1,rustedwarfare/ui/android/InGameActivity$4$1,high,manual_bytecode_sequence,nested map-export confirmation listener; exact owner/string parameter and synthetic accessor,android_appframework_port
com/corrodinggames/rts/appFramework/g$5,com/corrodinggames/rts/appFramework/ap,rw/v090/ui/android/InGameActivity$5,rustedwarfare/ui/android/InGameActivity$5,medium,manual_bytecode_sequence,anchor-bounded empty cancel listener after map export,android_appframework_port
com/corrodinggames/rts/appFramework/g$6,com/corrodinggames/rts/appFramework/aq,rw/v090/ui/android/InGameActivity$6,rustedwarfare/ui/android/InGameActivity$6,high,iterative_app_match,super+interface+outer,android_appframework_port
com/corrodinggames/rts/appFramework/g$6$1,com/corrodinggames/rts/appFramework/ar,rw/v090/ui/android/InGameActivity$6$1,rustedwarfare/ui/android/InGameActivity$6$1,high,manual_bytecode_sequence,nested save confirmation listener; exact owner/string parameter and synthetic accessor,android_appframework_port
com/corrodinggames/rts/appFramework/g$7,com/corrodinggames/rts/appFramework/as,rw/v090/ui/android/InGameActivity$7,rustedwarfare/ui/android/InGameActivity$7,medium,manual_bytecode_sequence,anchor-bounded empty cancel listener after save,android_appframework_port
com/corrodinggames/rts/appFramework/g$8,com/corrodinggames/rts/appFramework/aw,rw/v090/ui/android/InGameActivity$8,rustedwarfare/ui/android/InGameActivity$8,high,iterative_app_match,super+interface+outer,android_appframework_port
com/corrodinggames/rts/appFramework/g$9,com/corrodinggames/rts/appFramework/ax,rw/v090/ui/android/InGameActivity$9,rustedwarfare/ui/android/InGameActivity$9,high,iterative_app_match,super+interface+outer,android_appframework_port
com/corrodinggames/rts/appFramework/h,com/corrodinggames/rts/appFramework/bf,rw/ui/android/InGameActivityTextRunnable,rustedwarfare/ui/android/InGameActivityTextRunnable,high,iterative_app_match,super+interface,android_appframework_port
com/corrodinggames/rts/appFramework/i,com/corrodinggames/rts/appFramework/LevelSelectActivity,rw/ui/android/MapSelectActivity,rustedwarfare/ui/android/MapSelectActivity,high,manual_anchor,independent structural/string anchor,android_appframework_port
com/corrodinggames/rts/appFramework/j,com/corrodinggames/rts/appFramework/LoadLevelActivity,rw/ui/android/SaveGameSelectActivity,rustedwarfare/ui/android/SaveGameSelectActivity,high,manual_anchor,independent structural/string anchor,android_appframework_port
com/corrodinggames/rts/appFramework/k,com/corrodinggames/rts/appFramework/cq,rw/ui/android/SaveGameFileComparator,rustedwarfare/ui/android/SaveGameFileComparator,high,manual_anchor,independent structural/string anchor,android_appframework_port
com/corrodinggames/rts/appFramework/l,com/corrodinggames/rts/appFramework/en,rw/ui/android/MultiTouchReflection,rustedwarfare/ui/android/MultiTouchReflection,high,manual_anchor,independent structural/string anchor,android_appframework_port
com/corrodinggames/rts/appFramework/m,com/corrodinggames/rts/appFramework/ep,rw/ui/android/MultiTouchState,rustedwarfare/ui/android/MultiTouchState,high,manual_anchor,independent structural/string anchor,android_appframework_port
com/corrodinggames/rts/appFramework/n,com/corrodinggames/rts/appFramework/MultiplayerBattleroomActivity,rw/ui/android/MultiplayerBattleroomActivity,rustedwarfare/ui/android/MultiplayerBattleroomActivity,high,manual_anchor,independent structural/string anchor,android_appframework_port
com/corrodinggames/rts/appFramework/n$1,com/corrodinggames/rts/appFramework/et,rw/v090/ui/android/MultiplayerBattleroomActivity$1,rustedwarfare/ui/android/MultiplayerBattleroomActivity$1,high,manual_bytecode_sequence,exact Runnable invoking direct chat-log refresh,android_appframework_port
com/corrodinggames/rts/appFramework/n$2,com/corrodinggames/rts/appFramework/ev,rw/v090/ui/android/MultiplayerBattleroomActivity$2,rustedwarfare/ui/android/MultiplayerBattleroomActivity$2,high,iterative_app_match,super+interface+outer,android_appframework_port
com/corrodinggames/rts/appFramework/n$3,com/corrodinggames/rts/appFramework/fn,rw/v090/ui/android/MultiplayerBattleroomActivity$3,rustedwarfare/ui/android/MultiplayerBattleroomActivity$3,high,iterative_app_match,super+interface,android_appframework_port
com/corrodinggames/rts/appFramework/n$4,com/corrodinggames/rts/appFramework/fo,rw/v090/ui/android/MultiplayerBattleroomActivity$4,rustedwarfare/ui/android/MultiplayerBattleroomActivity$4,high,iterative_app_match,super+interface,android_appframework_port
com/corrodinggames/rts/appFramework/n$5,com/corrodinggames/rts/appFramework/fp,rw/v090/ui/android/MultiplayerBattleroomActivity$5,rustedwarfare/ui/android/MultiplayerBattleroomActivity$5,high,iterative_app_match,super+interface,android_appframework_port
com/corrodinggames/rts/appFramework/o,com/corrodinggames/rts/appFramework/gc,rw/ui/android/BattleroomSlotInfo,rustedwarfare/ui/android/BattleroomSlotInfo,high,manual_anchor,independent structural/string anchor,android_appframework_port
com/corrodinggames/rts/appFramework/p,com/corrodinggames/rts/appFramework/MultiplayerLobbyActivity,rw/ui/android/MultiplayerPlayerListActivity,rustedwarfare/ui/android/MultiplayerPlayerListActivity,high,manual_anchor,independent structural/string anchor,android_appframework_port
com/corrodinggames/rts/appFramework/p$1,com/corrodinggames/rts/appFramework/gh,rw/v090/ui/android/MultiplayerPlayerListActivity$1,rustedwarfare/ui/android/MultiplayerPlayerListActivity$1,high,manual_anchor,independent structural/string anchor,android_appframework_port
com/corrodinggames/rts/appFramework/q,com/corrodinggames/rts/appFramework/ReplaySelectActivity,rw/ui/android/ReplaySelectActivity,rustedwarfare/ui/android/ReplaySelectActivity,high,manual_anchor,independent structural/string anchor,android_appframework_port
com/corrodinggames/rts/appFramework/r,com/corrodinggames/rts/appFramework/hq,rw/ui/android/ReplayFileComparator,rustedwarfare/ui/android/ReplayFileComparator,high,manual_anchor,independent structural/string anchor,android_appframework_port
com/corrodinggames/rts/game/a,com/corrodinggames/rts/game/a,rw/v100/game/GameObject,rustedwarfare/game/GameObject,high,structural_match,mutual_base: mutual-best structural fingerprint,common_core
com/corrodinggames/rts/game/a/a,com/corrodinggames/rts/game/a/a,rw/ai/AiTeam,rustedwarfare/ai/AiTeam,medium,anchor_bounded_sequence,monotonic package sequence; bounded=false; anchors=5,common_core
com/corrodinggames/rts/game/a/a$1,com/corrodinggames/rts/game/a/b,rw/ai/internal/AiUnitMixSelector_1,rustedwarfare/ai/internal/AiUnitMixSelector_1,high,anchor_bounded_sequence,monotonic package sequence; bounded=true; anchors=5,common_core
com/corrodinggames/rts/game/a/a$10,com/corrodinggames/rts/game/a/k,rw/ai/internal/AiUnitMixSelector_10,rustedwarfare/ai/internal/AiUnitMixSelector_10,medium,structural_match,iterative_hungarian: iteration 1; relation signals 1,common_core
com/corrodinggames/rts/game/a/a$11,com/corrodinggames/rts/game/a/l,rw/ai/internal/AiUnitMixSelector_11,rustedwarfare/ai/internal/AiUnitMixSelector_11,high,anchor_bounded_sequence,monotonic package sequence; bounded=true; anchors=5,common_core
com/corrodinggames/rts/game/a/a$12,com/corrodinggames/rts/game/a/m,rw/ai/internal/AiUnitMixSelector_12,rustedwarfare/ai/internal/AiUnitMixSelector_12,high,anchor_bounded_sequence,monotonic package sequence; bounded=true; anchors=5,common_core
com/corrodinggames/rts/game/a/a$13,com/corrodinggames/rts/game/a/n,rw/ai/internal/AiUnitMixSelector_13,rustedwarfare/ai/internal/AiUnitMixSelector_13,high,structural_match,iterative_hungarian: iteration 1; relation signals 1,common_core
com/corrodinggames/rts/game/a/a$2,com/corrodinggames/rts/game/a/c,rw/ai/internal/AiUnitMixSelector_2,rustedwarfare/ai/internal/AiUnitMixSelector_2,medium,structural_match,iterative_hungarian: iteration 1; relation signals 1,common_core
com/corrodinggames/rts/game/a/a$3,com/corrodinggames/rts/game/a/d,rw/ai/internal/AiUnitMixSelector_3,rustedwarfare/ai/internal/AiUnitMixSelector_3,high,anchor_bounded_sequence,monotonic package sequence; bounded=true; anchors=5,common_core
com/corrodinggames/rts/game/a/a$4,com/corrodinggames/rts/game/a/e,rw/ai/internal/AiUnitMixSelector_4,rustedwarfare/ai/internal/AiUnitMixSelector_4,high,anchor_bounded_sequence,monotonic package sequence; bounded=true; anchors=5,common_core
com/corrodinggames/rts/game/a/a$5,com/corrodinggames/rts/game/a/f,rw/ai/internal/AiUnitMixSelector_5,rustedwarfare/ai/internal/AiUnitMixSelector_5,high,anchor_bounded_sequence,monotonic package sequence; bounded=true; anchors=5,common_core
com/corrodinggames/rts/game/a/a$6,com/corrodinggames/rts/game/a/g,rw/ai/internal/AiUnitMixSelector_6,rustedwarfare/ai/internal/AiUnitMixSelector_6,high,anchor_bounded_sequence,monotonic package sequence; bounded=true; anchors=5,common_core
com/corrodinggames/rts/game/a/a$7,com/corrodinggames/rts/game/a/h,rw/ai/internal/AiUnitMixSelector_7,rustedwarfare/ai/internal/AiUnitMixSelector_7,high,anchor_bounded_sequence,monotonic package sequence; bounded=true; anchors=5,common_core
com/corrodinggames/rts/game/a/a$8,com/corrodinggames/rts/game/a/i,rw/ai/internal/AiUnitMixSelector_8,rustedwarfare/ai/internal/AiUnitMixSelector_8,high,anchor_bounded_sequence,monotonic package sequence; bounded=true; anchors=5,common_core
com/corrodinggames/rts/game/a/a$9,com/corrodinggames/rts/game/a/j,rw/ai/internal/AiUnitMixSelector_9,rustedwarfare/ai/internal/AiUnitMixSelector_9,high,anchor_bounded_sequence,monotonic package sequence; bounded=true; anchors=5,common_core
com/corrodinggames/rts/game/a/a/a,com/corrodinggames/rts/game/a/a/a,rw/ai/AiObjective,rustedwarfare/ai/AiObjective,high,structural_match,mutual_base: mutual-best structural fingerprint,common_core
com/corrodinggames/rts/game/a/a/b,com/corrodinggames/rts/game/a/a/b,rw/ai/AiObjectiveType,rustedwarfare/ai/AiObjectiveType,high,structural_match,mutual_base: mutual-best structural fingerprint,common_core
com/corrodinggames/rts/game/a/a/b$1,com/corrodinggames/rts/game/a/a/c,rw/ai/internal/AiObjectiveTypeUnknownFactory,rustedwarfare/ai/internal/AiObjectiveTypeUnknownFactory,high,structural_match,iterative_hungarian: iteration 2; relation signals 2,common_core
com/corrodinggames/rts/game/a/a/b$2,com/corrodinggames/rts/game/a/a/d,rw/ai/internal/AiObjectiveTypeNukingFactory,rustedwarfare/ai/internal/AiObjectiveTypeNukingFactory,high,structural_match,iterative_hungarian: iteration 2; relation signals 2,common_core
com/corrodinggames/rts/game/a/a/c,com/corrodinggames/rts/game/a/a/e,rw/ai/TrackedUnitAiObjective,rustedwarfare/ai/TrackedUnitAiObjective,medium,structural_match,mutual_base: mutual-best structural fingerprint,common_core
com/corrodinggames/rts/game/a/a/d,com/corrodinggames/rts/game/a/a/f,rw/ai/AiNukeObjective,rustedwarfare/ai/AiNukeObjective,medium,structural_match,iterative_hungarian: iteration 1; relation signals 2,common_core
com/corrodinggames/rts/game/a/b,com/corrodinggames/rts/game/a/o,rw/ai/AiUnitFilterMode,rustedwarfare/ai/AiUnitFilterMode,high,manual_residual_closure,mapped callers reference target 7 times; enum cardinality 3,common_cross_build_residual
com/corrodinggames/rts/game/a/c,com/corrodinggames/rts/game/a/p,rw/ai/AiBuildCountCache,rustedwarfare/ai/AiBuildCountCache,medium,structural_match,iterative_hungarian: iteration 1; relation signals 2,common_core
com/corrodinggames/rts/game/a/d,com/corrodinggames/rts/game/a/q,rw/ai/AiUnitMix,rustedwarfare/ai/AiUnitMix,medium,structural_match,iterative_hungarian: iteration 1; relation signals 2,common_core
com/corrodinggames/rts/game/a/e,com/corrodinggames/rts/game/a/r,rw/ai/AiUnitMixEntry,rustedwarfare/ai/AiUnitMixEntry,medium,structural_match,iterative_hungarian: iteration 1; relation signals 2,common_core
com/corrodinggames/rts/game/a/f,com/corrodinggames/rts/game/a/s,rw/ai/AiUnitUtils,rustedwarfare/ai/AiUnitUtils,medium,structural_match,mutual_base: mutual-best structural fingerprint,common_core
com/corrodinggames/rts/game/a/g,com/corrodinggames/rts/game/a/t,rw/ai/AiAttackGroup,rustedwarfare/ai/AiAttackGroup,medium,structural_match,mutual_base: mutual-best structural fingerprint,common_core
com/corrodinggames/rts/game/a/h,com/corrodinggames/rts/game/a/u,rw/ai/AiUnitGroup,rustedwarfare/ai/AiUnitGroup,high,structural_match,mutual_base: mutual-best structural fingerprint,common_core
com/corrodinggames/rts/game/a/i,com/corrodinggames/rts/game/a/v,rw/ai/AiBaseZone,rustedwarfare/ai/AiBaseZone,medium,structural_match,iterative_hungarian: iteration 1; relation signals 2,common_core
com/corrodinggames/rts/game/a/j,com/corrodinggames/rts/game/a/w,rw/ai/AiBaseZoneState,rustedwarfare/ai/AiBaseZoneState,high,structural_match,mutual_base: mutual-best structural fingerprint,common_core
com/corrodinggames/rts/game/a/k,com/corrodinggames/rts/game/a/x,rw/ai/AiBaseZoneRole,rustedwarfare/ai/AiBaseZoneRole,high,structural_match,mutual_base: mutual-best structural fingerprint,common_core
com/corrodinggames/rts/game/a/l,com/corrodinggames/rts/game/a/y,rw/ai/AiTemporaryUnitGroup,rustedwarfare/ai/AiTemporaryUnitGroup,high,structural_match,mutual_base: mutual-best structural fingerprint,common_core
com/corrodinggames/rts/game/a/m,com/corrodinggames/rts/game/a/z,rw/ai/AiPlainZone,rustedwarfare/ai/AiPlainZone,high,structural_match,mutual_base: mutual-best structural fingerprint,common_core
com/corrodinggames/rts/game/a/n,com/corrodinggames/rts/game/a/aa,rw/ai/AiTransporterGroup,rustedwarfare/ai/AiTransporterGroup,high,structural_match,mutual_base: mutual-best structural fingerprint,common_core
com/corrodinggames/rts/game/a/o,com/corrodinggames/rts/game/a/ab,rw/ai/AiZone,rustedwarfare/ai/AiZone,high,structural_match,mutual_base: mutual-best structural fingerprint,common_core
com/corrodinggames/rts/game/b,com/corrodinggames/rts/game/b,rw/v100/game/Unit,rustedwarfare/game/Unit,high,structural_match,mutual_base: mutual-best structural fingerprint,common_core
com/corrodinggames/rts/game/b/a,com/corrodinggames/rts/game/b/a,rw/map/MapObject,rustedwarfare/map/MapObject,high,structural_match,mutual_base: mutual-best structural fingerprint,common_core
com/corrodinggames/rts/game/b/b,com/corrodinggames/rts/game/b/b,rw/map/MapEngine,rustedwarfare/map/MapEngine,medium,structural_match,mutual_base: mutual-best structural fingerprint,common_core
com/corrodinggames/rts/game/b/b$1,com/corrodinggames/rts/game/b/c,rw/map/MapXmlEmptyEntityResolver1,rustedwarfare/map/MapXmlEmptyEntityResolver1,high,anchor_bounded_sequence,monotonic package sequence; bounded=true; anchors=5,common_core
com/corrodinggames/rts/game/b/b$2,com/corrodinggames/rts/game/b/d,rw/map/MapXmlEmptyEntityResolver2,rustedwarfare/map/MapXmlEmptyEntityResolver2,high,anchor_bounded_sequence,monotonic package sequence; bounded=true; anchors=5,common_core
com/corrodinggames/rts/game/b/c,com/corrodinggames/rts/game/b/e,rw/map/MapTileRenderCache,rustedwarfare/map/MapTileRenderCache,medium,anchor_bounded_sequence,monotonic package sequence; bounded=true; anchors=5,common_core
com/corrodinggames/rts/game/b/d,com/corrodinggames/rts/game/b/f,rw/map/MapTileRenderCacheRegion,rustedwarfare/map/MapTileRenderCacheRegion,high,structural_match,mutual_base: mutual-best structural fingerprint,common_core
com/corrodinggames/rts/game/b/e,com/corrodinggames/rts/game/b/g,rw/map/MapLayer,rustedwarfare/map/MapLayer,high,structural_match,mutual_base: mutual-best structural fingerprint,common_core
com/corrodinggames/rts/game/b/f,com/corrodinggames/rts/game/b/h,rw/map/MapLoadException,rustedwarfare/map/MapLoadException,high,structural_match,mutual_base: mutual-best structural fingerprint,common_core
com/corrodinggames/rts/game/b/g,com/corrodinggames/rts/game/b/i,rw/map/MapTile,rustedwarfare/map/MapTile,high,structural_match,mutual_base: mutual-best structural fingerprint,common_core
com/corrodinggames/rts/game/b/h,com/corrodinggames/rts/game/b/j,rw/map/TileAtlas,rustedwarfare/map/TileAtlas,medium,anchor_bounded_sequence,monotonic package sequence; bounded=true; anchors=5,common_core
com/corrodinggames/rts/game/b/i,com/corrodinggames/rts/game/b/k,rw/map/MapObjectGroup,rustedwarfare/map/MapObjectGroup,high,structural_match,mutual_base: mutual-best structural fingerprint,common_core
com/corrodinggames/rts/game/b/j,com/corrodinggames/rts/game/b/l,rw/map/Tileset,rustedwarfare/map/Tileset,medium,structural_match,mutual_base: mutual-best structural fingerprint,common_core
com/corrodinggames/rts/game/b/k,com/corrodinggames/rts/game/b/m,rw/map/TilesetImageCacheEntry,rustedwarfare/map/TilesetImageCacheEntry,high,structural_match,mutual_base: mutual-best structural fingerprint,common_core
com/corrodinggames/rts/game/c,com/corrodinggames/rts/game/c,rw/v100/game/AIPlayer,rustedwarfare/game/AIPlayer,medium,structural_match,mutual_base: mutual-best structural fingerprint,common_core
com/corrodinggames/rts/game/d,com/corrodinggames/rts/game/d,rw/v100/game/SystemTeam,rustedwarfare/game/SystemTeam,high,structural_match,mutual_base: mutual-best structural fingerprint,common_core
com/corrodinggames/rts/game/e,com/corrodinggames/rts/game/e,rw/v100/game/GameTeam,rustedwarfare/game/GameTeam,medium,structural_match,exact_salvage: same owner and mutual-best,common_core
com/corrodinggames/rts/game/f,com/corrodinggames/rts/game/f,rustedwarfare/game/Projectile,rustedwarfare/game/Projectile,high,structural_match,mutual_base: mutual-best structural fingerprint,common_core
com/corrodinggames/rts/game/g,com/corrodinggames/rts/game/g,rustedwarfare/game/BaseProjectileTemplate,rustedwarfare/game/BaseProjectileTemplate,medium,structural_match,iterative_hungarian: iteration 1; relation signals 2,common_core
com/corrodinggames/rts/game/h,com/corrodinggames/rts/game/h,rw/game/ProjectileDamageModifier,rustedwarfare/game/ProjectileDamageModifier,high,structural_match,mutual_base: mutual-best structural fingerprint,common_core
com/corrodinggames/rts/game/i,com/corrodinggames/rts/game/i,rw/core/RustedWarfareGameEngine,rustedwarfare/core/RustedWarfareGameEngine,high,structural_match,critical_anchor: RustedWarfareGameEngine inheritance/content anchor,common_core
com/corrodinggames/rts/game/i$a,com/corrodinggames/rts/game/k,rw/v100rc1/core/RustedWarfareGameEngine$NextLevelThread,rustedwarfare/core/RustedWarfareGameEngine$NextLevelThread,high,structural_match,mutual_base: mutual-best structural fingerprint,common_core
com/corrodinggames/rts/game/j,com/corrodinggames/rts/game/l,rw/v100rc1/render/PostProcessingRenderTarget,rustedwarfare/render/PostProcessingRenderTarget,high,structural_match,mutual_base: mutual-best structural fingerprint,common_core
com/corrodinggames/rts/game/k,com/corrodinggames/rts/game/m,rw/v100rc1/game/FrameCaptureSaveTask,rustedwarfare/game/FrameCaptureSaveTask,high,structural_match,mutual_base: mutual-best structural fingerprint,common_core
com/corrodinggames/rts/game/l,com/corrodinggames/rts/game/n,rw/v100rc1/render/ScorchMark,rustedwarfare/render/ScorchMark,high,structural_match,mutual_base: mutual-best structural fingerprint,common_core
com/corrodinggames/rts/game/m,com/corrodinggames/rts/game/o,rw/v100rc1/render/ScorchMarkType,rustedwarfare/render/ScorchMarkType,high,structural_match,mutual_base: mutual-best structural fingerprint,common_core
com/corrodinggames/rts/game/n,com/corrodinggames/rts/game/p,rw/game/Team,rustedwarfare/game/Team,medium,structural_match,iterative_hungarian: iteration 1; relation signals 2,common_core
com/corrodinggames/rts/game/o,com/corrodinggames/rts/game/q,rw/game/TeamColoringMode,rustedwarfare/game/TeamColoringMode,high,structural_match,mutual_base: mutual-best structural fingerprint,common_core
com/corrodinggames/rts/game/p,com/corrodinggames/rts/game/r,rw/game/UnitTagStats,rustedwarfare/game/UnitTagStats,high,structural_match,mutual_base: mutual-best structural fingerprint,common_core
com/corrodinggames/rts/game/q,com/corrodinggames/rts/game/s,rw/game/TeamRelation,rustedwarfare/game/TeamRelation,high,structural_match,mutual_base: mutual-best structural fingerprint,common_core
com/corrodinggames/rts/game/r,com/corrodinggames/rts/game/t,rw/v100rc1/team/UnitTypeCount,rustedwarfare/team/UnitTypeCount,high,structural_match,mutual_base: mutual-best structural fingerprint,common_core
com/corrodinggames/rts/game/s,com/corrodinggames/rts/game/u,rw/game/TeamStats,rustedwarfare/game/TeamStats,medium,structural_match,mutual_base: mutual-best structural fingerprint,common_core
com/corrodinggames/rts/game/t,com/corrodinggames/rts/game/v,rw/game/UnitTagStatsList,rustedwarfare/game/UnitTagStatsList,high,structural_match,mutual_base: mutual-best structural fingerprint,common_core
com/corrodinggames/rts/game/u,com/corrodinggames/rts/game/w,rw/v100/game/WaveTeam,rustedwarfare/game/WaveTeam,high,anchor_bounded_sequence,monotonic package sequence; bounded=false; anchors=15,common_core
com/corrodinggames/rts/game/units/a,com/corrodinggames/rts/game/units/a,rw/unit/UnitAttackMode,rustedwarfare/unit/UnitAttackMode,high,structural_match,mutual_base: mutual-best structural fingerprint,common_core
com/corrodinggames/rts/game/units/a/a,com/corrodinggames/rts/game/units/a/a,rw/unit/action/ActionAvailabilityFilter,rustedwarfare/unit/action/ActionAvailabilityFilter,high,structural_match,mutual_base: mutual-best structural fingerprint,common_core
com/corrodinggames/rts/game/units/a/b,com/corrodinggames/rts/game/units/a/b,rw/unit/action/UnitActionFilter,rustedwarfare/unit/action/UnitActionFilter,high,structural_match,mutual_base: mutual-best structural fingerprint,common_core
com/corrodinggames/rts/game/units/a/c,com/corrodinggames/rts/game/units/a/c,rustedwarfare/unit/action/UnitActionId,rustedwarfare/unit/action/UnitActionId,high,structural_match,mutual_base: mutual-best structural fingerprint,common_core
com/corrodinggames/rts/game/units/a/d,com/corrodinggames/rts/game/units/a/d,rw/unit/action/AttackModeAction,rustedwarfare/unit/action/AttackModeAction,high,structural_match,mutual_base: mutual-best structural fingerprint,common_core
com/corrodinggames/rts/game/units/a/e,com/corrodinggames/rts/game/units/a/e,rw/unit/action/AttackMoveAction,rustedwarfare/unit/action/AttackMoveAction,high,structural_match,mutual_base: mutual-best structural fingerprint,common_core
com/corrodinggames/rts/game/units/a/f,com/corrodinggames/rts/game/units/a/f,rw/unit/action/GuardUnitAction,rustedwarfare/unit/action/GuardUnitAction,high,structural_match,mutual_base: mutual-best structural fingerprint,common_core
com/corrodinggames/rts/game/units/a/g,com/corrodinggames/rts/game/units/a/g,rw/unit/action/UnitSpecificActionProxy,rustedwarfare/unit/action/UnitSpecificActionProxy,high,structural_match,mutual_base: mutual-best structural fingerprint,common_core
com/corrodinggames/rts/game/units/a/h,com/corrodinggames/rts/game/units/a/h,rw/unit/action/FilteredUnitAction,rustedwarfare/unit/action/FilteredUnitAction,high,structural_match,mutual_base: mutual-best structural fingerprint,common_core
com/corrodinggames/rts/game/units/a/i,com/corrodinggames/rts/game/units/a/i,rw/unit/action/PatrolAction,rustedwarfare/unit/action/PatrolAction,high,structural_match,mutual_base: mutual-best structural fingerprint,common_core
com/corrodinggames/rts/game/units/a/j,com/corrodinggames/rts/game/units/a/j,rw/unit/action/PingMapAction,rustedwarfare/unit/action/PingMapAction,high,structural_match,mutual_base: mutual-best structural fingerprint,common_core
com/corrodinggames/rts/game/units/a/k,com/corrodinggames/rts/game/units/a/k,rw/unit/action/MapPingType,rustedwarfare/unit/action/MapPingType,high,structural_match,mutual_base: mutual-best structural fingerprint,common_core
com/corrodinggames/rts/game/units/a/l,com/corrodinggames/rts/game/units/a/l,rw/unit/action/QueueBuildUnitAction,rustedwarfare/unit/action/QueueBuildUnitAction,high,structural_match,mutual_base: mutual-best structural fingerprint,common_core
com/corrodinggames/rts/game/units/a/m,com/corrodinggames/rts/game/units/a/m,rw/unit/action/ReclaimTargetAction,rustedwarfare/unit/action/ReclaimTargetAction,high,structural_match,mutual_base: mutual-best structural fingerprint,common_core
com/corrodinggames/rts/game/units/a/n,com/corrodinggames/rts/game/units/a/n,rw/unit/action/RepairTargetAction,rustedwarfare/unit/action/RepairTargetAction,high,structural_match,mutual_base: mutual-best structural fingerprint,common_core
com/corrodinggames/rts/game/units/a/o,com/corrodinggames/rts/game/units/a/o,rw/unit/action/SetRallyAction,rustedwarfare/unit/action/SetRallyAction,high,structural_match,mutual_base: mutual-best structural fingerprint,common_core
com/corrodinggames/rts/game/units/a/p,com/corrodinggames/rts/game/units/a/p,rw/unit/action/internal/Obf_a_p,rustedwarfare/unit/action/internal/Obf_a_p,medium,structural_match,mutual_base: mutual-best structural fingerprint,common_core
com/corrodinggames/rts/game/units/a/q,com/corrodinggames/rts/game/units/a/q,rw/unit/action/TeamChatAction,rustedwarfare/unit/action/TeamChatAction,high,structural_match,mutual_base: mutual-best structural fingerprint,common_core
com/corrodinggames/rts/game/units/a/r,com/corrodinggames/rts/game/units/a/r,rw/unit/action/MapPingShortcutAction,rustedwarfare/unit/action/MapPingShortcutAction,high,structural_match,mutual_base: mutual-best structural fingerprint,common_core
com/corrodinggames/rts/game/units/a/s,com/corrodinggames/rts/game/units/a/s,rustedwarfare/unit/action/UnitAction,rustedwarfare/unit/action/UnitAction,high,structural_match,mutual_base: mutual-best structural fingerprint,common_core
com/corrodinggames/rts/game/units/a/t,com/corrodinggames/rts/game/units/a/t,rustedwarfare/unit/action/ActionDisplayType,rustedwarfare/unit/action/ActionDisplayType,high,structural_match,mutual_base: mutual-best structural fingerprint,common_core
com/corrodinggames/rts/game/units/a/u,com/corrodinggames/rts/game/units/a/u,rustedwarfare/unit/action/ActionCommandType,rustedwarfare/unit/action/ActionCommandType,high,structural_match,mutual_base: mutual-best structural fingerprint,common_core
com/corrodinggames/rts/game/units/a/v,com/corrodinggames/rts/game/units/a/v,rw/unit/action/PlaceBuildingAction,rustedwarfare/unit/action/PlaceBuildingAction,high,structural_match,mutual_base: mutual-best structural fingerprint,common_core
com/corrodinggames/rts/game/units/a/w,com/corrodinggames/rts/game/units/a/w,rustedwarfare/unit/action/QueueableUnitAction,rustedwarfare/unit/action/QueueableUnitAction,high,structural_match,mutual_base: mutual-best structural fingerprint,common_core
com/corrodinggames/rts/game/units/a/x,com/corrodinggames/rts/game/units/a/x,rw/unit/action/internal/Obf_a_x,rustedwarfare/unit/action/internal/Obf_a_x,high,structural_match,mutual_base: mutual-best structural fingerprint,common_core
com/corrodinggames/rts/game/units/a/y,com/corrodinggames/rts/game/units/a/y,rw/unit/action/SelectedUnitInfoAction,rustedwarfare/unit/action/SelectedUnitInfoAction,medium,structural_match,mutual_base: mutual-best structural fingerprint,common_core
com/corrodinggames/rts/game/units/a/z,com/corrodinggames/rts/game/units/a/z,rw/unit/action/GroupedUnitInfoAction,rustedwarfare/unit/action/GroupedUnitInfoAction,high,structural_match,mutual_base: mutual-best structural fingerprint,common_core
com/corrodinggames/rts/game/units/aa,com/corrodinggames/rts/game/units/bs,rw/v100rc1/unit/WeaponSummary,rustedwarfare/unit/WeaponSummary,high,anchor_bounded_sequence,monotonic package sequence; bounded=true; anchors=76,common_core
com/corrodinggames/rts/game/units/ab,com/corrodinggames/rts/game/units/bt,rw/unit/UnitDeathEffectType,rustedwarfare/unit/UnitDeathEffectType,high,structural_match,mutual_base: mutual-best structural fingerprint,common_core
com/corrodinggames/rts/game/units/ac,com/corrodinggames/rts/game/units/bu,rw/unit/search/NearestUnitSearchCallback,rustedwarfare/unit/search/NearestUnitSearchCallback,high,structural_match,mutual_base: mutual-best structural fingerprint,common_core
com/corrodinggames/rts/game/units/ad,com/corrodinggames/rts/game/units/bv,rw/unit/path/WaypointUpdateState,rustedwarfare/unit/path/WaypointUpdateState,medium,anchor_bounded_sequence,monotonic package sequence; bounded=true; anchors=76,common_core
com/corrodinggames/rts/game/units/ae,com/corrodinggames/rts/game/units/bw,rw/unit/search/PassiveTargetSearchCallback,rustedwarfare/unit/search/PassiveTargetSearchCallback,high,structural_match,mutual_base: mutual-best structural fingerprint,common_core
com/corrodinggames/rts/game/units/af,com/corrodinggames/rts/game/units/bx,rw/unit/path/UnitPathPoint,rustedwarfare/unit/path/UnitPathPoint,medium,structural_match,iterative_hungarian: iteration 2; relation signals 2,common_core
com/corrodinggames/rts/game/units/ag,com/corrodinggames/rts/game/units/by,rw/unit/UnitOrderSoundType,rustedwarfare/unit/UnitOrderSoundType,high,manual_residual_closure,mapped caller reference flow 13; enum cardinality 4,common_cross_build_residual
com/corrodinggames/rts/game/units/ah,com/corrodinggames/rts/game/units/bz,rw/unit/search/TurretPassiveTargetSearchCallback,rustedwarfare/unit/search/TurretPassiveTargetSearchCallback,medium,structural_match,mutual_base: mutual-best structural fingerprint,common_core
com/corrodinggames/rts/game/units/ai,com/corrodinggames/rts/game/units/ca,rw/unit/effect/SpreadingFireUnit,rustedwarfare/unit/effect/SpreadingFireUnit,medium,structural_match,mutual_base: mutual-best structural fingerprint,common_core
com/corrodinggames/rts/game/units/aj,com/corrodinggames/rts/game/units/cb,rw/unit/search/SpreadingFireAtPointSearchCallback,rustedwarfare/unit/search/SpreadingFireAtPointSearchCallback,high,structural_match,mutual_base: mutual-best structural fingerprint,common_core
com/corrodinggames/rts/game/units/ak,com/corrodinggames/rts/game/units/cc,rw/v100/unit/TransportUnitInterface,rustedwarfare/unit/TransportUnitInterface,high,structural_match,mutual_base: mutual-best structural fingerprint,common_core
com/corrodinggames/rts/game/units/al,com/corrodinggames/rts/game/units/cd,rw/unit/environment/TreeUnit,rustedwarfare/unit/environment/TreeUnit,high,structural_match,mutual_base: mutual-best structural fingerprint,common_core
com/corrodinggames/rts/game/units/am,com/corrodinggames/rts/game/units/ce,rw/unit/Unit,rustedwarfare/unit/Unit,medium,structural_match,mutual_base: mutual-best structural fingerprint,common_core
com/corrodinggames/rts/game/units/an,com/corrodinggames/rts/game/units/cf,rw/unit/visibility/PerTeamUnitVisibilityState,rustedwarfare/unit/visibility/PerTeamUnitVisibilityState,high,structural_match,mutual_base: mutual-best structural fingerprint,common_core
com/corrodinggames/rts/game/units/ao,com/corrodinggames/rts/game/units/cg,rw/unit/MovementType,rustedwarfare/unit/MovementType,high,structural_match,mutual_base: mutual-best structural fingerprint,common_core
com/corrodinggames/rts/game/units/ap,com/corrodinggames/rts/game/units/ch,rw/unit/combat/TurretRuntimeState,rustedwarfare/unit/combat/TurretRuntimeState,high,structural_match,mutual_base: mutual-best structural fingerprint,common_core
com/corrodinggames/rts/game/units/aq,com/corrodinggames/rts/game/units/ci,rw/unit/path/MovementPathingUtils,rustedwarfare/unit/path/MovementPathingUtils,medium,structural_match,iterative_hungarian: iteration 1; relation signals 2,common_core
com/corrodinggames/rts/game/units/ar,com/corrodinggames/rts/game/units/cj,rw/unit/BuiltinUnitType,rustedwarfare/unit/BuiltinUnitType,high,structural_match,mutual_base: mutual-best structural fingerprint,common_core
com/corrodinggames/rts/game/units/ar$1,com/corrodinggames/rts/game/units/ck,rw/unit/BuiltinUnitType$Extractor,rustedwarfare/unit/BuiltinUnitType$Extractor,high,structural_match,iterative_hungarian: iteration 1; relation signals 2,common_core
com/corrodinggames/rts/game/units/ar$10,com/corrodinggames/rts/game/units/ct,rw/unit/BuiltinUnitType$LaserTank,rustedwarfare/unit/BuiltinUnitType$LaserTank,high,anchor_bounded_sequence,monotonic package sequence; bounded=true; anchors=76,common_core
com/corrodinggames/rts/game/units/ar$11,com/corrodinggames/rts/game/units/cu,rw/unit/BuiltinUnitType$Hovercraft,rustedwarfare/unit/BuiltinUnitType$Hovercraft,high,anchor_bounded_sequence,monotonic package sequence; bounded=true; anchors=76,common_core
com/corrodinggames/rts/game/units/ar$12,com/corrodinggames/rts/game/units/cv,rw/unit/BuiltinUnitType$LandFactory,rustedwarfare/unit/BuiltinUnitType$LandFactory,high,structural_match,iterative_hungarian: iteration 2; relation signals 2,common_core
com/corrodinggames/rts/game/units/ar$13,com/corrodinggames/rts/game/units/cw,rw/unit/BuiltinUnitType$Ladybug,rustedwarfare/unit/BuiltinUnitType$Ladybug,medium,structural_match,mutual_base: mutual-best structural fingerprint,common_core
com/corrodinggames/rts/game/units/ar$14,com/corrodinggames/rts/game/units/cx,rw/unit/BuiltinUnitType$BattleShip,rustedwarfare/unit/BuiltinUnitType$BattleShip,medium,structural_match,iterative_hungarian: iteration 2; relation signals 2,common_core
com/corrodinggames/rts/game/units/ar$15,com/corrodinggames/rts/game/units/cy,rw/unit/BuiltinUnitType$TankDestroyer,rustedwarfare/unit/BuiltinUnitType$TankDestroyer,high,anchor_bounded_sequence,monotonic package sequence; bounded=true; anchors=76,common_core
com/corrodinggames/rts/game/units/ar$16,com/corrodinggames/rts/game/units/cz,rw/unit/BuiltinUnitType$HeavyTank,rustedwarfare/unit/BuiltinUnitType$HeavyTank,high,structural_match,iterative_hungarian: iteration 2; relation signals 2,common_core
com/corrodinggames/rts/game/units/ar$17,com/corrodinggames/rts/game/units/da,rw/unit/BuiltinUnitType$HeavyHoverTank,rustedwarfare/unit/BuiltinUnitType$HeavyHoverTank,high,structural_match,iterative_hungarian: iteration 2; relation signals 2,common_core
com/corrodinggames/rts/game/units/ar$18,com/corrodinggames/rts/game/units/db,rw/unit/BuiltinUnitType$LaserDefence,rustedwarfare/unit/BuiltinUnitType$LaserDefence,medium,structural_match,iterative_hungarian: iteration 1; relation signals 2,common_core
com/corrodinggames/rts/game/units/ar$19,com/corrodinggames/rts/game/units/dc,rw/unit/BuiltinUnitType$Dropship,rustedwarfare/unit/BuiltinUnitType$Dropship,high,structural_match,iterative_hungarian: iteration 1; relation signals 2,common_core
com/corrodinggames/rts/game/units/ar$2,com/corrodinggames/rts/game/units/cl,rw/unit/BuiltinUnitType$HoverTank,rustedwarfare/unit/BuiltinUnitType$HoverTank,high,anchor_bounded_sequence,monotonic package sequence; bounded=true; anchors=76,common_core
com/corrodinggames/rts/game/units/ar$20,com/corrodinggames/rts/game/units/dd,rw/unit/BuiltinUnitType$Tree,rustedwarfare/unit/BuiltinUnitType$Tree,medium,structural_match,iterative_hungarian: iteration 2; relation signals 2,common_core
com/corrodinggames/rts/game/units/ar$21,com/corrodinggames/rts/game/units/de,rw/unit/BuiltinUnitType$RepairBay,rustedwarfare/unit/BuiltinUnitType$RepairBay,high,structural_match,iterative_hungarian: iteration 1; relation signals 2,common_core
com/corrodinggames/rts/game/units/ar$22,com/corrodinggames/rts/game/units/df,rw/unit/BuiltinUnitType$NukeLauncher,rustedwarfare/unit/BuiltinUnitType$NukeLauncher,high,structural_match,iterative_hungarian: iteration 1; relation signals 2,common_core
com/corrodinggames/rts/game/units/ar$23,com/corrodinggames/rts/game/units/dg,rw/unit/BuiltinUnitType$AirFactory,rustedwarfare/unit/BuiltinUnitType$AirFactory,high,structural_match,iterative_hungarian: iteration 2; relation signals 2,common_core
com/corrodinggames/rts/game/units/ar$24,com/corrodinggames/rts/game/units/dh,rw/unit/BuiltinUnitType$AntiNukeLauncher,rustedwarfare/unit/BuiltinUnitType$AntiNukeLauncher,high,structural_match,iterative_hungarian: iteration 2; relation signals 2,common_core
com/corrodinggames/rts/game/units/ar$25,com/corrodinggames/rts/game/units/di,rw/unit/BuiltinUnitType$MammothTank,rustedwarfare/unit/BuiltinUnitType$MammothTank,high,anchor_bounded_sequence,monotonic package sequence; bounded=true; anchors=76,common_core
com/corrodinggames/rts/game/units/ar$26,com/corrodinggames/rts/game/units/dj,rw/unit/BuiltinUnitType$ExperimentalTank,rustedwarfare/unit/BuiltinUnitType$ExperimentalTank,high,structural_match,iterative_hungarian: iteration 2; relation signals 2,common_core
com/corrodinggames/rts/game/units/ar$27,com/corrodinggames/rts/game/units/dk,rw/unit/BuiltinUnitType$ExperimentalLandFactory,rustedwarfare/unit/BuiltinUnitType$ExperimentalLandFactory,high,structural_match,iterative_hungarian: iteration 2; relation signals 2,common_core
com/corrodinggames/rts/game/units/ar$28,com/corrodinggames/rts/game/units/dl,rw/unit/BuiltinUnitType$CrystalResource,rustedwarfare/unit/BuiltinUnitType$CrystalResource,high,structural_match,iterative_hungarian: iteration 1; relation signals 2,common_core
com/corrodinggames/rts/game/units/ar$29,com/corrodinggames/rts/game/units/dm,rw/unit/BuiltinUnitType$WallVertical,rustedwarfare/unit/BuiltinUnitType$WallVertical,high,structural_match,iterative_hungarian: iteration 1; relation signals 2,common_core
com/corrodinggames/rts/game/units/ar$3,com/corrodinggames/rts/game/units/cm,rw/unit/BuiltinUnitType$Artillery,rustedwarfare/unit/BuiltinUnitType$Artillery,high,anchor_bounded_sequence,monotonic package sequence; bounded=true; anchors=76,common_core
com/corrodinggames/rts/game/units/ar$30,com/corrodinggames/rts/game/units/dn,rw/unit/BuiltinUnitType$Fabricator,rustedwarfare/unit/BuiltinUnitType$Fabricator,high,structural_match,iterative_hungarian: iteration 1; relation signals 2,common_core
com/corrodinggames/rts/game/units/ar$31,com/corrodinggames/rts/game/units/do,rw/unit/BuiltinUnitType$AttackSubmarine,rustedwarfare/unit/BuiltinUnitType$AttackSubmarine,medium,structural_match,iterative_hungarian: iteration 2; relation signals 2,common_core
com/corrodinggames/rts/game/units/ar$32,com/corrodinggames/rts/game/units/dp,rw/unit/BuiltinUnitType$BuilderShip,rustedwarfare/unit/BuiltinUnitType$BuilderShip,high,structural_match,mutual_base: mutual-best structural fingerprint,common_core
com/corrodinggames/rts/game/units/ar$33,com/corrodinggames/rts/game/units/dq,rw/unit/BuiltinUnitType$AmphibiousJet,rustedwarfare/unit/BuiltinUnitType$AmphibiousJet,high,structural_match,iterative_hungarian: iteration 1; relation signals 2,common_core
com/corrodinggames/rts/game/units/ar$34,com/corrodinggames/rts/game/units/dr,rw/unit/BuiltinUnitType$SeaFactory,rustedwarfare/unit/BuiltinUnitType$SeaFactory,medium,structural_match,iterative_hungarian: iteration 1; relation signals 2,common_core
com/corrodinggames/rts/game/units/ar$35,com/corrodinggames/rts/game/units/ds,rw/unit/BuiltinUnitType$SupplyDepot,rustedwarfare/unit/BuiltinUnitType$SupplyDepot,high,structural_match,iterative_hungarian: iteration 2; relation signals 2,common_core
com/corrodinggames/rts/game/units/ar$36,com/corrodinggames/rts/game/units/dt,rw/unit/BuiltinUnitType$ExperimentalHoverTank,rustedwarfare/unit/BuiltinUnitType$ExperimentalHoverTank,high,structural_match,iterative_hungarian: iteration 2; relation signals 2,common_core
com/corrodinggames/rts/game/units/ar$37,com/corrodinggames/rts/game/units/du,rw/unit/BuiltinUnitType$ArtilleryTurret,rustedwarfare/unit/BuiltinUnitType$ArtilleryTurret,high,structural_match,mutual_base: mutual-best structural fingerprint,common_core
com/corrodinggames/rts/game/units/ar$38,com/corrodinggames/rts/game/units/dv,rw/unit/BuiltinUnitType$FlamethrowerTurret,rustedwarfare/unit/BuiltinUnitType$FlamethrowerTurret,high,structural_match,mutual_base: mutual-best structural fingerprint,common_core
com/corrodinggames/rts/game/units/ar$39,com/corrodinggames/rts/game/units/dw,rw/unit/BuiltinUnitType$FogRevealer,rustedwarfare/unit/BuiltinUnitType$FogRevealer,medium,structural_match,iterative_hungarian: iteration 2; relation signals 2,common_core
com/corrodinggames/rts/game/units/ar$4,com/corrodinggames/rts/game/units/cn,rw/unit/BuiltinUnitType$Helicopter,rustedwarfare/unit/BuiltinUnitType$Helicopter,medium,structural_match,iterative_hungarian: iteration 2; relation signals 2,common_core
com/corrodinggames/rts/game/units/ar$40,com/corrodinggames/rts/game/units/dx,rw/unit/BuiltinUnitType$SpreadingFire,rustedwarfare/unit/BuiltinUnitType$SpreadingFire,medium,structural_match,iterative_hungarian: iteration 2; relation signals 2,common_core
com/corrodinggames/rts/game/units/ar$41,com/corrodinggames/rts/game/units/dy,rw/unit/BuiltinUnitType$AntiAirTurretT2,rustedwarfare/unit/BuiltinUnitType$AntiAirTurretT2,high,structural_match,iterative_hungarian: iteration 1; relation signals 2,common_core
com/corrodinggames/rts/game/units/ar$42,com/corrodinggames/rts/game/units/dz,rw/unit/BuiltinUnitType$TurretT2,rustedwarfare/unit/BuiltinUnitType$TurretT2,high,structural_match,mutual_base: mutual-best structural fingerprint,common_core
com/corrodinggames/rts/game/units/ar$43,com/corrodinggames/rts/game/units/ea,rw/unit/BuiltinUnitType$TurretT3,rustedwarfare/unit/BuiltinUnitType$TurretT3,high,structural_match,mutual_base: mutual-best structural fingerprint,common_core
com/corrodinggames/rts/game/units/ar$44,com/corrodinggames/rts/game/units/eb,rw/unit/BuiltinUnitType$DamagingBorder,rustedwarfare/unit/BuiltinUnitType$DamagingBorder,high,anchor_bounded_sequence,monotonic package sequence; bounded=true; anchors=76,common_core
com/corrodinggames/rts/game/units/ar$45,com/corrodinggames/rts/game/units/ec,rw/unit/BuiltinUnitType$CommandCenter,rustedwarfare/unit/BuiltinUnitType$CommandCenter,high,structural_match,iterative_hungarian: iteration 1; relation signals 2,common_core
com/corrodinggames/rts/game/units/ar$46,com/corrodinggames/rts/game/units/ed,rw/unit/BuiltinUnitType$ZoneMarker,rustedwarfare/unit/BuiltinUnitType$ZoneMarker,high,anchor_bounded_sequence,monotonic package sequence; bounded=true; anchors=76,common_core
com/corrodinggames/rts/game/units/ar$47,com/corrodinggames/rts/game/units/ee,rw/unit/BuiltinUnitType$EditorOrBuilder,rustedwarfare/unit/BuiltinUnitType$EditorOrBuilder,high,structural_match,mutual_base: mutual-best structural fingerprint,common_core
com/corrodinggames/rts/game/units/ar$48,com/corrodinggames/rts/game/units/ef,rw/unit/BuiltinUnitType$DummyNonUnitWithTeam,rustedwarfare/unit/BuiltinUnitType$DummyNonUnitWithTeam,high,structural_match,mutual_base: mutual-best structural fingerprint,common_core
com/corrodinggames/rts/game/units/ar$49,com/corrodinggames/rts/game/units/eg,rw/v090/unit/BuiltinUnitType$49,rustedwarfare/unit/BuiltinUnitType$49,high,structural_match,mutual_base: mutual-best structural fingerprint,common_core
com/corrodinggames/rts/game/units/ar$5,com/corrodinggames/rts/game/units/co,rw/unit/BuiltinUnitType$AirShip,rustedwarfare/unit/BuiltinUnitType$AirShip,medium,structural_match,iterative_hungarian: iteration 2; relation signals 2,common_core
com/corrodinggames/rts/game/units/ar$50,com/corrodinggames/rts/game/units/eh,rw/unit/BuiltinUnitType$Turret,rustedwarfare/unit/BuiltinUnitType$Turret,high,structural_match,iterative_hungarian: iteration 1; relation signals 2,common_core
com/corrodinggames/rts/game/units/ar$51,com/corrodinggames/rts/game/units/ei,rw/unit/BuiltinUnitType$AntiAirTurret,rustedwarfare/unit/BuiltinUnitType$AntiAirTurret,high,structural_match,iterative_hungarian: iteration 1; relation signals 2,common_core
com/corrodinggames/rts/game/units/ar$52,com/corrodinggames/rts/game/units/ej,rw/unit/BuiltinUnitType$Builder,rustedwarfare/unit/BuiltinUnitType$Builder,high,structural_match,mutual_base: mutual-best structural fingerprint,common_core
com/corrodinggames/rts/game/units/ar$53,com/corrodinggames/rts/game/units/ek,rw/unit/BuiltinUnitType$Tank,rustedwarfare/unit/BuiltinUnitType$Tank,high,anchor_bounded_sequence,monotonic package sequence; bounded=true; anchors=76,common_core
com/corrodinggames/rts/game/units/ar$6,com/corrodinggames/rts/game/units/cp,rw/unit/BuiltinUnitType$GunShip,rustedwarfare/unit/BuiltinUnitType$GunShip,medium,structural_match,iterative_hungarian: iteration 1; relation signals 2,common_core
com/corrodinggames/rts/game/units/ar$7,com/corrodinggames/rts/game/units/cq,rw/unit/BuiltinUnitType$MissileShip,rustedwarfare/unit/BuiltinUnitType$MissileShip,medium,structural_match,iterative_hungarian: iteration 2; relation signals 2,common_core
com/corrodinggames/rts/game/units/ar$8,com/corrodinggames/rts/game/units/cr,rw/unit/BuiltinUnitType$GunBoat,rustedwarfare/unit/BuiltinUnitType$GunBoat,medium,structural_match,iterative_hungarian: iteration 2; relation signals 2,common_core
com/corrodinggames/rts/game/units/ar$9,com/corrodinggames/rts/game/units/cs,rw/unit/BuiltinUnitType$MegaTank,rustedwarfare/unit/BuiltinUnitType$MegaTank,high,anchor_bounded_sequence,monotonic package sequence; bounded=true; anchors=76,common_core
com/corrodinggames/rts/game/units/as,com/corrodinggames/rts/game/units/el,rw/unit/UnitType,rustedwarfare/unit/UnitType,high,structural_match,mutual_base: mutual-best structural fingerprint,common_core
com/corrodinggames/rts/game/units/at,com/corrodinggames/rts/game/units/em,rw/unit/action/UnitActionList,rustedwarfare/unit/action/UnitActionList,high,structural_match,mutual_base: mutual-best structural fingerprint,common_core
com/corrodinggames/rts/game/units/au,com/corrodinggames/rts/game/units/en,rw/unit/UnitOrder,rustedwarfare/unit/UnitOrder,medium,structural_match,mutual_base: mutual-best structural fingerprint,common_core
com/corrodinggames/rts/game/units/av,com/corrodinggames/rts/game/units/eo,rw/unit/UnitOrderType,rustedwarfare/unit/UnitOrderType,high,structural_match,mutual_base: mutual-best structural fingerprint,common_core
com/corrodinggames/rts/game/units/b,com/corrodinggames/rts/game/units/b,rw/v090/unit/AttackMovementMode,rustedwarfare/unit/AttackMovementMode,high,manual_residual_closure,stable owner; mapped caller reference flow 10; enum cardinality 5,common_cross_build_residual
com/corrodinggames/rts/game/units/b/a,com/corrodinggames/rts/game/units/b/a,rw/unit/air/AirShipUnit,rustedwarfare/unit/air/AirShipUnit,medium,structural_match,iterative_hungarian: iteration 1; relation signals 2,common_core
com/corrodinggames/rts/game/units/b/b,com/corrodinggames/rts/game/units/b/b,rw/unit/air/AirUnitBase,rustedwarfare/unit/air/AirUnitBase,high,structural_match,mutual_base: mutual-best structural fingerprint,common_core
com/corrodinggames/rts/game/units/b/c,com/corrodinggames/rts/game/units/b/c,rw/unit/air/AmphibiousJetUnit,rustedwarfare/unit/air/AmphibiousJetUnit,high,structural_match,mutual_base: mutual-best structural fingerprint,common_core
com/corrodinggames/rts/game/units/b/c$1,com/corrodinggames/rts/game/units/b/d,rw/unit/action/internal/Obf_b_c_1,rustedwarfare/unit/action/internal/Obf_b_c_1,high,structural_match,mutual_base: mutual-best structural fingerprint,common_core
com/corrodinggames/rts/game/units/b/c$2,com/corrodinggames/rts/game/units/b/e,rw/unit/action/internal/Obf_b_c_2,rustedwarfare/unit/action/internal/Obf_b_c_2,high,structural_match,mutual_base: mutual-best structural fingerprint,common_core
com/corrodinggames/rts/game/units/b/d,com/corrodinggames/rts/game/units/b/f,rw/unit/air/DropshipUnit,rustedwarfare/unit/air/DropshipUnit,medium,structural_match,mutual_base: mutual-best structural fingerprint,common_core
com/corrodinggames/rts/game/units/b/d$1,com/corrodinggames/rts/game/units/b/g,rw/unit/action/internal/Obf_b_d_1,rustedwarfare/unit/action/internal/Obf_b_d_1,high,structural_match,mutual_base: mutual-best structural fingerprint,common_core
com/corrodinggames/rts/game/units/b/d$2,com/corrodinggames/rts/game/units/b/h,rw/unit/action/internal/Obf_b_d_2,rustedwarfare/unit/action/internal/Obf_b_d_2,high,structural_match,mutual_base: mutual-best structural fingerprint,common_core
com/corrodinggames/rts/game/units/b/e,com/corrodinggames/rts/game/units/b/i,rw/unit/air/GunshipUnit,rustedwarfare/unit/air/GunshipUnit,medium,structural_match,iterative_hungarian: iteration 2; relation signals 2,common_core
com/corrodinggames/rts/game/units/b/f,com/corrodinggames/rts/game/units/b/j,rw/unit/air/HelicopterUnit,rustedwarfare/unit/air/HelicopterUnit,medium,structural_match,iterative_hungarian: iteration 1; relation signals 2,common_core
com/corrodinggames/rts/game/units/c,com/corrodinggames/rts/game/units/c,rw/v100/unit/UnitBase,rustedwarfare/unit/UnitBase,high,structural_match,mutual_base: mutual-best structural fingerprint,common_core
com/corrodinggames/rts/game/units/c/a,com/corrodinggames/rts/game/units/c/a,rw/unit/land/LadybugUnit,rustedwarfare/unit/land/LadybugUnit,high,structural_match,mutual_base: mutual-best structural fingerprint,common_core
com/corrodinggames/rts/game/units/custom/a,com/corrodinggames/rts/game/units/custom/a,rw/custom/animation/AnimationKeyframe,rustedwarfare/custom/animation/AnimationKeyframe,high,structural_match,mutual_base: mutual-best structural fingerprint,common_core
com/corrodinggames/rts/game/units/custom/a/a,com/corrodinggames/rts/game/units/custom/a/a,rustedwarfare/custom/action/effect/CustomActionEffect,rustedwarfare/custom/action/effect/CustomActionEffect,high,structural_match,mutual_base: mutual-best structural fingerprint,common_core
com/corrodinggames/rts/game/units/custom/a/a/a,com/corrodinggames/rts/game/units/custom/a/a/a,rw/custom/action/effect/ResourceModificationActionEffect,rustedwarfare/custom/action/effect/ResourceModificationActionEffect,medium,anchor_bounded_sequence,monotonic package sequence; bounded=false; anchors=13,common_core
com/corrodinggames/rts/game/units/custom/a/a/b,com/corrodinggames/rts/game/units/custom/a/a/b,rw/custom/action/effect/WaypointActionEffect,rustedwarfare/custom/action/effect/WaypointActionEffect,high,structural_match,mutual_base: mutual-best structural fingerprint,common_core
com/corrodinggames/rts/game/units/custom/a/a/c,com/corrodinggames/rts/game/units/custom/a/a/c,rustedwarfare/custom/action/effect/WaypointUnitSearchCallback,rustedwarfare/custom/action/effect/WaypointUnitSearchCallback,high,structural_match,mutual_base: mutual-best structural fingerprint,common_core
com/corrodinggames/rts/game/units/custom/a/a/d,com/corrodinggames/rts/game/units/custom/a/a/d,rw/custom/action/effect/AnimationActionEffect,rustedwarfare/custom/action/effect/AnimationActionEffect,high,structural_match,mutual_base: mutual-best structural fingerprint,common_core
com/corrodinggames/rts/game/units/custom/a/a/e,com/corrodinggames/rts/game/units/custom/a/a/e,rw/custom/action/effect/AttachmentActionEffect,rustedwarfare/custom/action/effect/AttachmentActionEffect,high,structural_match,mutual_base: mutual-best structural fingerprint,common_core
com/corrodinggames/rts/game/units/custom/a/a/f,com/corrodinggames/rts/game/units/custom/a/a/f,rw/custom/action/effect/MessageActionEffect,rustedwarfare/custom/action/effect/MessageActionEffect,high,structural_match,mutual_base: mutual-best structural fingerprint,common_core
com/corrodinggames/rts/game/units/custom/a/a/g,com/corrodinggames/rts/game/units/custom/a/a/g,rw/custom/action/effect/ResourceConversionActionEffect,rustedwarfare/custom/action/effect/ResourceConversionActionEffect,high,structural_match,mutual_base: mutual-best structural fingerprint,common_core
com/corrodinggames/rts/game/units/custom/a/a/h,com/corrodinggames/rts/game/units/custom/a/a/h,rw/custom/action/effect/MemoryAndTargetActionEffect,rustedwarfare/custom/action/effect/MemoryAndTargetActionEffect,high,structural_match,mutual_base: mutual-best structural fingerprint,common_core
com/corrodinggames/rts/game/units/custom/a/a/i,com/corrodinggames/rts/game/units/custom/a/a/i,rw/custom/action/effect/SendMessageActionEffect,rustedwarfare/custom/action/effect/SendMessageActionEffect,high,structural_match,mutual_base: mutual-best structural fingerprint,common_core
com/corrodinggames/rts/game/units/custom/a/a/j,com/corrodinggames/rts/game/units/custom/a/a/j,rw/custom/action/effect/SelfMutationActionEffect,rustedwarfare/custom/action/effect/SelfMutationActionEffect,high,structural_match,mutual_base: mutual-best structural fingerprint,common_core
com/corrodinggames/rts/game/units/custom/a/a/k,com/corrodinggames/rts/game/units/custom/a/a/k,rw/custom/action/effect/SpawnUnitsActionEffect,rustedwarfare/custom/action/effect/SpawnUnitsActionEffect,high,structural_match,mutual_base: mutual-best structural fingerprint,common_core
com/corrodinggames/rts/game/units/custom/a/a/l,com/corrodinggames/rts/game/units/custom/a/a/l,rw/custom/action/effect/TagModificationActionEffect,rustedwarfare/custom/action/effect/TagModificationActionEffect,high,structural_match,mutual_base: mutual-best structural fingerprint,common_core
com/corrodinggames/rts/game/units/custom/a/a/m,com/corrodinggames/rts/game/units/custom/a/a/m,rw/custom/action/effect/TakeResourcesActionEffect,rustedwarfare/custom/action/effect/TakeResourcesActionEffect,high,structural_match,mutual_base: mutual-best structural fingerprint,common_core
com/corrodinggames/rts/game/units/custom/a/a/n,com/corrodinggames/rts/game/units/custom/a/a/n,rw/custom/action/effect/TakeResourcesSearchCallback,rustedwarfare/custom/action/effect/TakeResourcesSearchCallback,high,structural_match,mutual_base: mutual-best structural fingerprint,common_core
com/corrodinggames/rts/game/units/custom/a/a/o,com/corrodinggames/rts/game/units/custom/a/a/o,rw/custom/action/effect/TransportActionEffect,rustedwarfare/custom/action/effect/TransportActionEffect,medium,anchor_bounded_sequence,monotonic package sequence; bounded=false; anchors=13,common_core
com/corrodinggames/rts/game/units/custom/a/b,com/corrodinggames/rts/game/units/custom/a/b,rw/custom/action/ActionCostOverrideFilter,rustedwarfare/custom/action/ActionCostOverrideFilter,high,structural_match,mutual_base: mutual-best structural fingerprint,common_core
com/corrodinggames/rts/game/units/custom/a/c,com/corrodinggames/rts/game/units/custom/a/c,rw/custom/action/CustomActionAvailabilityFilter,rustedwarfare/custom/action/CustomActionAvailabilityFilter,high,structural_match,mutual_base: mutual-best structural fingerprint,common_core
com/corrodinggames/rts/game/units/custom/a/d,com/corrodinggames/rts/game/units/custom/a/d,rw/custom/action/CustomActionConfig,rustedwarfare/custom/action/CustomActionConfig,high,structural_match,mutual_base: mutual-best structural fingerprint,common_core
com/corrodinggames/rts/game/units/custom/a/e,com/corrodinggames/rts/game/units/custom/a/e,rustedwarfare/custom/action/CustomActionAiUse,rustedwarfare/custom/action/CustomActionAiUse,high,structural_match,mutual_base: mutual-best structural fingerprint,common_core
com/corrodinggames/rts/game/units/custom/a/f,com/corrodinggames/rts/game/units/custom/a/f,rustedwarfare/custom/action/CustomActionType,rustedwarfare/custom/action/CustomActionType,high,structural_match,mutual_base: mutual-best structural fingerprint,common_core
com/corrodinggames/rts/game/units/custom/a/g,com/corrodinggames/rts/game/units/custom/a/g,rw/custom/action/CustomAction,rustedwarfare/custom/action/CustomAction,high,structural_match,mutual_base: mutual-best structural fingerprint,common_core
com/corrodinggames/rts/game/units/custom/aa,com/corrodinggames/rts/game/units/custom/aa,rustedwarfare/custom/metadata/WatchedCustomUnitFile,rustedwarfare/custom/metadata/WatchedCustomUnitFile,high,structural_match,mutual_base: mutual-best structural fingerprint,common_core
com/corrodinggames/rts/game/units/custom/ab,com/corrodinggames/rts/game/units/custom/ab,rw/custom/sync/RequiredUnitMismatchReport,rustedwarfare/custom/sync/RequiredUnitMismatchReport,high,structural_match,mutual_base: mutual-best structural fingerprint,common_core
com/corrodinggames/rts/game/units/custom/ac,com/corrodinggames/rts/game/units/custom/ac,rw/custom/sync/ModUnitAvailabilityCounts,rustedwarfare/custom/sync/ModUnitAvailabilityCounts,high,structural_match,mutual_base: mutual-best structural fingerprint,common_core
com/corrodinggames/rts/game/units/custom/ad,com/corrodinggames/rts/game/units/custom/ad,rw/custom/spawn/OnNewMapSpawnMode,rustedwarfare/custom/spawn/OnNewMapSpawnMode,high,structural_match,mutual_base: mutual-best structural fingerprint,common_core
com/corrodinggames/rts/game/units/custom/ae,com/corrodinggames/rts/game/units/custom/ae,rw/custom/event/CustomUnitEventAction,rustedwarfare/custom/event/CustomUnitEventAction,high,structural_match,mutual_base: mutual-best structural fingerprint,common_core
com/corrodinggames/rts/game/units/custom/af,com/corrodinggames/rts/game/units/custom/af,rw/custom/event/CustomUnitEventType,rustedwarfare/custom/event/CustomUnitEventType,high,structural_match,mutual_base: mutual-best structural fingerprint,common_core
com/corrodinggames/rts/game/units/custom/ag,com/corrodinggames/rts/game/units/custom/ag,rw/custom/CustomUnitLoader,rustedwarfare/custom/CustomUnitLoader,high,structural_match,mutual_base: mutual-best structural fingerprint,common_core
com/corrodinggames/rts/game/units/custom/ah,com/corrodinggames/rts/game/units/custom/ah,rw/custom/CustomUnitLoadTimingPhase,rustedwarfare/custom/CustomUnitLoadTimingPhase,high,structural_match,mutual_base: mutual-best structural fingerprint,common_core
com/corrodinggames/rts/game/units/custom/ai,com/corrodinggames/rts/game/units/custom/ai,rw/custom/event/AutoTriggerEventSpec,rustedwarfare/custom/event/AutoTriggerEventSpec,high,structural_match,mutual_base: mutual-best structural fingerprint,common_core
com/corrodinggames/rts/game/units/custom/aj,com/corrodinggames/rts/game/units/custom/aj,rw/custom/LocalizedString,rustedwarfare/custom/LocalizedString,high,structural_match,mutual_base: mutual-best structural fingerprint,common_core
com/corrodinggames/rts/game/units/custom/ak,com/corrodinggames/rts/game/units/custom/ak,rw/custom/text/DynamicTextResolver,rustedwarfare/custom/text/DynamicTextResolver,high,structural_match,mutual_base: mutual-best structural fingerprint,common_core
com/corrodinggames/rts/game/units/custom/al,com/corrodinggames/rts/game/units/custom/al,rw/custom/text/ArrayLogicTextResolver,rustedwarfare/custom/text/ArrayLogicTextResolver,medium,structural_match,mutual_base: mutual-best structural fingerprint,common_core
com/corrodinggames/rts/game/units/custom/am,com/corrodinggames/rts/game/units/custom/am,rw/custom/text/BooleanLogicTextResolver,rustedwarfare/custom/text/BooleanLogicTextResolver,high,structural_match,mutual_base: mutual-best structural fingerprint,common_core
com/corrodinggames/rts/game/units/custom/an,com/corrodinggames/rts/game/units/custom/an,rw/custom/text/NumberLogicTextResolver,rustedwarfare/custom/text/NumberLogicTextResolver,high,structural_match,mutual_base: mutual-best structural fingerprint,common_core
com/corrodinggames/rts/game/units/custom/ao,com/corrodinggames/rts/game/units/custom/ao,rw/custom/text/StringLogicTextResolver,rustedwarfare/custom/text/StringLogicTextResolver,medium,structural_match,mutual_base: mutual-best structural fingerprint,common_core
com/corrodinggames/rts/game/units/custom/ap,com/corrodinggames/rts/game/units/custom/ap,rw/custom/text/UnitLogicTextResolver,rustedwarfare/custom/text/UnitLogicTextResolver,high,structural_match,mutual_base: mutual-best structural fingerprint,common_core
com/corrodinggames/rts/game/units/custom/aq,com/corrodinggames/rts/game/units/custom/aq,rw/custom/text/LogicBooleanTextResolver,rustedwarfare/custom/text/LogicBooleanTextResolver,medium,structural_match,mutual_base: mutual-best structural fingerprint,common_core
com/corrodinggames/rts/game/units/custom/ar,com/corrodinggames/rts/game/units/custom/ar,rw/custom/text/StaticTextResolver,rustedwarfare/custom/text/StaticTextResolver,high,structural_match,mutual_base: mutual-best structural fingerprint,common_core
com/corrodinggames/rts/game/units/custom/as,com/corrodinggames/rts/game/units/custom/as,rw/custom/MutableUnitStats,rustedwarfare/custom/MutableUnitStats,high,structural_match,mutual_base: mutual-best structural fingerprint,common_core
com/corrodinggames/rts/game/units/custom/as$1,com/corrodinggames/rts/game/units/custom/at,rw/custom/stats/MutableStatAccessor$Mass,rustedwarfare/custom/stats/MutableStatAccessor$Mass,high,anchor_bounded_sequence,monotonic package sequence; bounded=true; anchors=53,common_core
com/corrodinggames/rts/game/units/custom/as$10,com/corrodinggames/rts/game/units/custom/bc,rw/custom/stats/MutableStatAccessor$TargetHeight,rustedwarfare/custom/stats/MutableStatAccessor$TargetHeight,high,anchor_bounded_sequence,monotonic package sequence; bounded=true; anchors=53,common_core
com/corrodinggames/rts/game/units/custom/as$11,com/corrodinggames/rts/game/units/custom/bd,rw/custom/stats/MutableStatAccessor$NanoFactorySpeed,rustedwarfare/custom/stats/MutableStatAccessor$NanoFactorySpeed,high,anchor_bounded_sequence,monotonic package sequence; bounded=true; anchors=53,common_core
com/corrodinggames/rts/game/units/custom/as$12,com/corrodinggames/rts/game/units/custom/be,rw/custom/stats/MutableStatAccessor$MaxEnergy,rustedwarfare/custom/stats/MutableStatAccessor$MaxEnergy,high,anchor_bounded_sequence,monotonic package sequence; bounded=true; anchors=53,common_core
com/corrodinggames/rts/game/units/custom/as$13,com/corrodinggames/rts/game/units/custom/bf,rw/custom/stats/MutableStatAccessor$MaxEnergyRuntime,rustedwarfare/custom/stats/MutableStatAccessor$MaxEnergyRuntime,high,anchor_bounded_sequence,monotonic package sequence; bounded=true; anchors=53,common_core
com/corrodinggames/rts/game/units/custom/as$14,com/corrodinggames/rts/game/units/custom/bg,rw/custom/stats/MutableStatAccessor$MaxHp,rustedwarfare/custom/stats/MutableStatAccessor$MaxHp,high,anchor_bounded_sequence,monotonic package sequence; bounded=true; anchors=53,common_core
com/corrodinggames/rts/game/units/custom/as$15,com/corrodinggames/rts/game/units/custom/bh,rw/custom/stats/MutableStatAccessor$MaxHpRuntime,rustedwarfare/custom/stats/MutableStatAccessor$MaxHpRuntime,high,anchor_bounded_sequence,monotonic package sequence; bounded=true; anchors=53,common_core
com/corrodinggames/rts/game/units/custom/as$16,com/corrodinggames/rts/game/units/custom/bi,rw/custom/stats/MutableStatAccessor$MaxShield,rustedwarfare/custom/stats/MutableStatAccessor$MaxShield,high,anchor_bounded_sequence,monotonic package sequence; bounded=true; anchors=53,common_core
com/corrodinggames/rts/game/units/custom/as$17,com/corrodinggames/rts/game/units/custom/bj,rw/custom/stats/MutableStatAccessor$MaxShieldRuntime,rustedwarfare/custom/stats/MutableStatAccessor$MaxShieldRuntime,high,anchor_bounded_sequence,monotonic package sequence; bounded=true; anchors=53,common_core
com/corrodinggames/rts/game/units/custom/as$18,com/corrodinggames/rts/game/units/custom/bk,rw/custom/stats/MutableStatAccessor$ShieldRegen,rustedwarfare/custom/stats/MutableStatAccessor$ShieldRegen,high,anchor_bounded_sequence,monotonic package sequence; bounded=true; anchors=53,common_core
com/corrodinggames/rts/game/units/custom/as$19,com/corrodinggames/rts/game/units/custom/bl,rw/custom/stats/MutableStatAccessor$Armour,rustedwarfare/custom/stats/MutableStatAccessor$Armour,high,anchor_bounded_sequence,monotonic package sequence; bounded=true; anchors=53,common_core
com/corrodinggames/rts/game/units/custom/as$2,com/corrodinggames/rts/game/units/custom/au,rw/custom/stats/MutableStatAccessor$MaxAttackRange,rustedwarfare/custom/stats/MutableStatAccessor$MaxAttackRange,high,anchor_bounded_sequence,monotonic package sequence; bounded=true; anchors=53,common_core
com/corrodinggames/rts/game/units/custom/as$3,com/corrodinggames/rts/game/units/custom/av,rw/custom/stats/MutableStatAccessor$ShootDelayMultiplier,rustedwarfare/custom/stats/MutableStatAccessor$ShootDelayMultiplier,high,anchor_bounded_sequence,monotonic package sequence; bounded=true; anchors=53,common_core
com/corrodinggames/rts/game/units/custom/as$4,com/corrodinggames/rts/game/units/custom/aw,rw/custom/stats/MutableStatAccessor$ShootDamageMultiplier,rustedwarfare/custom/stats/MutableStatAccessor$ShootDamageMultiplier,high,anchor_bounded_sequence,monotonic package sequence; bounded=true; anchors=53,common_core
com/corrodinggames/rts/game/units/custom/as$5,com/corrodinggames/rts/game/units/custom/ax,rw/custom/stats/MutableStatAccessor$MoveSpeed,rustedwarfare/custom/stats/MutableStatAccessor$MoveSpeed,high,anchor_bounded_sequence,monotonic package sequence; bounded=true; anchors=53,common_core
com/corrodinggames/rts/game/units/custom/as$6,com/corrodinggames/rts/game/units/custom/ay,rw/custom/stats/MutableStatAccessor$MaxTurnSpeed,rustedwarfare/custom/stats/MutableStatAccessor$MaxTurnSpeed,high,anchor_bounded_sequence,monotonic package sequence; bounded=true; anchors=53,common_core
com/corrodinggames/rts/game/units/custom/as$7,com/corrodinggames/rts/game/units/custom/az,rw/custom/stats/MutableStatAccessor$FogOfWarSightRange,rustedwarfare/custom/stats/MutableStatAccessor$FogOfWarSightRange,high,anchor_bounded_sequence,monotonic package sequence; bounded=true; anchors=53,common_core
com/corrodinggames/rts/game/units/custom/as$8,com/corrodinggames/rts/game/units/custom/ba,rw/custom/stats/MutableStatAccessor$NanoRange,rustedwarfare/custom/stats/MutableStatAccessor$NanoRange,high,anchor_bounded_sequence,monotonic package sequence; bounded=true; anchors=53,common_core
com/corrodinggames/rts/game/units/custom/as$9,com/corrodinggames/rts/game/units/custom/bb,rw/custom/stats/MutableStatAccessor$SelfRegenRate,rustedwarfare/custom/stats/MutableStatAccessor$SelfRegenRate,high,anchor_bounded_sequence,monotonic package sequence; bounded=true; anchors=53,common_core
com/corrodinggames/rts/game/units/custom/at,com/corrodinggames/rts/game/units/custom/bm,rw/custom/stats/MutableStatAccessor,rustedwarfare/custom/stats/MutableStatAccessor,medium,anchor_bounded_sequence,monotonic package sequence; bounded=true; anchors=53,common_core
com/corrodinggames/rts/game/units/custom/au,com/corrodinggames/rts/game/units/custom/bn,rustedwarfare/custom/stats/MutableStatWriterFactory,rustedwarfare/custom/stats/MutableStatWriterFactory,high,structural_match,mutual_base: mutual-best structural fingerprint,common_core
com/corrodinggames/rts/game/units/custom/av,com/corrodinggames/rts/game/units/custom/bo,rustedwarfare/custom/stats/MutableStatCachedWriterElement,rustedwarfare/custom/stats/MutableStatCachedWriterElement,medium,structural_match,iterative_hungarian: iteration 1; relation signals 2,common_core
com/corrodinggames/rts/game/units/custom/aw,com/corrodinggames/rts/game/units/custom/bp,rustedwarfare/custom/stats/MetadataMutableStatAccessor,rustedwarfare/custom/stats/MetadataMutableStatAccessor,high,anchor_bounded_sequence,monotonic package sequence; bounded=true; anchors=53,common_core
com/corrodinggames/rts/game/units/custom/ax,com/corrodinggames/rts/game/units/custom/bq,rustedwarfare/custom/stats/RuntimeMutableStatAccessor,rustedwarfare/custom/stats/RuntimeMutableStatAccessor,high,anchor_bounded_sequence,monotonic package sequence; bounded=true; anchors=53,common_core
com/corrodinggames/rts/game/units/custom/ay,com/corrodinggames/rts/game/units/custom/br,rw/custom/EffectTemplate,rustedwarfare/custom/EffectTemplate,high,structural_match,mutual_base: mutual-best structural fingerprint,common_core
com/corrodinggames/rts/game/units/custom/az,com/corrodinggames/rts/game/units/custom/bs,rw/custom/effect/BuiltInEffectType,rustedwarfare/custom/effect/BuiltInEffectType,high,structural_match,mutual_base: mutual-best structural fingerprint,common_core
com/corrodinggames/rts/game/units/custom/b,com/corrodinggames/rts/game/units/custom/b,rw/custom/animation/AnimationEventKeyframe,rustedwarfare/custom/animation/AnimationEventKeyframe,medium,anchor_bounded_sequence,monotonic package sequence; bounded=true; anchors=53,common_core
com/corrodinggames/rts/game/units/custom/b/a,com/corrodinggames/rts/game/units/custom/b/a,rw/custom/runtime/CustomUnitBehavior,rustedwarfare/custom/runtime/CustomUnitBehavior,high,structural_match,mutual_base: mutual-best structural fingerprint,common_core
com/corrodinggames/rts/game/units/custom/b/b,com/corrodinggames/rts/game/units/custom/b/b,rw/custom/runtime/AutoRepairBehavior,rustedwarfare/custom/runtime/AutoRepairBehavior,high,structural_match,mutual_base: mutual-best structural fingerprint,common_core
com/corrodinggames/rts/game/units/custom/b/c,com/corrodinggames/rts/game/units/custom/b/c,rw/custom/graphics/DecalBehavior,rustedwarfare/custom/graphics/DecalBehavior,high,structural_match,mutual_base: mutual-best structural fingerprint,common_core
com/corrodinggames/rts/game/units/custom/b/d,com/corrodinggames/rts/game/units/custom/b/d,rw/custom/graphics/DecalTemplate,rustedwarfare/custom/graphics/DecalTemplate,high,structural_match,mutual_base: mutual-best structural fingerprint,common_core
com/corrodinggames/rts/game/units/custom/b/e,com/corrodinggames/rts/game/units/custom/b/e,rw/custom/graphics/DecalImageFrame,rustedwarfare/custom/graphics/DecalImageFrame,high,structural_match,mutual_base: mutual-best structural fingerprint,common_core
com/corrodinggames/rts/game/units/custom/b/f,com/corrodinggames/rts/game/units/custom/b/f,rw/custom/graphics/DecalLayer,rustedwarfare/custom/graphics/DecalLayer,high,structural_match,mutual_base: mutual-best structural fingerprint,common_core
com/corrodinggames/rts/game/units/custom/b/g,com/corrodinggames/rts/game/units/custom/b/g,rw/custom/graphics/DecalReference,rustedwarfare/custom/graphics/DecalReference,medium,structural_match,mutual_base: mutual-best structural fingerprint,common_core
com/corrodinggames/rts/game/units/custom/b/h,com/corrodinggames/rts/game/units/custom/b/h,rw/custom/runtime/LegAnimationBehavior,rustedwarfare/custom/runtime/LegAnimationBehavior,high,structural_match,mutual_base: mutual-best structural fingerprint,common_core
com/corrodinggames/rts/game/units/custom/b/i,com/corrodinggames/rts/game/units/custom/b/i,rw/custom/runtime/LegRuntimeState,rustedwarfare/custom/runtime/LegRuntimeState,high,structural_match,mutual_base: mutual-best structural fingerprint,common_core
com/corrodinggames/rts/game/units/custom/b/j,com/corrodinggames/rts/game/units/custom/b/j,rw/custom/runtime/RepelFromUnitsBehavior,rustedwarfare/custom/runtime/RepelFromUnitsBehavior,high,structural_match,mutual_base: mutual-best structural fingerprint,common_core
com/corrodinggames/rts/game/units/custom/b/k,com/corrodinggames/rts/game/units/custom/b/k,rw/custom/runtime/TurretProjectileBehavior,rustedwarfare/custom/runtime/TurretProjectileBehavior,high,structural_match,iterative_hungarian: iteration 1; relation signals 2,common_core
com/corrodinggames/rts/game/units/custom/b/l,com/corrodinggames/rts/game/units/custom/b/l,rw/custom/runtime/RandomMovementBehavior,rustedwarfare/custom/runtime/RandomMovementBehavior,high,structural_match,mutual_base: mutual-best structural fingerprint,common_core
com/corrodinggames/rts/game/units/custom/b/m,com/corrodinggames/rts/game/units/custom/b/m,rw/custom/attachment/AttachmentBehavior,rustedwarfare/custom/attachment/AttachmentBehavior,high,structural_match,mutual_base: mutual-best structural fingerprint,common_core
com/corrodinggames/rts/game/units/custom/b/n,com/corrodinggames/rts/game/units/custom/b/n,rw/custom/attachment/AttachmentSlot,rustedwarfare/custom/attachment/AttachmentSlot,high,structural_match,iterative_hungarian: iteration 1; relation signals 2,common_core
com/corrodinggames/rts/game/units/custom/ba,com/corrodinggames/rts/game/units/custom/bt,rw/custom/LegOrArmTemplate,rustedwarfare/custom/LegOrArmTemplate,high,structural_match,mutual_base: mutual-best structural fingerprint,common_core
com/corrodinggames/rts/game/units/custom/bb,com/corrodinggames/rts/game/units/custom/bu,rw/custom/LocalizedStringData,rustedwarfare/custom/LocalizedStringData,high,structural_match,mutual_base: mutual-best structural fingerprint,common_core
com/corrodinggames/rts/game/units/custom/bc,com/corrodinggames/rts/game/units/custom/bv,rw/custom/LocalizedStringEntry,rustedwarfare/custom/LocalizedStringEntry,medium,structural_match,iterative_hungarian: iteration 1; relation signals 1,common_core
com/corrodinggames/rts/game/units/custom/bd,com/corrodinggames/rts/game/units/custom/bw,rw/custom/LocalizedStringParseException,rustedwarfare/custom/LocalizedStringParseException,high,structural_match,mutual_base: mutual-best structural fingerprint,common_core
com/corrodinggames/rts/game/units/custom/be,com/corrodinggames/rts/game/units/custom/bx,rw/custom/placement/PlacementRuleParser,rustedwarfare/custom/placement/PlacementRuleParser,medium,structural_match,iterative_hungarian: iteration 1; relation signals 2,common_core
com/corrodinggames/rts/game/units/custom/bf,com/corrodinggames/rts/game/units/custom/by,rw/custom/placement/PlacementRuleSearchCallback,rustedwarfare/custom/placement/PlacementRuleSearchCallback,high,structural_match,mutual_base: mutual-best structural fingerprint,common_core
com/corrodinggames/rts/game/units/custom/bg,com/corrodinggames/rts/game/units/custom/bz,rw/custom/placement/PlacementRule,rustedwarfare/custom/placement/PlacementRule,high,manual_residual_closure,mapped caller reference flow 28; exact 16-field placement-rule layout,common_cross_build_residual
com/corrodinggames/rts/game/units/custom/bh,com/corrodinggames/rts/game/units/custom/ca,rw/custom/CustomProjectileTemplate,rustedwarfare/custom/CustomProjectileTemplate,high,structural_match,mutual_base: mutual-best structural fingerprint,common_core
com/corrodinggames/rts/game/units/custom/bi,com/corrodinggames/rts/game/units/custom/cb,rw/custom/spawn/ProjectileSpawnList,rustedwarfare/custom/spawn/ProjectileSpawnList,medium,structural_match,mutual_base: mutual-best structural fingerprint,common_core
com/corrodinggames/rts/game/units/custom/bj,com/corrodinggames/rts/game/units/custom/cc,rw/custom/spawn/ProjectileSpawnSearchCallback,rustedwarfare/custom/spawn/ProjectileSpawnSearchCallback,high,structural_match,mutual_base: mutual-best structural fingerprint,common_core
com/corrodinggames/rts/game/units/custom/bk,com/corrodinggames/rts/game/units/custom/cd,rw/custom/spawn/ProjectileSpawnEntry,rustedwarfare/custom/spawn/ProjectileSpawnEntry,high,structural_match,mutual_base: mutual-best structural fingerprint,common_core
com/corrodinggames/rts/game/units/custom/bl,com/corrodinggames/rts/game/units/custom/ce,rw/custom/SoundEffectList,rustedwarfare/custom/SoundEffectList,high,structural_match,mutual_base: mutual-best structural fingerprint,common_core
com/corrodinggames/rts/game/units/custom/bm,com/corrodinggames/rts/game/units/custom/cf,rw/custom/SoundEffectEntry,rustedwarfare/custom/SoundEffectEntry,high,structural_match,mutual_base: mutual-best structural fingerprint,common_core
com/corrodinggames/rts/game/units/custom/bn,com/corrodinggames/rts/game/units/custom/cg,rw/custom/TurretTemplate,rustedwarfare/custom/TurretTemplate,high,structural_match,mutual_base: mutual-best structural fingerprint,common_core
com/corrodinggames/rts/game/units/custom/bo,com/corrodinggames/rts/game/units/custom/ch,rw/custom/CustomUnitConfigException,rustedwarfare/custom/CustomUnitConfigException,high,structural_match,mutual_base: mutual-best structural fingerprint,common_core
com/corrodinggames/rts/game/units/custom/bp,com/corrodinggames/rts/game/units/custom/ci,rw/custom/spawn/SpawnUnitList,rustedwarfare/custom/spawn/SpawnUnitList,high,structural_match,mutual_base: mutual-best structural fingerprint,common_core
com/corrodinggames/rts/game/units/custom/bq,com/corrodinggames/rts/game/units/custom/cj,rw/custom/spawn/SpawnUnitEntry,rustedwarfare/custom/spawn/SpawnUnitEntry,high,structural_match,mutual_base: mutual-best structural fingerprint,common_core
com/corrodinggames/rts/game/units/custom/c,com/corrodinggames/rts/game/units/custom/c,rw/custom/animation/AnimationTrack,rustedwarfare/custom/animation/AnimationTrack,medium,structural_match,iterative_hungarian: iteration 1; relation signals 2,common_core
com/corrodinggames/rts/game/units/custom/c/a,com/corrodinggames/rts/game/units/custom/c/a,rw/custom/connection/ConnectionDefinition,rustedwarfare/custom/connection/ConnectionDefinition,high,structural_match,mutual_base: mutual-best structural fingerprint,common_core
com/corrodinggames/rts/game/units/custom/c/b,com/corrodinggames/rts/game/units/custom/c/b,rw/custom/connection/ConnectionDefinitionBase,rustedwarfare/custom/connection/ConnectionDefinitionBase,high,structural_match,mutual_base: mutual-best structural fingerprint,common_core
com/corrodinggames/rts/game/units/custom/c/c,com/corrodinggames/rts/game/units/custom/c/c,rw/custom/connection/UnitConnectionManager,rustedwarfare/custom/connection/UnitConnectionManager,medium,structural_match,iterative_hungarian: iteration 1; relation signals 2,common_core
com/corrodinggames/rts/game/units/custom/c/d,com/corrodinggames/rts/game/units/custom/c/d,rw/custom/connection/ConnectionInstance,rustedwarfare/custom/connection/ConnectionInstance,high,structural_match,mutual_base: mutual-best structural fingerprint,common_core
com/corrodinggames/rts/game/units/custom/c/e,com/corrodinggames/rts/game/units/custom/c/e,rw/custom/connection/ConnectionGroup,rustedwarfare/custom/connection/ConnectionGroup,medium,structural_match,mutual_base: mutual-best structural fingerprint,common_core
com/corrodinggames/rts/game/units/custom/c/f,com/corrodinggames/rts/game/units/custom/c/f,rw/custom/connection/ConnectionTargetSearchCallback,rustedwarfare/custom/connection/ConnectionTargetSearchCallback,high,structural_match,mutual_base: mutual-best structural fingerprint,common_core
com/corrodinggames/rts/game/units/custom/d,com/corrodinggames/rts/game/units/custom/d,rw/custom/animation/AnimationKeyframeProperty,rustedwarfare/custom/animation/AnimationKeyframeProperty,high,structural_match,mutual_base: mutual-best structural fingerprint,common_core
com/corrodinggames/rts/game/units/custom/d/a,com/corrodinggames/rts/game/units/custom/d/a,rw/custom/resource/ResourceAmountBase,rustedwarfare/custom/resource/ResourceAmountBase,high,structural_match,mutual_base: mutual-best structural fingerprint,common_core
com/corrodinggames/rts/game/units/custom/d/b,com/corrodinggames/rts/game/units/custom/d/b,rw/custom/resource/ResourceAmount,rustedwarfare/custom/resource/ResourceAmount,high,structural_match,mutual_base: mutual-best structural fingerprint,common_core
com/corrodinggames/rts/game/units/custom/d/c,com/corrodinggames/rts/game/units/custom/d/c,rw/custom/resource/DynamicResourceAmount,rustedwarfare/custom/resource/DynamicResourceAmount,medium,structural_match,mutual_base: mutual-best structural fingerprint,common_core
com/corrodinggames/rts/game/units/custom/d/d,com/corrodinggames/rts/game/units/custom/d/d,rw/custom/resource/DynamicResourceEntry,rustedwarfare/custom/resource/DynamicResourceEntry,high,structural_match,mutual_base: mutual-best structural fingerprint,common_core
com/corrodinggames/rts/game/units/custom/e,com/corrodinggames/rts/game/units/custom/e,rw/custom/animation/AnimationPlayer,rustedwarfare/custom/animation/AnimationPlayer,high,structural_match,mutual_base: mutual-best structural fingerprint,common_core
com/corrodinggames/rts/game/units/custom/e/a,com/corrodinggames/rts/game/units/custom/e/a,rw/custom/resource/ResourceType,rustedwarfare/custom/resource/ResourceType,medium,structural_match,mutual_base: mutual-best structural fingerprint,common_core
com/corrodinggames/rts/game/units/custom/e/a/a,com/corrodinggames/rts/game/units/custom/e/a/a,rw/custom/resource/BuiltinResourceType,rustedwarfare/custom/resource/BuiltinResourceType,high,structural_match,mutual_base: mutual-best structural fingerprint,common_core
com/corrodinggames/rts/game/units/custom/e/a/b,com/corrodinggames/rts/game/units/custom/e/a/b,rw/custom/resource/AmmoResourceType,rustedwarfare/custom/resource/AmmoResourceType,high,structural_match,mutual_base: mutual-best structural fingerprint,common_core
com/corrodinggames/rts/game/units/custom/e/a/c,com/corrodinggames/rts/game/units/custom/e/a/c,rw/custom/resource/CreditsResourceType,rustedwarfare/custom/resource/CreditsResourceType,high,structural_match,mutual_base: mutual-best structural fingerprint,common_core
com/corrodinggames/rts/game/units/custom/e/a/d,com/corrodinggames/rts/game/units/custom/e/a/d,rw/custom/resource/EnergyResourceType,rustedwarfare/custom/resource/EnergyResourceType,high,structural_match,mutual_base: mutual-best structural fingerprint,common_core
com/corrodinggames/rts/game/units/custom/e/a/e,com/corrodinggames/rts/game/units/custom/e/a/e,rw/custom/resource/HpResourceType,rustedwarfare/custom/resource/HpResourceType,high,structural_match,mutual_base: mutual-best structural fingerprint,common_core
com/corrodinggames/rts/game/units/custom/e/a/f,com/corrodinggames/rts/game/units/custom/e/a/f,rw/custom/resource/ShieldResourceType,rustedwarfare/custom/resource/ShieldResourceType,high,structural_match,mutual_base: mutual-best structural fingerprint,common_core
com/corrodinggames/rts/game/units/custom/e/b,com/corrodinggames/rts/game/units/custom/e/b,rw/custom/resource/ResourceDigitGrouping,rustedwarfare/custom/resource/ResourceDigitGrouping,high,structural_match,mutual_base: mutual-best structural fingerprint,common_core
com/corrodinggames/rts/game/units/custom/e/c,com/corrodinggames/rts/game/units/custom/e/c,rw/custom/resource/ResourceShortageCollector,rustedwarfare/custom/resource/ResourceShortageCollector,high,structural_match,mutual_base: mutual-best structural fingerprint,common_core
com/corrodinggames/rts/game/units/custom/e/d,com/corrodinggames/rts/game/units/custom/e/d,rw/custom/resource/ResourceDefinition,rustedwarfare/custom/resource/ResourceDefinition,high,structural_match,mutual_base: mutual-best structural fingerprint,common_core
com/corrodinggames/rts/game/units/custom/e/e,com/corrodinggames/rts/game/units/custom/e/e,rw/custom/resource/StoredResourceEntry,rustedwarfare/custom/resource/StoredResourceEntry,high,structural_match,mutual_base: mutual-best structural fingerprint,common_core
com/corrodinggames/rts/game/units/custom/e/f,com/corrodinggames/rts/game/units/custom/e/f,rw/custom/resource/StoredResourceSet,rustedwarfare/custom/resource/StoredResourceSet,high,structural_match,mutual_base: mutual-best structural fingerprint,common_core
com/corrodinggames/rts/game/units/custom/e/f$1,com/corrodinggames/rts/game/units/custom/e/g,rw/custom/resource/StoredResourceEntryPriorityComparator,rustedwarfare/custom/resource/StoredResourceEntryPriorityComparator,high,structural_match,mutual_base: mutual-best structural fingerprint,common_core
com/corrodinggames/rts/game/units/custom/f,com/corrodinggames/rts/game/units/custom/f,rw/custom/animation/AnimationDefinition,rustedwarfare/custom/animation/AnimationDefinition,high,structural_match,mutual_base: mutual-best structural fingerprint,common_core
com/corrodinggames/rts/game/units/custom/f/a,com/corrodinggames/rts/game/units/custom/f/a,rw/custom/config/ConfigVariableProcessor,rustedwarfare/custom/config/ConfigVariableProcessor,medium,structural_match,mutual_base: mutual-best structural fingerprint,common_core
com/corrodinggames/rts/game/units/custom/f/b,com/corrodinggames/rts/game/units/custom/f/b,rw/custom/config/ConfigVariableScope,rustedwarfare/custom/config/ConfigVariableScope,medium,structural_match,mutual_base: mutual-best structural fingerprint,common_core
com/corrodinggames/rts/game/units/custom/f/b$1,com/corrodinggames/rts/game/units/custom/f/c,rw/custom/config/ConfigMathExpressionParser,rustedwarfare/custom/config/ConfigMathExpressionParser,high,structural_match,mutual_base: mutual-best structural fingerprint,common_core
com/corrodinggames/rts/game/units/custom/f/c,com/corrodinggames/rts/game/units/custom/f/d,rw/custom/config/PendingConfigValueRewrite,rustedwarfare/custom/config/PendingConfigValueRewrite,high,structural_match,mutual_base: mutual-best structural fingerprint,common_core
com/corrodinggames/rts/game/units/custom/f/d,com/corrodinggames/rts/game/units/custom/f/e,rw/custom/config/ConfigVariableStore,rustedwarfare/custom/config/ConfigVariableStore,high,structural_match,mutual_base: mutual-best structural fingerprint,common_core
com/corrodinggames/rts/game/units/custom/f/e,com/corrodinggames/rts/game/units/custom/f/f,rw/custom/config/ConfigVariableNameValidator,rustedwarfare/custom/config/ConfigVariableNameValidator,high,structural_match,mutual_base: mutual-best structural fingerprint,common_core
com/corrodinggames/rts/game/units/custom/g,com/corrodinggames/rts/game/units/custom/g,rw/custom/UnitTag,rustedwarfare/custom/UnitTag,high,structural_match,mutual_base: mutual-best structural fingerprint,common_core
com/corrodinggames/rts/game/units/custom/h,com/corrodinggames/rts/game/units/custom/h,rw/custom/CustomTagList,rustedwarfare/custom/CustomTagList,high,structural_match,mutual_base: mutual-best structural fingerprint,common_core
com/corrodinggames/rts/game/units/custom/i,com/corrodinggames/rts/game/units/custom/i,rw/custom/MutableTagListBuilder,rustedwarfare/custom/MutableTagListBuilder,high,structural_match,mutual_base: mutual-best structural fingerprint,common_core
com/corrodinggames/rts/game/units/custom/j,com/corrodinggames/rts/game/units/custom/j,rw/custom/CustomUnit,rustedwarfare/custom/CustomUnit,high,structural_match,mutual_base: mutual-best structural fingerprint,common_core
com/corrodinggames/rts/game/units/custom/k,com/corrodinggames/rts/game/units/custom/k,rw/custom/logic/LogicEventContext,rustedwarfare/custom/logic/LogicEventContext,high,structural_match,mutual_base: mutual-best structural fingerprint,common_core
com/corrodinggames/rts/game/units/custom/l,com/corrodinggames/rts/game/units/custom/l,rw/custom/CustomUnitMetadata,rustedwarfare/custom/CustomUnitMetadata,high,structural_match,critical_anchor: CustomUnit 384-field anchor,common_core
com/corrodinggames/rts/game/units/custom/logicBooleans/BooleanParseException,com/corrodinggames/rts/game/units/custom/logicBooleans/BooleanParseException,rw/custom/logic/BooleanParseException,rustedwarfare/custom/logic/BooleanParseException,high,structural_match,mutual_base: mutual-best structural fingerprint,common_core
com/corrodinggames/rts/game/units/custom/logicBooleans/CompareJoinerBoolean,com/corrodinggames/rts/game/units/custom/logicBooleans/CompareJoinerBoolean,rw/custom/logic/CompareJoinerBoolean,rustedwarfare/custom/logic/CompareJoinerBoolean,high,structural_match,mutual_base: mutual-best structural fingerprint,common_core
com/corrodinggames/rts/game/units/custom/logicBooleans/CompareJoinerBoolean$CompareBooleanOnly,com/corrodinggames/rts/game/units/custom/logicBooleans/CompareJoinerBoolean$CompareBooleanOnly,rw/custom/logic/CompareJoinerBoolean$CompareBooleanOnly,rustedwarfare/custom/logic/CompareJoinerBoolean$CompareBooleanOnly,high,structural_match,mutual_base: mutual-best structural fingerprint,common_core
com/corrodinggames/rts/game/units/custom/logicBooleans/CompareJoinerBoolean$CompareEqualBoolean,com/corrodinggames/rts/game/units/custom/logicBooleans/CompareJoinerBoolean$CompareEqualBoolean,rw/custom/logic/CompareJoinerBoolean$CompareEqualBoolean,rustedwarfare/custom/logic/CompareJoinerBoolean$CompareEqualBoolean,high,structural_match,mutual_base: mutual-best structural fingerprint,common_core
com/corrodinggames/rts/game/units/custom/logicBooleans/CompareJoinerBoolean$CompareEqualNumbers,com/corrodinggames/rts/game/units/custom/logicBooleans/CompareJoinerBoolean$CompareEqualNumbers,rw/custom/logic/CompareJoinerBoolean$CompareEqualNumbers,rustedwarfare/custom/logic/CompareJoinerBoolean$CompareEqualNumbers,high,structural_match,mutual_base: mutual-best structural fingerprint,common_core
com/corrodinggames/rts/game/units/custom/logicBooleans/CompareJoinerBoolean$CompareEqualStrings,com/corrodinggames/rts/game/units/custom/logicBooleans/CompareJoinerBoolean$CompareEqualStrings,rw/custom/logic/CompareJoinerBoolean$CompareEqualStrings,rustedwarfare/custom/logic/CompareJoinerBoolean$CompareEqualStrings,high,structural_match,mutual_base: mutual-best structural fingerprint,common_core
com/corrodinggames/rts/game/units/custom/logicBooleans/CompareJoinerBoolean$CompareEqualUnits,com/corrodinggames/rts/game/units/custom/logicBooleans/CompareJoinerBoolean$CompareEqualUnits,rw/custom/logic/CompareJoinerBoolean$CompareEqualUnits,rustedwarfare/custom/logic/CompareJoinerBoolean$CompareEqualUnits,high,structural_match,mutual_base: mutual-best structural fingerprint,common_core
com/corrodinggames/rts/game/units/custom/logicBooleans/CompareJoinerBoolean$CompareGreaterThanNumbers,com/corrodinggames/rts/game/units/custom/logicBooleans/CompareJoinerBoolean$CompareGreaterThanNumbers,rw/custom/logic/CompareJoinerBoolean$CompareGreaterThanNumbers,rustedwarfare/custom/logic/CompareJoinerBoolean$CompareGreaterThanNumbers,high,structural_match,mutual_base: mutual-best structural fingerprint,common_core
com/corrodinggames/rts/game/units/custom/logicBooleans/CompareJoinerBoolean$CompareGreaterThanOrEqualNumbers,com/corrodinggames/rts/game/units/custom/logicBooleans/CompareJoinerBoolean$CompareGreaterThanOrEqualNumbers,rw/custom/logic/CompareJoinerBoolean$CompareGreaterThanOrEqualNumbers,rustedwarfare/custom/logic/CompareJoinerBoolean$CompareGreaterThanOrEqualNumbers,high,structural_match,mutual_base: mutual-best structural fingerprint,common_core
com/corrodinggames/rts/game/units/custom/logicBooleans/CompareJoinerBoolean$CompareLessThanNumbers,com/corrodinggames/rts/game/units/custom/logicBooleans/CompareJoinerBoolean$CompareLessThanNumbers,rw/custom/logic/CompareJoinerBoolean$CompareLessThanNumbers,rustedwarfare/custom/logic/CompareJoinerBoolean$CompareLessThanNumbers,high,structural_match,mutual_base: mutual-best structural fingerprint,common_core
com/corrodinggames/rts/game/units/custom/logicBooleans/CompareJoinerBoolean$CompareLessThanOrEqualNumbers,com/corrodinggames/rts/game/units/custom/logicBooleans/CompareJoinerBoolean$CompareLessThanOrEqualNumbers,rw/custom/logic/CompareJoinerBoolean$CompareLessThanOrEqualNumbers,rustedwarfare/custom/logic/CompareJoinerBoolean$CompareLessThanOrEqualNumbers,high,structural_match,mutual_base: mutual-best structural fingerprint,common_core
com/corrodinggames/rts/game/units/custom/logicBooleans/CompareJoinerBoolean$CompareNotEqualBoolean,com/corrodinggames/rts/game/units/custom/logicBooleans/CompareJoinerBoolean$CompareNotEqualBoolean,rw/custom/logic/CompareJoinerBoolean$CompareNotEqualBoolean,rustedwarfare/custom/logic/CompareJoinerBoolean$CompareNotEqualBoolean,high,structural_match,mutual_base: mutual-best structural fingerprint,common_core
com/corrodinggames/rts/game/units/custom/logicBooleans/CompareJoinerBoolean$CompareNotEqualNumbers,com/corrodinggames/rts/game/units/custom/logicBooleans/CompareJoinerBoolean$CompareNotEqualNumbers,rw/custom/logic/CompareJoinerBoolean$CompareNotEqualNumbers,rustedwarfare/custom/logic/CompareJoinerBoolean$CompareNotEqualNumbers,high,structural_match,mutual_base: mutual-best structural fingerprint,common_core
com/corrodinggames/rts/game/units/custom/logicBooleans/CompareJoinerBoolean$CompareNotEqualStrings,com/corrodinggames/rts/game/units/custom/logicBooleans/CompareJoinerBoolean$CompareNotEqualStrings,rw/custom/logic/CompareJoinerBoolean$CompareNotEqualStrings,rustedwarfare/custom/logic/CompareJoinerBoolean$CompareNotEqualStrings,high,structural_match,mutual_base: mutual-best structural fingerprint,common_core
com/corrodinggames/rts/game/units/custom/logicBooleans/CompareJoinerBoolean$CompareNotEqualUnits,com/corrodinggames/rts/game/units/custom/logicBooleans/CompareJoinerBoolean$CompareNotEqualUnits,rw/custom/logic/CompareJoinerBoolean$CompareNotEqualUnits,rustedwarfare/custom/logic/CompareJoinerBoolean$CompareNotEqualUnits,high,structural_match,mutual_base: mutual-best structural fingerprint,common_core
com/corrodinggames/rts/game/units/custom/logicBooleans/CompareJoinerBoolean$CompareNumbers,com/corrodinggames/rts/game/units/custom/logicBooleans/CompareJoinerBoolean$CompareNumbers,rw/custom/logic/CompareJoinerBoolean$CompareNumbers,rustedwarfare/custom/logic/CompareJoinerBoolean$CompareNumbers,high,structural_match,mutual_base: mutual-best structural fingerprint,common_core
com/corrodinggames/rts/game/units/custom/logicBooleans/CompareJoinerBoolean$MathAddJoinerBoolean,com/corrodinggames/rts/game/units/custom/logicBooleans/CompareJoinerBoolean$MathAddJoinerBoolean,rw/custom/logic/CompareJoinerBoolean$MathAddJoinerBoolean,rustedwarfare/custom/logic/CompareJoinerBoolean$MathAddJoinerBoolean,high,structural_match,mutual_base: mutual-best structural fingerprint,common_core
com/corrodinggames/rts/game/units/custom/logicBooleans/CompareJoinerBoolean$MathDivideJoinerBoolean,com/corrodinggames/rts/game/units/custom/logicBooleans/CompareJoinerBoolean$MathDivideJoinerBoolean,rw/custom/logic/CompareJoinerBoolean$MathDivideJoinerBoolean,rustedwarfare/custom/logic/CompareJoinerBoolean$MathDivideJoinerBoolean,high,structural_match,mutual_base: mutual-best structural fingerprint,common_core
com/corrodinggames/rts/game/units/custom/logicBooleans/CompareJoinerBoolean$MathJoinerBoolean,com/corrodinggames/rts/game/units/custom/logicBooleans/CompareJoinerBoolean$MathJoinerBoolean,rw/custom/logic/CompareJoinerBoolean$MathJoinerBoolean,rustedwarfare/custom/logic/CompareJoinerBoolean$MathJoinerBoolean,high,structural_match,mutual_base: mutual-best structural fingerprint,common_core
com/corrodinggames/rts/game/units/custom/logicBooleans/CompareJoinerBoolean$MathModulusJoinerBoolean,com/corrodinggames/rts/game/units/custom/logicBooleans/CompareJoinerBoolean$MathModulusJoinerBoolean,rw/custom/logic/CompareJoinerBoolean$MathModulusJoinerBoolean,rustedwarfare/custom/logic/CompareJoinerBoolean$MathModulusJoinerBoolean,high,structural_match,mutual_base: mutual-best structural fingerprint,common_core
com/corrodinggames/rts/game/units/custom/logicBooleans/CompareJoinerBoolean$MathMultiplyJoinerBoolean,com/corrodinggames/rts/game/units/custom/logicBooleans/CompareJoinerBoolean$MathMultiplyJoinerBoolean,rw/custom/logic/CompareJoinerBoolean$MathMultiplyJoinerBoolean,rustedwarfare/custom/logic/CompareJoinerBoolean$MathMultiplyJoinerBoolean,high,structural_match,mutual_base: mutual-best structural fingerprint,common_core
com/corrodinggames/rts/game/units/custom/logicBooleans/CompareJoinerBoolean$MathSubtractJoinerBoolean,com/corrodinggames/rts/game/units/custom/logicBooleans/CompareJoinerBoolean$MathSubtractJoinerBoolean,rw/custom/logic/CompareJoinerBoolean$MathSubtractJoinerBoolean,rustedwarfare/custom/logic/CompareJoinerBoolean$MathSubtractJoinerBoolean,high,structural_match,mutual_base: mutual-best structural fingerprint,common_core
com/corrodinggames/rts/game/units/custom/logicBooleans/CompareJoinerBoolean$StringJoinerBoolean,com/corrodinggames/rts/game/units/custom/logicBooleans/CompareJoinerBoolean$StringJoinerBoolean,rw/custom/logic/CompareJoinerBoolean$StringJoinerBoolean,rustedwarfare/custom/logic/CompareJoinerBoolean$StringJoinerBoolean,high,structural_match,mutual_base: mutual-best structural fingerprint,common_core
com/corrodinggames/rts/game/units/custom/logicBooleans/LogicBoolean,com/corrodinggames/rts/game/units/custom/logicBooleans/LogicBoolean,rw/custom/logic/LogicBoolean,rustedwarfare/custom/logic/LogicBoolean,high,structural_match,mutual_base: mutual-best structural fingerprint,common_core
com/corrodinggames/rts/game/units/custom/logicBooleans/LogicBoolean$AbstractNumberBoolean,com/corrodinggames/rts/game/units/custom/logicBooleans/LogicBoolean$AbstractNumberBoolean,rw/custom/logic/LogicBoolean$AbstractNumberBoolean,rustedwarfare/custom/logic/LogicBoolean$AbstractNumberBoolean,high,structural_match,mutual_base: mutual-best structural fingerprint,common_core
com/corrodinggames/rts/game/units/custom/logicBooleans/LogicBoolean$AndBoolean,com/corrodinggames/rts/game/units/custom/logicBooleans/LogicBoolean$AndBoolean,rw/custom/logic/LogicBoolean$AndBoolean,rustedwarfare/custom/logic/LogicBoolean$AndBoolean,high,structural_match,mutual_base: mutual-best structural fingerprint,common_core
com/corrodinggames/rts/game/units/custom/logicBooleans/LogicBoolean$CallContext,com/corrodinggames/rts/game/units/custom/logicBooleans/LogicBoolean$CallContext,rw/custom/logic/LogicBoolean$CallContext,rustedwarfare/custom/logic/LogicBoolean$CallContext,high,structural_match,mutual_base: mutual-best structural fingerprint,common_core
com/corrodinggames/rts/game/units/custom/logicBooleans/LogicBoolean$CallContext_self,com/corrodinggames/rts/game/units/custom/logicBooleans/LogicBoolean$CallContext_self,rw/custom/logic/LogicBoolean$CallContext_self,rustedwarfare/custom/logic/LogicBoolean$CallContext_self,high,structural_match,mutual_base: mutual-best structural fingerprint,common_core
com/corrodinggames/rts/game/units/custom/logicBooleans/LogicBoolean$CallContext_selfAndTarget,com/corrodinggames/rts/game/units/custom/logicBooleans/LogicBoolean$CallContext_selfAndTarget,rw/custom/logic/LogicBoolean$CallContext_selfAndTarget,rustedwarfare/custom/logic/LogicBoolean$CallContext_selfAndTarget,high,structural_match,mutual_base: mutual-best structural fingerprint,common_core
com/corrodinggames/rts/game/units/custom/logicBooleans/LogicBoolean$JoinerBoolean,com/corrodinggames/rts/game/units/custom/logicBooleans/LogicBoolean$JoinerBoolean,rw/custom/logic/LogicBoolean$JoinerBoolean,rustedwarfare/custom/logic/LogicBoolean$JoinerBoolean,high,structural_match,mutual_base: mutual-best structural fingerprint,common_core
com/corrodinggames/rts/game/units/custom/logicBooleans/LogicBoolean$LogicBooleanCommon,com/corrodinggames/rts/game/units/custom/logicBooleans/LogicBoolean$LogicBooleanCommon,rw/custom/logic/LogicBoolean$LogicBooleanCommon,rustedwarfare/custom/logic/LogicBoolean$LogicBooleanCommon,high,structural_match,mutual_base: mutual-best structural fingerprint,common_core
com/corrodinggames/rts/game/units/custom/logicBooleans/LogicBoolean$LogicBooleanCommonLocking,com/corrodinggames/rts/game/units/custom/logicBooleans/LogicBoolean$LogicBooleanCommonLocking,rw/custom/logic/LogicBoolean$LogicBooleanCommonLocking,rustedwarfare/custom/logic/LogicBoolean$LogicBooleanCommonLocking,high,structural_match,mutual_base: mutual-best structural fingerprint,common_core
com/corrodinggames/rts/game/units/custom/logicBooleans/LogicBoolean$LogicNumberOnly,com/corrodinggames/rts/game/units/custom/logicBooleans/LogicBoolean$LogicNumberOnly,rw/custom/logic/LogicBoolean$LogicNumberOnly,rustedwarfare/custom/logic/LogicBoolean$LogicNumberOnly,high,structural_match,mutual_base: mutual-best structural fingerprint,common_core
com/corrodinggames/rts/game/units/custom/logicBooleans/LogicBoolean$NotBoolean,com/corrodinggames/rts/game/units/custom/logicBooleans/LogicBoolean$NotBoolean,rw/custom/logic/LogicBoolean$NotBoolean,rustedwarfare/custom/logic/LogicBoolean$NotBoolean,high,structural_match,mutual_base: mutual-best structural fingerprint,common_core
com/corrodinggames/rts/game/units/custom/logicBooleans/LogicBoolean$OrBoolean,com/corrodinggames/rts/game/units/custom/logicBooleans/LogicBoolean$OrBoolean,rw/custom/logic/LogicBoolean$OrBoolean,rustedwarfare/custom/logic/LogicBoolean$OrBoolean,high,structural_match,mutual_base: mutual-best structural fingerprint,common_core
com/corrodinggames/rts/game/units/custom/logicBooleans/LogicBoolean$Parameter,com/corrodinggames/rts/game/units/custom/logicBooleans/LogicBoolean$Parameter,rw/custom/logic/LogicBoolean$Parameter,rustedwarfare/custom/logic/LogicBoolean$Parameter,high,structural_match,mutual_base: mutual-best structural fingerprint,common_core
com/corrodinggames/rts/game/units/custom/logicBooleans/LogicBoolean$ReturnType,com/corrodinggames/rts/game/units/custom/logicBooleans/LogicBoolean$ReturnType,rw/custom/logic/LogicBooleanReturnType,rustedwarfare/custom/logic/LogicBoolean$ReturnType,high,structural_match,mutual_base: mutual-best structural fingerprint,common_core
com/corrodinggames/rts/game/units/custom/logicBooleans/LogicBoolean$StaticBoolean,com/corrodinggames/rts/game/units/custom/logicBooleans/LogicBoolean$StaticBoolean,rw/custom/logic/LogicBoolean$StaticBoolean,rustedwarfare/custom/logic/LogicBoolean$StaticBoolean,high,structural_match,mutual_base: mutual-best structural fingerprint,common_core
com/corrodinggames/rts/game/units/custom/logicBooleans/LogicBoolean$StaticBooleanFalse,com/corrodinggames/rts/game/units/custom/logicBooleans/LogicBoolean$StaticBooleanFalse,rw/custom/logic/LogicBoolean$StaticBooleanFalse,rustedwarfare/custom/logic/LogicBoolean$StaticBooleanFalse,high,structural_match,mutual_base: mutual-best structural fingerprint,common_core
com/corrodinggames/rts/game/units/custom/logicBooleans/LogicBoolean$StaticBooleanTrue,com/corrodinggames/rts/game/units/custom/logicBooleans/LogicBoolean$StaticBooleanTrue,rw/custom/logic/LogicBoolean$StaticBooleanTrue,rustedwarfare/custom/logic/LogicBoolean$StaticBooleanTrue,high,structural_match,mutual_base: mutual-best structural fingerprint,common_core
com/corrodinggames/rts/game/units/custom/logicBooleans/LogicBoolean$StaticValueBoolean,com/corrodinggames/rts/game/units/custom/logicBooleans/LogicBoolean$StaticValueBoolean,rw/custom/logic/LogicBoolean$StaticValueBoolean,rustedwarfare/custom/logic/LogicBoolean$StaticValueBoolean,high,structural_match,mutual_base: mutual-best structural fingerprint,common_core
com/corrodinggames/rts/game/units/custom/logicBooleans/LogicBoolean$TimeBoolean,com/corrodinggames/rts/game/units/custom/logicBooleans/LogicBoolean$TimeBoolean,rw/custom/logic/LogicBoolean$TimeBoolean,rustedwarfare/custom/logic/LogicBoolean$TimeBoolean,high,structural_match,mutual_base: mutual-best structural fingerprint,common_core
com/corrodinggames/rts/game/units/custom/logicBooleans/LogicBooleanActionFilter,com/corrodinggames/rts/game/units/custom/logicBooleans/LogicBooleanActionFilter,rw/custom/logic/LogicBooleanActionFilter,rustedwarfare/custom/logic/LogicBooleanActionFilter,high,structural_match,mutual_base: mutual-best structural fingerprint,common_core
com/corrodinggames/rts/game/units/custom/logicBooleans/LogicBooleanGameFunctions,com/corrodinggames/rts/game/units/custom/logicBooleans/LogicBooleanGameFunctions,rw/custom/logic/LogicBooleanGameFunctions,rustedwarfare/custom/logic/LogicBooleanGameFunctions,high,structural_match,mutual_base: mutual-best structural fingerprint,common_core
com/corrodinggames/rts/game/units/custom/logicBooleans/LogicBooleanGameFunctions$AmmoBoolean,com/corrodinggames/rts/game/units/custom/logicBooleans/LogicBooleanGameFunctions$AmmoBoolean,rw/custom/logic/LogicBooleanGameFunctions$AmmoBoolean,rustedwarfare/custom/logic/LogicBooleanGameFunctions$AmmoBoolean,high,structural_match,mutual_base: mutual-best structural fingerprint,common_core
com/corrodinggames/rts/game/units/custom/logicBooleans/LogicBooleanGameFunctions$AmmoIncludingQueuedBoolean,com/corrodinggames/rts/game/units/custom/logicBooleans/LogicBooleanGameFunctions$AmmoIncludingQueuedBoolean,rw/custom/logic/LogicBooleanGameFunctions$AmmoIncludingQueuedBoolean,rustedwarfare/custom/logic/LogicBooleanGameFunctions$AmmoIncludingQueuedBoolean,high,structural_match,mutual_base: mutual-best structural fingerprint,common_core
com/corrodinggames/rts/game/units/custom/logicBooleans/LogicBooleanGameFunctions$BuiltAmountBoolean,com/corrodinggames/rts/game/units/custom/logicBooleans/LogicBooleanGameFunctions$BuiltAmountBoolean,rw/custom/logic/LogicBooleanGameFunctions$BuiltAmountBoolean,rustedwarfare/custom/logic/LogicBooleanGameFunctions$BuiltAmountBoolean,high,structural_match,mutual_base: mutual-best structural fingerprint,common_core
com/corrodinggames/rts/game/units/custom/logicBooleans/LogicBooleanGameFunctions$CompareUnitsBroken,com/corrodinggames/rts/game/units/custom/logicBooleans/LogicBooleanGameFunctions$CompareUnitsBroken,rw/custom/logic/LogicBooleanGameFunctions$CompareUnitsBroken,rustedwarfare/custom/logic/LogicBooleanGameFunctions$CompareUnitsBroken,high,structural_match,mutual_base: mutual-best structural fingerprint,common_core
com/corrodinggames/rts/game/units/custom/logicBooleans/LogicBooleanGameFunctions$CompletedBoolean,com/corrodinggames/rts/game/units/custom/logicBooleans/LogicBooleanGameFunctions$CompletedBoolean,rw/custom/logic/LogicBooleanGameFunctions$CompletedBoolean,rustedwarfare/custom/logic/LogicBooleanGameFunctions$CompletedBoolean,high,structural_match,mutual_base: mutual-best structural fingerprint,common_core
com/corrodinggames/rts/game/units/custom/logicBooleans/LogicBooleanGameFunctions$CustomTimerBoolean,com/corrodinggames/rts/game/units/custom/logicBooleans/LogicBooleanGameFunctions$CustomTimerBoolean,rw/custom/logic/LogicBooleanGameFunctions$CustomTimerBoolean,rustedwarfare/custom/logic/LogicBooleanGameFunctions$CustomTimerBoolean,high,structural_match,mutual_base: mutual-best structural fingerprint,common_core
com/corrodinggames/rts/game/units/custom/logicBooleans/LogicBooleanGameFunctions$EnergyBoolean,com/corrodinggames/rts/game/units/custom/logicBooleans/LogicBooleanGameFunctions$EnergyBoolean,rw/custom/logic/LogicBooleanGameFunctions$EnergyBoolean,rustedwarfare/custom/logic/LogicBooleanGameFunctions$EnergyBoolean,high,structural_match,mutual_base: mutual-best structural fingerprint,common_core
com/corrodinggames/rts/game/units/custom/logicBooleans/LogicBooleanGameFunctions$EnergyIncludingQueuedBoolean,com/corrodinggames/rts/game/units/custom/logicBooleans/LogicBooleanGameFunctions$EnergyIncludingQueuedBoolean,rw/custom/logic/LogicBooleanGameFunctions$EnergyIncludingQueuedBoolean,rustedwarfare/custom/logic/LogicBooleanGameFunctions$EnergyIncludingQueuedBoolean,high,structural_match,mutual_base: mutual-best structural fingerprint,common_core
com/corrodinggames/rts/game/units/custom/logicBooleans/LogicBooleanGameFunctions$EventTagsBoolean,com/corrodinggames/rts/game/units/custom/logicBooleans/LogicBooleanGameFunctions$EventTagsBoolean,rw/custom/logic/LogicBooleanGameFunctions$EventTagsBoolean,rustedwarfare/custom/logic/LogicBooleanGameFunctions$EventTagsBoolean,high,structural_match,mutual_base: mutual-best structural fingerprint,common_core
com/corrodinggames/rts/game/units/custom/logicBooleans/LogicBooleanGameFunctions$GameMapHeightBoolean,com/corrodinggames/rts/game/units/custom/logicBooleans/LogicBooleanGameFunctions$GameMapHeightBoolean,rw/custom/logic/LogicBooleanGameFunctions$GameMapHeightBoolean,rustedwarfare/custom/logic/LogicBooleanGameFunctions$GameMapHeightBoolean,high,structural_match,mutual_base: mutual-best structural fingerprint,common_core
com/corrodinggames/rts/game/units/custom/logicBooleans/LogicBooleanGameFunctions$GameMapWidthBoolean,com/corrodinggames/rts/game/units/custom/logicBooleans/LogicBooleanGameFunctions$GameMapWidthBoolean,rw/custom/logic/LogicBooleanGameFunctions$GameMapWidthBoolean,rustedwarfare/custom/logic/LogicBooleanGameFunctions$GameMapWidthBoolean,high,structural_match,mutual_base: mutual-best structural fingerprint,common_core
com/corrodinggames/rts/game/units/custom/logicBooleans/LogicBooleanGameFunctions$GameModeBoolean,com/corrodinggames/rts/game/units/custom/logicBooleans/LogicBooleanGameFunctions$GameModeBoolean,rw/custom/logic/LogicBooleanGameFunctions$GameModeBoolean,rustedwarfare/custom/logic/LogicBooleanGameFunctions$GameModeBoolean,high,structural_match,mutual_base: mutual-best structural fingerprint,common_core
com/corrodinggames/rts/game/units/custom/logicBooleans/LogicBooleanGameFunctions$HasActiveWaypoint,com/corrodinggames/rts/game/units/custom/logicBooleans/LogicBooleanGameFunctions$HasActiveWaypoint,rw/custom/logic/LogicBooleanGameFunctions$HasActiveWaypoint,rustedwarfare/custom/logic/LogicBooleanGameFunctions$HasActiveWaypoint,high,structural_match,mutual_base: mutual-best structural fingerprint,common_core
com/corrodinggames/rts/game/units/custom/logicBooleans/LogicBooleanGameFunctions$HasFlagBoolean,com/corrodinggames/rts/game/units/custom/logicBooleans/LogicBooleanGameFunctions$HasFlagBoolean,rw/custom/logic/LogicBooleanGameFunctions$HasFlagBoolean,rustedwarfare/custom/logic/LogicBooleanGameFunctions$HasFlagBoolean,high,structural_match,mutual_base: mutual-best structural fingerprint,common_core
com/corrodinggames/rts/game/units/custom/logicBooleans/LogicBooleanGameFunctions$HasFlagDynamicBoolean,com/corrodinggames/rts/game/units/custom/logicBooleans/LogicBooleanGameFunctions$HasFlagDynamicBoolean,rw/custom/logic/LogicBooleanGameFunctions$HasFlagDynamicBoolean,rustedwarfare/custom/logic/LogicBooleanGameFunctions$HasFlagDynamicBoolean,high,structural_match,mutual_base: mutual-best structural fingerprint,common_core
com/corrodinggames/rts/game/units/custom/logicBooleans/LogicBooleanGameFunctions$HasParent,com/corrodinggames/rts/game/units/custom/logicBooleans/LogicBooleanGameFunctions$HasParent,rw/custom/logic/LogicBooleanGameFunctions$HasParent,rustedwarfare/custom/logic/LogicBooleanGameFunctions$HasParent,high,structural_match,mutual_base: mutual-best structural fingerprint,common_core
com/corrodinggames/rts/game/units/custom/logicBooleans/LogicBooleanGameFunctions$HasResourcesBoolean,com/corrodinggames/rts/game/units/custom/logicBooleans/LogicBooleanGameFunctions$HasResourcesBoolean,rw/custom/logic/LogicBooleanGameFunctions$HasResourcesBoolean,rustedwarfare/custom/logic/LogicBooleanGameFunctions$HasResourcesBoolean,high,structural_match,mutual_base: mutual-best structural fingerprint,common_core
com/corrodinggames/rts/game/units/custom/logicBooleans/LogicBooleanGameFunctions$HasTakenDamage,com/corrodinggames/rts/game/units/custom/logicBooleans/LogicBooleanGameFunctions$HasTakenDamage,rw/custom/logic/LogicBooleanGameFunctions$HasTakenDamage,rustedwarfare/custom/logic/LogicBooleanGameFunctions$HasTakenDamage,high,structural_match,mutual_base: mutual-best structural fingerprint,common_core
com/corrodinggames/rts/game/units/custom/logicBooleans/LogicBooleanGameFunctions$HeightBoolean,com/corrodinggames/rts/game/units/custom/logicBooleans/LogicBooleanGameFunctions$HeightBoolean,rw/custom/logic/LogicBooleanGameFunctions$HeightBoolean,rustedwarfare/custom/logic/LogicBooleanGameFunctions$HeightBoolean,high,structural_match,mutual_base: mutual-best structural fingerprint,common_core
com/corrodinggames/rts/game/units/custom/logicBooleans/LogicBooleanGameFunctions$HeightValueBoolean,com/corrodinggames/rts/game/units/custom/logicBooleans/LogicBooleanGameFunctions$HeightValueBoolean,rw/custom/logic/LogicBooleanGameFunctions$HeightValueBoolean,rustedwarfare/custom/logic/LogicBooleanGameFunctions$HeightValueBoolean,high,structural_match,mutual_base: mutual-best structural fingerprint,common_core
com/corrodinggames/rts/game/units/custom/logicBooleans/LogicBooleanGameFunctions$HpBoolean,com/corrodinggames/rts/game/units/custom/logicBooleans/LogicBooleanGameFunctions$HpBoolean,rw/custom/logic/LogicBooleanGameFunctions$HpBoolean,rustedwarfare/custom/logic/LogicBooleanGameFunctions$HpBoolean,high,structural_match,mutual_base: mutual-best structural fingerprint,common_core
com/corrodinggames/rts/game/units/custom/logicBooleans/LogicBooleanGameFunctions$InMapBoolean,com/corrodinggames/rts/game/units/custom/logicBooleans/LogicBooleanGameFunctions$InMapBoolean,rw/custom/logic/LogicBooleanGameFunctions$InMapBoolean,rustedwarfare/custom/logic/LogicBooleanGameFunctions$InMapBoolean,high,structural_match,mutual_base: mutual-best structural fingerprint,common_core
com/corrodinggames/rts/game/units/custom/logicBooleans/LogicBooleanGameFunctions$IsAttackingBoolean,com/corrodinggames/rts/game/units/custom/logicBooleans/LogicBooleanGameFunctions$IsAttackingBoolean,rw/custom/logic/LogicBooleanGameFunctions$IsAttackingBoolean,rustedwarfare/custom/logic/LogicBooleanGameFunctions$IsAttackingBoolean,high,structural_match,mutual_base: mutual-best structural fingerprint,common_core
com/corrodinggames/rts/game/units/custom/logicBooleans/LogicBooleanGameFunctions$IsControlledByAI,com/corrodinggames/rts/game/units/custom/logicBooleans/LogicBooleanGameFunctions$IsControlledByAI,rw/custom/logic/LogicBooleanGameFunctions$IsControlledByAI,rustedwarfare/custom/logic/LogicBooleanGameFunctions$IsControlledByAI,high,structural_match,mutual_base: mutual-best structural fingerprint,common_core
com/corrodinggames/rts/game/units/custom/logicBooleans/LogicBooleanGameFunctions$IsGameFrameBoolean,com/corrodinggames/rts/game/units/custom/logicBooleans/LogicBooleanGameFunctions$IsGameFrameBoolean,rw/custom/logic/LogicBooleanGameFunctions$IsGameFrameBoolean,rustedwarfare/custom/logic/LogicBooleanGameFunctions$IsGameFrameBoolean,high,structural_match,mutual_base: mutual-best structural fingerprint,common_core
com/corrodinggames/rts/game/units/custom/logicBooleans/LogicBooleanGameFunctions$IsOnTeam,com/corrodinggames/rts/game/units/custom/logicBooleans/LogicBooleanGameFunctions$IsOnTeam,rw/custom/logic/LogicBooleanGameFunctions$IsOnTeam,rustedwarfare/custom/logic/LogicBooleanGameFunctions$IsOnTeam,high,structural_match,mutual_base: mutual-best structural fingerprint,common_core
com/corrodinggames/rts/game/units/custom/logicBooleans/LogicBooleanGameFunctions$IsResourceLargerThan,com/corrodinggames/rts/game/units/custom/logicBooleans/LogicBooleanGameFunctions$IsResourceLargerThan,rw/custom/logic/LogicBooleanGameFunctions$IsResourceLargerThan,rustedwarfare/custom/logic/LogicBooleanGameFunctions$IsResourceLargerThan,high,structural_match,mutual_base: mutual-best structural fingerprint,common_core
com/corrodinggames/rts/game/units/custom/logicBooleans/LogicBooleanGameFunctions$IsReversingBoolean,com/corrodinggames/rts/game/units/custom/logicBooleans/LogicBooleanGameFunctions$IsReversingBoolean,rw/custom/logic/LogicBooleanGameFunctions$IsReversingBoolean,rustedwarfare/custom/logic/LogicBooleanGameFunctions$IsReversingBoolean,high,structural_match,mutual_base: mutual-best structural fingerprint,common_core
com/corrodinggames/rts/game/units/custom/logicBooleans/LogicBooleanGameFunctions$KillsBoolean,com/corrodinggames/rts/game/units/custom/logicBooleans/LogicBooleanGameFunctions$KillsBoolean,rw/custom/logic/LogicBooleanGameFunctions$KillsBoolean,rustedwarfare/custom/logic/LogicBooleanGameFunctions$KillsBoolean,high,structural_match,mutual_base: mutual-best structural fingerprint,common_core
com/corrodinggames/rts/game/units/custom/logicBooleans/LogicBooleanGameFunctions$LastConvertedBoolean,com/corrodinggames/rts/game/units/custom/logicBooleans/LogicBooleanGameFunctions$LastConvertedBoolean,rw/custom/logic/LogicBooleanGameFunctions$LastConvertedBoolean,rustedwarfare/custom/logic/LogicBooleanGameFunctions$LastConvertedBoolean,high,structural_match,mutual_base: mutual-best structural fingerprint,common_core
com/corrodinggames/rts/game/units/custom/logicBooleans/LogicBooleanGameFunctions$MaxEnergyBoolean,com/corrodinggames/rts/game/units/custom/logicBooleans/LogicBooleanGameFunctions$MaxEnergyBoolean,rw/custom/logic/LogicBooleanGameFunctions$MaxEnergyBoolean,rustedwarfare/custom/logic/LogicBooleanGameFunctions$MaxEnergyBoolean,high,structural_match,mutual_base: mutual-best structural fingerprint,common_core
com/corrodinggames/rts/game/units/custom/logicBooleans/LogicBooleanGameFunctions$MaxHpBoolean,com/corrodinggames/rts/game/units/custom/logicBooleans/LogicBooleanGameFunctions$MaxHpBoolean,rw/custom/logic/LogicBooleanGameFunctions$MaxHpBoolean,rustedwarfare/custom/logic/LogicBooleanGameFunctions$MaxHpBoolean,high,structural_match,mutual_base: mutual-best structural fingerprint,common_core
com/corrodinggames/rts/game/units/custom/logicBooleans/LogicBooleanGameFunctions$MaxMoveSpeedBoolean,com/corrodinggames/rts/game/units/custom/logicBooleans/LogicBooleanGameFunctions$MaxMoveSpeedBoolean,rw/custom/logic/LogicBooleanGameFunctions$MaxMoveSpeedBoolean,rustedwarfare/custom/logic/LogicBooleanGameFunctions$MaxMoveSpeedBoolean,high,structural_match,mutual_base: mutual-best structural fingerprint,common_core
com/corrodinggames/rts/game/units/custom/logicBooleans/LogicBooleanGameFunctions$MaxShieldBoolean,com/corrodinggames/rts/game/units/custom/logicBooleans/LogicBooleanGameFunctions$MaxShieldBoolean,rw/custom/logic/LogicBooleanGameFunctions$MaxShieldBoolean,rustedwarfare/custom/logic/LogicBooleanGameFunctions$MaxShieldBoolean,high,structural_match,mutual_base: mutual-best structural fingerprint,common_core
com/corrodinggames/rts/game/units/custom/logicBooleans/LogicBooleanGameFunctions$MovingBoolean,com/corrodinggames/rts/game/units/custom/logicBooleans/LogicBooleanGameFunctions$MovingBoolean,rw/custom/logic/LogicBooleanGameFunctions$MovingBoolean,rustedwarfare/custom/logic/LogicBooleanGameFunctions$MovingBoolean,high,structural_match,mutual_base: mutual-best structural fingerprint,common_core
com/corrodinggames/rts/game/units/custom/logicBooleans/LogicBooleanGameFunctions$NumberOfAttachedUnitsBoolean,com/corrodinggames/rts/game/units/custom/logicBooleans/LogicBooleanGameFunctions$NumberOfAttachedUnitsBoolean,rw/custom/logic/LogicBooleanGameFunctions$NumberOfAttachedUnitsBoolean,rustedwarfare/custom/logic/LogicBooleanGameFunctions$NumberOfAttachedUnitsBoolean,high,structural_match,mutual_base: mutual-best structural fingerprint,common_core
com/corrodinggames/rts/game/units/custom/logicBooleans/LogicBooleanGameFunctions$NumberOfConnectionsBoolean,com/corrodinggames/rts/game/units/custom/logicBooleans/LogicBooleanGameFunctions$NumberOfConnectionsBoolean,rw/custom/logic/LogicBooleanGameFunctions$NumberOfConnectionsBoolean,rustedwarfare/custom/logic/LogicBooleanGameFunctions$NumberOfConnectionsBoolean,high,structural_match,mutual_base: mutual-best structural fingerprint,common_core
com/corrodinggames/rts/game/units/custom/logicBooleans/LogicBooleanGameFunctions$NumberOfQueuedWaypoints,com/corrodinggames/rts/game/units/custom/logicBooleans/LogicBooleanGameFunctions$NumberOfQueuedWaypoints,rw/custom/logic/LogicBooleanGameFunctions$NumberOfQueuedWaypoints,rustedwarfare/custom/logic/LogicBooleanGameFunctions$NumberOfQueuedWaypoints,high,structural_match,mutual_base: mutual-best structural fingerprint,common_core
com/corrodinggames/rts/game/units/custom/logicBooleans/LogicBooleanGameFunctions$NumberOfUnitsInEnemyOrAllyTeam,com/corrodinggames/rts/game/units/custom/logicBooleans/LogicBooleanGameFunctions$NumberOfUnitsInEnemyOrAllyTeam,rw/custom/logic/LogicBooleanGameFunctions$NumberOfUnitsInEnemyOrAllyTeam,rustedwarfare/custom/logic/LogicBooleanGameFunctions$NumberOfUnitsInEnemyOrAllyTeam,high,structural_match,mutual_base: mutual-best structural fingerprint,common_core
com/corrodinggames/rts/game/units/custom/logicBooleans/LogicBooleanGameFunctions$NumberOfUnitsInEnemyOrAllyTeam$HandleCallbackCountAlly,com/corrodinggames/rts/game/units/custom/logicBooleans/LogicBooleanGameFunctions$NumberOfUnitsInEnemyOrAllyTeam$HandleCallbackCountAlly,rw/custom/logic/LogicBooleanGameFunctions$NumberOfUnitsInEnemyOrAllyTeam$HandleCallbackCountAlly,rustedwarfare/custom/logic/LogicBooleanGameFunctions$NumberOfUnitsInEnemyOrAllyTeam$HandleCallbackCountAlly,high,structural_match,mutual_base: mutual-best structural fingerprint,common_core
com/corrodinggames/rts/game/units/custom/logicBooleans/LogicBooleanGameFunctions$NumberOfUnitsInEnemyOrAllyTeam$HandleCallbackCountEnemies,com/corrodinggames/rts/game/units/custom/logicBooleans/LogicBooleanGameFunctions$NumberOfUnitsInEnemyOrAllyTeam$HandleCallbackCountEnemies,rw/custom/logic/LogicBooleanGameFunctions$NumberOfUnitsInEnemyOrAllyTeam$HandleCallbackCountEnemies,rustedwarfare/custom/logic/LogicBooleanGameFunctions$NumberOfUnitsInEnemyOrAllyTeam$HandleCallbackCountEnemies,high,structural_match,mutual_base: mutual-best structural fingerprint,common_core
com/corrodinggames/rts/game/units/custom/logicBooleans/LogicBooleanGameFunctions$NumberOfUnitsInTeam,com/corrodinggames/rts/game/units/custom/logicBooleans/LogicBooleanGameFunctions$NumberOfUnitsInTeam,rw/custom/logic/LogicBooleanGameFunctions$NumberOfUnitsInTeam,rustedwarfare/custom/logic/LogicBooleanGameFunctions$NumberOfUnitsInTeam,high,structural_match,mutual_base: mutual-best structural fingerprint,common_core
com/corrodinggames/rts/game/units/custom/logicBooleans/LogicBooleanGameFunctions$NumberOfUnitsInTeam$HandleCallbackCount,com/corrodinggames/rts/game/units/custom/logicBooleans/LogicBooleanGameFunctions$NumberOfUnitsInTeam$HandleCallbackCount,rw/custom/logic/LogicBooleanGameFunctions$NumberOfUnitsInTeam$HandleCallbackCount,rustedwarfare/custom/logic/LogicBooleanGameFunctions$NumberOfUnitsInTeam$HandleCallbackCount,high,structural_match,mutual_base: mutual-best structural fingerprint,common_core
com/corrodinggames/rts/game/units/custom/logicBooleans/LogicBooleanGameFunctions$OverCliftBoolean,com/corrodinggames/rts/game/units/custom/logicBooleans/LogicBooleanGameFunctions$OverCliftBoolean,rw/custom/logic/LogicBooleanGameFunctions$OverCliftBoolean,rustedwarfare/custom/logic/LogicBooleanGameFunctions$OverCliftBoolean,high,structural_match,mutual_base: mutual-best structural fingerprint,common_core
com/corrodinggames/rts/game/units/custom/logicBooleans/LogicBooleanGameFunctions$OverLiquidBoolean,com/corrodinggames/rts/game/units/custom/logicBooleans/LogicBooleanGameFunctions$OverLiquidBoolean,rw/custom/logic/LogicBooleanGameFunctions$OverLiquidBoolean,rustedwarfare/custom/logic/LogicBooleanGameFunctions$OverLiquidBoolean,high,structural_match,mutual_base: mutual-best structural fingerprint,common_core
com/corrodinggames/rts/game/units/custom/logicBooleans/LogicBooleanGameFunctions$OverPassableTileBoolean,com/corrodinggames/rts/game/units/custom/logicBooleans/LogicBooleanGameFunctions$OverPassableTileBoolean,rw/custom/logic/LogicBooleanGameFunctions$OverPassableTileBoolean,rustedwarfare/custom/logic/LogicBooleanGameFunctions$OverPassableTileBoolean,high,structural_match,mutual_base: mutual-best structural fingerprint,common_core
com/corrodinggames/rts/game/units/custom/logicBooleans/LogicBooleanGameFunctions$OverWaterBoolean,com/corrodinggames/rts/game/units/custom/logicBooleans/LogicBooleanGameFunctions$OverWaterBoolean,rw/custom/logic/LogicBooleanGameFunctions$OverWaterBoolean,rustedwarfare/custom/logic/LogicBooleanGameFunctions$OverWaterBoolean,high,structural_match,mutual_base: mutual-best structural fingerprint,common_core
com/corrodinggames/rts/game/units/custom/logicBooleans/LogicBooleanGameFunctions$PositionXBoolean,com/corrodinggames/rts/game/units/custom/logicBooleans/LogicBooleanGameFunctions$PositionXBoolean,rw/custom/logic/LogicBooleanGameFunctions$PositionXBoolean,rustedwarfare/custom/logic/LogicBooleanGameFunctions$PositionXBoolean,high,structural_match,mutual_base: mutual-best structural fingerprint,common_core
com/corrodinggames/rts/game/units/custom/logicBooleans/LogicBooleanGameFunctions$PositionYBoolean,com/corrodinggames/rts/game/units/custom/logicBooleans/LogicBooleanGameFunctions$PositionYBoolean,rw/custom/logic/LogicBooleanGameFunctions$PositionYBoolean,rustedwarfare/custom/logic/LogicBooleanGameFunctions$PositionYBoolean,high,structural_match,mutual_base: mutual-best structural fingerprint,common_core
com/corrodinggames/rts/game/units/custom/logicBooleans/LogicBooleanGameFunctions$PriceCreditsBoolean,com/corrodinggames/rts/game/units/custom/logicBooleans/LogicBooleanGameFunctions$PriceCreditsBoolean,rw/custom/logic/LogicBooleanGameFunctions$PriceCreditsBoolean,rustedwarfare/custom/logic/LogicBooleanGameFunctions$PriceCreditsBoolean,high,structural_match,mutual_base: mutual-best structural fingerprint,common_core
com/corrodinggames/rts/game/units/custom/logicBooleans/LogicBooleanGameFunctions$QueueSize,com/corrodinggames/rts/game/units/custom/logicBooleans/LogicBooleanGameFunctions$QueueSize,rw/custom/logic/LogicBooleanGameFunctions$QueueSize,rustedwarfare/custom/logic/LogicBooleanGameFunctions$QueueSize,high,structural_match,mutual_base: mutual-best structural fingerprint,common_core
com/corrodinggames/rts/game/units/custom/logicBooleans/LogicBooleanGameFunctions$ResourceCountBoolean,com/corrodinggames/rts/game/units/custom/logicBooleans/LogicBooleanGameFunctions$ResourceCountBoolean,rw/custom/logic/LogicBooleanGameFunctions$ResourceCountBoolean,rustedwarfare/custom/logic/LogicBooleanGameFunctions$ResourceCountBoolean,high,structural_match,mutual_base: mutual-best structural fingerprint,common_core
com/corrodinggames/rts/game/units/custom/logicBooleans/LogicBooleanGameFunctions$ResourceScope,com/corrodinggames/rts/game/units/custom/logicBooleans/LogicBooleanGameFunctions$ResourceScope,rw/custom/logic/LogicBooleanGameFunctions$ResourceScope,rustedwarfare/custom/logic/LogicBooleanGameFunctions$ResourceScope,high,structural_match,mutual_base: mutual-best structural fingerprint,common_core
com/corrodinggames/rts/game/units/custom/logicBooleans/LogicBooleanGameFunctions$RotationBoolean,com/corrodinggames/rts/game/units/custom/logicBooleans/LogicBooleanGameFunctions$RotationBoolean,rw/custom/logic/LogicBooleanGameFunctions$RotationBoolean,rustedwarfare/custom/logic/LogicBooleanGameFunctions$RotationBoolean,high,structural_match,mutual_base: mutual-best structural fingerprint,common_core
com/corrodinggames/rts/game/units/custom/logicBooleans/LogicBooleanGameFunctions$ShieldBoolean,com/corrodinggames/rts/game/units/custom/logicBooleans/LogicBooleanGameFunctions$ShieldBoolean,rw/custom/logic/LogicBooleanGameFunctions$ShieldBoolean,rustedwarfare/custom/logic/LogicBooleanGameFunctions$ShieldBoolean,high,structural_match,mutual_base: mutual-best structural fingerprint,common_core
com/corrodinggames/rts/game/units/custom/logicBooleans/LogicBooleanGameFunctions$SpeedBoolean,com/corrodinggames/rts/game/units/custom/logicBooleans/LogicBooleanGameFunctions$SpeedBoolean,rw/custom/logic/LogicBooleanGameFunctions$SpeedBoolean,rustedwarfare/custom/logic/LogicBooleanGameFunctions$SpeedBoolean,high,structural_match,mutual_base: mutual-best structural fingerprint,common_core
com/corrodinggames/rts/game/units/custom/logicBooleans/LogicBooleanGameFunctions$SpeedValueBoolean,com/corrodinggames/rts/game/units/custom/logicBooleans/LogicBooleanGameFunctions$SpeedValueBoolean,rw/custom/logic/LogicBooleanGameFunctions$SpeedValueBoolean,rustedwarfare/custom/logic/LogicBooleanGameFunctions$SpeedValueBoolean,high,structural_match,mutual_base: mutual-best structural fingerprint,common_core
com/corrodinggames/rts/game/units/custom/logicBooleans/LogicBooleanGameFunctions$TagsBoolean,com/corrodinggames/rts/game/units/custom/logicBooleans/LogicBooleanGameFunctions$TagsBoolean,rw/custom/logic/LogicBooleanGameFunctions$TagsBoolean,rustedwarfare/custom/logic/LogicBooleanGameFunctions$TagsBoolean,high,structural_match,mutual_base: mutual-best structural fingerprint,common_core
com/corrodinggames/rts/game/units/custom/logicBooleans/LogicBooleanGameFunctions$TeamDefeatedTechBoolean,com/corrodinggames/rts/game/units/custom/logicBooleans/LogicBooleanGameFunctions$TeamDefeatedTechBoolean,rw/custom/logic/LogicBooleanGameFunctions$TeamDefeatedTechBoolean,rustedwarfare/custom/logic/LogicBooleanGameFunctions$TeamDefeatedTechBoolean,high,structural_match,mutual_base: mutual-best structural fingerprint,common_core
com/corrodinggames/rts/game/units/custom/logicBooleans/LogicBooleanGameFunctions$TeamIdBoolean,com/corrodinggames/rts/game/units/custom/logicBooleans/LogicBooleanGameFunctions$TeamIdBoolean,rw/custom/logic/LogicBooleanGameFunctions$TeamIdBoolean,rustedwarfare/custom/logic/LogicBooleanGameFunctions$TeamIdBoolean,high,structural_match,mutual_base: mutual-best structural fingerprint,common_core
com/corrodinggames/rts/game/units/custom/logicBooleans/LogicBooleanGameFunctions$TeamTagBoolean,com/corrodinggames/rts/game/units/custom/logicBooleans/LogicBooleanGameFunctions$TeamTagBoolean,rw/custom/logic/LogicBooleanGameFunctions$TeamTagBoolean,rustedwarfare/custom/logic/LogicBooleanGameFunctions$TeamTagBoolean,high,structural_match,mutual_base: mutual-best structural fingerprint,common_core
com/corrodinggames/rts/game/units/custom/logicBooleans/LogicBooleanGameFunctions$TeamVictoryBoolean,com/corrodinggames/rts/game/units/custom/logicBooleans/LogicBooleanGameFunctions$TeamVictoryBoolean,rw/custom/logic/LogicBooleanGameFunctions$TeamVictoryBoolean,rustedwarfare/custom/logic/LogicBooleanGameFunctions$TeamVictoryBoolean,high,structural_match,mutual_base: mutual-best structural fingerprint,common_core
com/corrodinggames/rts/game/units/custom/logicBooleans/LogicBooleanGameFunctions$TeamWipedOutBoolean,com/corrodinggames/rts/game/units/custom/logicBooleans/LogicBooleanGameFunctions$TeamWipedOutBoolean,rw/custom/logic/LogicBooleanGameFunctions$TeamWipedOutBoolean,rustedwarfare/custom/logic/LogicBooleanGameFunctions$TeamWipedOutBoolean,high,structural_match,mutual_base: mutual-best structural fingerprint,common_core
com/corrodinggames/rts/game/units/custom/logicBooleans/LogicBooleanGameFunctions$ThisActionRepeatedCount,com/corrodinggames/rts/game/units/custom/logicBooleans/LogicBooleanGameFunctions$ThisActionRepeatedCount,rw/custom/logic/LogicBooleanGameFunctions$ThisActionRepeatedCount,rustedwarfare/custom/logic/LogicBooleanGameFunctions$ThisActionRepeatedCount,high,structural_match,mutual_base: mutual-best structural fingerprint,common_core
com/corrodinggames/rts/game/units/custom/logicBooleans/LogicBooleanGameFunctions$TimeAliveBoolean,com/corrodinggames/rts/game/units/custom/logicBooleans/LogicBooleanGameFunctions$TimeAliveBoolean,rw/custom/logic/LogicBooleanGameFunctions$TimeAliveBoolean,rustedwarfare/custom/logic/LogicBooleanGameFunctions$TimeAliveBoolean,high,structural_match,mutual_base: mutual-best structural fingerprint,common_core
com/corrodinggames/rts/game/units/custom/logicBooleans/LogicBooleanGameFunctions$TouchWaterBoolean,com/corrodinggames/rts/game/units/custom/logicBooleans/LogicBooleanGameFunctions$TouchWaterBoolean,rw/custom/logic/LogicBooleanGameFunctions$TouchWaterBoolean,rustedwarfare/custom/logic/LogicBooleanGameFunctions$TouchWaterBoolean,high,structural_match,mutual_base: mutual-best structural fingerprint,common_core
com/corrodinggames/rts/game/units/custom/logicBooleans/LogicBooleanGameFunctions$TransportingCountBoolean,com/corrodinggames/rts/game/units/custom/logicBooleans/LogicBooleanGameFunctions$TransportingCountBoolean,rw/custom/logic/LogicBooleanGameFunctions$TransportingCountBoolean,rustedwarfare/custom/logic/LogicBooleanGameFunctions$TransportingCountBoolean,high,structural_match,mutual_base: mutual-best structural fingerprint,common_core
com/corrodinggames/rts/game/units/custom/logicBooleans/LogicBooleanGameFunctions$TransportingUnitWithTagsBoolean,com/corrodinggames/rts/game/units/custom/logicBooleans/LogicBooleanGameFunctions$TransportingUnitWithTagsBoolean,rw/custom/logic/LogicBooleanGameFunctions$TransportingUnitWithTagsBoolean,rustedwarfare/custom/logic/LogicBooleanGameFunctions$TransportingUnitWithTagsBoolean,high,structural_match,mutual_base: mutual-best structural fingerprint,common_core
com/corrodinggames/rts/game/units/custom/logicBooleans/LogicBooleanGameFunctions$UnitIdBoolean,com/corrodinggames/rts/game/units/custom/logicBooleans/LogicBooleanGameFunctions$UnitIdBoolean,rw/custom/logic/LogicBooleanGameFunctions$UnitIdBoolean,rustedwarfare/custom/logic/LogicBooleanGameFunctions$UnitIdBoolean,high,structural_match,mutual_base: mutual-best structural fingerprint,common_core
com/corrodinggames/rts/game/units/custom/logicBooleans/LogicBooleanGameFunctions$isDead,com/corrodinggames/rts/game/units/custom/logicBooleans/LogicBooleanGameFunctions$isDead,rw/custom/logic/LogicBooleanGameFunctions$isDead,rustedwarfare/custom/logic/LogicBooleanGameFunctions$isDead,high,structural_match,mutual_base: mutual-best structural fingerprint,common_core
com/corrodinggames/rts/game/units/custom/logicBooleans/LogicBooleanGameFunctions$isEnergyRechargingBoolean,com/corrodinggames/rts/game/units/custom/logicBooleans/LogicBooleanGameFunctions$isEnergyRechargingBoolean,rw/custom/logic/LogicBooleanGameFunctions$isEnergyRechargingBoolean,rustedwarfare/custom/logic/LogicBooleanGameFunctions$isEnergyRechargingBoolean,high,structural_match,mutual_base: mutual-best structural fingerprint,common_core
com/corrodinggames/rts/game/units/custom/logicBooleans/LogicBooleanGameFunctions$isTransportUnloading,com/corrodinggames/rts/game/units/custom/logicBooleans/LogicBooleanGameFunctions$isTransportUnloading,rw/custom/logic/LogicBooleanGameFunctions$isTransportUnloading,rustedwarfare/custom/logic/LogicBooleanGameFunctions$isTransportUnloading,high,structural_match,mutual_base: mutual-best structural fingerprint,common_core
com/corrodinggames/rts/game/units/custom/logicBooleans/LogicBooleanLoader,com/corrodinggames/rts/game/units/custom/logicBooleans/LogicBooleanLoader,rw/custom/logic/LogicBooleanLoader,rustedwarfare/custom/logic/LogicBooleanLoader,high,structural_match,mutual_base: mutual-best structural fingerprint,common_core
com/corrodinggames/rts/game/units/custom/logicBooleans/LogicBooleanLoader$ArrayContextReader,com/corrodinggames/rts/game/units/custom/logicBooleans/LogicBooleanLoader$ArrayContextReader,rw/custom/logic/LogicBooleanLoader$ArrayContextReader,rustedwarfare/custom/logic/LogicBooleanLoader$ArrayContextReader,high,structural_match,mutual_base: mutual-best structural fingerprint,common_core
com/corrodinggames/rts/game/units/custom/logicBooleans/LogicBooleanLoader$ArrayContextReader$ArrayContains,com/corrodinggames/rts/game/units/custom/logicBooleans/LogicBooleanLoader$ArrayContextReader$ArrayContains,rw/custom/logic/LogicBooleanLoader$ArrayContextReader$ArrayContains,rustedwarfare/custom/logic/LogicBooleanLoader$ArrayContextReader$ArrayContains,high,structural_match,mutual_base: mutual-best structural fingerprint,common_core
com/corrodinggames/rts/game/units/custom/logicBooleans/LogicBooleanLoader$ArrayContextReader$ArrayFunction,com/corrodinggames/rts/game/units/custom/logicBooleans/LogicBooleanLoader$ArrayContextReader$ArrayFunction,rw/custom/logic/LogicBooleanLoader$ArrayContextReader$ArrayFunction,rustedwarfare/custom/logic/LogicBooleanLoader$ArrayContextReader$ArrayFunction,high,structural_match,mutual_base: mutual-best structural fingerprint,common_core
com/corrodinggames/rts/game/units/custom/logicBooleans/LogicBooleanLoader$ArrayContextReader$ArrayGet,com/corrodinggames/rts/game/units/custom/logicBooleans/LogicBooleanLoader$ArrayContextReader$ArrayGet,rw/custom/logic/LogicBooleanLoader$ArrayContextReader$ArrayGet,rustedwarfare/custom/logic/LogicBooleanLoader$ArrayContextReader$ArrayGet,high,structural_match,mutual_base: mutual-best structural fingerprint,common_core
com/corrodinggames/rts/game/units/custom/logicBooleans/LogicBooleanLoader$ArrayContextReader$ArrayGetUnit,com/corrodinggames/rts/game/units/custom/logicBooleans/LogicBooleanLoader$ArrayContextReader$ArrayGetUnit,rw/custom/logic/LogicBooleanLoader$ArrayContextReader$ArrayGetUnit,rustedwarfare/custom/logic/LogicBooleanLoader$ArrayContextReader$ArrayGetUnit,high,structural_match,mutual_base: mutual-best structural fingerprint,common_core
com/corrodinggames/rts/game/units/custom/logicBooleans/LogicBooleanLoader$ArrayContextReader$ArraySize,com/corrodinggames/rts/game/units/custom/logicBooleans/LogicBooleanLoader$ArrayContextReader$ArraySize,rw/custom/logic/LogicBooleanLoader$ArrayContextReader$ArraySize,rustedwarfare/custom/logic/LogicBooleanLoader$ArrayContextReader$ArraySize,high,structural_match,mutual_base: mutual-best structural fingerprint,common_core
com/corrodinggames/rts/game/units/custom/logicBooleans/LogicBooleanLoader$DefaultContextReader,com/corrodinggames/rts/game/units/custom/logicBooleans/LogicBooleanLoader$DefaultContextReader,rw/custom/logic/LogicBooleanLoader$DefaultContextReader,rustedwarfare/custom/logic/LogicBooleanLoader$DefaultContextReader,high,structural_match,mutual_base: mutual-best structural fingerprint,common_core
com/corrodinggames/rts/game/units/custom/logicBooleans/LogicBooleanLoader$LogicBooleanContext,com/corrodinggames/rts/game/units/custom/logicBooleans/LogicBooleanLoader$LogicBooleanContext,rw/custom/logic/LogicBooleanLoader$LogicBooleanContext,rustedwarfare/custom/logic/LogicBooleanLoader$LogicBooleanContext,high,structural_match,mutual_base: mutual-best structural fingerprint,common_core
com/corrodinggames/rts/game/units/custom/logicBooleans/LogicBooleanLoader$LogicBooleanContextWithDefault,com/corrodinggames/rts/game/units/custom/logicBooleans/LogicBooleanLoader$LogicBooleanContextWithDefault,rw/custom/logic/LogicBooleanLoader$LogicBooleanContextWithDefault,rustedwarfare/custom/logic/LogicBooleanLoader$LogicBooleanContextWithDefault,high,structural_match,mutual_base: mutual-best structural fingerprint,common_core
com/corrodinggames/rts/game/units/custom/logicBooleans/LogicBooleanLoader$LogicBooleanScopeOnly,com/corrodinggames/rts/game/units/custom/logicBooleans/LogicBooleanLoader$LogicBooleanScopeOnly,rw/custom/logic/LogicBooleanLoader$LogicBooleanScopeOnly,rustedwarfare/custom/logic/LogicBooleanLoader$LogicBooleanScopeOnly,high,structural_match,mutual_base: mutual-best structural fingerprint,common_core
com/corrodinggames/rts/game/units/custom/logicBooleans/LogicBooleanLoader$ParameterMapping,com/corrodinggames/rts/game/units/custom/logicBooleans/LogicBooleanLoader$ParameterMapping,rw/custom/logic/LogicBooleanLoader$ParameterMapping,rustedwarfare/custom/logic/LogicBooleanLoader$ParameterMapping,high,structural_match,mutual_base: mutual-best structural fingerprint,common_core
com/corrodinggames/rts/game/units/custom/logicBooleans/LogicBooleanLoader$ParameterMapping$FieldOrMethod,com/corrodinggames/rts/game/units/custom/logicBooleans/LogicBooleanLoader$ParameterMapping$FieldOrMethod,rw/custom/logic/LogicBooleanLoader$ParameterMapping$FieldOrMethod,rustedwarfare/custom/logic/LogicBooleanLoader$ParameterMapping$FieldOrMethod,high,structural_match,mutual_base: mutual-best structural fingerprint,common_core
com/corrodinggames/rts/game/units/custom/logicBooleans/LogicBooleanLoader$VoidContextReader,com/corrodinggames/rts/game/units/custom/logicBooleans/LogicBooleanLoader$VoidContextReader,rw/custom/logic/LogicBooleanLoader$VoidContextReader,rustedwarfare/custom/logic/LogicBooleanLoader$VoidContextReader,high,structural_match,mutual_base: mutual-best structural fingerprint,common_core
com/corrodinggames/rts/game/units/custom/logicBooleans/LogicNumberFunction,com/corrodinggames/rts/game/units/custom/logicBooleans/LogicNumberFunction,rw/custom/logic/LogicNumberFunction,rustedwarfare/custom/logic/LogicNumberFunction,high,structural_match,mutual_base: mutual-best structural fingerprint,common_core
com/corrodinggames/rts/game/units/custom/logicBooleans/LogicNumberFunction$CreateMarker,com/corrodinggames/rts/game/units/custom/logicBooleans/LogicNumberFunction$CreateMarker,rw/custom/logic/LogicNumberFunction$CreateMarker,rustedwarfare/custom/logic/LogicNumberFunction$CreateMarker,high,structural_match,mutual_base: mutual-best structural fingerprint,common_core
com/corrodinggames/rts/game/units/custom/logicBooleans/LogicNumberFunction$FunctionCos,com/corrodinggames/rts/game/units/custom/logicBooleans/LogicNumberFunction$FunctionCos,rw/custom/logic/LogicNumberFunction$FunctionCos,rustedwarfare/custom/logic/LogicNumberFunction$FunctionCos,high,structural_match,mutual_base: mutual-best structural fingerprint,common_core
com/corrodinggames/rts/game/units/custom/logicBooleans/LogicNumberFunction$FunctionDirection,com/corrodinggames/rts/game/units/custom/logicBooleans/LogicNumberFunction$FunctionDirection,rw/custom/logic/LogicNumberFunction$FunctionDirection,rustedwarfare/custom/logic/LogicNumberFunction$FunctionDirection,high,structural_match,mutual_base: mutual-best structural fingerprint,common_core
com/corrodinggames/rts/game/units/custom/logicBooleans/LogicNumberFunction$FunctionDirectionBetween,com/corrodinggames/rts/game/units/custom/logicBooleans/LogicNumberFunction$FunctionDirectionBetween,rw/custom/logic/LogicNumberFunction$FunctionDirectionBetween,rustedwarfare/custom/logic/LogicNumberFunction$FunctionDirectionBetween,high,structural_match,mutual_base: mutual-best structural fingerprint,common_core
com/corrodinggames/rts/game/units/custom/logicBooleans/LogicNumberFunction$FunctionDistance,com/corrodinggames/rts/game/units/custom/logicBooleans/LogicNumberFunction$FunctionDistance,rw/custom/logic/LogicNumberFunction$FunctionDistance,rustedwarfare/custom/logic/LogicNumberFunction$FunctionDistance,high,structural_match,mutual_base: mutual-best structural fingerprint,common_core
com/corrodinggames/rts/game/units/custom/logicBooleans/LogicNumberFunction$FunctionDistanceBetween,com/corrodinggames/rts/game/units/custom/logicBooleans/LogicNumberFunction$FunctionDistanceBetween,rw/custom/logic/LogicNumberFunction$FunctionDistanceBetween,rustedwarfare/custom/logic/LogicNumberFunction$FunctionDistanceBetween,high,structural_match,mutual_base: mutual-best structural fingerprint,common_core
com/corrodinggames/rts/game/units/custom/logicBooleans/LogicNumberFunction$FunctionDistanceBetweenSquared,com/corrodinggames/rts/game/units/custom/logicBooleans/LogicNumberFunction$FunctionDistanceBetweenSquared,rw/custom/logic/LogicNumberFunction$FunctionDistanceBetweenSquared,rustedwarfare/custom/logic/LogicNumberFunction$FunctionDistanceBetweenSquared,high,structural_match,mutual_base: mutual-best structural fingerprint,common_core
com/corrodinggames/rts/game/units/custom/logicBooleans/LogicNumberFunction$FunctionDistanceSquared,com/corrodinggames/rts/game/units/custom/logicBooleans/LogicNumberFunction$FunctionDistanceSquared,rw/custom/logic/LogicNumberFunction$FunctionDistanceSquared,rustedwarfare/custom/logic/LogicNumberFunction$FunctionDistanceSquared,high,structural_match,mutual_base: mutual-best structural fingerprint,common_core
com/corrodinggames/rts/game/units/custom/logicBooleans/LogicNumberFunction$FunctionInt,com/corrodinggames/rts/game/units/custom/logicBooleans/LogicNumberFunction$FunctionInt,rw/custom/logic/LogicNumberFunction$FunctionInt,rustedwarfare/custom/logic/LogicNumberFunction$FunctionInt,high,structural_match,mutual_base: mutual-best structural fingerprint,common_core
com/corrodinggames/rts/game/units/custom/logicBooleans/LogicNumberFunction$FunctionLength,com/corrodinggames/rts/game/units/custom/logicBooleans/LogicNumberFunction$FunctionLength,rw/custom/logic/LogicNumberFunction$FunctionLength,rustedwarfare/custom/logic/LogicNumberFunction$FunctionLength,high,structural_match,mutual_base: mutual-best structural fingerprint,common_core
com/corrodinggames/rts/game/units/custom/logicBooleans/LogicNumberFunction$FunctionMax,com/corrodinggames/rts/game/units/custom/logicBooleans/LogicNumberFunction$FunctionMax,rw/custom/logic/LogicNumberFunction$FunctionMax,rustedwarfare/custom/logic/LogicNumberFunction$FunctionMax,high,structural_match,mutual_base: mutual-best structural fingerprint,common_core
com/corrodinggames/rts/game/units/custom/logicBooleans/LogicNumberFunction$FunctionMin,com/corrodinggames/rts/game/units/custom/logicBooleans/LogicNumberFunction$FunctionMin,rw/custom/logic/LogicNumberFunction$FunctionMin,rustedwarfare/custom/logic/LogicNumberFunction$FunctionMin,high,structural_match,mutual_base: mutual-best structural fingerprint,common_core
com/corrodinggames/rts/game/units/custom/logicBooleans/LogicNumberFunction$FunctionRnd,com/corrodinggames/rts/game/units/custom/logicBooleans/LogicNumberFunction$FunctionRnd,rw/custom/logic/LogicNumberFunction$FunctionRnd,rustedwarfare/custom/logic/LogicNumberFunction$FunctionRnd,high,structural_match,mutual_base: mutual-best structural fingerprint,common_core
com/corrodinggames/rts/game/units/custom/logicBooleans/LogicNumberFunction$FunctionSin,com/corrodinggames/rts/game/units/custom/logicBooleans/LogicNumberFunction$FunctionSin,rw/custom/logic/LogicNumberFunction$FunctionSin,rustedwarfare/custom/logic/LogicNumberFunction$FunctionSin,high,structural_match,mutual_base: mutual-best structural fingerprint,common_core
com/corrodinggames/rts/game/units/custom/logicBooleans/LogicNumberFunction$FunctionSquareRoot,com/corrodinggames/rts/game/units/custom/logicBooleans/LogicNumberFunction$FunctionSquareRoot,rw/custom/logic/LogicNumberFunction$FunctionSquareRoot,rustedwarfare/custom/logic/LogicNumberFunction$FunctionSquareRoot,high,structural_match,mutual_base: mutual-best structural fingerprint,common_core
com/corrodinggames/rts/game/units/custom/logicBooleans/LogicNumberFunction$LogicNumberFunctionRawArgs,com/corrodinggames/rts/game/units/custom/logicBooleans/LogicNumberFunction$LogicNumberFunctionRawArgs,rw/custom/logic/LogicNumberFunction$LogicNumberFunctionRawArgs,rustedwarfare/custom/logic/LogicNumberFunction$LogicNumberFunctionRawArgs,high,structural_match,mutual_base: mutual-best structural fingerprint,common_core
com/corrodinggames/rts/game/units/custom/logicBooleans/LogicString,com/corrodinggames/rts/game/units/custom/logicBooleans/LogicString,rw/custom/logic/LogicString,rustedwarfare/custom/logic/LogicString,high,structural_match,mutual_base: mutual-best structural fingerprint,common_core
com/corrodinggames/rts/game/units/custom/logicBooleans/LogicString$Debug,com/corrodinggames/rts/game/units/custom/logicBooleans/LogicString$Debug,rw/custom/logic/LogicString$Debug,rustedwarfare/custom/logic/LogicString$Debug,high,structural_match,mutual_base: mutual-best structural fingerprint,common_core
com/corrodinggames/rts/game/units/custom/logicBooleans/LogicString$DebugPassthrough,com/corrodinggames/rts/game/units/custom/logicBooleans/LogicString$DebugPassthrough,rw/custom/logic/LogicString$DebugPassthrough,rustedwarfare/custom/logic/LogicString$DebugPassthrough,high,structural_match,mutual_base: mutual-best structural fingerprint,common_core
com/corrodinggames/rts/game/units/custom/logicBooleans/LogicString$LowerString,com/corrodinggames/rts/game/units/custom/logicBooleans/LogicString$LowerString,rw/custom/logic/LogicString$LowerString,rustedwarfare/custom/logic/LogicString$LowerString,high,structural_match,mutual_base: mutual-best structural fingerprint,common_core
com/corrodinggames/rts/game/units/custom/logicBooleans/LogicString$Playername,com/corrodinggames/rts/game/units/custom/logicBooleans/LogicString$Playername,rw/custom/logic/LogicString$Playername,rustedwarfare/custom/logic/LogicString$Playername,high,structural_match,mutual_base: mutual-best structural fingerprint,common_core
com/corrodinggames/rts/game/units/custom/logicBooleans/LogicString$Select,com/corrodinggames/rts/game/units/custom/logicBooleans/LogicString$Select,rw/custom/logic/LogicString$Select,rustedwarfare/custom/logic/LogicString$Select,high,structural_match,mutual_base: mutual-best structural fingerprint,common_core
com/corrodinggames/rts/game/units/custom/logicBooleans/LogicString$StaticString,com/corrodinggames/rts/game/units/custom/logicBooleans/LogicString$StaticString,rw/custom/logic/LogicString$StaticString,rustedwarfare/custom/logic/LogicString$StaticString,high,structural_match,mutual_base: mutual-best structural fingerprint,common_core
com/corrodinggames/rts/game/units/custom/logicBooleans/LogicString$StringCast,com/corrodinggames/rts/game/units/custom/logicBooleans/LogicString$StringCast,rw/custom/logic/LogicString$StringCast,rustedwarfare/custom/logic/LogicString$StringCast,high,structural_match,mutual_base: mutual-best structural fingerprint,common_core
com/corrodinggames/rts/game/units/custom/logicBooleans/LogicString$StringCast$NumberToStringCast,com/corrodinggames/rts/game/units/custom/logicBooleans/LogicString$StringCast$NumberToStringCast,rw/custom/logic/LogicString$StringCast$NumberToStringCast,rustedwarfare/custom/logic/LogicString$StringCast$NumberToStringCast,high,structural_match,mutual_base: mutual-best structural fingerprint,common_core
com/corrodinggames/rts/game/units/custom/logicBooleans/LogicString$Substring,com/corrodinggames/rts/game/units/custom/logicBooleans/LogicString$Substring,rw/custom/logic/LogicString$Substring,rustedwarfare/custom/logic/LogicString$Substring,high,structural_match,mutual_base: mutual-best structural fingerprint,common_core
com/corrodinggames/rts/game/units/custom/logicBooleans/LogicString$TeamName,com/corrodinggames/rts/game/units/custom/logicBooleans/LogicString$TeamName,rw/custom/logic/LogicString$TeamName,rustedwarfare/custom/logic/LogicString$TeamName,high,structural_match,mutual_base: mutual-best structural fingerprint,common_core
com/corrodinggames/rts/game/units/custom/logicBooleans/LogicString$UpperString,com/corrodinggames/rts/game/units/custom/logicBooleans/LogicString$UpperString,rw/custom/logic/LogicString$UpperString,rustedwarfare/custom/logic/LogicString$UpperString,high,structural_match,mutual_base: mutual-best structural fingerprint,common_core
com/corrodinggames/rts/game/units/custom/logicBooleans/LogicString$WrappingLogicString,com/corrodinggames/rts/game/units/custom/logicBooleans/LogicString$WrappingLogicString,rw/custom/logic/LogicString$WrappingLogicString,rustedwarfare/custom/logic/LogicString$WrappingLogicString,high,structural_match,mutual_base: mutual-best structural fingerprint,common_core
com/corrodinggames/rts/game/units/custom/logicBooleans/UnitReference,com/corrodinggames/rts/game/units/custom/logicBooleans/UnitReference,rw/custom/logic/UnitReference,rustedwarfare/custom/logic/UnitReference,high,structural_match,mutual_base: mutual-best structural fingerprint,common_core
com/corrodinggames/rts/game/units/custom/logicBooleans/UnitReference$ActiveWaypointTargetReference,com/corrodinggames/rts/game/units/custom/logicBooleans/UnitReference$ActiveWaypointTargetReference,rw/custom/logic/UnitReference$ActiveWaypointTargetReference,rustedwarfare/custom/logic/UnitReference$ActiveWaypointTargetReference,high,structural_match,mutual_base: mutual-best structural fingerprint,common_core
com/corrodinggames/rts/game/units/custom/logicBooleans/UnitReference$AttachmentUnitReference,com/corrodinggames/rts/game/units/custom/logicBooleans/UnitReference$AttachmentUnitReference,rw/custom/logic/UnitReference$AttachmentUnitReference,rustedwarfare/custom/logic/UnitReference$AttachmentUnitReference,high,structural_match,mutual_base: mutual-best structural fingerprint,common_core
com/corrodinggames/rts/game/units/custom/logicBooleans/UnitReference$AttackingReference,com/corrodinggames/rts/game/units/custom/logicBooleans/UnitReference$AttackingReference,rw/custom/logic/UnitReference$AttackingReference,rustedwarfare/custom/logic/UnitReference$AttackingReference,high,structural_match,mutual_base: mutual-best structural fingerprint,common_core
com/corrodinggames/rts/game/units/custom/logicBooleans/UnitReference$ChainedUnitReference,com/corrodinggames/rts/game/units/custom/logicBooleans/UnitReference$ChainedUnitReference,rw/custom/logic/UnitReference$ChainedUnitReference,rustedwarfare/custom/logic/UnitReference$ChainedUnitReference,high,structural_match,mutual_base: mutual-best structural fingerprint,common_core
com/corrodinggames/rts/game/units/custom/logicBooleans/UnitReference$EventSourceReference,com/corrodinggames/rts/game/units/custom/logicBooleans/UnitReference$EventSourceReference,rw/custom/logic/UnitReference$EventSourceReference,rustedwarfare/custom/logic/UnitReference$EventSourceReference,high,structural_match,mutual_base: mutual-best structural fingerprint,common_core
com/corrodinggames/rts/game/units/custom/logicBooleans/UnitReference$FirstUnitReference,com/corrodinggames/rts/game/units/custom/logicBooleans/UnitReference$FirstUnitReference,rw/custom/logic/UnitReference$FirstUnitReference,rustedwarfare/custom/logic/UnitReference$FirstUnitReference,high,structural_match,mutual_base: mutual-best structural fingerprint,common_core
com/corrodinggames/rts/game/units/custom/logicBooleans/UnitReference$GetAsMarker,com/corrodinggames/rts/game/units/custom/logicBooleans/UnitReference$GetAsMarker,rw/custom/logic/UnitReference$GetAsMarker,rustedwarfare/custom/logic/UnitReference$GetAsMarker,high,structural_match,mutual_base: mutual-best structural fingerprint,common_core
com/corrodinggames/rts/game/units/custom/logicBooleans/UnitReference$GetOffsetAbsolute,com/corrodinggames/rts/game/units/custom/logicBooleans/UnitReference$GetOffsetAbsolute,rw/custom/logic/UnitReference$GetOffsetAbsolute,rustedwarfare/custom/logic/UnitReference$GetOffsetAbsolute,high,structural_match,mutual_base: mutual-best structural fingerprint,common_core
com/corrodinggames/rts/game/units/custom/logicBooleans/UnitReference$GetOffsetRelative,com/corrodinggames/rts/game/units/custom/logicBooleans/UnitReference$GetOffsetRelative,rw/custom/logic/UnitReference$GetOffsetRelative,rustedwarfare/custom/logic/UnitReference$GetOffsetRelative,high,structural_match,mutual_base: mutual-best structural fingerprint,common_core
com/corrodinggames/rts/game/units/custom/logicBooleans/UnitReference$GetOffsetRelativeStatic,com/corrodinggames/rts/game/units/custom/logicBooleans/UnitReference$GetOffsetRelativeStatic,rw/custom/logic/UnitReference$GetOffsetRelativeStatic,rustedwarfare/custom/logic/UnitReference$GetOffsetRelativeStatic,high,structural_match,mutual_base: mutual-best structural fingerprint,common_core
com/corrodinggames/rts/game/units/custom/logicBooleans/UnitReference$LastDamagedByUnitReference,com/corrodinggames/rts/game/units/custom/logicBooleans/UnitReference$LastDamagedByUnitReference,rw/custom/logic/UnitReference$LastDamagedByUnitReference,rustedwarfare/custom/logic/UnitReference$LastDamagedByUnitReference,high,structural_match,mutual_base: mutual-best structural fingerprint,common_core
com/corrodinggames/rts/game/units/custom/logicBooleans/UnitReference$LockedUnitReference,com/corrodinggames/rts/game/units/custom/logicBooleans/UnitReference$LockedUnitReference,rw/custom/logic/UnitReference$LockedUnitReference,rustedwarfare/custom/logic/UnitReference$LockedUnitReference,high,structural_match,mutual_base: mutual-best structural fingerprint,common_core
com/corrodinggames/rts/game/units/custom/logicBooleans/UnitReference$Memory1UnitReference,com/corrodinggames/rts/game/units/custom/logicBooleans/UnitReference$Memory1UnitReference,rw/custom/logic/UnitReference$Memory1UnitReference,rustedwarfare/custom/logic/UnitReference$Memory1UnitReference,high,structural_match,mutual_base: mutual-best structural fingerprint,common_core
com/corrodinggames/rts/game/units/custom/logicBooleans/UnitReference$Memory2UnitReference,com/corrodinggames/rts/game/units/custom/logicBooleans/UnitReference$Memory2UnitReference,rw/custom/logic/UnitReference$Memory2UnitReference,rustedwarfare/custom/logic/UnitReference$Memory2UnitReference,high,structural_match,mutual_base: mutual-best structural fingerprint,common_core
com/corrodinggames/rts/game/units/custom/logicBooleans/UnitReference$NearestUnitReference,com/corrodinggames/rts/game/units/custom/logicBooleans/UnitReference$NearestUnitReference,rw/custom/logic/UnitReference$NearestUnitReference,rustedwarfare/custom/logic/UnitReference$NearestUnitReference,high,structural_match,mutual_base: mutual-best structural fingerprint,common_core
com/corrodinggames/rts/game/units/custom/logicBooleans/UnitReference$NearestUnitReference$HandleCallbackNearest,com/corrodinggames/rts/game/units/custom/logicBooleans/UnitReference$NearestUnitReference$HandleCallbackNearest,rw/custom/logic/UnitReference$NearestUnitReference$HandleCallbackNearest,rustedwarfare/custom/logic/UnitReference$NearestUnitReference$HandleCallbackNearest,high,structural_match,mutual_base: mutual-best structural fingerprint,common_core
com/corrodinggames/rts/game/units/custom/logicBooleans/UnitReference$NullUnitReference,com/corrodinggames/rts/game/units/custom/logicBooleans/UnitReference$NullUnitReference,rw/custom/logic/UnitReference$NullUnitReference,rustedwarfare/custom/logic/UnitReference$NullUnitReference,high,structural_match,mutual_base: mutual-best structural fingerprint,common_core
com/corrodinggames/rts/game/units/custom/logicBooleans/UnitReference$ParentUnitReference,com/corrodinggames/rts/game/units/custom/logicBooleans/UnitReference$ParentUnitReference,rw/custom/logic/UnitReference$ParentUnitReference,rustedwarfare/custom/logic/UnitReference$ParentUnitReference,high,structural_match,mutual_base: mutual-best structural fingerprint,common_core
com/corrodinggames/rts/game/units/custom/logicBooleans/UnitReference$PlaceholderUnitReference,com/corrodinggames/rts/game/units/custom/logicBooleans/UnitReference$PlaceholderUnitReference,rw/custom/logic/UnitReference$PlaceholderUnitReference,rustedwarfare/custom/logic/UnitReference$PlaceholderUnitReference,high,structural_match,mutual_base: mutual-best structural fingerprint,common_core
com/corrodinggames/rts/game/units/custom/logicBooleans/UnitReference$SelfUnitReference,com/corrodinggames/rts/game/units/custom/logicBooleans/UnitReference$SelfUnitReference,rw/custom/logic/UnitReference$SelfUnitReference,rustedwarfare/custom/logic/UnitReference$SelfUnitReference,high,structural_match,mutual_base: mutual-best structural fingerprint,common_core
com/corrodinggames/rts/game/units/custom/logicBooleans/UnitReference$ThisActionTargetReference,com/corrodinggames/rts/game/units/custom/logicBooleans/UnitReference$ThisActionTargetReference,rw/custom/logic/UnitReference$ThisActionTargetReference,rustedwarfare/custom/logic/UnitReference$ThisActionTargetReference,high,structural_match,mutual_base: mutual-best structural fingerprint,common_core
com/corrodinggames/rts/game/units/custom/logicBooleans/UnitReference$TransportingUnitReference,com/corrodinggames/rts/game/units/custom/logicBooleans/UnitReference$TransportingUnitReference,rw/custom/logic/UnitReference$TransportingUnitReference,rustedwarfare/custom/logic/UnitReference$TransportingUnitReference,high,structural_match,mutual_base: mutual-best structural fingerprint,common_core
com/corrodinggames/rts/game/units/custom/logicBooleans/UnitReference$UnitContextChangingBooleanByLogic,com/corrodinggames/rts/game/units/custom/logicBooleans/UnitReference$UnitContextChangingBooleanByLogic,rw/custom/logic/UnitReference$UnitContextChangingBooleanByLogic,rustedwarfare/custom/logic/UnitReference$UnitContextChangingBooleanByLogic,high,structural_match,mutual_base: mutual-best structural fingerprint,common_core
com/corrodinggames/rts/game/units/custom/logicBooleans/UnitReference$UnitContextChangingContext,com/corrodinggames/rts/game/units/custom/logicBooleans/UnitReference$UnitContextChangingContext,rw/custom/logic/UnitReference$UnitContextChangingContext,rustedwarfare/custom/logic/UnitReference$UnitContextChangingContext,high,structural_match,mutual_base: mutual-best structural fingerprint,common_core
com/corrodinggames/rts/game/units/custom/logicBooleans/UnitReference$UnitReferenceOrUnitType,com/corrodinggames/rts/game/units/custom/logicBooleans/UnitReference$UnitReferenceOrUnitType,rw/custom/logic/UnitReference$UnitReferenceOrUnitType,rustedwarfare/custom/logic/UnitReference$UnitReferenceOrUnitType,high,structural_match,mutual_base: mutual-best structural fingerprint,common_core
com/corrodinggames/rts/game/units/custom/logicBooleans/VariableScope,com/corrodinggames/rts/game/units/custom/logicBooleans/VariableScope,rw/custom/logic/VariableScope,rustedwarfare/custom/logic/VariableScope,high,structural_match,mutual_base: mutual-best structural fingerprint,common_core
com/corrodinggames/rts/game/units/custom/logicBooleans/VariableScope$AbstractMemoryLogicBoolean,com/corrodinggames/rts/game/units/custom/logicBooleans/VariableScope$AbstractMemoryLogicBoolean,rw/custom/logic/VariableScope$AbstractMemoryLogicBoolean,rustedwarfare/custom/logic/VariableScope$AbstractMemoryLogicBoolean,high,structural_match,mutual_base: mutual-best structural fingerprint,common_core
com/corrodinggames/rts/game/units/custom/logicBooleans/VariableScope$CachedWriter,com/corrodinggames/rts/game/units/custom/logicBooleans/VariableScope$CachedWriter,rw/custom/logic/VariableScope$CachedWriter,rustedwarfare/custom/logic/VariableScope$CachedWriter,high,structural_match,mutual_base: mutual-best structural fingerprint,common_core
com/corrodinggames/rts/game/units/custom/logicBooleans/VariableScope$CachedWriter$Operator,com/corrodinggames/rts/game/units/custom/logicBooleans/VariableScope$CachedWriter$Operator,rw/custom/logic/VariableScope$CachedWriter$Operator,rustedwarfare/custom/logic/VariableScope$CachedWriter$Operator,high,structural_match,mutual_base: mutual-best structural fingerprint,common_core
com/corrodinggames/rts/game/units/custom/logicBooleans/VariableScope$CachedWriter$WriterElement,com/corrodinggames/rts/game/units/custom/logicBooleans/VariableScope$CachedWriter$WriterElement,rw/custom/logic/VariableScope$CachedWriter$WriterElement,rustedwarfare/custom/logic/VariableScope$CachedWriter$WriterElement,high,structural_match,mutual_base: mutual-best structural fingerprint,common_core
com/corrodinggames/rts/game/units/custom/logicBooleans/VariableScope$CachedWriter$WriterFactory,com/corrodinggames/rts/game/units/custom/logicBooleans/VariableScope$CachedWriter$WriterFactory,rw/custom/logic/VariableScope$CachedWriter$WriterFactory,rustedwarfare/custom/logic/VariableScope$CachedWriter$WriterFactory,high,structural_match,mutual_base: mutual-best structural fingerprint,common_core
com/corrodinggames/rts/game/units/custom/logicBooleans/VariableScope$EmptyVariableScope,com/corrodinggames/rts/game/units/custom/logicBooleans/VariableScope$EmptyVariableScope,rw/custom/logic/VariableScope$EmptyVariableScope,rustedwarfare/custom/logic/VariableScope$EmptyVariableScope,high,structural_match,mutual_base: mutual-best structural fingerprint,common_core
com/corrodinggames/rts/game/units/custom/logicBooleans/VariableScope$KnownMemoryReadLogicBoolean,com/corrodinggames/rts/game/units/custom/logicBooleans/VariableScope$KnownMemoryReadLogicBoolean,rw/custom/logic/VariableScope$KnownMemoryReadLogicBoolean,rustedwarfare/custom/logic/VariableScope$KnownMemoryReadLogicBoolean,high,structural_match,mutual_base: mutual-best structural fingerprint,common_core
com/corrodinggames/rts/game/units/custom/logicBooleans/VariableScope$KnownMemoryScopeLogicBoolean,com/corrodinggames/rts/game/units/custom/logicBooleans/VariableScope$KnownMemoryScopeLogicBoolean,rw/custom/logic/VariableScope$KnownMemoryScopeLogicBoolean,rustedwarfare/custom/logic/VariableScope$KnownMemoryScopeLogicBoolean,high,structural_match,mutual_base: mutual-best structural fingerprint,common_core
com/corrodinggames/rts/game/units/custom/logicBooleans/VariableScope$MemoryNames,com/corrodinggames/rts/game/units/custom/logicBooleans/VariableScope$MemoryNames,rw/custom/logic/VariableScope$MemoryNames,rustedwarfare/custom/logic/VariableScope$MemoryNames,high,structural_match,mutual_base: mutual-best structural fingerprint,common_core
com/corrodinggames/rts/game/units/custom/logicBooleans/VariableScope$MemoryWriter,com/corrodinggames/rts/game/units/custom/logicBooleans/VariableScope$MemoryWriter,rw/custom/logic/VariableScope$MemoryWriter,rustedwarfare/custom/logic/VariableScope$MemoryWriter,high,structural_match,mutual_base: mutual-best structural fingerprint,common_core
com/corrodinggames/rts/game/units/custom/logicBooleans/VariableScope$MemoryWriterFactory,com/corrodinggames/rts/game/units/custom/logicBooleans/VariableScope$MemoryWriterFactory,rw/custom/logic/VariableScope$MemoryWriterFactory,rustedwarfare/custom/logic/VariableScope$MemoryWriterFactory,high,structural_match,mutual_base: mutual-best structural fingerprint,common_core
com/corrodinggames/rts/game/units/custom/logicBooleans/VariableScope$MemoryWriterFactory$MemoryWriterElement,com/corrodinggames/rts/game/units/custom/logicBooleans/VariableScope$MemoryWriterFactory$MemoryWriterElement,rw/custom/logic/VariableScope$MemoryWriterFactory$MemoryWriterElement,rustedwarfare/custom/logic/VariableScope$MemoryWriterFactory$MemoryWriterElement,high,structural_match,mutual_base: mutual-best structural fingerprint,common_core
com/corrodinggames/rts/game/units/custom/logicBooleans/VariableScope$MemoryWriterFactory$MemoryWriterElementIndex,com/corrodinggames/rts/game/units/custom/logicBooleans/VariableScope$MemoryWriterFactory$MemoryWriterElementIndex,rw/custom/logic/VariableScope$MemoryWriterFactory$MemoryWriterElementIndex,rustedwarfare/custom/logic/VariableScope$MemoryWriterFactory$MemoryWriterElementIndex,high,structural_match,mutual_base: mutual-best structural fingerprint,common_core
com/corrodinggames/rts/game/units/custom/logicBooleans/VariableScope$ReadEventMemoryLogicBoolean,com/corrodinggames/rts/game/units/custom/logicBooleans/VariableScope$ReadEventMemoryLogicBoolean,rw/custom/logic/VariableScope$ReadEventMemoryLogicBoolean,rustedwarfare/custom/logic/VariableScope$ReadEventMemoryLogicBoolean,high,structural_match,mutual_base: mutual-best structural fingerprint,common_core
com/corrodinggames/rts/game/units/custom/logicBooleans/VariableScope$ReadUnitMemoryLogicBoolean,com/corrodinggames/rts/game/units/custom/logicBooleans/VariableScope$ReadUnitMemoryLogicBoolean,rw/custom/logic/VariableScope$ReadUnitMemoryLogicBoolean,rustedwarfare/custom/logic/VariableScope$ReadUnitMemoryLogicBoolean,high,structural_match,mutual_base: mutual-best structural fingerprint,common_core
com/corrodinggames/rts/game/units/custom/logicBooleans/VariableScope$VariableData,com/corrodinggames/rts/game/units/custom/logicBooleans/VariableScope$VariableData,rw/custom/logic/VariableScope$VariableData,rustedwarfare/custom/logic/VariableScope$VariableData,high,structural_match,mutual_base: mutual-best structural fingerprint,common_core
com/corrodinggames/rts/game/units/custom/logicBooleans/VariableScope$VariableDataArray,com/corrodinggames/rts/game/units/custom/logicBooleans/VariableScope$VariableDataArray,rw/custom/logic/VariableScope$VariableDataArray,rustedwarfare/custom/logic/VariableScope$VariableDataArray,high,structural_match,mutual_base: mutual-best structural fingerprint,common_core
com/corrodinggames/rts/game/units/custom/logicBooleans/VariableScope$VariableDataBoolArray,com/corrodinggames/rts/game/units/custom/logicBooleans/VariableScope$VariableDataBoolArray,rw/custom/logic/VariableScope$VariableDataBoolArray,rustedwarfare/custom/logic/VariableScope$VariableDataBoolArray,high,structural_match,mutual_base: mutual-best structural fingerprint,common_core
com/corrodinggames/rts/game/units/custom/logicBooleans/VariableScope$VariableDataBoolean,com/corrodinggames/rts/game/units/custom/logicBooleans/VariableScope$VariableDataBoolean,rw/custom/logic/VariableScope$VariableDataBoolean,rustedwarfare/custom/logic/VariableScope$VariableDataBoolean,high,structural_match,mutual_base: mutual-best structural fingerprint,common_core
com/corrodinggames/rts/game/units/custom/logicBooleans/VariableScope$VariableDataNull,com/corrodinggames/rts/game/units/custom/logicBooleans/VariableScope$VariableDataNull,rw/custom/logic/VariableScope$VariableDataNull,rustedwarfare/custom/logic/VariableScope$VariableDataNull,high,structural_match,mutual_base: mutual-best structural fingerprint,common_core
com/corrodinggames/rts/game/units/custom/logicBooleans/VariableScope$VariableDataNumber,com/corrodinggames/rts/game/units/custom/logicBooleans/VariableScope$VariableDataNumber,rw/custom/logic/VariableScope$VariableDataNumber,rustedwarfare/custom/logic/VariableScope$VariableDataNumber,high,structural_match,mutual_base: mutual-best structural fingerprint,common_core
com/corrodinggames/rts/game/units/custom/logicBooleans/VariableScope$VariableDataNumberArray,com/corrodinggames/rts/game/units/custom/logicBooleans/VariableScope$VariableDataNumberArray,rw/custom/logic/VariableScope$VariableDataNumberArray,rustedwarfare/custom/logic/VariableScope$VariableDataNumberArray,high,structural_match,mutual_base: mutual-best structural fingerprint,common_core
com/corrodinggames/rts/game/units/custom/logicBooleans/VariableScope$VariableDataString,com/corrodinggames/rts/game/units/custom/logicBooleans/VariableScope$VariableDataString,rw/custom/logic/VariableScope$VariableDataString,rustedwarfare/custom/logic/VariableScope$VariableDataString,high,structural_match,mutual_base: mutual-best structural fingerprint,common_core
com/corrodinggames/rts/game/units/custom/logicBooleans/VariableScope$VariableDataUnit,com/corrodinggames/rts/game/units/custom/logicBooleans/VariableScope$VariableDataUnit,rw/custom/logic/VariableScope$VariableDataUnit,rustedwarfare/custom/logic/VariableScope$VariableDataUnit,high,structural_match,mutual_base: mutual-best structural fingerprint,common_core
com/corrodinggames/rts/game/units/custom/logicBooleans/VariableScope$VariableDataUnitArray,com/corrodinggames/rts/game/units/custom/logicBooleans/VariableScope$VariableDataUnitArray,rw/custom/logic/VariableScope$VariableDataUnitArray,rustedwarfare/custom/logic/VariableScope$VariableDataUnitArray,high,structural_match,mutual_base: mutual-best structural fingerprint,common_core
com/corrodinggames/rts/game/units/custom/logicBooleans/VariableScope$VariableDefinition,com/corrodinggames/rts/game/units/custom/logicBooleans/VariableScope$VariableDefinition,rw/custom/logic/VariableScope$VariableDefinition,rustedwarfare/custom/logic/VariableScope$VariableDefinition,high,structural_match,mutual_base: mutual-best structural fingerprint,common_core
com/corrodinggames/rts/game/units/custom/logicBooleans/VariableScope$VariableMapping,com/corrodinggames/rts/game/units/custom/logicBooleans/VariableScope$VariableMapping,rw/custom/logic/VariableScope$VariableMapping,rustedwarfare/custom/logic/VariableScope$VariableMapping,high,structural_match,mutual_base: mutual-best structural fingerprint,common_core
com/corrodinggames/rts/game/units/custom/logicBooleans/VariableScope$VariableName,com/corrodinggames/rts/game/units/custom/logicBooleans/VariableScope$VariableName,rw/custom/logic/VariableScope$VariableName,rustedwarfare/custom/logic/VariableScope$VariableName,high,structural_match,mutual_base: mutual-best structural fingerprint,common_core
com/corrodinggames/rts/game/units/custom/m,com/corrodinggames/rts/game/units/custom/m,rw/custom/animation/DirectionalFrameSelector,rustedwarfare/custom/animation/DirectionalFrameSelector,high,structural_match,mutual_base: mutual-best structural fingerprint,common_core
com/corrodinggames/rts/game/units/custom/n,com/corrodinggames/rts/game/units/custom/n,rw/custom/animation/AnimationTriggerType,rustedwarfare/custom/animation/AnimationTriggerType,high,structural_match,mutual_base: mutual-best structural fingerprint,common_core
com/corrodinggames/rts/game/units/custom/o,com/corrodinggames/rts/game/units/custom/o,rw/custom/animation/AnimationReference,rustedwarfare/custom/animation/AnimationReference,high,structural_match,mutual_base: mutual-best structural fingerprint,common_core
com/corrodinggames/rts/game/units/custom/p,com/corrodinggames/rts/game/units/custom/p,rw/custom/BuiltFromLink,rustedwarfare/custom/BuiltFromLink,high,structural_match,mutual_base: mutual-best structural fingerprint,common_core
com/corrodinggames/rts/game/units/custom/q,com/corrodinggames/rts/game/units/custom/q,rw/custom/CustomUnitInternalNameComparator,rustedwarfare/custom/CustomUnitInternalNameComparator,high,structural_match,mutual_base: mutual-best structural fingerprint,common_core
com/corrodinggames/rts/game/units/custom/r,com/corrodinggames/rts/game/units/custom/r,rustedwarfare/custom/action/AutoTriggerConfig,rustedwarfare/custom/action/AutoTriggerConfig,high,structural_match,mutual_base: mutual-best structural fingerprint,common_core
com/corrodinggames/rts/game/units/custom/s,com/corrodinggames/rts/game/units/custom/s,rustedwarfare/custom/action/AutoTriggerCheckRate,rustedwarfare/custom/action/AutoTriggerCheckRate,high,structural_match,mutual_base: mutual-best structural fingerprint,common_core
com/corrodinggames/rts/game/units/custom/t,com/corrodinggames/rts/game/units/custom/t,rustedwarfare/custom/metadata/CustomUnitMetadataPostLoadCallback,rustedwarfare/custom/metadata/CustomUnitMetadataPostLoadCallback,high,structural_match,mutual_base: mutual-best structural fingerprint,common_core
com/corrodinggames/rts/game/units/custom/u,com/corrodinggames/rts/game/units/custom/u,rw/custom/ActionReferenceList,rustedwarfare/custom/ActionReferenceList,high,structural_match,mutual_base: mutual-best structural fingerprint,common_core
com/corrodinggames/rts/game/units/custom/v,com/corrodinggames/rts/game/units/custom/v,rw/custom/UnitTypeReference,rustedwarfare/custom/UnitTypeReference,high,structural_match,mutual_base: mutual-best structural fingerprint,common_core
com/corrodinggames/rts/game/units/custom/w,com/corrodinggames/rts/game/units/custom/w,rw/custom/ref/CustomUnitMetadataReference,rustedwarfare/custom/ref/CustomUnitMetadataReference,high,structural_match,mutual_base: mutual-best structural fingerprint,common_core
com/corrodinggames/rts/game/units/custom/x,com/corrodinggames/rts/game/units/custom/x,rw/custom/ref/ProjectileTemplateReference,rustedwarfare/custom/ref/ProjectileTemplateReference,high,structural_match,mutual_base: mutual-best structural fingerprint,common_core
com/corrodinggames/rts/game/units/custom/y,com/corrodinggames/rts/game/units/custom/y,rw/custom/turret/TurretRangeGuideMarker,rustedwarfare/custom/turret/TurretRangeGuideMarker,high,structural_match,mutual_base: mutual-best structural fingerprint,common_core
com/corrodinggames/rts/game/units/custom/z,com/corrodinggames/rts/game/units/custom/z,rw/custom/EffectList,rustedwarfare/custom/EffectList,high,structural_match,mutual_base: mutual-best structural fingerprint,common_core
com/corrodinggames/rts/game/units/d,com/corrodinggames/rts/game/units/d,rw/v100/unit/UnitPathPoints,rustedwarfare/unit/UnitPathPoints,high,structural_match,mutual_base: mutual-best structural fingerprint,common_core
com/corrodinggames/rts/game/units/d/a,com/corrodinggames/rts/game/units/d/a,rw/unit/building/AirFactoryUnit,rustedwarfare/unit/building/AirFactoryUnit,high,structural_match,iterative_hungarian: iteration 1; relation signals 2,common_core
com/corrodinggames/rts/game/units/d/a/a,com/corrodinggames/rts/game/units/d/a/a,rw/unit/building/AntiAirTurretUnit,rustedwarfare/unit/building/AntiAirTurretUnit,high,structural_match,mutual_base: mutual-best structural fingerprint,common_core
com/corrodinggames/rts/game/units/d/a/a$1,com/corrodinggames/rts/game/units/d/a/b,rw/unit/action/internal/Obf_d_a_a_1,rustedwarfare/unit/action/internal/Obf_d_a_a_1,medium,structural_match,mutual_base: mutual-best structural fingerprint,common_core
com/corrodinggames/rts/game/units/d/a/b,com/corrodinggames/rts/game/units/d/a/c,rw/unit/building/TurretUnit,rustedwarfare/unit/building/TurretUnit,high,structural_match,mutual_base: mutual-best structural fingerprint,common_core
com/corrodinggames/rts/game/units/d/a/b$1,com/corrodinggames/rts/game/units/d/a/d,rw/unit/action/internal/Obf_d_a_b_1,rustedwarfare/unit/action/internal/Obf_d_a_b_1,high,structural_match,mutual_base: mutual-best structural fingerprint,common_core
com/corrodinggames/rts/game/units/d/a/b$2,com/corrodinggames/rts/game/units/d/a/e,rw/unit/action/internal/Obf_d_a_b_2,rustedwarfare/unit/action/internal/Obf_d_a_b_2,high,structural_match,mutual_base: mutual-best structural fingerprint,common_core
com/corrodinggames/rts/game/units/d/a/b$3,com/corrodinggames/rts/game/units/d/a/f,rw/unit/action/internal/Obf_d_a_b_3,rustedwarfare/unit/action/internal/Obf_d_a_b_3,high,structural_match,mutual_base: mutual-best structural fingerprint,common_core
com/corrodinggames/rts/game/units/d/a/b$4,com/corrodinggames/rts/game/units/d/a/g,rw/unit/action/internal/Obf_d_a_b_4,rustedwarfare/unit/action/internal/Obf_d_a_b_4,high,structural_match,mutual_base: mutual-best structural fingerprint,common_core
com/corrodinggames/rts/game/units/d/a/c,com/corrodinggames/rts/game/units/d/a/h,rw/unit/building/internal/Obf_d_a_c,rustedwarfare/unit/building/internal/Obf_d_a_c,high,structural_match,mutual_base: mutual-best structural fingerprint,common_core
com/corrodinggames/rts/game/units/d/a/d,com/corrodinggames/rts/game/units/d/a/i,rw/unit/building/internal/Obf_d_a_d,rustedwarfare/unit/building/internal/Obf_d_a_d,medium,anchor_bounded_sequence,monotonic package sequence; bounded=true; anchors=1,common_core
com/corrodinggames/rts/game/units/d/a/e,com/corrodinggames/rts/game/units/d/a/j,rw/unit/building/internal/Obf_d_a_e,rustedwarfare/unit/building/internal/Obf_d_a_e,medium,anchor_bounded_sequence,monotonic package sequence; bounded=true; anchors=1,common_core
com/corrodinggames/rts/game/units/d/a/f,com/corrodinggames/rts/game/units/d/a/k,rw/unit/building/internal/Obf_d_a_f,rustedwarfare/unit/building/internal/Obf_d_a_f,medium,anchor_bounded_sequence,monotonic package sequence; bounded=true; anchors=1,common_core
com/corrodinggames/rts/game/units/d/a/g,com/corrodinggames/rts/game/units/d/a/l,rw/unit/building/internal/Obf_d_a_g,rustedwarfare/unit/building/internal/Obf_d_a_g,medium,anchor_bounded_sequence,monotonic package sequence; bounded=true; anchors=1,common_core
com/corrodinggames/rts/game/units/d/a/h,com/corrodinggames/rts/game/units/d/a/m,rw/unit/building/internal/Obf_d_a_h,rustedwarfare/unit/building/internal/Obf_d_a_h,medium,anchor_bounded_sequence,monotonic package sequence; bounded=false; anchors=1,common_core
com/corrodinggames/rts/game/units/d/b,com/corrodinggames/rts/game/units/d/b,rw/unit/action/internal/Obf_d_b,rustedwarfare/unit/action/internal/Obf_d_b,medium,structural_match,iterative_hungarian: iteration 2; relation signals 2,common_core
com/corrodinggames/rts/game/units/d/c,com/corrodinggames/rts/game/units/d/c,rw/unit/building/AntiNukeLauncherUnit,rustedwarfare/unit/building/AntiNukeLauncherUnit,high,structural_match,iterative_hungarian: iteration 1; relation signals 2,common_core
com/corrodinggames/rts/game/units/d/c$1,com/corrodinggames/rts/game/units/d/d,rw/unit/action/internal/Obf_d_c_1,rustedwarfare/unit/action/internal/Obf_d_c_1,medium,structural_match,mutual_base: mutual-best structural fingerprint,common_core
com/corrodinggames/rts/game/units/d/c$2,com/corrodinggames/rts/game/units/d/e,rw/unit/action/internal/Obf_d_c_2,rustedwarfare/unit/action/internal/Obf_d_c_2,medium,structural_match,mutual_base: mutual-best structural fingerprint,common_core
com/corrodinggames/rts/game/units/d/d,com/corrodinggames/rts/game/units/d/f,rw/unit/building/BuildingUnitBase,rustedwarfare/unit/building/BuildingUnitBase,medium,structural_match,mutual_base: mutual-best structural fingerprint,common_core
com/corrodinggames/rts/game/units/d/e,com/corrodinggames/rts/game/units/d/g,rw/unit/building/CommandCenterUnit,rustedwarfare/unit/building/CommandCenterUnit,medium,structural_match,mutual_base: mutual-best structural fingerprint,common_core
com/corrodinggames/rts/game/units/d/f,com/corrodinggames/rts/game/units/d/h,rw/unit/building/ExperimentalLandFactoryUnit,rustedwarfare/unit/building/ExperimentalLandFactoryUnit,medium,structural_match,iterative_hungarian: iteration 1; relation signals 2,common_core
com/corrodinggames/rts/game/units/d/f$1,com/corrodinggames/rts/game/units/d/i,rw/unit/action/internal/Obf_d_f_1,rustedwarfare/unit/action/internal/Obf_d_f_1,medium,structural_match,iterative_hungarian: iteration 4; relation signals 2,common_core
com/corrodinggames/rts/game/units/d/g,com/corrodinggames/rts/game/units/d/j,rw/unit/building/ExtractorUnit,rustedwarfare/unit/building/ExtractorUnit,high,structural_match,mutual_base: mutual-best structural fingerprint,common_core
com/corrodinggames/rts/game/units/d/g$1,com/corrodinggames/rts/game/units/d/k,rw/unit/action/internal/Obf_d_g_1,rustedwarfare/unit/action/internal/Obf_d_g_1,high,structural_match,iterative_hungarian: iteration 1; relation signals 2,common_core
com/corrodinggames/rts/game/units/d/g$2,com/corrodinggames/rts/game/units/d/l,rw/unit/action/internal/Obf_d_g_2,rustedwarfare/unit/action/internal/Obf_d_g_2,high,structural_match,mutual_base: mutual-best structural fingerprint,common_core
com/corrodinggames/rts/game/units/d/h,com/corrodinggames/rts/game/units/d/m,rw/unit/building/FabricatorUnit,rustedwarfare/unit/building/FabricatorUnit,high,structural_match,mutual_base: mutual-best structural fingerprint,common_core
com/corrodinggames/rts/game/units/d/h$1,com/corrodinggames/rts/game/units/d/n,rw/unit/action/internal/Obf_d_h_1,rustedwarfare/unit/action/internal/Obf_d_h_1,high,structural_match,mutual_base: mutual-best structural fingerprint,common_core
com/corrodinggames/rts/game/units/d/h$2,com/corrodinggames/rts/game/units/d/o,rw/unit/action/internal/Obf_d_h_2,rustedwarfare/unit/action/internal/Obf_d_h_2,high,structural_match,mutual_base: mutual-best structural fingerprint,common_core
com/corrodinggames/rts/game/units/d/i,com/corrodinggames/rts/game/units/d/p,rw/unit/building/ProductionBuildingUnitBase,rustedwarfare/unit/building/ProductionBuildingUnitBase,medium,structural_match,mutual_base: mutual-best structural fingerprint,common_core
com/corrodinggames/rts/game/units/d/j,com/corrodinggames/rts/game/units/d/q,rustedwarfare/unit/build/BuildQueueItem,rustedwarfare/unit/build/BuildQueueItem,medium,structural_match,mutual_base: mutual-best structural fingerprint,common_core
com/corrodinggames/rts/game/units/d/k,com/corrodinggames/rts/game/units/d/r,rw/v100/unit/build/FactoryQueueManager,rustedwarfare/unit/build/FactoryQueueManager,high,structural_match,mutual_base: mutual-best structural fingerprint,common_core
com/corrodinggames/rts/game/units/d/l,com/corrodinggames/rts/game/units/d/s,rw/unit/build/BuildQueueHost,rustedwarfare/unit/build/BuildQueueHost,high,structural_match,mutual_base: mutual-best structural fingerprint,common_core
com/corrodinggames/rts/game/units/d/m,com/corrodinggames/rts/game/units/d/t,rw/unit/building/LandFactoryUnit,rustedwarfare/unit/building/LandFactoryUnit,high,structural_match,iterative_hungarian: iteration 1; relation signals 2,common_core
com/corrodinggames/rts/game/units/d/n,com/corrodinggames/rts/game/units/d/u,rw/unit/action/internal/Obf_d_n,rustedwarfare/unit/action/internal/Obf_d_n,high,structural_match,mutual_base: mutual-best structural fingerprint,common_core
com/corrodinggames/rts/game/units/d/o,com/corrodinggames/rts/game/units/d/v,rw/v100/unit/build/LandFactoryQueueManager,rustedwarfare/unit/build/LandFactoryQueueManager,high,structural_match,mutual_base: mutual-best structural fingerprint,common_core
com/corrodinggames/rts/game/units/d/p,com/corrodinggames/rts/game/units/d/w,rw/unit/building/LaserDefenceUnit,rustedwarfare/unit/building/LaserDefenceUnit,medium,structural_match,iterative_hungarian: iteration 1; relation signals 2,common_core
com/corrodinggames/rts/game/units/d/p$1,com/corrodinggames/rts/game/units/d/x,rw/unit/action/internal/Obf_d_p_1,rustedwarfare/unit/action/internal/Obf_d_p_1,high,structural_match,mutual_base: mutual-best structural fingerprint,common_core
com/corrodinggames/rts/game/units/d/q,com/corrodinggames/rts/game/units/d/y,rw/unit/building/NukeLauncherUnit,rustedwarfare/unit/building/NukeLauncherUnit,medium,structural_match,mutual_base: mutual-best structural fingerprint,common_core
com/corrodinggames/rts/game/units/d/q$1,com/corrodinggames/rts/game/units/d/z,rw/unit/action/internal/Obf_d_q_1,rustedwarfare/unit/action/internal/Obf_d_q_1,high,structural_match,mutual_base: mutual-best structural fingerprint,common_core
com/corrodinggames/rts/game/units/d/q$2,com/corrodinggames/rts/game/units/d/aa,rw/unit/action/internal/Obf_d_q_2,rustedwarfare/unit/action/internal/Obf_d_q_2,medium,structural_match,mutual_base: mutual-best structural fingerprint,common_core
com/corrodinggames/rts/game/units/d/r,com/corrodinggames/rts/game/units/d/ab,rw/unit/building/RepairBayUnit,rustedwarfare/unit/building/RepairBayUnit,high,structural_match,mutual_base: mutual-best structural fingerprint,common_core
com/corrodinggames/rts/game/units/d/s,com/corrodinggames/rts/game/units/d/ac,rw/v090/unit/spatial/AutoRepairTargetSearchCallback,rustedwarfare/unit/spatial/AutoRepairTargetSearchCallback,high,structural_match,mutual_base: mutual-best structural fingerprint,common_core
com/corrodinggames/rts/game/units/d/t,com/corrodinggames/rts/game/units/d/ad,rw/unit/building/SeaFactoryUnit,rustedwarfare/unit/building/SeaFactoryUnit,medium,structural_match,iterative_hungarian: iteration 1; relation signals 2,common_core
com/corrodinggames/rts/game/units/d/u,com/corrodinggames/rts/game/units/d/ae,rw/unit/action/internal/Obf_d_u,rustedwarfare/unit/action/internal/Obf_d_u,high,structural_match,iterative_hungarian: iteration 3; relation signals 2,common_core
com/corrodinggames/rts/game/units/d/v,com/corrodinggames/rts/game/units/d/af,rw/unit/building/SupplyDepotUnit,rustedwarfare/unit/building/SupplyDepotUnit,medium,structural_match,iterative_hungarian: iteration 1; relation signals 2,common_core
com/corrodinggames/rts/game/units/d/v$1,com/corrodinggames/rts/game/units/d/ag,rw/unit/action/internal/Obf_d_v_1,rustedwarfare/unit/action/internal/Obf_d_v_1,medium,structural_match,mutual_base: mutual-best structural fingerprint,common_core
com/corrodinggames/rts/game/units/d/w,com/corrodinggames/rts/game/units/d/ah,rw/unit/building/WallVerticalUnit,rustedwarfare/unit/building/WallVerticalUnit,medium,structural_match,mutual_base: mutual-best structural fingerprint,common_core
com/corrodinggames/rts/game/units/e,com/corrodinggames/rts/game/units/e,rw/unit/resource/CrystalResourceUnit,rustedwarfare/unit/resource/CrystalResourceUnit,high,structural_match,mutual_base: mutual-best structural fingerprint,common_core
com/corrodinggames/rts/game/units/e/a,com/corrodinggames/rts/game/units/e/a,rw/unit/land/ArtilleryUnit,rustedwarfare/unit/land/ArtilleryUnit,high,structural_match,iterative_hungarian: iteration 1; relation signals 2,common_core
com/corrodinggames/rts/game/units/e/b,com/corrodinggames/rts/game/units/e/b,rw/unit/land/BuilderUnit,rustedwarfare/unit/land/BuilderUnit,high,structural_match,mutual_base: mutual-best structural fingerprint,common_core
com/corrodinggames/rts/game/units/e/c,com/corrodinggames/rts/game/units/e/c,rw/unit/land/ExperimentalHoverTankUnit,rustedwarfare/unit/land/ExperimentalHoverTankUnit,medium,structural_match,iterative_hungarian: iteration 1; relation signals 2,common_core
com/corrodinggames/rts/game/units/e/d,com/corrodinggames/rts/game/units/e/d,rw/unit/land/ExperimentalTankUnit,rustedwarfare/unit/land/ExperimentalTankUnit,medium,structural_match,iterative_hungarian: iteration 1; relation signals 2,common_core
com/corrodinggames/rts/game/units/e/e,com/corrodinggames/rts/game/units/e/e,rw/unit/land/HeavyHoverTankUnit,rustedwarfare/unit/land/HeavyHoverTankUnit,medium,structural_match,iterative_hungarian: iteration 1; relation signals 2,common_core
com/corrodinggames/rts/game/units/e/f,com/corrodinggames/rts/game/units/e/f,rw/unit/land/HeavyTankUnit,rustedwarfare/unit/land/HeavyTankUnit,medium,structural_match,iterative_hungarian: iteration 1; relation signals 2,common_core
com/corrodinggames/rts/game/units/e/g,com/corrodinggames/rts/game/units/e/g,rw/unit/land/HoverTankUnit,rustedwarfare/unit/land/HoverTankUnit,medium,structural_match,iterative_hungarian: iteration 1; relation signals 2,common_core
com/corrodinggames/rts/game/units/e/h,com/corrodinggames/rts/game/units/e/h,rw/unit/land/HoverUnitBase,rustedwarfare/unit/land/HoverUnitBase,high,structural_match,mutual_base: mutual-best structural fingerprint,common_core
com/corrodinggames/rts/game/units/e/i,com/corrodinggames/rts/game/units/e/i,rw/unit/land/HovercraftUnit,rustedwarfare/unit/land/HovercraftUnit,high,structural_match,mutual_base: mutual-best structural fingerprint,common_core
com/corrodinggames/rts/game/units/e/i$1,com/corrodinggames/rts/game/units/e/j,rw/unit/action/internal/Obf_e_i_1,rustedwarfare/unit/action/internal/Obf_e_i_1,high,structural_match,mutual_base: mutual-best structural fingerprint,common_core
com/corrodinggames/rts/game/units/e/i$2,com/corrodinggames/rts/game/units/e/k,rw/unit/action/internal/Obf_e_i_2,rustedwarfare/unit/action/internal/Obf_e_i_2,high,structural_match,mutual_base: mutual-best structural fingerprint,common_core
com/corrodinggames/rts/game/units/e/j,com/corrodinggames/rts/game/units/e/l,rw/unit/land/LandUnitBase,rustedwarfare/unit/land/LandUnitBase,high,structural_match,mutual_base: mutual-best structural fingerprint,common_core
com/corrodinggames/rts/game/units/e/k,com/corrodinggames/rts/game/units/e/m,rw/unit/land/LaserTankUnit,rustedwarfare/unit/land/LaserTankUnit,high,anchor_bounded_sequence,monotonic package sequence; bounded=true; anchors=7,common_core
com/corrodinggames/rts/game/units/e/l,com/corrodinggames/rts/game/units/e/n,rw/unit/land/MammothTankUnit,rustedwarfare/unit/land/MammothTankUnit,high,anchor_bounded_sequence,monotonic package sequence; bounded=true; anchors=7,common_core
com/corrodinggames/rts/game/units/e/m,com/corrodinggames/rts/game/units/e/o,rw/unit/land/MegaTankUnit,rustedwarfare/unit/land/MegaTankUnit,high,anchor_bounded_sequence,monotonic package sequence; bounded=true; anchors=7,common_core
com/corrodinggames/rts/game/units/e/n,com/corrodinggames/rts/game/units/e/p,rw/unit/land/TankUnit,rustedwarfare/unit/land/TankUnit,high,anchor_bounded_sequence,monotonic package sequence; bounded=true; anchors=7,common_core
com/corrodinggames/rts/game/units/e/o,com/corrodinggames/rts/game/units/e/q,rw/unit/land/TankDestroyerUnit,rustedwarfare/unit/land/TankDestroyerUnit,high,anchor_bounded_sequence,monotonic package sequence; bounded=false; anchors=7,common_core
com/corrodinggames/rts/game/units/f,com/corrodinggames/rts/game/units/f,rw/unit/special/MapMarkerUnit,rustedwarfare/unit/special/MapMarkerUnit,medium,structural_match,mutual_base: mutual-best structural fingerprint,common_core
com/corrodinggames/rts/game/units/f/a,com/corrodinggames/rts/game/units/f/a,rw/unit/spatial/UnitSpatialCell,rustedwarfare/unit/spatial/UnitSpatialCell,high,structural_match,mutual_base: mutual-best structural fingerprint,common_core
com/corrodinggames/rts/game/units/f/b,com/corrodinggames/rts/game/units/f/b,rw/unit/spatial/UnitBucket,rustedwarfare/unit/spatial/UnitBucket,high,structural_match,mutual_base: mutual-best structural fingerprint,common_core
com/corrodinggames/rts/game/units/f/c,com/corrodinggames/rts/game/units/f/c,rw/unit/spatial/UnitSpatialIndex,rustedwarfare/unit/spatial/UnitSpatialIndex,high,structural_match,mutual_base: mutual-best structural fingerprint,common_core
com/corrodinggames/rts/game/units/f/d,com/corrodinggames/rts/game/units/f/d,rw/unit/spatial/CircleUnitFilter,rustedwarfare/unit/spatial/CircleUnitFilter,high,structural_match,mutual_base: mutual-best structural fingerprint,common_core
com/corrodinggames/rts/game/units/f/e,com/corrodinggames/rts/game/units/f/e,rw/unit/spatial/SpatialUnitFilter,rustedwarfare/unit/spatial/SpatialUnitFilter,high,structural_match,mutual_base: mutual-best structural fingerprint,common_core
com/corrodinggames/rts/game/units/f/f,com/corrodinggames/rts/game/units/f/f,rw/unit/spatial/UnitSearchResultIterator,rustedwarfare/unit/spatial/UnitSearchResultIterator,high,structural_match,mutual_base: mutual-best structural fingerprint,common_core
com/corrodinggames/rts/game/units/f/g,com/corrodinggames/rts/game/units/f/g,rw/unit/spatial/RectUnitFilter,rustedwarfare/unit/spatial/RectUnitFilter,high,structural_match,mutual_base: mutual-best structural fingerprint,common_core
com/corrodinggames/rts/game/units/f/h,com/corrodinggames/rts/game/units/f/h,rw/unit/spatial/RectWithUnitRadiusFilter,rustedwarfare/unit/spatial/RectWithUnitRadiusFilter,high,structural_match,mutual_base: mutual-best structural fingerprint,common_core
com/corrodinggames/rts/game/units/f/i,com/corrodinggames/rts/game/units/f/i,rw/unit/spatial/TeamAwareUnitSearchCallback,rustedwarfare/unit/spatial/TeamAwareUnitSearchCallback,high,structural_match,mutual_base: mutual-best structural fingerprint,common_core
com/corrodinggames/rts/game/units/f/j,com/corrodinggames/rts/game/units/f/j,rw/unit/spatial/UnitSearchCallback,rustedwarfare/unit/spatial/UnitSearchCallback,high,structural_match,mutual_base: mutual-best structural fingerprint,common_core
com/corrodinggames/rts/game/units/g,com/corrodinggames/rts/game/units/g,rw/unit/land/internal/Obf_g,rustedwarfare/unit/land/internal/Obf_g,high,structural_match,mutual_base: mutual-best structural fingerprint,common_core
com/corrodinggames/rts/game/units/g/a,com/corrodinggames/rts/game/units/g/a,rw/unit/status/UnitStatusEffect,rustedwarfare/unit/status/UnitStatusEffect,high,structural_match,mutual_base: mutual-best structural fingerprint,common_core
com/corrodinggames/rts/game/units/g/b,com/corrodinggames/rts/game/units/g/b,rw/unit/status/UnitStatusEffectType,rustedwarfare/unit/status/UnitStatusEffectType,high,structural_match,mutual_base: mutual-best structural fingerprint,common_core
com/corrodinggames/rts/game/units/g/b$1,com/corrodinggames/rts/game/units/g/c,rw/unit/status/UnitStatusEffectType$1,rustedwarfare/unit/status/UnitStatusEffectType$1,medium,structural_match,iterative_hungarian: iteration 2; relation signals 2,common_core
com/corrodinggames/rts/game/units/g/b$2,com/corrodinggames/rts/game/units/g/d,rw/unit/status/UnitStatusEffectType$2,rustedwarfare/unit/status/UnitStatusEffectType$2,medium,structural_match,iterative_hungarian: iteration 2; relation signals 2,common_core
com/corrodinggames/rts/game/units/g/c,com/corrodinggames/rts/game/units/g/e,rw/unit/status/UnitStatusEffectManager,rustedwarfare/unit/status/UnitStatusEffectManager,medium,anchor_bounded_sequence,monotonic package sequence; bounded=true; anchors=2,common_core
com/corrodinggames/rts/game/units/g/d,com/corrodinggames/rts/game/units/g/f,rw/unit/status/MovementSpeedStatusEffect,rustedwarfare/unit/status/MovementSpeedStatusEffect,medium,structural_match,mutual_base: mutual-best structural fingerprint,common_core
com/corrodinggames/rts/game/units/g/e,com/corrodinggames/rts/game/units/g/g,rw/unit/status/SpecialActionBlockStatusEffect,rustedwarfare/unit/status/SpecialActionBlockStatusEffect,medium,structural_match,iterative_hungarian: iteration 1; relation signals 2,common_core
com/corrodinggames/rts/game/units/h,com/corrodinggames/rts/game/units/h,rw/unit/special/EditorOrBuilderUnit,rustedwarfare/unit/special/EditorOrBuilderUnit,high,structural_match,mutual_base: mutual-best structural fingerprint,common_core
com/corrodinggames/rts/game/units/h$1,com/corrodinggames/rts/game/units/i,rw/unit/action/internal/Obf_h_1,rustedwarfare/unit/action/internal/Obf_h_1,high,structural_match,mutual_base: mutual-best structural fingerprint,common_core
com/corrodinggames/rts/game/units/h$10,com/corrodinggames/rts/game/units/w,rw/unit/action/internal/Obf_h_10,rustedwarfare/unit/action/internal/Obf_h_10,high,structural_match,mutual_base: mutual-best structural fingerprint,common_core
com/corrodinggames/rts/game/units/h$11,com/corrodinggames/rts/game/units/x,rw/unit/action/internal/Obf_h_11,rustedwarfare/unit/action/internal/Obf_h_11,high,structural_match,mutual_base: mutual-best structural fingerprint,common_core
com/corrodinggames/rts/game/units/h$12,com/corrodinggames/rts/game/units/y,rw/unit/action/internal/Obf_h_12,rustedwarfare/unit/action/internal/Obf_h_12,high,structural_match,mutual_base: mutual-best structural fingerprint,common_core
com/corrodinggames/rts/game/units/h$13,com/corrodinggames/rts/game/units/z,rw/unit/action/internal/Obf_h_13,rustedwarfare/unit/action/internal/Obf_h_13,high,structural_match,mutual_base: mutual-best structural fingerprint,common_core
com/corrodinggames/rts/game/units/h$14,com/corrodinggames/rts/game/units/aa,rw/unit/action/internal/Obf_h_14,rustedwarfare/unit/action/internal/Obf_h_14,high,structural_match,mutual_base: mutual-best structural fingerprint,common_core
com/corrodinggames/rts/game/units/h$15,com/corrodinggames/rts/game/units/ab,rw/v090/unit/special/EditorOrBuilderUnit$15,rustedwarfare/unit/special/EditorOrBuilderUnit$15,high,structural_match,mutual_base: mutual-best structural fingerprint,common_core
com/corrodinggames/rts/game/units/h$16,com/corrodinggames/rts/game/units/ac,rw/unit/special/EditorActionAvailabilityFilter,rustedwarfare/unit/special/EditorActionAvailabilityFilter,high,structural_match,mutual_base: mutual-best structural fingerprint,common_core
com/corrodinggames/rts/game/units/h$17,com/corrodinggames/rts/game/units/ad,rw/unit/action/internal/Obf_h_17,rustedwarfare/unit/action/internal/Obf_h_17,high,structural_match,mutual_base: mutual-best structural fingerprint,common_core
com/corrodinggames/rts/game/units/h$18,com/corrodinggames/rts/game/units/ae,rw/unit/action/internal/Obf_h_18,rustedwarfare/unit/action/internal/Obf_h_18,high,structural_match,mutual_base: mutual-best structural fingerprint,common_core
com/corrodinggames/rts/game/units/h$19,com/corrodinggames/rts/game/units/af,rw/unit/action/internal/Obf_h_19,rustedwarfare/unit/action/internal/Obf_h_19,high,structural_match,mutual_base: mutual-best structural fingerprint,common_core
com/corrodinggames/rts/game/units/h$2,com/corrodinggames/rts/game/units/j,rw/unit/action/internal/Obf_h_2,rustedwarfare/unit/action/internal/Obf_h_2,high,structural_match,mutual_base: mutual-best structural fingerprint,common_core
com/corrodinggames/rts/game/units/h$2$1,com/corrodinggames/rts/game/units/k,rw/v090/unit/action/internal/Obf_h_2$1,rustedwarfare/unit/action/internal/Obf_h_2$1,high,structural_match,mutual_base: mutual-best structural fingerprint,common_core
com/corrodinggames/rts/game/units/h$20,com/corrodinggames/rts/game/units/ag,rw/unit/action/internal/Obf_h_20,rustedwarfare/unit/action/internal/Obf_h_20,high,structural_match,mutual_base: mutual-best structural fingerprint,common_core
com/corrodinggames/rts/game/units/h$21,com/corrodinggames/rts/game/units/ah,rw/unit/action/internal/Obf_h_21,rustedwarfare/unit/action/internal/Obf_h_21,high,structural_match,mutual_base: mutual-best structural fingerprint,common_core
com/corrodinggames/rts/game/units/h$22,com/corrodinggames/rts/game/units/ai,rw/unit/action/internal/Obf_h_22,rustedwarfare/unit/action/internal/Obf_h_22,high,structural_match,mutual_base: mutual-best structural fingerprint,common_core
com/corrodinggames/rts/game/units/h$23,com/corrodinggames/rts/game/units/aj,rw/unit/action/internal/Obf_h_23,rustedwarfare/unit/action/internal/Obf_h_23,high,structural_match,mutual_base: mutual-best structural fingerprint,common_core
com/corrodinggames/rts/game/units/h$3,com/corrodinggames/rts/game/units/l,rw/unit/action/internal/Obf_h_3,rustedwarfare/unit/action/internal/Obf_h_3,high,structural_match,mutual_base: mutual-best structural fingerprint,common_core
com/corrodinggames/rts/game/units/h$3$1,com/corrodinggames/rts/game/units/m,rw/v090/unit/action/internal/Obf_h_3$1,rustedwarfare/unit/action/internal/Obf_h_3$1,high,structural_match,mutual_base: mutual-best structural fingerprint,common_core
com/corrodinggames/rts/game/units/h$3$2,com/corrodinggames/rts/game/units/n,rw/v090/unit/action/internal/Obf_h_3$2,rustedwarfare/unit/action/internal/Obf_h_3$2,high,structural_match,mutual_base: mutual-best structural fingerprint,common_core
com/corrodinggames/rts/game/units/h$3$3,com/corrodinggames/rts/game/units/o,rw/v090/unit/action/internal/Obf_h_3$3,rustedwarfare/unit/action/internal/Obf_h_3$3,high,structural_match,mutual_base: mutual-best structural fingerprint,common_core
com/corrodinggames/rts/game/units/h$4,com/corrodinggames/rts/game/units/p,rw/unit/action/internal/Obf_h_4,rustedwarfare/unit/action/internal/Obf_h_4,high,structural_match,mutual_base: mutual-best structural fingerprint,common_core
com/corrodinggames/rts/game/units/h$5,com/corrodinggames/rts/game/units/q,rw/unit/action/internal/Obf_h_5,rustedwarfare/unit/action/internal/Obf_h_5,high,structural_match,mutual_base: mutual-best structural fingerprint,common_core
com/corrodinggames/rts/game/units/h$6,com/corrodinggames/rts/game/units/r,rw/unit/action/internal/Obf_h_6,rustedwarfare/unit/action/internal/Obf_h_6,high,structural_match,mutual_base: mutual-best structural fingerprint,common_core
com/corrodinggames/rts/game/units/h$7,com/corrodinggames/rts/game/units/s,rw/unit/action/internal/Obf_h_7,rustedwarfare/unit/action/internal/Obf_h_7,high,structural_match,mutual_base: mutual-best structural fingerprint,common_core
com/corrodinggames/rts/game/units/h$8,com/corrodinggames/rts/game/units/t,rw/unit/action/internal/Obf_h_8,rustedwarfare/unit/action/internal/Obf_h_8,high,structural_match,mutual_base: mutual-best structural fingerprint,common_core
com/corrodinggames/rts/game/units/h$9,com/corrodinggames/rts/game/units/u,rw/unit/action/internal/Obf_h_9,rustedwarfare/unit/action/internal/Obf_h_9,high,structural_match,mutual_base: mutual-best structural fingerprint,common_core
com/corrodinggames/rts/game/units/h$9$1,com/corrodinggames/rts/game/units/v,rw/v090/unit/action/internal/Obf_h_9$1,rustedwarfare/unit/action/internal/Obf_h_9$1,high,structural_match,mutual_base: mutual-best structural fingerprint,common_core
com/corrodinggames/rts/game/units/h/a,com/corrodinggames/rts/game/units/h/a,rw/unit/water/BattleshipUnit,rustedwarfare/unit/water/BattleshipUnit,high,structural_match,iterative_hungarian: iteration 1; relation signals 2,common_core
com/corrodinggames/rts/game/units/h/b,com/corrodinggames/rts/game/units/h/b,rw/unit/water/BuilderShipUnit,rustedwarfare/unit/water/BuilderShipUnit,high,structural_match,mutual_base: mutual-best structural fingerprint,common_core
com/corrodinggames/rts/game/units/h/c,com/corrodinggames/rts/game/units/h/c,rw/unit/water/GunBoatUnit,rustedwarfare/unit/water/GunBoatUnit,high,structural_match,iterative_hungarian: iteration 1; relation signals 2,common_core
com/corrodinggames/rts/game/units/h/d,com/corrodinggames/rts/game/units/h/d,rw/unit/water/MissileShipUnit,rustedwarfare/unit/water/MissileShipUnit,high,structural_match,iterative_hungarian: iteration 1; relation signals 2,common_core
com/corrodinggames/rts/game/units/h/e,com/corrodinggames/rts/game/units/h/e,rw/unit/water/AttackSubmarineUnit,rustedwarfare/unit/water/AttackSubmarineUnit,high,structural_match,mutual_base: mutual-best structural fingerprint,common_core
com/corrodinggames/rts/game/units/h/e$1,com/corrodinggames/rts/game/units/h/f,rw/unit/action/internal/Obf_h_e_1,rustedwarfare/unit/action/internal/Obf_h_e_1,high,structural_match,mutual_base: mutual-best structural fingerprint,common_core
com/corrodinggames/rts/game/units/h/e$2,com/corrodinggames/rts/game/units/h/g,rw/unit/action/internal/Obf_h_e_2,rustedwarfare/unit/action/internal/Obf_h_e_2,high,structural_match,mutual_base: mutual-best structural fingerprint,common_core
com/corrodinggames/rts/game/units/h/f,com/corrodinggames/rts/game/units/h/h,rw/unit/water/WaterUnitBase,rustedwarfare/unit/water/WaterUnitBase,medium,structural_match,mutual_base: mutual-best structural fingerprint,common_core
com/corrodinggames/rts/game/units/i,com/corrodinggames/rts/game/units/ak,rw/unit/action/internal/Obf_i,rustedwarfare/unit/action/internal/Obf_i,high,structural_match,mutual_base: mutual-best structural fingerprint,common_core
com/corrodinggames/rts/game/units/j,com/corrodinggames/rts/game/units/al,rw/unit/action/internal/Obf_j,rustedwarfare/unit/action/internal/Obf_j,high,structural_match,mutual_base: mutual-best structural fingerprint,common_core
com/corrodinggames/rts/game/units/k,com/corrodinggames/rts/game/units/am,rw/unit/action/internal/Obf_k,rustedwarfare/unit/action/internal/Obf_k,high,structural_match,mutual_base: mutual-best structural fingerprint,common_core
com/corrodinggames/rts/game/units/l,com/corrodinggames/rts/game/units/an,rw/unit/action/internal/Obf_l,rustedwarfare/unit/action/internal/Obf_l,high,structural_match,mutual_base: mutual-best structural fingerprint,common_core
com/corrodinggames/rts/game/units/m,com/corrodinggames/rts/game/units/ao,rw/unit/action/internal/Obf_m,rustedwarfare/unit/action/internal/Obf_m,high,structural_match,mutual_base: mutual-best structural fingerprint,common_core
com/corrodinggames/rts/game/units/n,com/corrodinggames/rts/game/units/ap,rw/v090/unit/editor/EditorTab,rustedwarfare/unit/editor/EditorTab,high,structural_match,mutual_base: mutual-best structural fingerprint,common_core
com/corrodinggames/rts/game/units/n$1,com/corrodinggames/rts/game/units/aq,rw/v090/unit/editor/EditorTab$All,rustedwarfare/unit/editor/EditorTab$All,high,anchor_bounded_sequence,monotonic package sequence; bounded=true; anchors=76,common_core
com/corrodinggames/rts/game/units/n$2,com/corrodinggames/rts/game/units/ar,rw/v090/unit/editor/EditorTab$Types,rustedwarfare/unit/editor/EditorTab$Types,medium,structural_match,iterative_hungarian: iteration 1; relation signals 2,common_core
com/corrodinggames/rts/game/units/n$3,com/corrodinggames/rts/game/units/as,rw/v090/unit/editor/EditorTab$Terrain,rustedwarfare/unit/editor/EditorTab$Terrain,high,anchor_bounded_sequence,monotonic package sequence; bounded=true; anchors=76,common_core
com/corrodinggames/rts/game/units/n$4,com/corrodinggames/rts/game/units/at,rw/v090/unit/editor/EditorTab$Modded,rustedwarfare/unit/editor/EditorTab$Modded,medium,structural_match,iterative_hungarian: iteration 1; relation signals 2,common_core
com/corrodinggames/rts/game/units/n$5,com/corrodinggames/rts/game/units/au,rw/v090/unit/editor/EditorTab$Search,rustedwarfare/unit/editor/EditorTab$Search,high,structural_match,mutual_base: mutual-best structural fingerprint,common_core
com/corrodinggames/rts/game/units/n$6,com/corrodinggames/rts/game/units/av,rw/v090/unit/editor/EditorTab$Actions,rustedwarfare/unit/editor/EditorTab$Actions,high,anchor_bounded_sequence,monotonic package sequence; bounded=true; anchors=76,common_core
com/corrodinggames/rts/game/units/o,com/corrodinggames/rts/game/units/aw,rw/v090/unit/editor/EditorUnitCategory,rustedwarfare/unit/editor/EditorUnitCategory,medium,structural_match,iterative_hungarian: iteration 1; relation signals 2,common_core
com/corrodinggames/rts/game/units/o$1,com/corrodinggames/rts/game/units/ax,rw/v090/unit/editor/EditorUnitCategory$Land,rustedwarfare/unit/editor/EditorUnitCategory$Land,high,anchor_bounded_sequence,monotonic package sequence; bounded=true; anchors=76,common_core
com/corrodinggames/rts/game/units/o$2,com/corrodinggames/rts/game/units/ay,rw/v090/unit/editor/EditorUnitCategory$Air,rustedwarfare/unit/editor/EditorUnitCategory$Air,high,anchor_bounded_sequence,monotonic package sequence; bounded=true; anchors=76,common_core
com/corrodinggames/rts/game/units/o$3,com/corrodinggames/rts/game/units/az,rw/v090/unit/editor/EditorUnitCategory$Sea,rustedwarfare/unit/editor/EditorUnitCategory$Sea,high,anchor_bounded_sequence,monotonic package sequence; bounded=true; anchors=76,common_core
com/corrodinggames/rts/game/units/o$4,com/corrodinggames/rts/game/units/ba,rw/v090/unit/editor/EditorUnitCategory$Buildings,rustedwarfare/unit/editor/EditorUnitCategory$Buildings,high,anchor_bounded_sequence,monotonic package sequence; bounded=true; anchors=76,common_core
com/corrodinggames/rts/game/units/o$5,com/corrodinggames/rts/game/units/bb,rw/v090/unit/editor/EditorUnitCategory$Bio,rustedwarfare/unit/editor/EditorUnitCategory$Bio,high,anchor_bounded_sequence,monotonic package sequence; bounded=true; anchors=76,common_core
com/corrodinggames/rts/game/units/p,com/corrodinggames/rts/game/units/bc,rw/v090/unit/editor/TerrainEditor,rustedwarfare/unit/editor/TerrainEditor,medium,structural_match,mutual_base: mutual-best structural fingerprint,common_core
com/corrodinggames/rts/game/units/q,com/corrodinggames/rts/game/units/bd,rw/v090/unit/editor/SetTerrainTypeAction,rustedwarfare/unit/editor/SetTerrainTypeAction,medium,structural_match,mutual_base: mutual-best structural fingerprint,common_core
com/corrodinggames/rts/game/units/r,com/corrodinggames/rts/game/units/be,rw/v090/unit/editor/TerrainType,rustedwarfare/unit/editor/TerrainType,high,structural_match,mutual_base: mutual-best structural fingerprint,common_core
com/corrodinggames/rts/game/units/r$1,com/corrodinggames/rts/game/units/bf,rw/v090/unit/editor/TerrainType$Grass,rustedwarfare/unit/editor/TerrainType$Grass,high,structural_match,mutual_base: mutual-best structural fingerprint,common_core
com/corrodinggames/rts/game/units/r$2,com/corrodinggames/rts/game/units/bg,rw/v090/unit/editor/TerrainType$Sea,rustedwarfare/unit/editor/TerrainType$Sea,high,structural_match,mutual_base: mutual-best structural fingerprint,common_core
com/corrodinggames/rts/game/units/r$3,com/corrodinggames/rts/game/units/bh,rw/v090/unit/editor/TerrainType$Sand,rustedwarfare/unit/editor/TerrainType$Sand,high,structural_match,mutual_base: mutual-best structural fingerprint,common_core
com/corrodinggames/rts/game/units/r$4,com/corrodinggames/rts/game/units/bi,rw/v090/unit/editor/TerrainType$Dust,rustedwarfare/unit/editor/TerrainType$Dust,high,structural_match,mutual_base: mutual-best structural fingerprint,common_core
com/corrodinggames/rts/game/units/s,com/corrodinggames/rts/game/units/bj,rw/v100rc1/unit/editor/TileOffset,rustedwarfare/unit/editor/TileOffset,high,structural_match,mutual_base: mutual-best structural fingerprint,common_core
com/corrodinggames/rts/game/units/t,com/corrodinggames/rts/game/units/bk,rw/unit/special/DummyNonUnitWithTeam,rustedwarfare/unit/special/DummyNonUnitWithTeam,high,structural_match,mutual_base: mutual-best structural fingerprint,common_core
com/corrodinggames/rts/game/units/u,com/corrodinggames/rts/game/units/bl,rw/unit/special/FogRevealerUnit,rustedwarfare/unit/special/FogRevealerUnit,medium,structural_match,iterative_hungarian: iteration 1; relation signals 2,common_core
com/corrodinggames/rts/game/units/v,com/corrodinggames/rts/game/units/bm,rw/v100/unit/NaturalUnit,rustedwarfare/unit/NaturalUnit,high,structural_match,iterative_hungarian: iteration 1; relation signals 2,common_core
com/corrodinggames/rts/game/units/w,com/corrodinggames/rts/game/units/bn,rw/unit/AbstractOrderableUnit,rustedwarfare/unit/AbstractOrderableUnit,high,structural_match,mutual_base: mutual-best structural fingerprint,common_core
com/corrodinggames/rts/game/units/x,com/corrodinggames/rts/game/units/bo,rw/unit/SpecialAirUnitBase,rustedwarfare/unit/SpecialAirUnitBase,high,structural_match,mutual_base: mutual-best structural fingerprint,common_core
com/corrodinggames/rts/game/units/y,com/corrodinggames/rts/game/units/bp,rw/unit/OrderableUnit,rustedwarfare/unit/OrderableUnit,high,structural_match,mutual_base: mutual-best structural fingerprint,common_core
com/corrodinggames/rts/game/units/y$1,com/corrodinggames/rts/game/units/bq,rw/v090/unit/OrderableUnit$1,rustedwarfare/unit/OrderableUnit$1,high,structural_match,mutual_base: mutual-best structural fingerprint,common_core
com/corrodinggames/rts/game/units/z,com/corrodinggames/rts/game/units/br,rw/unit/action/ActionExecutionResult,rustedwarfare/unit/action/ActionExecutionResult,high,structural_match,mutual_base: mutual-best structural fingerprint,common_core
com/corrodinggames/rts/gameFramework/SettingsEngine,com/corrodinggames/rts/gameFramework/SettingsEngine,rw/core/SettingsEngine,rustedwarfare/core/SettingsEngine,high,structural_match,mutual_base: mutual-best structural fingerprint,common_core
com/corrodinggames/rts/gameFramework/a,com/corrodinggames/rts/gameFramework/a,rw/v100rc1/collision/CollisionEngine,rustedwarfare/collision/CollisionEngine,high,structural_match,mutual_base: mutual-best structural fingerprint,common_core
com/corrodinggames/rts/gameFramework/a/a,com/corrodinggames/rts/gameFramework/a/a,rw/client/audio/AndroidSoundFactory,rustedwarfare/client/audio/AndroidSoundFactory,high,structural_match,mutual_base: mutual-best structural fingerprint,common_core
com/corrodinggames/rts/gameFramework/a/b,com/corrodinggames/rts/gameFramework/a/b,rw/client/audio/AndroidSound,rustedwarfare/client/audio/AndroidSound,medium,anchor_bounded_sequence,monotonic package sequence; bounded=true; anchors=2,common_core
com/corrodinggames/rts/gameFramework/a/c,com/corrodinggames/rts/gameFramework/a/c,rw/client/audio/SoundPlayRequest,rustedwarfare/client/audio/SoundPlayRequest,medium,structural_match,mutual_base: mutual-best structural fingerprint,common_core
com/corrodinggames/rts/gameFramework/a/d,com/corrodinggames/rts/gameFramework/a/d,rw/client/audio/SoundQueueThread,rustedwarfare/client/audio/SoundQueueThread,medium,structural_match,iterative_hungarian: iteration 1; relation signals 2,common_core
com/corrodinggames/rts/gameFramework/a/e,com/corrodinggames/rts/gameFramework/a/e,rw/client/audio/SoundEngine,rustedwarfare/client/audio/SoundEngine,medium,structural_match,iterative_hungarian: iteration 1; relation signals 2,common_core
com/corrodinggames/rts/gameFramework/a/f,com/corrodinggames/rts/gameFramework/a/f,rw/audio/NullSoundFactory,rustedwarfare/audio/NullSoundFactory,medium,anchor_bounded_sequence,monotonic package sequence; bounded=true; anchors=2,common_core
com/corrodinggames/rts/gameFramework/a/g,com/corrodinggames/rts/gameFramework/a/g,rw/audio/NullSound,rustedwarfare/audio/NullSound,high,structural_match,iterative_hungarian: iteration 1; relation signals 2,common_core
com/corrodinggames/rts/gameFramework/a/h,com/corrodinggames/rts/gameFramework/a/h,rw/client/audio/SoundFactory,rustedwarfare/client/audio/SoundFactory,high,structural_match,mutual_base: mutual-best structural fingerprint,common_core
com/corrodinggames/rts/gameFramework/a/i,com/corrodinggames/rts/gameFramework/a/i,rw/audio/GameSound,rustedwarfare/client/audio/GameSound,high,structural_match,mutual_base: mutual-best structural fingerprint,common_core
com/corrodinggames/rts/gameFramework/aa,com/corrodinggames/rts/gameFramework/al,rw/formation/FormationManager,rustedwarfare/formation/FormationManager,medium,structural_match,mutual_base: mutual-best structural fingerprint,common_core
com/corrodinggames/rts/gameFramework/ab,com/corrodinggames/rts/gameFramework/am,rw/formation/FormationGroup,rustedwarfare/formation/FormationGroup,high,structural_match,mutual_base: mutual-best structural fingerprint,common_core
com/corrodinggames/rts/gameFramework/ac,com/corrodinggames/rts/gameFramework/an,rw/input/InputBindingRegistry,rustedwarfare/input/InputBindingRegistry,high,structural_match,mutual_base: mutual-best structural fingerprint,common_core
com/corrodinggames/rts/gameFramework/ad,com/corrodinggames/rts/gameFramework/ao,rw/input/InputAction,rustedwarfare/input/InputAction,medium,structural_match,iterative_hungarian: iteration 1; relation signals 2,common_core
com/corrodinggames/rts/gameFramework/ae,com/corrodinggames/rts/gameFramework/ap,rw/input/InputActionCategory,rustedwarfare/input/InputActionCategory,high,structural_match,mutual_base: mutual-best structural fingerprint,common_core
com/corrodinggames/rts/gameFramework/af,com/corrodinggames/rts/gameFramework/aq,rw/input/InputBinding,rustedwarfare/input/InputBinding,high,structural_match,mutual_base: mutual-best structural fingerprint,common_core
com/corrodinggames/rts/gameFramework/ag,com/corrodinggames/rts/gameFramework/ar,rw/input/KeyInputBinding,rustedwarfare/input/KeyInputBinding,medium,structural_match,iterative_hungarian: iteration 1; relation signals 2,common_core
com/corrodinggames/rts/gameFramework/ah,com/corrodinggames/rts/gameFramework/as,rw/input/ControllerInputBinding,rustedwarfare/input/ControllerInputBinding,high,structural_match,mutual_base: mutual-best structural fingerprint,common_core
com/corrodinggames/rts/gameFramework/ai,com/corrodinggames/rts/gameFramework/at,rw/input/InputDeviceProvider,rustedwarfare/input/InputDeviceProvider,medium,anchor_bounded_sequence,monotonic package sequence; bounded=true; anchors=43,common_core
com/corrodinggames/rts/gameFramework/aj,com/corrodinggames/rts/gameFramework/au,rw/input/ControllerInputHook,rustedwarfare/input/ControllerInputHook,high,structural_match,mutual_base: mutual-best structural fingerprint,common_core
com/corrodinggames/rts/gameFramework/ak,com/corrodinggames/rts/gameFramework/av,rw/input/UnboundInputBinding,rustedwarfare/input/UnboundInputBinding,high,structural_match,mutual_base: mutual-best structural fingerprint,common_core
com/corrodinggames/rts/gameFramework/al,com/corrodinggames/rts/gameFramework/aw,rw/input/DefaultControllerInputHook,rustedwarfare/input/DefaultControllerInputHook,high,structural_match,mutual_base: mutual-best structural fingerprint,common_core
com/corrodinggames/rts/gameFramework/am,com/corrodinggames/rts/gameFramework/ax,rw/audio/MusicController,rustedwarfare/audio/MusicController,high,structural_match,mutual_base: mutual-best structural fingerprint,common_core
com/corrodinggames/rts/gameFramework/am$1,com/corrodinggames/rts/gameFramework/ay,rw/audio/MusicPauseThread,rustedwarfare/audio/MusicPauseThread,high,structural_match,mutual_base: mutual-best structural fingerprint,common_core
com/corrodinggames/rts/gameFramework/am$2,com/corrodinggames/rts/gameFramework/az,rw/audio/MusicResumeThread,rustedwarfare/audio/MusicResumeThread,high,structural_match,mutual_base: mutual-best structural fingerprint,common_core
com/corrodinggames/rts/gameFramework/an,com/corrodinggames/rts/gameFramework/ba,rw/audio/AndroidMusicFactory,rustedwarfare/audio/AndroidMusicFactory,high,structural_match,mutual_base: mutual-best structural fingerprint,common_core
com/corrodinggames/rts/gameFramework/ao,com/corrodinggames/rts/gameFramework/bb,rw/audio/AndroidMusicTrack,rustedwarfare/audio/AndroidMusicTrack,high,structural_match,iterative_hungarian: iteration 1; relation signals 1,common_core
com/corrodinggames/rts/gameFramework/ap,com/corrodinggames/rts/gameFramework/bc,rw/audio/AndroidMusicPlayer,rustedwarfare/audio/AndroidMusicPlayer,high,structural_match,mutual_base: mutual-best structural fingerprint,common_core
com/corrodinggames/rts/gameFramework/ap$1,com/corrodinggames/rts/gameFramework/bd,rw/audio/AndroidMusicInfoListener,rustedwarfare/audio/AndroidMusicInfoListener,high,structural_match,mutual_base: mutual-best structural fingerprint,common_core
com/corrodinggames/rts/gameFramework/ap$2,com/corrodinggames/rts/gameFramework/be,rw/audio/AndroidMusicPreparedListener,rustedwarfare/audio/AndroidMusicPreparedListener,high,structural_match,mutual_base: mutual-best structural fingerprint,common_core
com/corrodinggames/rts/gameFramework/aq,com/corrodinggames/rts/gameFramework/bf,rw/audio/MusicFactory,rustedwarfare/audio/MusicFactory,high,structural_match,iterative_hungarian: iteration 1; relation signals 2,common_core
com/corrodinggames/rts/gameFramework/ar,com/corrodinggames/rts/gameFramework/bg,rw/audio/MusicTrack,rustedwarfare/audio/MusicTrack,medium,structural_match,iterative_hungarian: iteration 1; relation signals 1,common_core
com/corrodinggames/rts/gameFramework/as,com/corrodinggames/rts/gameFramework/bh,rw/audio/MusicPlayer,rustedwarfare/audio/MusicPlayer,high,structural_match,mutual_base: mutual-best structural fingerprint,common_core
com/corrodinggames/rts/gameFramework/at,com/corrodinggames/rts/gameFramework/bi,rw/audio/MusicCategory,rustedwarfare/audio/MusicCategory,high,structural_match,mutual_base: mutual-best structural fingerprint,common_core
com/corrodinggames/rts/gameFramework/at$1,com/corrodinggames/rts/gameFramework/bj,rw/audio/MusicCategoryStarting,rustedwarfare/audio/MusicCategoryStarting,high,structural_match,mutual_base: mutual-best structural fingerprint,common_core
com/corrodinggames/rts/gameFramework/at$2,com/corrodinggames/rts/gameFramework/bk,rw/audio/MusicCategoryBuildup,rustedwarfare/audio/MusicCategoryBuildup,high,structural_match,mutual_base: mutual-best structural fingerprint,common_core
com/corrodinggames/rts/gameFramework/at$3,com/corrodinggames/rts/gameFramework/bl,rw/audio/MusicCategoryAttacked,rustedwarfare/audio/MusicCategoryAttacked,high,structural_match,mutual_base: mutual-best structural fingerprint,common_core
com/corrodinggames/rts/gameFramework/au,com/corrodinggames/rts/gameFramework/bm,rw/audio/MusicUpdateThread,rustedwarfare/audio/MusicUpdateThread,high,structural_match,mutual_base: mutual-best structural fingerprint,common_core
com/corrodinggames/rts/gameFramework/ay,com/corrodinggames/rts/gameFramework/bn,rw/v090/game/SpriteGameObject,rustedwarfare/game/SpriteGameObject,high,structural_match,mutual_base: mutual-best structural fingerprint,common_core
com/corrodinggames/rts/gameFramework/az,com/corrodinggames/rts/gameFramework/bo,rw/game/RenderedGameObject,rustedwarfare/game/RenderedGameObject,medium,structural_match,mutual_base: mutual-best structural fingerprint,common_core
com/corrodinggames/rts/gameFramework/b,com/corrodinggames/rts/gameFramework/b,rw/v100rc1/collision/CollisionGroup,rustedwarfare/collision/CollisionGroup,high,structural_match,mutual_base: mutual-best structural fingerprint,common_core
com/corrodinggames/rts/gameFramework/b/a,com/corrodinggames/rts/gameFramework/b/b,rw/render/gl/ShapeShaderSource,rustedwarfare/render/gl/ShapeShaderSource,medium,structural_match,iterative_hungarian: iteration 1; relation signals 2,common_core
com/corrodinggames/rts/gameFramework/b/a/a,com/corrodinggames/rts/gameFramework/b/a/a,rw/render/gl/GlTextAttribute,rustedwarfare/render/gl/GlTextAttribute,high,structural_match,mutual_base: mutual-best structural fingerprint,common_core
com/corrodinggames/rts/gameFramework/b/a/a/a,com/corrodinggames/rts/gameFramework/b/a/a/a,rw/render/gl/GlTextAlphaShaderProgram,rustedwarfare/render/gl/GlTextAlphaShaderProgram,high,structural_match,mutual_base: mutual-best structural fingerprint,common_core
com/corrodinggames/rts/gameFramework/b/a/a/b,com/corrodinggames/rts/gameFramework/b/a/a/b,rw/render/gl/GlTextShaderProgram,rustedwarfare/render/gl/GlTextShaderProgram,high,structural_match,mutual_base: mutual-best structural fingerprint,common_core
com/corrodinggames/rts/gameFramework/b/a/b,com/corrodinggames/rts/gameFramework/b/a/b,rw/render/gl/GlText,rustedwarfare/render/gl/GlText,medium,structural_match,iterative_hungarian: iteration 1; relation signals 2,common_core
com/corrodinggames/rts/gameFramework/b/a/c,com/corrodinggames/rts/gameFramework/b/a/c,rw/render/gl/GlTextGlyph,rustedwarfare/render/gl/GlTextGlyph,high,structural_match,mutual_base: mutual-best structural fingerprint,common_core
com/corrodinggames/rts/gameFramework/b/a/d,com/corrodinggames/rts/gameFramework/b/a/d,rw/render/gl/GlTextBatch,rustedwarfare/render/gl/GlTextBatch,medium,structural_match,iterative_hungarian: iteration 1; relation signals 2,common_core
com/corrodinggames/rts/gameFramework/b/a/e,com/corrodinggames/rts/gameFramework/b/a/e,rw/render/gl/GlTextPage,rustedwarfare/render/gl/GlTextPage,high,manual_residual_closure,stable owner; mapped caller reference flow 8; exact 14-field layout,common_cross_build_residual
com/corrodinggames/rts/gameFramework/b/a/f,com/corrodinggames/rts/gameFramework/b/a/f,rw/render/gl/GlTextShaderUtil,rustedwarfare/render/gl/GlTextShaderUtil,high,structural_match,mutual_base: mutual-best structural fingerprint,common_core
com/corrodinggames/rts/gameFramework/b/a/g,com/corrodinggames/rts/gameFramework/b/a/g,rw/render/gl/GlTextVertexBuffer,rustedwarfare/render/gl/GlTextVertexBuffer,medium,structural_match,mutual_base: mutual-best structural fingerprint,common_core
com/corrodinggames/rts/gameFramework/b/aa,com/corrodinggames/rts/gameFramework/b/ai,rw/render/gl/TextureVertexBuffer,rustedwarfare/render/gl/TextureVertexBuffer,medium,structural_match,iterative_hungarian: iteration 1; relation signals 2,common_core
com/corrodinggames/rts/gameFramework/b/ab,com/corrodinggames/rts/gameFramework/b/aj,rw/render/gl/TextureResource,rustedwarfare/render/gl/TextureResource,high,anchor_bounded_sequence,monotonic package sequence; bounded=true; anchors=7,common_core
com/corrodinggames/rts/gameFramework/b/ac,com/corrodinggames/rts/gameFramework/b/ak,rw/render/gl/TextureAtlas,rustedwarfare/render/gl/TextureAtlas,medium,structural_match,iterative_hungarian: iteration 1; relation signals 2,common_core
com/corrodinggames/rts/gameFramework/b/ad,com/corrodinggames/rts/gameFramework/b/al,rw/render/gl/BackingTexture,rustedwarfare/render/gl/BackingTexture,high,structural_match,mutual_base: mutual-best structural fingerprint,common_core
com/corrodinggames/rts/gameFramework/b/ae,com/corrodinggames/rts/gameFramework/b/am,rw/render/gl/AtlasSubTexture,rustedwarfare/render/gl/AtlasSubTexture,high,structural_match,mutual_base: mutual-best structural fingerprint,common_core
com/corrodinggames/rts/gameFramework/b/af,com/corrodinggames/rts/gameFramework/b/an,rw/render/gl/TextureShaderFilter,rustedwarfare/render/gl/TextureShaderFilter,high,anchor_bounded_sequence,monotonic package sequence; bounded=true; anchors=7,common_core
com/corrodinggames/rts/gameFramework/b/ah,com/corrodinggames/rts/gameFramework/b/ao,rw/render/gl/UploadedTexture,rustedwarfare/render/gl/UploadedTexture,high,structural_match,mutual_base: mutual-best structural fingerprint,common_core
com/corrodinggames/rts/gameFramework/b/ai,com/corrodinggames/rts/gameFramework/b/ap,rw/render/gl/BitmapPoolKey,rustedwarfare/render/gl/BitmapPoolKey,high,structural_match,mutual_base: mutual-best structural fingerprint,common_core
com/corrodinggames/rts/gameFramework/b/aj,com/corrodinggames/rts/gameFramework/b/aq,rw/render/gl/ShapeDrawBatch,rustedwarfare/render/gl/ShapeDrawBatch,medium,anchor_bounded_sequence,monotonic package sequence; bounded=true; anchors=7,common_core
com/corrodinggames/rts/gameFramework/b/ak,com/corrodinggames/rts/gameFramework/b/ar,rw/render/gl/ShapeProgramHandles,rustedwarfare/render/gl/ShapeProgramHandles,high,manual_residual_closure,mapped shape-renderer callers reference target 4 times; translated field layout 2 attributes + projection uniform with Android texture-uniform extension,common_cross_build_residual
com/corrodinggames/rts/gameFramework/b/al,com/corrodinggames/rts/gameFramework/b/as,rw/render/gl/ShapeVertexBuffer,rustedwarfare/render/gl/ShapeVertexBuffer,medium,structural_match,iterative_hungarian: iteration 2; relation signals 2,common_core
com/corrodinggames/rts/gameFramework/b/b,com/corrodinggames/rts/gameFramework/b/c,rw/render/gl/BasicTexture,rustedwarfare/render/gl/BasicTexture,medium,structural_match,mutual_base: mutual-best structural fingerprint,common_core
com/corrodinggames/rts/gameFramework/b/c,com/corrodinggames/rts/gameFramework/b/d,rw/render/gl/DefaultTextureShaderFilter,rustedwarfare/render/gl/DefaultTextureShaderFilter,medium,anchor_bounded_sequence,monotonic package sequence; bounded=true; anchors=7,common_core
com/corrodinggames/rts/gameFramework/b/e,com/corrodinggames/rts/gameFramework/b/g,rw/render/gl/BitmapTexture,rustedwarfare/render/gl/BitmapTexture,medium,structural_match,iterative_hungarian: iteration 1; relation signals 2,common_core
com/corrodinggames/rts/gameFramework/b/f,com/corrodinggames/rts/gameFramework/b/h,rw/render/gl/GlRenderer,rustedwarfare/render/gl/GlRenderer,medium,anchor_bounded_sequence,monotonic package sequence; bounded=true; anchors=7,common_core
com/corrodinggames/rts/gameFramework/b/f$1,com/corrodinggames/rts/gameFramework/b/k,rw/render/gl/internal/Obf_f_1,rustedwarfare/render/gl/internal/Obf_f_1,high,structural_match,iterative_hungarian: iteration 1; relation signals 2,common_core
com/corrodinggames/rts/gameFramework/b/g,com/corrodinggames/rts/gameFramework/b/l,rw/render/gl/CircleOutlineShaderSource,rustedwarfare/render/gl/CircleOutlineShaderSource,medium,anchor_bounded_sequence,monotonic package sequence; bounded=true; anchors=7,common_core
com/corrodinggames/rts/gameFramework/b/h,com/corrodinggames/rts/gameFramework/b/m,rw/render/gl/ShaderSource,rustedwarfare/render/gl/ShaderSource,high,structural_match,mutual_base: mutual-best structural fingerprint,common_core
com/corrodinggames/rts/gameFramework/b/i,com/corrodinggames/rts/gameFramework/b/n,rw/render/gl/TextureCache,rustedwarfare/render/gl/TextureCache,high,structural_match,mutual_base: mutual-best structural fingerprint,common_core
com/corrodinggames/rts/gameFramework/b/j,com/corrodinggames/rts/gameFramework/b/o,rw/render/gl/TextureReloadCallback,rustedwarfare/render/gl/TextureReloadCallback,medium,structural_match,iterative_hungarian: iteration 1; relation signals 2,common_core
com/corrodinggames/rts/gameFramework/b/k,com/corrodinggames/rts/gameFramework/b/p,rw/render/gl/GlCanvas,rustedwarfare/render/gl/GlCanvas,high,structural_match,mutual_base: mutual-best structural fingerprint,common_core
com/corrodinggames/rts/gameFramework/b/l,com/corrodinggames/rts/gameFramework/b/q,rw/render/gl/TextureCoordinateTransformer,rustedwarfare/render/gl/TextureCoordinateTransformer,medium,anchor_bounded_sequence,monotonic package sequence; bounded=true; anchors=7,common_core
com/corrodinggames/rts/gameFramework/b/m,com/corrodinggames/rts/gameFramework/b/r,rw/render/gl/TextureShaderBinder,rustedwarfare/render/gl/TextureShaderBinder,high,structural_match,mutual_base: mutual-best structural fingerprint,common_core
com/corrodinggames/rts/gameFramework/b/n,com/corrodinggames/rts/gameFramework/b/t,rw/render/gl/Gles20Canvas,rustedwarfare/render/gl/Gles20Canvas,medium,structural_match,iterative_hungarian: iteration 1; relation signals 3,common_core
com/corrodinggames/rts/gameFramework/b/o,com/corrodinggames/rts/gameFramework/b/u,rw/render/gl/GlAttributeParameter,rustedwarfare/render/gl/GlAttributeParameter,high,anchor_bounded_sequence,monotonic package sequence; bounded=true; anchors=7,common_core
com/corrodinggames/rts/gameFramework/b/p,com/corrodinggames/rts/gameFramework/b/v,rw/render/gl/GlFontCacheEntry,rustedwarfare/render/gl/GlFontCacheEntry,high,structural_match,mutual_base: mutual-best structural fingerprint,common_core
com/corrodinggames/rts/gameFramework/b/q,com/corrodinggames/rts/gameFramework/b/x,rw/render/gl/GlProgramParameter,rustedwarfare/render/gl/GlProgramParameter,high,structural_match,mutual_base: mutual-best structural fingerprint,common_core
com/corrodinggames/rts/gameFramework/b/r,com/corrodinggames/rts/gameFramework/b/y,rw/render/gl/ScissorState,rustedwarfare/render/gl/ScissorState,medium,anchor_bounded_sequence,monotonic package sequence; bounded=true; anchors=7,common_core
com/corrodinggames/rts/gameFramework/b/s,com/corrodinggames/rts/gameFramework/b/z,rw/render/gl/GlUniformParameter,rustedwarfare/render/gl/GlUniformParameter,high,anchor_bounded_sequence,monotonic package sequence; bounded=true; anchors=7,common_core
com/corrodinggames/rts/gameFramework/b/t,com/corrodinggames/rts/gameFramework/b/aa,rw/render/gl/Gles20TextureIdGenerator,rustedwarfare/render/gl/Gles20TextureIdGenerator,medium,structural_match,iterative_hungarian: iteration 1; relation signals 2,common_core
com/corrodinggames/rts/gameFramework/b/u,com/corrodinggames/rts/gameFramework/b/ab,rw/render/gl/TextureIdGenerator,rustedwarfare/render/gl/TextureIdGenerator,medium,structural_match,mutual_base: mutual-best structural fingerprint,common_core
com/corrodinggames/rts/gameFramework/b/v,com/corrodinggames/rts/gameFramework/b/ac,rw/render/gl/GlPaint,rustedwarfare/render/gl/GlPaint,medium,anchor_bounded_sequence,monotonic package sequence; bounded=true; anchors=7,common_core
com/corrodinggames/rts/gameFramework/b/w,com/corrodinggames/rts/gameFramework/b/ae,rw/render/gl/DeferredTextureDeleteQueue,rustedwarfare/render/gl/DeferredTextureDeleteQueue,medium,anchor_bounded_sequence,monotonic package sequence; bounded=true; anchors=7,common_core
com/corrodinggames/rts/gameFramework/b/x,com/corrodinggames/rts/gameFramework/b/af,rw/render/gl/RawTexture,rustedwarfare/render/gl/RawTexture,medium,structural_match,mutual_base: mutual-best structural fingerprint,common_core
com/corrodinggames/rts/gameFramework/b/y,com/corrodinggames/rts/gameFramework/b/ag,rw/render/gl/TextureDrawBatch,rustedwarfare/render/gl/TextureDrawBatch,medium,anchor_bounded_sequence,monotonic package sequence; bounded=true; anchors=7,common_core
com/corrodinggames/rts/gameFramework/b/z,com/corrodinggames/rts/gameFramework/b/ah,rw/render/gl/TextureProgramHandles,rustedwarfare/render/gl/TextureProgramHandles,high,structural_match,mutual_base: mutual-best structural fingerprint,common_core
com/corrodinggames/rts/gameFramework/ba,com/corrodinggames/rts/gameFramework/bp,rw/replay/ReplayEngine,rustedwarfare/replay/ReplayEngine,high,structural_match,mutual_base: mutual-best structural fingerprint,common_core
com/corrodinggames/rts/gameFramework/bb,com/corrodinggames/rts/gameFramework/bq,rw/replay/ReplayWriterThread,rustedwarfare/replay/ReplayWriterThread,high,structural_match,mutual_base: mutual-best structural fingerprint,common_core
com/corrodinggames/rts/gameFramework/bc,com/corrodinggames/rts/gameFramework/br,rw/replay/ReplayChatMessage,rustedwarfare/replay/ReplayChatMessage,high,structural_match,mutual_base: mutual-best structural fingerprint,common_core
com/corrodinggames/rts/gameFramework/bd,com/corrodinggames/rts/gameFramework/bs,rw/replay/ReplayRecordEntry,rustedwarfare/replay/ReplayRecordEntry,high,structural_match,mutual_base: mutual-best structural fingerprint,common_core
com/corrodinggames/rts/gameFramework/be,com/corrodinggames/rts/gameFramework/bt,rw/campaign/StateEngine,rustedwarfare/campaign/StateEngine,high,structural_match,mutual_base: mutual-best structural fingerprint,common_core
com/corrodinggames/rts/gameFramework/bf,com/corrodinggames/rts/gameFramework/bu,rw/campaign/LevelState,rustedwarfare/campaign/LevelState,high,structural_match,mutual_base: mutual-best structural fingerprint,common_core
com/corrodinggames/rts/gameFramework/bg,com/corrodinggames/rts/gameFramework/bv,rw/stats/StatsEngine,rustedwarfare/stats/StatsEngine,medium,anchor_bounded_sequence,monotonic package sequence; bounded=true; anchors=43,common_core
com/corrodinggames/rts/gameFramework/bh,com/corrodinggames/rts/gameFramework/bw,rw/stats/StatsHistoryPoint,rustedwarfare/stats/StatsHistoryPoint,high,structural_match,mutual_base: mutual-best structural fingerprint,common_core
com/corrodinggames/rts/gameFramework/bi,com/corrodinggames/rts/gameFramework/bx,rw/stats/StatsHistorySeries,rustedwarfare/stats/StatsHistorySeries,medium,anchor_bounded_sequence,monotonic package sequence; bounded=true; anchors=43,common_core
com/corrodinggames/rts/gameFramework/bj,com/corrodinggames/rts/gameFramework/by,rw/stats/StatsHistoryMetric,rustedwarfare/stats/StatsHistoryMetric,high,structural_match,mutual_base: mutual-best structural fingerprint,common_core
com/corrodinggames/rts/gameFramework/bk,com/corrodinggames/rts/gameFramework/ab,rw/stats/StatsEventListener,rustedwarfare/stats/StatsEventListener,high,structural_match,iterative_hungarian: iteration 1; relation signals 2,common_core
com/corrodinggames/rts/gameFramework/bl,com/corrodinggames/rts/gameFramework/bz,rw/stats/StatsEventDispatcher,rustedwarfare/stats/StatsEventDispatcher,medium,structural_match,iterative_hungarian: iteration 1; relation signals 2,common_core
com/corrodinggames/rts/gameFramework/bm,com/corrodinggames/rts/gameFramework/ca,rw/stats/CombinedTeamStats,rustedwarfare/stats/CombinedTeamStats,high,structural_match,mutual_base: mutual-best structural fingerprint,common_core
com/corrodinggames/rts/gameFramework/bn,com/corrodinggames/rts/gameFramework/cb,rw/stats/StatsHistory,rustedwarfare/stats/StatsHistory,medium,anchor_bounded_sequence,monotonic package sequence; bounded=true; anchors=43,common_core
com/corrodinggames/rts/gameFramework/bo,com/corrodinggames/rts/gameFramework/cc,rw/stats/TeamStats,rustedwarfare/stats/TeamStats,medium,anchor_bounded_sequence,monotonic package sequence; bounded=true; anchors=43,common_core
com/corrodinggames/rts/gameFramework/bp,com/corrodinggames/rts/gameFramework/cd,rw/stats/TeamStatsSerializationVersion,rustedwarfare/stats/TeamStatsSerializationVersion,high,manual_residual_closure,mapped TeamStats caller points to target; enum cardinality 3,common_cross_build_residual
com/corrodinggames/rts/gameFramework/bq,com/corrodinggames/rts/gameFramework/ce,rw/game/SaveableGameEntity,rustedwarfare/game/SaveableGameEntity,high,structural_match,mutual_base: mutual-best structural fingerprint,common_core
com/corrodinggames/rts/gameFramework/br,com/corrodinggames/rts/gameFramework/cf,rw/debug/GameProfiler,rustedwarfare/debug/GameProfiler,high,structural_match,mutual_base: mutual-best structural fingerprint,common_core
com/corrodinggames/rts/gameFramework/br$1,com/corrodinggames/rts/gameFramework/w,rw/v090/debug/GameProfiler$1,rustedwarfare/debug/GameProfiler$1,high,structural_match,mutual_base: mutual-best structural fingerprint,common_core
com/corrodinggames/rts/gameFramework/bs,com/corrodinggames/rts/gameFramework/cg,rw/debug/ProfilerSection,rustedwarfare/debug/ProfilerSection,high,structural_match,mutual_base: mutual-best structural fingerprint,common_core
com/corrodinggames/rts/gameFramework/bs$1,com/corrodinggames/rts/gameFramework/ch,rw/v090/debug/ProfilerSection$1,rustedwarfare/debug/ProfilerSection$1,medium,anchor_bounded_sequence,monotonic package sequence; bounded=true; anchors=43,common_core
com/corrodinggames/rts/gameFramework/bs$2,com/corrodinggames/rts/gameFramework/ci,rw/v090/debug/ProfilerSection$2,rustedwarfare/debug/ProfilerSection$2,medium,anchor_bounded_sequence,monotonic package sequence; bounded=true; anchors=43,common_core
com/corrodinggames/rts/gameFramework/bs$3,com/corrodinggames/rts/gameFramework/cj,rw/v090/debug/ProfilerSection$3,rustedwarfare/debug/ProfilerSection$3,medium,anchor_bounded_sequence,monotonic package sequence; bounded=true; anchors=43,common_core
com/corrodinggames/rts/gameFramework/bs$4,com/corrodinggames/rts/gameFramework/ck,rw/v090/debug/ProfilerSection$4,rustedwarfare/debug/ProfilerSection$4,medium,anchor_bounded_sequence,monotonic package sequence; bounded=true; anchors=43,common_core
com/corrodinggames/rts/gameFramework/bu,com/corrodinggames/rts/gameFramework/cl,rw/debug/ProfilerSectionData,rustedwarfare/debug/ProfilerSectionData,high,structural_match,mutual_base: mutual-best structural fingerprint,common_core
com/corrodinggames/rts/gameFramework/c,com/corrodinggames/rts/gameFramework/c,rw/command/CommandController,rustedwarfare/command/CommandController,high,structural_match,mutual_base: mutual-best structural fingerprint,common_core
com/corrodinggames/rts/gameFramework/c/a,com/corrodinggames/rts/gameFramework/c/a,rw/v100/framework/debug/DebugServer,rustedwarfare/framework/debug/DebugServer,high,structural_match,mutual_base: mutual-best structural fingerprint,common_core
com/corrodinggames/rts/gameFramework/c/b,com/corrodinggames/rts/gameFramework/c/b,rw/v100/framework/debug/DebugClientHandler,rustedwarfare/framework/debug/DebugClientHandler,high,structural_match,mutual_base: mutual-best structural fingerprint,common_core
com/corrodinggames/rts/gameFramework/c/c,com/corrodinggames/rts/gameFramework/c/c,rw/v100/framework/debug/DebugUpdateTask,rustedwarfare/framework/debug/DebugUpdateTask,high,structural_match,mutual_base: mutual-best structural fingerprint,common_core
com/corrodinggames/rts/gameFramework/d,com/corrodinggames/rts/gameFramework/d,rw/path/SharedPathCacheEntry,rustedwarfare/path/SharedPathCacheEntry,medium,structural_match,iterative_hungarian: iteration 1; relation signals 2,common_core
com/corrodinggames/rts/gameFramework/d/a,com/corrodinggames/rts/gameFramework/d/a,rw/visibility/FogGhost,rustedwarfare/visibility/FogGhost,high,structural_match,mutual_base: mutual-best structural fingerprint,common_core
com/corrodinggames/rts/gameFramework/d/b,com/corrodinggames/rts/gameFramework/d/b,rw/render/effect/NoiseCloudOverlay,rustedwarfare/render/effect/NoiseCloudOverlay,medium,structural_match,mutual_base: mutual-best structural fingerprint,common_core
com/corrodinggames/rts/gameFramework/d/c,com/corrodinggames/rts/gameFramework/d/c,rw/render/effect/EffectEngine,rustedwarfare/render/effect/EffectEngine,high,structural_match,mutual_base: mutual-best structural fingerprint,common_core
com/corrodinggames/rts/gameFramework/d/d,com/corrodinggames/rts/gameFramework/d/d,rw/render/effect/BuiltInEffectKind,rustedwarfare/render/effect/BuiltInEffectKind,high,manual_residual_closure,stable owner; mapped caller reference flow 57; enum cardinality 10,common_cross_build_residual
com/corrodinggames/rts/gameFramework/d/e,com/corrodinggames/rts/gameFramework/d/e,rw/render/effect/EffectInstance,rustedwarfare/render/effect/EffectInstance,medium,structural_match,mutual_base: mutual-best structural fingerprint,common_core
com/corrodinggames/rts/gameFramework/d/f,com/corrodinggames/rts/gameFramework/d/f,rw/render/effect/ResourcePoolSmokeEffect,rustedwarfare/render/effect/ResourcePoolSmokeEffect,high,structural_match,mutual_base: mutual-best structural fingerprint,common_core
com/corrodinggames/rts/gameFramework/d/g,com/corrodinggames/rts/gameFramework/d/g,rw/render/EffectImageStrip,rustedwarfare/render/EffectImageStrip,medium,structural_match,mutual_base: mutual-best structural fingerprint,common_core
com/corrodinggames/rts/gameFramework/d/h,com/corrodinggames/rts/gameFramework/d/h,rw/render/effect/EffectPriority,rustedwarfare/render/effect/EffectPriority,high,structural_match,mutual_base: mutual-best structural fingerprint,common_core
com/corrodinggames/rts/gameFramework/e,com/corrodinggames/rts/gameFramework/e,rw/command/Command,rustedwarfare/command/Command,high,structural_match,mutual_base: mutual-best structural fingerprint,common_core
com/corrodinggames/rts/gameFramework/e/a,com/corrodinggames/rts/gameFramework/e/a,rw/io/GameFileSystem,rustedwarfare/io/GameFileSystem,medium,structural_match,mutual_base: mutual-best structural fingerprint,common_core
com/corrodinggames/rts/gameFramework/e/b,com/corrodinggames/rts/gameFramework/e/b,rw/io/StorageBackendCapabilities,rustedwarfare/io/StorageBackendCapabilities,high,structural_match,mutual_base: mutual-best structural fingerprint,common_core
com/corrodinggames/rts/gameFramework/e/c,com/corrodinggames/rts/gameFramework/e/c,rw/io/FileSystemBackend,rustedwarfare/io/FileSystemBackend,high,structural_match,mutual_base: mutual-best structural fingerprint,common_core
com/corrodinggames/rts/gameFramework/e/d,com/corrodinggames/rts/gameFramework/e/d,rw/io/RootedFileSystemBackend,rustedwarfare/io/RootedFileSystemBackend,high,structural_match,mutual_base: mutual-best structural fingerprint,common_core
com/corrodinggames/rts/gameFramework/e/e,com/corrodinggames/rts/gameFramework/e/e,rw/io/CompositeFileSystemBackend,rustedwarfare/io/CompositeFileSystemBackend,high,structural_match,mutual_base: mutual-best structural fingerprint,common_core
com/corrodinggames/rts/gameFramework/e/f,com/corrodinggames/rts/gameFramework/e/f,rw/io/NullFileSystemBackend,rustedwarfare/io/NullFileSystemBackend,high,structural_match,mutual_base: mutual-best structural fingerprint,common_core
com/corrodinggames/rts/gameFramework/e/g,com/corrodinggames/rts/gameFramework/e/g,rw/io/AssetCacheStore,rustedwarfare/io/AssetCacheStore,high,structural_match,mutual_base: mutual-best structural fingerprint,common_core
com/corrodinggames/rts/gameFramework/e/h,com/corrodinggames/rts/gameFramework/e/h,rw/io/CachedInputStreamHandle,rustedwarfare/io/CachedInputStreamHandle,medium,structural_match,iterative_hungarian: iteration 1; relation signals 1,common_core
com/corrodinggames/rts/gameFramework/f,com/corrodinggames/rts/gameFramework/f,rw/util/CommonUtils,rustedwarfare/util/CommonUtils,medium,structural_match,mutual_base: mutual-best structural fingerprint,common_core
com/corrodinggames/rts/gameFramework/f$a,com/corrodinggames/rts/gameFramework/g,rw/util/CommonUtils$CpuCoreFileFilter,rustedwarfare/util/CommonUtils$CpuCoreFileFilter,high,structural_match,mutual_base: mutual-best structural fingerprint,common_core
com/corrodinggames/rts/gameFramework/f/a,com/corrodinggames/rts/gameFramework/f/a,rw/ui/CommandInterface,rustedwarfare/ui/CommandInterface,high,structural_match,mutual_base: mutual-best structural fingerprint,common_core
com/corrodinggames/rts/gameFramework/f/a/a,com/corrodinggames/rts/gameFramework/f/a/a,rw/ui/widget/UiRoot,rustedwarfare/ui/widget/UiRoot,high,structural_match,mutual_base: mutual-best structural fingerprint,common_core
com/corrodinggames/rts/gameFramework/f/a/b,com/corrodinggames/rts/gameFramework/f/a/b,rw/ui/widget/ButtonWidget,rustedwarfare/ui/widget/ButtonWidget,high,structural_match,mutual_base: mutual-best structural fingerprint,common_core
com/corrodinggames/rts/gameFramework/f/a/c,com/corrodinggames/rts/gameFramework/f/a/c,rw/ui/widget/UiInputEvent,rustedwarfare/ui/widget/UiInputEvent,medium,structural_match,iterative_hungarian: iteration 1; relation signals 1,common_core
com/corrodinggames/rts/gameFramework/f/a/d,com/corrodinggames/rts/gameFramework/f/a/d,rw/ui/widget/UiInputEventType,rustedwarfare/ui/widget/UiInputEventType,high,manual_residual_closure,stable owner and enum cardinality 5,common_cross_build_residual
com/corrodinggames/rts/gameFramework/f/a/e,com/corrodinggames/rts/gameFramework/f/a/e,rw/ui/widget/NinePatchDrawable,rustedwarfare/ui/widget/NinePatchDrawable,high,structural_match,mutual_base: mutual-best structural fingerprint,common_core
com/corrodinggames/rts/gameFramework/f/a/f,com/corrodinggames/rts/gameFramework/f/a/f,rw/ui/widget/DialogWidget,rustedwarfare/ui/widget/DialogWidget,medium,structural_match,iterative_hungarian: iteration 1; relation signals 2,common_core
com/corrodinggames/rts/gameFramework/f/a/f$1,com/corrodinggames/rts/gameFramework/f/a/g,rw/v090/ui/widget/DialogWidget$1,rustedwarfare/ui/widget/DialogWidget$1,high,structural_match,mutual_base: mutual-best structural fingerprint,common_core
com/corrodinggames/rts/gameFramework/f/a/g,com/corrodinggames/rts/gameFramework/f/a/h,rw/ui/widget/LayoutWidget,rustedwarfare/ui/widget/LayoutWidget,high,structural_match,mutual_base: mutual-best structural fingerprint,common_core
com/corrodinggames/rts/gameFramework/f/a/h,com/corrodinggames/rts/gameFramework/f/a/i,rw/ui/widget/UiStyle,rustedwarfare/ui/widget/UiStyle,high,structural_match,mutual_base: mutual-best structural fingerprint,common_core
com/corrodinggames/rts/gameFramework/f/a/i,com/corrodinggames/rts/gameFramework/f/a/j,rw/ui/widget/UiStyleState,rustedwarfare/ui/widget/UiStyleState,high,manual_residual_closure,mapped caller reference flow 5; enum cardinality 3,common_cross_build_residual
com/corrodinggames/rts/gameFramework/f/a/j,com/corrodinggames/rts/gameFramework/f/a/k,rw/ui/widget/TextWidget,rustedwarfare/ui/widget/TextWidget,medium,structural_match,mutual_base: mutual-best structural fingerprint,common_core
com/corrodinggames/rts/gameFramework/f/a/k,com/corrodinggames/rts/gameFramework/f/a/l,rw/ui/widget/UiClickHandler,rustedwarfare/ui/widget/UiClickHandler,high,structural_match,mutual_base: mutual-best structural fingerprint,common_core
com/corrodinggames/rts/gameFramework/f/a/l,com/corrodinggames/rts/gameFramework/f/a/m,rw/ui/widget/UiElement,rustedwarfare/ui/widget/UiElement,medium,structural_match,mutual_base: mutual-best structural fingerprint,common_core
com/corrodinggames/rts/gameFramework/f/a/m,com/corrodinggames/rts/gameFramework/f/a/n,rw/ui/widget/UiLayoutDirection,rustedwarfare/ui/widget/UiLayoutDirection,high,structural_match,mutual_base: mutual-best structural fingerprint,common_core
com/corrodinggames/rts/gameFramework/f/a/n,com/corrodinggames/rts/gameFramework/f/a/o,rw/ui/widget/ImageWidget,rustedwarfare/ui/widget/ImageWidget,high,structural_match,mutual_base: mutual-best structural fingerprint,common_core
com/corrodinggames/rts/gameFramework/f/aa,com/corrodinggames/rts/gameFramework/f/ad,rw/ui/MinimapPaintSet,rustedwarfare/ui/MinimapPaintSet,high,structural_match,mutual_base: mutual-best structural fingerprint,common_core
com/corrodinggames/rts/gameFramework/f/ab,com/corrodinggames/rts/gameFramework/f/ae,rw/ui/stats/StatsSeries,rustedwarfare/ui/stats/StatsSeries,medium,structural_match,iterative_hungarian: iteration 1; relation signals 2,common_core
com/corrodinggames/rts/gameFramework/f/ac,com/corrodinggames/rts/gameFramework/f/af,rw/ui/stats/StatsPanelTab,rustedwarfare/ui/stats/StatsPanelTab,high,structural_match,mutual_base: mutual-best structural fingerprint,common_core
com/corrodinggames/rts/gameFramework/f/ad,com/corrodinggames/rts/gameFramework/f/ag,rw/ui/stats/StatsBucketedSeries,rustedwarfare/ui/stats/StatsBucketedSeries,high,structural_match,mutual_base: mutual-best structural fingerprint,common_core
com/corrodinggames/rts/gameFramework/f/ae,com/corrodinggames/rts/gameFramework/f/ah,rw/ui/text/StyledTextBlock,rustedwarfare/ui/text/StyledTextBlock,high,structural_match,mutual_base: mutual-best structural fingerprint,common_core
com/corrodinggames/rts/gameFramework/f/af,com/corrodinggames/rts/gameFramework/f/ai,rw/ui/text/StyledTextSegment,rustedwarfare/ui/text/StyledTextSegment,high,structural_match,mutual_base: mutual-best structural fingerprint,common_core
com/corrodinggames/rts/gameFramework/f/ag,com/corrodinggames/rts/gameFramework/f/aj,rw/ui/text/PaintedTextSegment,rustedwarfare/ui/text/PaintedTextSegment,medium,structural_match,mutual_base: mutual-best structural fingerprint,common_core
com/corrodinggames/rts/gameFramework/f/ah,com/corrodinggames/rts/gameFramework/f/ak,rw/ui/text/ImageTextSegment,rustedwarfare/ui/text/ImageTextSegment,high,structural_match,mutual_base: mutual-best structural fingerprint,common_core
com/corrodinggames/rts/gameFramework/f/ai,com/corrodinggames/rts/gameFramework/f/al,rw/ui/text/TextSegment,rustedwarfare/ui/text/TextSegment,high,structural_match,mutual_base: mutual-best structural fingerprint,common_core
com/corrodinggames/rts/gameFramework/f/aj,com/corrodinggames/rts/gameFramework/f/am,rw/ui/text/StyledTextLine,rustedwarfare/ui/text/StyledTextLine,high,structural_match,mutual_base: mutual-best structural fingerprint,common_core
com/corrodinggames/rts/gameFramework/f/ak,com/corrodinggames/rts/gameFramework/f/an,rw/ui/text/StyledTextLineBuilder,rustedwarfare/ui/text/StyledTextLineBuilder,high,structural_match,mutual_base: mutual-best structural fingerprint,common_core
com/corrodinggames/rts/gameFramework/f/al,com/corrodinggames/rts/gameFramework/f/ao,rw/ui/SelectedUnitFilter,rustedwarfare/ui/SelectedUnitFilter,high,structural_match,mutual_base: mutual-best structural fingerprint,common_core
com/corrodinggames/rts/gameFramework/f/al$1,com/corrodinggames/rts/gameFramework/f/ap,rw/v090/ui/SelectedUnitFilter$1,rustedwarfare/ui/SelectedUnitFilter$1,high,anchor_bounded_sequence,monotonic package sequence; bounded=true; anchors=24,common_core
com/corrodinggames/rts/gameFramework/f/al$2,com/corrodinggames/rts/gameFramework/f/aq,rw/v090/ui/SelectedUnitFilter$2,rustedwarfare/ui/SelectedUnitFilter$2,high,anchor_bounded_sequence,monotonic package sequence; bounded=true; anchors=24,common_core
com/corrodinggames/rts/gameFramework/f/al$3,com/corrodinggames/rts/gameFramework/f/ar,rw/v090/ui/SelectedUnitFilter$3,rustedwarfare/ui/SelectedUnitFilter$3,high,structural_match,iterative_hungarian: iteration 1; relation signals 2,common_core
com/corrodinggames/rts/gameFramework/f/al$4,com/corrodinggames/rts/gameFramework/f/as,rw/v090/ui/SelectedUnitFilter$4,rustedwarfare/ui/SelectedUnitFilter$4,high,anchor_bounded_sequence,monotonic package sequence; bounded=true; anchors=24,common_core
com/corrodinggames/rts/gameFramework/f/al$5,com/corrodinggames/rts/gameFramework/f/at,rw/v090/ui/SelectedUnitFilter$5,rustedwarfare/ui/SelectedUnitFilter$5,high,anchor_bounded_sequence,monotonic package sequence; bounded=true; anchors=24,common_core
com/corrodinggames/rts/gameFramework/f/al$6,com/corrodinggames/rts/gameFramework/f/au,rw/v090/ui/SelectedUnitFilter$6,rustedwarfare/ui/SelectedUnitFilter$6,high,anchor_bounded_sequence,monotonic package sequence; bounded=true; anchors=24,common_core
com/corrodinggames/rts/gameFramework/f/am,com/corrodinggames/rts/gameFramework/f/av,rw/ui/CommandQueueOverlay,rustedwarfare/ui/CommandQueueOverlay,high,structural_match,mutual_base: mutual-best structural fingerprint,common_core
com/corrodinggames/rts/gameFramework/f/an,com/corrodinggames/rts/gameFramework/f/aw,rw/ui/LagHidingResourceTracker,rustedwarfare/ui/LagHidingResourceTracker,high,structural_match,mutual_base: mutual-best structural fingerprint,common_core
com/corrodinggames/rts/gameFramework/f/ao,com/corrodinggames/rts/gameFramework/f/ax,rw/ui/LagHidingResourceSnapshot,rustedwarfare/ui/LagHidingResourceSnapshot,high,structural_match,mutual_base: mutual-best structural fingerprint,common_core
com/corrodinggames/rts/gameFramework/f/ap,com/corrodinggames/rts/gameFramework/f/ay,rw/ui/WarLogInterface,rustedwarfare/ui/WarLogInterface,high,structural_match,mutual_base: mutual-best structural fingerprint,common_core
com/corrodinggames/rts/gameFramework/f/aq,com/corrodinggames/rts/gameFramework/f/az,rw/ui/WarLogTextEntry,rustedwarfare/ui/WarLogTextEntry,high,structural_match,mutual_base: mutual-best structural fingerprint,common_core
com/corrodinggames/rts/gameFramework/f/ar,com/corrodinggames/rts/gameFramework/f/ba,rw/ui/WarLogUnitCreatedEntry,rustedwarfare/ui/WarLogUnitCreatedEntry,high,structural_match,mutual_base: mutual-best structural fingerprint,common_core
com/corrodinggames/rts/gameFramework/f/as,com/corrodinggames/rts/gameFramework/f/bb,rw/ui/WarLogUnitDamagedEntry,rustedwarfare/ui/WarLogUnitDamagedEntry,high,structural_match,mutual_base: mutual-best structural fingerprint,common_core
com/corrodinggames/rts/gameFramework/f/at,com/corrodinggames/rts/gameFramework/f/bc,rw/ui/WarLogUpgradeCompletedEntry,rustedwarfare/ui/WarLogUpgradeCompletedEntry,high,structural_match,mutual_base: mutual-best structural fingerprint,common_core
com/corrodinggames/rts/gameFramework/f/au,com/corrodinggames/rts/gameFramework/f/bd,rw/ui/WarLogEntry,rustedwarfare/ui/WarLogEntry,high,structural_match,mutual_base: mutual-best structural fingerprint,common_core
com/corrodinggames/rts/gameFramework/f/b,com/corrodinggames/rts/gameFramework/f/b,rw/ui/EndGameMenuOption,rustedwarfare/ui/EndGameMenuOption,high,structural_match,mutual_base: mutual-best structural fingerprint,common_core
com/corrodinggames/rts/gameFramework/f/c,com/corrodinggames/rts/gameFramework/f/c,rw/ui/ActionProgressCache,rustedwarfare/ui/ActionProgressCache,high,structural_match,mutual_base: mutual-best structural fingerprint,common_core
com/corrodinggames/rts/gameFramework/f/d,com/corrodinggames/rts/gameFramework/f/d,rw/ui/UiDrawUtils,rustedwarfare/ui/UiDrawUtils,medium,structural_match,iterative_hungarian: iteration 1; relation signals 2,common_core
com/corrodinggames/rts/gameFramework/f/e,com/corrodinggames/rts/gameFramework/f/e,rw/ui/TooltipLine,rustedwarfare/ui/TooltipLine,medium,anchor_bounded_sequence,monotonic package sequence; bounded=true; anchors=24,common_core
com/corrodinggames/rts/gameFramework/f/f,com/corrodinggames/rts/gameFramework/f/f,rw/ui/EndGameInterface,rustedwarfare/ui/EndGameInterface,medium,structural_match,iterative_hungarian: iteration 1; relation signals 2,common_core
com/corrodinggames/rts/gameFramework/f/f$1,com/corrodinggames/rts/gameFramework/f/g,rw/v090/ui/EndGameInterface$1,rustedwarfare/ui/EndGameInterface$1,high,anchor_bounded_sequence,monotonic package sequence; bounded=true; anchors=24,common_core
com/corrodinggames/rts/gameFramework/f/f$2,com/corrodinggames/rts/gameFramework/f/h,rw/v090/ui/EndGameInterface$2,rustedwarfare/ui/EndGameInterface$2,high,anchor_bounded_sequence,monotonic package sequence; bounded=true; anchors=24,common_core
com/corrodinggames/rts/gameFramework/f/g,com/corrodinggames/rts/gameFramework/f/i,rw/ui/InterfaceEngine,rustedwarfare/ui/InterfaceEngine,medium,structural_match,iterative_hungarian: iteration 1; relation signals 2,common_core
com/corrodinggames/rts/gameFramework/f/h,com/corrodinggames/rts/gameFramework/f/j,rw/ui/ChoiceButtonType,rustedwarfare/ui/ChoiceButtonType,high,manual_residual_closure,mapped HUD caller reference flow 8; enum cardinality/order,common_cross_build_residual
com/corrodinggames/rts/gameFramework/f/i,com/corrodinggames/rts/gameFramework/f/k,rw/ui/UiButtonKind,rustedwarfare/ui/UiButtonKind,high,manual_residual_closure,mapped callers reference target 10 times; enum cardinality 4,common_cross_build_residual
com/corrodinggames/rts/gameFramework/f/j,com/corrodinggames/rts/gameFramework/f/l,rw/ui/TileGridUtils,rustedwarfare/ui/TileGridUtils,medium,structural_match,mutual_base: mutual-best structural fingerprint,common_core
com/corrodinggames/rts/gameFramework/f/k,com/corrodinggames/rts/gameFramework/f/m,rw/ui/LeaderboardInterface,rustedwarfare/ui/LeaderboardInterface,medium,structural_match,iterative_hungarian: iteration 1; relation signals 2,common_core
com/corrodinggames/rts/gameFramework/f/l,com/corrodinggames/rts/gameFramework/f/n,rw/ui/DualTextLine,rustedwarfare/ui/DualTextLine,high,structural_match,mutual_base: mutual-best structural fingerprint,common_core
com/corrodinggames/rts/gameFramework/f/m,com/corrodinggames/rts/gameFramework/f/o,rw/ui/MessageInterface,rustedwarfare/ui/MessageInterface,high,structural_match,mutual_base: mutual-best structural fingerprint,common_core
com/corrodinggames/rts/gameFramework/f/n,com/corrodinggames/rts/gameFramework/f/p,rw/ui/MessageLine,rustedwarfare/ui/MessageLine,medium,anchor_bounded_sequence,monotonic package sequence; bounded=true; anchors=24,common_core
com/corrodinggames/rts/gameFramework/f/o,com/corrodinggames/rts/gameFramework/f/q,rw/ui/Minimap,rustedwarfare/ui/Minimap,medium,structural_match,mutual_base: mutual-best structural fingerprint,common_core
com/corrodinggames/rts/gameFramework/f/o$1,com/corrodinggames/rts/gameFramework/f/r,rw/ui/MinimapDrawCommand,rustedwarfare/ui/MinimapDrawCommand,high,structural_match,mutual_base: mutual-best structural fingerprint,common_core
com/corrodinggames/rts/gameFramework/f/p,com/corrodinggames/rts/gameFramework/f/s,rw/ui/MinimapDrawPoint,rustedwarfare/ui/MinimapDrawPoint,high,structural_match,mutual_base: mutual-best structural fingerprint,common_core
com/corrodinggames/rts/gameFramework/f/q,com/corrodinggames/rts/gameFramework/f/t,rw/ui/MinimapScanPoint,rustedwarfare/ui/MinimapScanPoint,high,structural_match,mutual_base: mutual-best structural fingerprint,common_core
com/corrodinggames/rts/gameFramework/f/r,com/corrodinggames/rts/gameFramework/f/u,rw/ui/MinimapMarkerType,rustedwarfare/ui/MinimapMarkerType,high,manual_residual_closure,mapped minimap callers reference target 9 times; enum cardinality 5,common_cross_build_residual
com/corrodinggames/rts/gameFramework/f/s,com/corrodinggames/rts/gameFramework/f/v,rw/ui/MinimapLineBatch,rustedwarfare/ui/MinimapLineBatch,high,structural_match,mutual_base: mutual-best structural fingerprint,common_core
com/corrodinggames/rts/gameFramework/f/t,com/corrodinggames/rts/gameFramework/f/w,rw/ui/MinimapTileEntry,rustedwarfare/ui/MinimapTileEntry,high,structural_match,mutual_base: mutual-best structural fingerprint,common_core
com/corrodinggames/rts/gameFramework/f/u,com/corrodinggames/rts/gameFramework/f/x,rw/ui/MinimapUnitEntry,rustedwarfare/ui/MinimapUnitEntry,high,structural_match,mutual_base: mutual-best structural fingerprint,common_core
com/corrodinggames/rts/gameFramework/f/v,com/corrodinggames/rts/gameFramework/f/y,rw/ui/SimpleMenu,rustedwarfare/ui/SimpleMenu,high,structural_match,mutual_base: mutual-best structural fingerprint,common_core
com/corrodinggames/rts/gameFramework/f/w,com/corrodinggames/rts/gameFramework/f/z,rw/ui/SimpleMenuItem,rustedwarfare/ui/SimpleMenuItem,high,structural_match,mutual_base: mutual-best structural fingerprint,common_core
com/corrodinggames/rts/gameFramework/f/x,com/corrodinggames/rts/gameFramework/f/aa,rw/ui/ResourceDisplayPlaceholderUnit,rustedwarfare/ui/ResourceDisplayPlaceholderUnit,high,structural_match,mutual_base: mutual-best structural fingerprint,common_core
com/corrodinggames/rts/gameFramework/f/y,com/corrodinggames/rts/gameFramework/f/ab,rw/ui/stats/StatsChartRenderer,rustedwarfare/ui/stats/StatsChartRenderer,medium,structural_match,iterative_hungarian: iteration 1; relation signals 2,common_core
com/corrodinggames/rts/gameFramework/f/z,com/corrodinggames/rts/gameFramework/f/ac,rw/ui/stats/StatsChartScaleMode,rustedwarfare/ui/stats/StatsChartScaleMode,high,manual_residual_closure,mapped stats chart caller reference flow 4; enum cardinality 3,common_cross_build_residual
com/corrodinggames/rts/gameFramework/g/a,com/corrodinggames/rts/gameFramework/g/a,rw/v100rc1/stats/LeaderboardData,rustedwarfare/stats/LeaderboardData,medium,structural_match,mutual_base: mutual-best structural fingerprint,common_core
com/corrodinggames/rts/gameFramework/g/a$1,com/corrodinggames/rts/gameFramework/g/b,rw/v100rc1/stats/LeaderboardData$1,rustedwarfare/stats/LeaderboardData$1,high,structural_match,mutual_base: mutual-best structural fingerprint,common_core
com/corrodinggames/rts/gameFramework/g/b,com/corrodinggames/rts/gameFramework/g/c,rw/v100rc1/stats/AllyGroupLeaderboardEntry,rustedwarfare/stats/AllyGroupLeaderboardEntry,high,structural_match,mutual_base: mutual-best structural fingerprint,common_core
com/corrodinggames/rts/gameFramework/g/c,com/corrodinggames/rts/gameFramework/g/d,rw/v100rc1/stats/LeaderboardGrouping,rustedwarfare/stats/LeaderboardGrouping,high,manual_residual_closure,mapped leaderboard callers reference target 6 times; enum cardinality 4,common_cross_build_residual
com/corrodinggames/rts/gameFramework/g/d,com/corrodinggames/rts/gameFramework/g/e,rw/v100rc1/stats/LeaderboardEntry,rustedwarfare/stats/LeaderboardEntry,high,structural_match,mutual_base: mutual-best structural fingerprint,common_core
com/corrodinggames/rts/gameFramework/g/e,com/corrodinggames/rts/gameFramework/g/f,rw/v100rc1/stats/PlayerLeaderboardEntry,rustedwarfare/stats/PlayerLeaderboardEntry,high,structural_match,mutual_base: mutual-best structural fingerprint,common_core
com/corrodinggames/rts/gameFramework/g/f,com/corrodinggames/rts/gameFramework/g/g,rw/stats/TeamStatValueSource,rustedwarfare/stats/TeamStatValueSource,high,structural_match,mutual_base: mutual-best structural fingerprint,common_core
com/corrodinggames/rts/gameFramework/h/a,com/corrodinggames/rts/gameFramework/h/a,rw/core/LanguageSettings,rustedwarfare/core/LanguageSettings,high,structural_match,mutual_base: mutual-best structural fingerprint,common_core
com/corrodinggames/rts/gameFramework/h/b,com/corrodinggames/rts/gameFramework/h/b,rw/v100rc1/i18n/MultipleResourceBundle,rustedwarfare/i18n/MultipleResourceBundle,high,structural_match,mutual_base: mutual-best structural fingerprint,common_core
com/corrodinggames/rts/gameFramework/i,com/corrodinggames/rts/gameFramework/h,rw/debug/GameUncaughtExceptionHandler,rustedwarfare/debug/GameUncaughtExceptionHandler,high,structural_match,mutual_base: mutual-best structural fingerprint,common_core
com/corrodinggames/rts/gameFramework/i/a,com/corrodinggames/rts/gameFramework/i/a,rw/mod/ModManager,rustedwarfare/mod/ModManager,high,structural_match,mutual_base: mutual-best structural fingerprint,common_core
com/corrodinggames/rts/gameFramework/i/b,com/corrodinggames/rts/gameFramework/i/b,rw/mod/ModInfo,rustedwarfare/mod/ModInfo,medium,structural_match,iterative_hungarian: iteration 1; relation signals 2,common_core
com/corrodinggames/rts/gameFramework/i/c,com/corrodinggames/rts/gameFramework/i/c,rw/mod/ExtraMapRecord,rustedwarfare/mod/ExtraMapRecord,high,structural_match,mutual_base: mutual-best structural fingerprint,common_core
com/corrodinggames/rts/gameFramework/j,com/corrodinggames/rts/gameFramework/i,rw/v100rc1/io/FileChangeEngine,rustedwarfare/io/FileChangeEngine,high,structural_match,mutual_base: mutual-best structural fingerprint,common_core
com/corrodinggames/rts/gameFramework/j/a,com/corrodinggames/rts/gameFramework/j/a,rw/network/NetworkChatHistory,rustedwarfare/network/NetworkChatHistory,high,structural_match,mutual_base: mutual-best structural fingerprint,common_core
com/corrodinggames/rts/gameFramework/j/aa,com/corrodinggames/rts/gameFramework/j/ab,rw/network/MasterServerUpdateRunnable,rustedwarfare/network/MasterServerUpdateRunnable,high,structural_match,mutual_base: mutual-best structural fingerprint,common_core
com/corrodinggames/rts/gameFramework/j/ab,com/corrodinggames/rts/gameFramework/j/ac,rw/network/MasterServerGetGameServerInfoRunnable,rustedwarfare/network/MasterServerGetGameServerInfoRunnable,high,structural_match,mutual_base: mutual-best structural fingerprint,common_core
com/corrodinggames/rts/gameFramework/j/ad,com/corrodinggames/rts/gameFramework/j/ae,rw/network/NetworkEngine,rustedwarfare/network/NetworkEngine,medium,structural_match,mutual_base: mutual-best structural fingerprint,common_core
com/corrodinggames/rts/gameFramework/j/ad$1,com/corrodinggames/rts/gameFramework/j/af,rw/network/BlockingPasswordPrompt,rustedwarfare/network/BlockingPasswordPrompt,high,structural_match,mutual_base: mutual-best structural fingerprint,common_core
com/corrodinggames/rts/gameFramework/j/ad$2,com/corrodinggames/rts/gameFramework/j/ag,rw/network/BlockingMasterServerConnectionInfoCallback,rustedwarfare/network/BlockingMasterServerConnectionInfoCallback,high,structural_match,mutual_base: mutual-best structural fingerprint,common_core
com/corrodinggames/rts/gameFramework/j/ad$3,com/corrodinggames/rts/gameFramework/j/ah,rw/v090/network/NetworkEngine$3,rustedwarfare/network/NetworkEngine$3,high,anchor_bounded_sequence,monotonic package sequence; bounded=true; anchors=34,common_core
com/corrodinggames/rts/gameFramework/j/ad$4,com/corrodinggames/rts/gameFramework/j/ai,rw/v090/network/NetworkEngine$4,rustedwarfare/network/NetworkEngine$4,high,anchor_bounded_sequence,monotonic package sequence; bounded=true; anchors=34,common_core
com/corrodinggames/rts/gameFramework/j/ad$5,com/corrodinggames/rts/gameFramework/j/aj,rw/v090/network/NetworkEngine$5,rustedwarfare/network/NetworkEngine$5,high,structural_match,iterative_hungarian: iteration 1; relation signals 2,common_core
com/corrodinggames/rts/gameFramework/j/ad$5$1,com/corrodinggames/rts/gameFramework/j/ak,rw/v090/network/NetworkEngine$5$1,rustedwarfare/network/NetworkEngine$5$1,high,structural_match,mutual_base: mutual-best structural fingerprint,common_core
com/corrodinggames/rts/gameFramework/j/ad$6,com/corrodinggames/rts/gameFramework/j/al,rw/network/MasterServerUpdateTimerTask,rustedwarfare/network/MasterServerUpdateTimerTask,high,structural_match,mutual_base: mutual-best structural fingerprint,common_core
com/corrodinggames/rts/gameFramework/j/ad$7,com/corrodinggames/rts/gameFramework/j/am,rw/network/ShowPasswordPromptRunnable,rustedwarfare/network/ShowPasswordPromptRunnable,high,structural_match,mutual_base: mutual-best structural fingerprint,common_core
com/corrodinggames/rts/gameFramework/j/ad$8,com/corrodinggames/rts/gameFramework/j/an,rw/network/JoinServerCompletionRunnable,rustedwarfare/network/JoinServerCompletionRunnable,high,structural_match,mutual_base: mutual-best structural fingerprint,common_core
com/corrodinggames/rts/gameFramework/j/ae,com/corrodinggames/rts/gameFramework/j/ao,rw/network/PasswordPrompt,rustedwarfare/network/PasswordPrompt,high,structural_match,mutual_base: mutual-best structural fingerprint,common_core
com/corrodinggames/rts/gameFramework/j/af,com/corrodinggames/rts/gameFramework/j/ap,rw/network/LanServerDiscoverySocket,rustedwarfare/network/LanServerDiscoverySocket,medium,structural_match,iterative_hungarian: iteration 1; relation signals 2,common_core
com/corrodinggames/rts/gameFramework/j/af$1,com/corrodinggames/rts/gameFramework/j/aq,rw/network/LanServerDiscoveryPingTask,rustedwarfare/network/LanServerDiscoveryPingTask,medium,anchor_bounded_sequence,monotonic package sequence; bounded=true; anchors=34,common_core
com/corrodinggames/rts/gameFramework/j/ag,com/corrodinggames/rts/gameFramework/j/ar,rw/network/ConnectionCancelledException,rustedwarfare/network/ConnectionCancelledException,high,structural_match,mutual_base: mutual-best structural fingerprint,common_core
com/corrodinggames/rts/gameFramework/j/ah,com/corrodinggames/rts/gameFramework/j/as,rw/network/GameSetup,rustedwarfare/network/GameSetup,medium,anchor_bounded_sequence,monotonic package sequence; bounded=true; anchors=34,common_core
com/corrodinggames/rts/gameFramework/j/ai,com/corrodinggames/rts/gameFramework/j/at,rw/network/MapType,rustedwarfare/network/MapType,high,structural_match,mutual_base: mutual-best structural fingerprint,common_core
com/corrodinggames/rts/gameFramework/j/ai$1,com/corrodinggames/rts/gameFramework/j/au,rw/network/MapType$SkirmishMap,rustedwarfare/network/MapType$SkirmishMap,high,structural_match,mutual_base: mutual-best structural fingerprint,common_core
com/corrodinggames/rts/gameFramework/j/ai$2,com/corrodinggames/rts/gameFramework/j/av,rw/network/MapType$CustomMap,rustedwarfare/network/MapType$CustomMap,high,structural_match,mutual_base: mutual-best structural fingerprint,common_core
com/corrodinggames/rts/gameFramework/j/ai$3,com/corrodinggames/rts/gameFramework/j/aw,rw/network/MapType$SavedGame,rustedwarfare/network/MapType$SavedGame,high,structural_match,mutual_base: mutual-best structural fingerprint,common_core
com/corrodinggames/rts/gameFramework/j/aj,com/corrodinggames/rts/gameFramework/j/ax,rw/network/NetworkBanEntry,rustedwarfare/network/NetworkBanEntry,medium,anchor_bounded_sequence,monotonic package sequence; bounded=true; anchors=34,common_core
com/corrodinggames/rts/gameFramework/j/ak,com/corrodinggames/rts/gameFramework/j/ay,rw/network/NetworkChecksum,rustedwarfare/network/NetworkChecksum,high,structural_match,mutual_base: mutual-best structural fingerprint,common_core
com/corrodinggames/rts/gameFramework/j/al,com/corrodinggames/rts/gameFramework/j/az,rw/network/NetworkChecksumEntry,rustedwarfare/network/NetworkChecksumEntry,high,structural_match,mutual_base: mutual-best structural fingerprint,common_core
com/corrodinggames/rts/gameFramework/j/am,com/corrodinggames/rts/gameFramework/j/ba,rw/network/TeamLayout,rustedwarfare/network/TeamLayout,high,structural_match,mutual_base: mutual-best structural fingerprint,common_core
com/corrodinggames/rts/gameFramework/j/an,com/corrodinggames/rts/gameFramework/j/bb,rw/network/ConnectSocketToServerRunnable,rustedwarfare/network/ConnectSocketToServerRunnable,medium,structural_match,mutual_base: mutual-best structural fingerprint,common_core
com/corrodinggames/rts/gameFramework/j/ao,com/corrodinggames/rts/gameFramework/j/bc,rw/network/ServerSocketWorker,rustedwarfare/network/ServerSocketWorker,high,structural_match,mutual_base: mutual-best structural fingerprint,common_core
com/corrodinggames/rts/gameFramework/j/ao$1,com/corrodinggames/rts/gameFramework/j/bd,rw/network/ServerSocketWorker$UdpAddressFilter,rustedwarfare/network/ServerSocketWorker$UdpAddressFilter,high,structural_match,mutual_base: mutual-best structural fingerprint,common_core
com/corrodinggames/rts/gameFramework/j/ap,com/corrodinggames/rts/gameFramework/j/be,rw/network/ConnectionAttemptRecord,rustedwarfare/network/ConnectionAttemptRecord,high,structural_match,mutual_base: mutual-best structural fingerprint,common_core
com/corrodinggames/rts/gameFramework/j/aq,com/corrodinggames/rts/gameFramework/j/bf,rw/network/MasterServerAuthTokenHelper,rustedwarfare/network/MasterServerAuthTokenHelper,high,structural_match,mutual_base: mutual-best structural fingerprint,common_core
com/corrodinggames/rts/gameFramework/j/as,com/corrodinggames/rts/gameFramework/j/bg,rw/io/GameOutputStream,rustedwarfare/io/GameOutputStream,high,structural_match,mutual_base: mutual-best structural fingerprint,common_core
com/corrodinggames/rts/gameFramework/j/at,com/corrodinggames/rts/gameFramework/j/bh,rw/io/GameOutputBlock,rustedwarfare/io/GameOutputBlock,medium,anchor_bounded_sequence,monotonic package sequence; bounded=true; anchors=34,common_core
com/corrodinggames/rts/gameFramework/j/au,com/corrodinggames/rts/gameFramework/j/bi,rw/network/Packet,rustedwarfare/network/Packet,high,structural_match,mutual_base: mutual-best structural fingerprint,common_core
com/corrodinggames/rts/gameFramework/j/av,com/corrodinggames/rts/gameFramework/j/bj,rw/network/NetworkPingerTask,rustedwarfare/network/NetworkPingerTask,high,structural_match,mutual_base: mutual-best structural fingerprint,common_core
com/corrodinggames/rts/gameFramework/j/aw,com/corrodinggames/rts/gameFramework/j/bk,rw/io/TextGameOutputStream,rustedwarfare/io/TextGameOutputStream,high,structural_match,mutual_base: mutual-best structural fingerprint,common_core
com/corrodinggames/rts/gameFramework/j/ax,com/corrodinggames/rts/gameFramework/j/bl,rw/io/TextGameOutputBlock,rustedwarfare/io/TextGameOutputBlock,medium,anchor_bounded_sequence,monotonic package sequence; bounded=true; anchors=34,common_core
com/corrodinggames/rts/gameFramework/j/ay,com/corrodinggames/rts/gameFramework/j/bm,rw/network/ForwardedPacket,rustedwarfare/network/ForwardedPacket,high,structural_match,mutual_base: mutual-best structural fingerprint,common_core
com/corrodinggames/rts/gameFramework/j/b,com/corrodinggames/rts/gameFramework/j/b,rw/network/NetworkChatMessage,rustedwarfare/network/NetworkChatMessage,high,structural_match,mutual_base: mutual-best structural fingerprint,common_core
com/corrodinggames/rts/gameFramework/j/c,com/corrodinggames/rts/gameFramework/j/c,rw/network/NetworkConnection,rustedwarfare/network/NetworkConnection,high,structural_match,mutual_base: mutual-best structural fingerprint,common_core
com/corrodinggames/rts/gameFramework/j/d,com/corrodinggames/rts/gameFramework/j/d,rw/network/ConnectionReaderThread,rustedwarfare/network/ConnectionReaderThread,high,structural_match,mutual_base: mutual-best structural fingerprint,common_core
com/corrodinggames/rts/gameFramework/j/e,com/corrodinggames/rts/gameFramework/j/e,rw/network/ConnectionWriterThread,rustedwarfare/network/ConnectionWriterThread,high,structural_match,mutual_base: mutual-best structural fingerprint,common_core
com/corrodinggames/rts/gameFramework/j/g,com/corrodinggames/rts/gameFramework/j/f,rw/network/GameServerInfo,rustedwarfare/network/GameServerInfo,medium,anchor_bounded_sequence,monotonic package sequence; bounded=true; anchors=34,common_core
com/corrodinggames/rts/gameFramework/j/h,com/corrodinggames/rts/gameFramework/j/g,rw/network/ForwardedSocket,rustedwarfare/network/ForwardedSocket,high,structural_match,mutual_base: mutual-best structural fingerprint,common_core
com/corrodinggames/rts/gameFramework/j/i,com/corrodinggames/rts/gameFramework/j/h,rw/network/ForwardedSocketInputStream,rustedwarfare/network/ForwardedSocketInputStream,high,structural_match,mutual_base: mutual-best structural fingerprint,common_core
com/corrodinggames/rts/gameFramework/j/j,com/corrodinggames/rts/gameFramework/j/i,rw/network/ForwardedSocketOutputStream,rustedwarfare/network/ForwardedSocketOutputStream,high,structural_match,mutual_base: mutual-best structural fingerprint,common_core
com/corrodinggames/rts/gameFramework/j/k,com/corrodinggames/rts/gameFramework/j/j,rw/io/GameInputStream,rustedwarfare/io/GameInputStream,medium,structural_match,iterative_hungarian: iteration 1; relation signals 2,common_core
com/corrodinggames/rts/gameFramework/j/l,com/corrodinggames/rts/gameFramework/j/k,rw/io/GameInputBlock,rustedwarfare/io/GameInputBlock,medium,structural_match,mutual_base: mutual-best structural fingerprint,common_core
com/corrodinggames/rts/gameFramework/j/m,com/corrodinggames/rts/gameFramework/j/l,rw/io/GameObjectReadMode,rustedwarfare/io/GameObjectReadMode,high,manual_residual_closure,mapped IO callers reference target 3 times; enum cardinality 3,common_cross_build_residual
com/corrodinggames/rts/gameFramework/j/n,com/corrodinggames/rts/gameFramework/j/m,rw/network/MasterServerClient,rustedwarfare/network/MasterServerClient,high,structural_match,mutual_base: mutual-best structural fingerprint,common_core
com/corrodinggames/rts/gameFramework/j/n$1,com/corrodinggames/rts/gameFramework/j/n,rw/network/MasterServerSingleRequestCallable,rustedwarfare/network/MasterServerSingleRequestCallable,high,structural_match,mutual_base: mutual-best structural fingerprint,common_core
com/corrodinggames/rts/gameFramework/j/o,com/corrodinggames/rts/gameFramework/j/o,rw/network/MasterServerRemoveStaleServersTask,rustedwarfare/network/MasterServerRemoveStaleServersTask,high,structural_match,mutual_base: mutual-best structural fingerprint,common_core
com/corrodinggames/rts/gameFramework/j/p,com/corrodinggames/rts/gameFramework/j/p,rw/network/MasterServerGetOwnInfoRunnable,rustedwarfare/network/MasterServerGetOwnInfoRunnable,high,structural_match,mutual_base: mutual-best structural fingerprint,common_core
com/corrodinggames/rts/gameFramework/j/q,com/corrodinggames/rts/gameFramework/j/q,rw/network/MasterServerListRunnable,rustedwarfare/network/MasterServerListRunnable,high,structural_match,mutual_base: mutual-best structural fingerprint,common_core
com/corrodinggames/rts/gameFramework/j/q$1,com/corrodinggames/rts/gameFramework/j/r,rw/network/MasterServerListResponseHandler,rustedwarfare/network/MasterServerListResponseHandler,high,structural_match,mutual_base: mutual-best structural fingerprint,common_core
com/corrodinggames/rts/gameFramework/j/r,com/corrodinggames/rts/gameFramework/j/s,rw/network/MasterServerHttpClientProvider,rustedwarfare/network/MasterServerHttpClientProvider,medium,structural_match,iterative_hungarian: iteration 1; relation signals 2,common_core
com/corrodinggames/rts/gameFramework/j/s,com/corrodinggames/rts/gameFramework/j/t,rw/network/MasterServerResponseHandler,rustedwarfare/network/MasterServerResponseHandler,high,structural_match,mutual_base: mutual-best structural fingerprint,common_core
com/corrodinggames/rts/gameFramework/j/t,com/corrodinggames/rts/gameFramework/j/u,rw/network/MasterServerRequestResult,rustedwarfare/network/MasterServerRequestResult,high,structural_match,mutual_base: mutual-best structural fingerprint,common_core
com/corrodinggames/rts/gameFramework/j/u,com/corrodinggames/rts/gameFramework/j/v,rw/network/MasterServerSingleRequestRunnable,rustedwarfare/network/MasterServerSingleRequestRunnable,high,structural_match,mutual_base: mutual-best structural fingerprint,common_core
com/corrodinggames/rts/gameFramework/j/v,com/corrodinggames/rts/gameFramework/j/w,rw/network/MasterServerErrorReportRunnable,rustedwarfare/network/MasterServerErrorReportRunnable,high,structural_match,mutual_base: mutual-best structural fingerprint,common_core
com/corrodinggames/rts/gameFramework/j/w,com/corrodinggames/rts/gameFramework/j/x,rw/network/MasterServerConnectionInfoCallback,rustedwarfare/network/MasterServerConnectionInfoCallback,medium,structural_match,iterative_hungarian: iteration 1; relation signals 1,common_core
com/corrodinggames/rts/gameFramework/j/x,com/corrodinggames/rts/gameFramework/j/y,rw/network/MasterServerConnectionInfoError,rustedwarfare/network/MasterServerConnectionInfoError,high,manual_residual_closure,mapped master-server caller reference flow 7; enum cardinality 3,common_cross_build_residual
com/corrodinggames/rts/gameFramework/j/y,com/corrodinggames/rts/gameFramework/j/z,rw/network/MasterServerCreateRunnable,rustedwarfare/network/MasterServerCreateRunnable,high,structural_match,mutual_base: mutual-best structural fingerprint,common_core
com/corrodinggames/rts/gameFramework/j/z,com/corrodinggames/rts/gameFramework/j/aa,rw/network/MasterServerRemoveRunnable,rustedwarfare/network/MasterServerRemoveRunnable,high,structural_match,mutual_base: mutual-best structural fingerprint,common_core
com/corrodinggames/rts/gameFramework/k,com/corrodinggames/rts/gameFramework/j,rw/v100rc1/io/FileChangePollThread,rustedwarfare/io/FileChangePollThread,high,structural_match,mutual_base: mutual-best structural fingerprint,common_core
com/corrodinggames/rts/gameFramework/k/a,com/corrodinggames/rts/gameFramework/k/a,rw/path/PathOpenNodeArrayList,rustedwarfare/path/PathOpenNodeArrayList,high,structural_match,mutual_base: mutual-best structural fingerprint,common_core
com/corrodinggames/rts/gameFramework/k/b,com/corrodinggames/rts/gameFramework/k/b,rw/path/PathOpenNodeArrayList$Iterator,rustedwarfare/path/PathOpenNodeArrayList$Iterator,high,structural_match,mutual_base: mutual-best structural fingerprint,common_core
com/corrodinggames/rts/gameFramework/k/c,com/corrodinggames/rts/gameFramework/k/c,rw/path/PathTargetAdapter,rustedwarfare/path/PathTargetAdapter,high,structural_match,mutual_base: mutual-best structural fingerprint,common_core
com/corrodinggames/rts/gameFramework/k/e,com/corrodinggames/rts/gameFramework/k/d,rw/v100/path/BucketedNodeQueue,rustedwarfare/path/BucketedNodeQueue,medium,structural_match,iterative_hungarian: iteration 1; relation signals 1,common_core
com/corrodinggames/rts/gameFramework/k/f,com/corrodinggames/rts/gameFramework/k/e,rw/v090/path/FlowFieldPathRequest,rustedwarfare/path/FlowFieldPathRequest,medium,structural_match,iterative_hungarian: iteration 1; relation signals 2,common_core
com/corrodinggames/rts/gameFramework/k/g,com/corrodinggames/rts/gameFramework/k/f,rw/v090/path/FlowFieldGrid,rustedwarfare/path/FlowFieldGrid,high,structural_match,mutual_base: mutual-best structural fingerprint,common_core
com/corrodinggames/rts/gameFramework/k/h,com/corrodinggames/rts/gameFramework/k/g,rw/v090/path/FlowFieldPathTargetAdapter,rustedwarfare/path/FlowFieldPathTargetAdapter,medium,structural_match,iterative_hungarian: iteration 1; relation signals 2,common_core
com/corrodinggames/rts/gameFramework/k/i,com/corrodinggames/rts/gameFramework/k/h,rw/path/MovementCostMap,rustedwarfare/path/MovementCostMap,medium,structural_match,mutual_base: mutual-best structural fingerprint,common_core
com/corrodinggames/rts/gameFramework/k/j,com/corrodinggames/rts/gameFramework/k/i,rw/v100/path/NodeQueue,rustedwarfare/path/NodeQueue,medium,structural_match,iterative_hungarian: iteration 1; relation signals 2,common_core
com/corrodinggames/rts/gameFramework/k/k,com/corrodinggames/rts/gameFramework/k/j,rw/path/PathRequest,rustedwarfare/path/PathRequest,high,structural_match,mutual_base: mutual-best structural fingerprint,common_core
com/corrodinggames/rts/gameFramework/k/l,com/corrodinggames/rts/gameFramework/k/k,rw/path/PathEngine,rustedwarfare/path/PathEngine,high,structural_match,mutual_base: mutual-best structural fingerprint,common_core
com/corrodinggames/rts/gameFramework/k/m,com/corrodinggames/rts/gameFramework/k/l,rw/v100/path/PathOpenListPool,rustedwarfare/path/PathOpenListPool,high,structural_match,mutual_base: mutual-best structural fingerprint,common_core
com/corrodinggames/rts/gameFramework/k/n,com/corrodinggames/rts/gameFramework/k/m,rw/path/PathOpenListNode,rustedwarfare/path/PathOpenListNode,medium,structural_match,mutual_base: mutual-best structural fingerprint,common_core
com/corrodinggames/rts/gameFramework/k/o,com/corrodinggames/rts/gameFramework/k/n,rw/path/PathSolver,rustedwarfare/path/PathSolver,high,structural_match,mutual_base: mutual-best structural fingerprint,common_core
com/corrodinggames/rts/gameFramework/k/p,com/corrodinggames/rts/gameFramework/k/o,rw/path/PathNode,rustedwarfare/path/PathNode,medium,anchor_bounded_sequence,monotonic package sequence; bounded=false; anchors=4,common_core
com/corrodinggames/rts/gameFramework/l,com/corrodinggames/rts/gameFramework/k,rw/core/GameEngine,rustedwarfare/core/GameEngine,high,structural_match,critical_anchor: GameEngine 214-field anchor,common_core
com/corrodinggames/rts/gameFramework/l$1,com/corrodinggames/rts/gameFramework/l,rw/v090/core/GameEngine$1,rustedwarfare/core/GameEngine$1,high,structural_match,mutual_base: mutual-best structural fingerprint,common_core
com/corrodinggames/rts/gameFramework/l$2,com/corrodinggames/rts/gameFramework/n,rw/v090/core/GameEngine$2,rustedwarfare/core/GameEngine$2,high,structural_match,mutual_base: mutual-best structural fingerprint,common_core
com/corrodinggames/rts/gameFramework/l$2$1,com/corrodinggames/rts/gameFramework/o,rw/v090/core/GameEngine$2$1,rustedwarfare/core/GameEngine$2$1,high,structural_match,mutual_base: mutual-best structural fingerprint,common_core
com/corrodinggames/rts/gameFramework/l$2$2,com/corrodinggames/rts/gameFramework/p,rw/v090/core/GameEngine$2$2,rustedwarfare/core/GameEngine$2$2,high,structural_match,mutual_base: mutual-best structural fingerprint,common_core
com/corrodinggames/rts/gameFramework/l$3,com/corrodinggames/rts/gameFramework/q,rw/v090/core/GameEngine$3,rustedwarfare/core/GameEngine$3,high,structural_match,mutual_base: mutual-best structural fingerprint,common_core
com/corrodinggames/rts/gameFramework/l$4,com/corrodinggames/rts/gameFramework/r,rw/v090/core/GameEngine$4,rustedwarfare/core/GameEngine$4,high,structural_match,mutual_base: mutual-best structural fingerprint,common_core
com/corrodinggames/rts/gameFramework/l/a,com/corrodinggames/rts/gameFramework/l/a,rw/v100rc1/platform/PlatformExtension,rustedwarfare/platform/PlatformExtension,medium,structural_match,mutual_base: mutual-best structural fingerprint,common_core
com/corrodinggames/rts/gameFramework/l/b,com/corrodinggames/rts/gameFramework/l/b,rw/v100rc1/platform/FileSelectionCallback,rustedwarfare/platform/FileSelectionCallback,medium,structural_match,iterative_hungarian: iteration 1; relation signals 1,common_core
com/corrodinggames/rts/gameFramework/m,com/corrodinggames/rts/gameFramework/v,rw/v100rc1/render/UiTextPaintScaler,rustedwarfare/render/UiTextPaintScaler,high,structural_match,mutual_base: mutual-best structural fingerprint,common_core
com/corrodinggames/rts/gameFramework/m/a,com/corrodinggames/rts/gameFramework/m/a,rw/v090/render/AndroidGlRenderer,rustedwarfare/render/AndroidGlRenderer,high,structural_match,mutual_base: mutual-best structural fingerprint,common_core
com/corrodinggames/rts/gameFramework/m/aa,com/corrodinggames/rts/gameFramework/m/fk,rw/v100rc1/render/RenderUtils,rustedwarfare/render/RenderUtils,medium,structural_match,iterative_hungarian: iteration 1; relation signals 2,common_core
com/corrodinggames/rts/gameFramework/m/ab,com/corrodinggames/rts/gameFramework/m/fl,rw/v100rc1/render/CircleImageCacheEntry,rustedwarfare/render/CircleImageCacheEntry,high,structural_match,mutual_base: mutual-best structural fingerprint,common_core
com/corrodinggames/rts/gameFramework/m/ac,com/corrodinggames/rts/gameFramework/m/fm,rw/v090/render/GlMesh,rustedwarfare/render/GlMesh,medium,structural_match,iterative_hungarian: iteration 1; relation signals 1,common_core
com/corrodinggames/rts/gameFramework/m/ad,com/corrodinggames/rts/gameFramework/m/fn,rw/client/render/MutableBitmapOrTexture,rustedwarfare/client/render/MutableBitmapOrTexture,high,structural_match,mutual_base: mutual-best structural fingerprint,common_core
com/corrodinggames/rts/gameFramework/m/ae,com/corrodinggames/rts/gameFramework/m/fo,rw/render/ShaderProgram,rustedwarfare/render/ShaderProgram,medium,structural_match,mutual_base: mutual-best structural fingerprint,common_core
com/corrodinggames/rts/gameFramework/m/af,com/corrodinggames/rts/gameFramework/m/fp,rw/render/ShaderParameter,rustedwarfare/render/ShaderParameter,high,structural_match,mutual_base: mutual-best structural fingerprint,common_core
com/corrodinggames/rts/gameFramework/m/ag,com/corrodinggames/rts/gameFramework/m/fq,rw/v090/render/UniquePaint,rustedwarfare/render/UniquePaint,medium,structural_match,iterative_hungarian: iteration 1; relation signals 2,common_core
com/corrodinggames/rts/gameFramework/m/c,com/corrodinggames/rts/gameFramework/m/c,rw/v090/render/GlCommandBuffer,rustedwarfare/render/GlCommandBuffer,high,structural_match,mutual_base: mutual-best structural fingerprint,common_core
com/corrodinggames/rts/gameFramework/m/d,com/corrodinggames/rts/gameFramework/m/d,rw/render/ImageDrawMode,rustedwarfare/render/ImageDrawMode,high,manual_residual_closure,stable owner and enum cardinality 3,common_cross_build_residual
com/corrodinggames/rts/gameFramework/m/e,com/corrodinggames/rts/gameFramework/m/e,rw/render/GameImage,rustedwarfare/client/render/GameImage,medium,structural_match,iterative_hungarian: iteration 1; relation signals 2,common_core
com/corrodinggames/rts/gameFramework/m/h,com/corrodinggames/rts/gameFramework/m/f,rw/client/render/LazyTeamColorImage,rustedwarfare/client/render/LazyTeamColorImage,medium,structural_match,iterative_hungarian: iteration 1; relation signals 1,common_core
com/corrodinggames/rts/gameFramework/m/i,com/corrodinggames/rts/gameFramework/m/g,rw/render/TeamColorShaderProgram,rustedwarfare/render/TeamColorShaderProgram,high,structural_match,mutual_base: mutual-best structural fingerprint,common_core
com/corrodinggames/rts/gameFramework/m/j,com/corrodinggames/rts/gameFramework/m/h,rw/render/AndroidCanvasDrawTarget,rustedwarfare/render/AndroidCanvasDrawTarget,medium,structural_match,iterative_hungarian: iteration 1; relation signals 2,common_core
com/corrodinggames/rts/gameFramework/m/k,com/corrodinggames/rts/gameFramework/m/i,rw/render/GlCanvasDrawTarget,rustedwarfare/render/GlCanvasDrawTarget,medium,structural_match,iterative_hungarian: iteration 1; relation signals 2,common_core
com/corrodinggames/rts/gameFramework/m/l,com/corrodinggames/rts/gameFramework/m/l,rw/render/CanvasDrawTarget,rustedwarfare/render/CanvasDrawTarget,high,structural_match,iterative_hungarian: iteration 1; relation signals 2,common_core
com/corrodinggames/rts/gameFramework/m/m,com/corrodinggames/rts/gameFramework/m/m,rw/render/DrawTimeCallback,rustedwarfare/render/DrawTimeCallback,high,structural_match,mutual_base: mutual-best structural fingerprint,common_core
com/corrodinggames/rts/gameFramework/m/n,com/corrodinggames/rts/gameFramework/m/n,rw/render/NoOpCanvasDrawTarget,rustedwarfare/render/NoOpCanvasDrawTarget,high,structural_match,mutual_base: mutual-best structural fingerprint,common_core
com/corrodinggames/rts/gameFramework/m/o,com/corrodinggames/rts/gameFramework/m/o,rw/render/QueuedCanvasDrawTarget,rustedwarfare/render/QueuedCanvasDrawTarget,high,manual_residual_closure,stable owner; mapped GraphicsEngine caller; fields/methods expanded by Android interface desugaring,common_cross_build_residual
com/corrodinggames/rts/gameFramework/m/o$1,com/corrodinggames/rts/gameFramework/m/b,rw/v090/render/QueuedCanvasDrawTarget$1,rustedwarfare/render/QueuedCanvasDrawTarget$1,high,structural_match,iterative_hungarian: iteration 1; relation signals 1,common_core
com/corrodinggames/rts/gameFramework/m/p,com/corrodinggames/rts/gameFramework/m/p,rw/render/CanvasOperation,rustedwarfare/render/CanvasOperation,high,structural_match,iterative_hungarian: iteration 1; relation signals 1,common_core
com/corrodinggames/rts/gameFramework/m/p$1,com/corrodinggames/rts/gameFramework/m/q,rw/v090/render/CanvasOperation$ClipPathPathOp,rustedwarfare/render/CanvasOperation$ClipPathPathOp,high,enum_constant_semantic_string,CanvasOperation enum constant clippathpathop,common_core
com/corrodinggames/rts/gameFramework/m/p$10,com/corrodinggames/rts/gameFramework/m/z,rw/v090/render/CanvasOperation$DrawBitmapIntarrayIntIntIntIntIntIntBooleanPaint,rustedwarfare/render/CanvasOperation$DrawBitmapIntarrayIntIntIntIntIntIntBooleanPaint,high,enum_constant_semantic_string,CanvasOperation enum constant drawbitmapintarrayintintintintintintbooleanpaint,common_core
com/corrodinggames/rts/gameFramework/m/p$11,com/corrodinggames/rts/gameFramework/m/aa,rw/v090/render/CanvasOperation$DrawBitmapMeshBitmapIntIntFloatarrayIntIntarrayIntPaint,rustedwarfare/render/CanvasOperation$DrawBitmapMeshBitmapIntIntFloatarrayIntIntarrayIntPaint,high,enum_constant_semantic_string,CanvasOperation enum constant drawbitmapmeshbitmapintintfloatarrayintintarrayintpaint,common_core
com/corrodinggames/rts/gameFramework/m/p$12,com/corrodinggames/rts/gameFramework/m/ab,rw/v090/render/CanvasOperation$ClipPathPath,rustedwarfare/render/CanvasOperation$ClipPathPath,high,enum_constant_semantic_string,CanvasOperation enum constant clippathpath,common_core
com/corrodinggames/rts/gameFramework/m/p$13,com/corrodinggames/rts/gameFramework/m/ac,rw/v090/render/CanvasOperation$DrawCircleFloatFloatFloatPaint,rustedwarfare/render/CanvasOperation$DrawCircleFloatFloatFloatPaint,high,enum_constant_semantic_string,CanvasOperation enum constant drawcirclefloatfloatfloatpaint,common_core
com/corrodinggames/rts/gameFramework/m/p$14,com/corrodinggames/rts/gameFramework/m/ad,rw/v090/render/CanvasOperation$DrawColorIntMode,rustedwarfare/render/CanvasOperation$DrawColorIntMode,high,enum_constant_semantic_string,CanvasOperation enum constant drawcolorintmode,common_core
com/corrodinggames/rts/gameFramework/m/p$15,com/corrodinggames/rts/gameFramework/m/ae,rw/v090/render/CanvasOperation$DrawColorInt,rustedwarfare/render/CanvasOperation$DrawColorInt,high,enum_constant_semantic_string,CanvasOperation enum constant drawcolorint,common_core
com/corrodinggames/rts/gameFramework/m/p$16,com/corrodinggames/rts/gameFramework/m/af,rw/v090/render/CanvasOperation$DrawLineFloatFloatFloatFloatPaint,rustedwarfare/render/CanvasOperation$DrawLineFloatFloatFloatFloatPaint,high,enum_constant_semantic_string,CanvasOperation enum constant drawlinefloatfloatfloatfloatpaint,common_core
com/corrodinggames/rts/gameFramework/m/p$17,com/corrodinggames/rts/gameFramework/m/ag,rw/v090/render/CanvasOperation$DrawLinesFloatarrayIntIntPaint,rustedwarfare/render/CanvasOperation$DrawLinesFloatarrayIntIntPaint,high,enum_constant_semantic_string,CanvasOperation enum constant drawlinesfloatarrayintintpaint,common_core
com/corrodinggames/rts/gameFramework/m/p$18,com/corrodinggames/rts/gameFramework/m/ah,rw/v090/render/CanvasOperation$DrawLinesFloatarrayPaint,rustedwarfare/render/CanvasOperation$DrawLinesFloatarrayPaint,high,enum_constant_semantic_string,CanvasOperation enum constant drawlinesfloatarraypaint,common_core
com/corrodinggames/rts/gameFramework/m/p$19,com/corrodinggames/rts/gameFramework/m/ai,rw/v090/render/CanvasOperation$DrawOvalRectFPaint,rustedwarfare/render/CanvasOperation$DrawOvalRectFPaint,high,enum_constant_semantic_string,CanvasOperation enum constant drawovalrectfpaint,common_core
com/corrodinggames/rts/gameFramework/m/p$2,com/corrodinggames/rts/gameFramework/m/r,rw/v090/render/CanvasOperation$ConcatMatrix,rustedwarfare/render/CanvasOperation$ConcatMatrix,high,enum_constant_semantic_string,CanvasOperation enum constant concatmatrix,common_core
com/corrodinggames/rts/gameFramework/m/p$20,com/corrodinggames/rts/gameFramework/m/aj,rw/v090/render/CanvasOperation$DrawPaintPaint,rustedwarfare/render/CanvasOperation$DrawPaintPaint,high,enum_constant_semantic_string,CanvasOperation enum constant drawpaintpaint,common_core
com/corrodinggames/rts/gameFramework/m/p$21,com/corrodinggames/rts/gameFramework/m/ak,rw/v090/render/CanvasOperation$DrawPathPathPaint,rustedwarfare/render/CanvasOperation$DrawPathPathPaint,high,enum_constant_semantic_string,CanvasOperation enum constant drawpathpathpaint,common_core
com/corrodinggames/rts/gameFramework/m/p$22,com/corrodinggames/rts/gameFramework/m/al,rw/v090/render/CanvasOperation$DrawPicturePictureRect,rustedwarfare/render/CanvasOperation$DrawPicturePictureRect,high,enum_constant_semantic_string,CanvasOperation enum constant drawpicturepicturerect,common_core
com/corrodinggames/rts/gameFramework/m/p$23,com/corrodinggames/rts/gameFramework/m/am,rw/v090/render/CanvasOperation$ClipRectFloatFloatFloatFloatOp,rustedwarfare/render/CanvasOperation$ClipRectFloatFloatFloatFloatOp,high,enum_constant_semantic_string,CanvasOperation enum constant cliprectfloatfloatfloatfloatop,common_core
com/corrodinggames/rts/gameFramework/m/p$24,com/corrodinggames/rts/gameFramework/m/an,rw/v090/render/CanvasOperation$DrawPicturePictureRectF,rustedwarfare/render/CanvasOperation$DrawPicturePictureRectF,high,enum_constant_semantic_string,CanvasOperation enum constant drawpicturepicturerectf,common_core
com/corrodinggames/rts/gameFramework/m/p$25,com/corrodinggames/rts/gameFramework/m/ao,rw/v090/render/CanvasOperation$DrawPicturePicture,rustedwarfare/render/CanvasOperation$DrawPicturePicture,high,enum_constant_semantic_string,CanvasOperation enum constant drawpicturepicture,common_core
com/corrodinggames/rts/gameFramework/m/p$26,com/corrodinggames/rts/gameFramework/m/ap,rw/v090/render/CanvasOperation$DrawPointFloatFloatPaint,rustedwarfare/render/CanvasOperation$DrawPointFloatFloatPaint,high,enum_constant_semantic_string,CanvasOperation enum constant drawpointfloatfloatpaint,common_core
com/corrodinggames/rts/gameFramework/m/p$27,com/corrodinggames/rts/gameFramework/m/aq,rw/v090/render/CanvasOperation$DrawPointsFloatarrayIntIntPaint,rustedwarfare/render/CanvasOperation$DrawPointsFloatarrayIntIntPaint,high,enum_constant_semantic_string,CanvasOperation enum constant drawpointsfloatarrayintintpaint,common_core
com/corrodinggames/rts/gameFramework/m/p$28,com/corrodinggames/rts/gameFramework/m/ar,rw/v090/render/CanvasOperation$DrawPointsFloatarrayPaint,rustedwarfare/render/CanvasOperation$DrawPointsFloatarrayPaint,high,enum_constant_semantic_string,CanvasOperation enum constant drawpointsfloatarraypaint,common_core
com/corrodinggames/rts/gameFramework/m/p$29,com/corrodinggames/rts/gameFramework/m/as,rw/v090/render/CanvasOperation$DrawPosTextChararrayIntIntFloatarrayPaint,rustedwarfare/render/CanvasOperation$DrawPosTextChararrayIntIntFloatarrayPaint,high,enum_constant_semantic_string,CanvasOperation enum constant drawpostextchararrayintintfloatarraypaint,common_core
com/corrodinggames/rts/gameFramework/m/p$3,com/corrodinggames/rts/gameFramework/m/s,rw/v090/render/CanvasOperation$DrawARGBIntIntIntInt,rustedwarfare/render/CanvasOperation$DrawARGBIntIntIntInt,high,enum_constant_semantic_string,CanvasOperation enum constant drawargbintintintint,common_core
com/corrodinggames/rts/gameFramework/m/p$30,com/corrodinggames/rts/gameFramework/m/at,rw/v090/render/CanvasOperation$DrawPosTextStringFloatarrayPaint,rustedwarfare/render/CanvasOperation$DrawPosTextStringFloatarrayPaint,high,enum_constant_semantic_string,CanvasOperation enum constant drawpostextstringfloatarraypaint,common_core
com/corrodinggames/rts/gameFramework/m/p$31,com/corrodinggames/rts/gameFramework/m/au,rw/v090/render/CanvasOperation$DrawRGBIntIntInt,rustedwarfare/render/CanvasOperation$DrawRGBIntIntInt,high,enum_constant_semantic_string,CanvasOperation enum constant drawrgbintintint,common_core
com/corrodinggames/rts/gameFramework/m/p$32,com/corrodinggames/rts/gameFramework/m/av,rw/v090/render/CanvasOperation$DrawRectFloatFloatFloatFloatPaint,rustedwarfare/render/CanvasOperation$DrawRectFloatFloatFloatFloatPaint,high,enum_constant_semantic_string,CanvasOperation enum constant drawrectfloatfloatfloatfloatpaint,common_core
com/corrodinggames/rts/gameFramework/m/p$33,com/corrodinggames/rts/gameFramework/m/aw,rw/v090/render/CanvasOperation$DrawRectRectPaint,rustedwarfare/render/CanvasOperation$DrawRectRectPaint,high,enum_constant_semantic_string,CanvasOperation enum constant drawrectrectpaint,common_core
com/corrodinggames/rts/gameFramework/m/p$34,com/corrodinggames/rts/gameFramework/m/ax,rw/v090/render/CanvasOperation$ClipRectFloatFloatFloatFloat,rustedwarfare/render/CanvasOperation$ClipRectFloatFloatFloatFloat,high,enum_constant_semantic_string,CanvasOperation enum constant cliprectfloatfloatfloatfloat,common_core
com/corrodinggames/rts/gameFramework/m/p$35,com/corrodinggames/rts/gameFramework/m/ay,rw/v090/render/CanvasOperation$DrawRectRectFPaint,rustedwarfare/render/CanvasOperation$DrawRectRectFPaint,high,enum_constant_semantic_string,CanvasOperation enum constant drawrectrectfpaint,common_core
com/corrodinggames/rts/gameFramework/m/p$36,com/corrodinggames/rts/gameFramework/m/az,rw/v090/render/CanvasOperation$DrawRoundRectRectFFloatFloatPaint,rustedwarfare/render/CanvasOperation$DrawRoundRectRectFFloatFloatPaint,high,enum_constant_semantic_string,CanvasOperation enum constant drawroundrectrectffloatfloatpaint,common_core
com/corrodinggames/rts/gameFramework/m/p$37,com/corrodinggames/rts/gameFramework/m/ba,rw/v090/render/CanvasOperation$DrawTextChararrayIntIntFloatFloatPaint,rustedwarfare/render/CanvasOperation$DrawTextChararrayIntIntFloatFloatPaint,high,enum_constant_semantic_string,CanvasOperation enum constant drawtextchararrayintintfloatfloatpaint,common_core
com/corrodinggames/rts/gameFramework/m/p$38,com/corrodinggames/rts/gameFramework/m/bb,rw/v090/render/CanvasOperation$DrawTextCharSequenceIntIntFloatFloatPaint,rustedwarfare/render/CanvasOperation$DrawTextCharSequenceIntIntFloatFloatPaint,high,enum_constant_semantic_string,CanvasOperation enum constant drawtextcharsequenceintintfloatfloatpaint,common_core
com/corrodinggames/rts/gameFramework/m/p$39,com/corrodinggames/rts/gameFramework/m/bc,rw/v090/render/CanvasOperation$DrawTextStringFloatFloatPaint,rustedwarfare/render/CanvasOperation$DrawTextStringFloatFloatPaint,high,enum_constant_semantic_string,CanvasOperation enum constant drawtextstringfloatfloatpaint,common_core
com/corrodinggames/rts/gameFramework/m/p$4,com/corrodinggames/rts/gameFramework/m/t,rw/v090/render/CanvasOperation$DrawArcRectFFloatFloatBooleanPaint,rustedwarfare/render/CanvasOperation$DrawArcRectFFloatFloatBooleanPaint,high,enum_constant_semantic_string,CanvasOperation enum constant drawarcrectffloatfloatbooleanpaint,common_core
com/corrodinggames/rts/gameFramework/m/p$40,com/corrodinggames/rts/gameFramework/m/bd,rw/v090/render/CanvasOperation$DrawTextStringIntIntFloatFloatPaint,rustedwarfare/render/CanvasOperation$DrawTextStringIntIntFloatFloatPaint,high,enum_constant_semantic_string,CanvasOperation enum constant drawtextstringintintfloatfloatpaint,common_core
com/corrodinggames/rts/gameFramework/m/p$41,com/corrodinggames/rts/gameFramework/m/be,rw/v090/render/CanvasOperation$DrawTextOnPathChararrayIntIntPathFloatFloatPaint,rustedwarfare/render/CanvasOperation$DrawTextOnPathChararrayIntIntPathFloatFloatPaint,high,enum_constant_semantic_string,CanvasOperation enum constant drawtextonpathchararrayintintpathfloatfloatpaint,common_core
com/corrodinggames/rts/gameFramework/m/p$42,com/corrodinggames/rts/gameFramework/m/bf,rw/v090/render/CanvasOperation$DrawTextOnPathStringPathFloatFloatPaint,rustedwarfare/render/CanvasOperation$DrawTextOnPathStringPathFloatFloatPaint,high,enum_constant_semantic_string,CanvasOperation enum constant drawtextonpathstringpathfloatfloatpaint,common_core
com/corrodinggames/rts/gameFramework/m/p$43,com/corrodinggames/rts/gameFramework/m/bg,rw/v090/render/CanvasOperation$DrawVerticesVertexModeIntFloatarrayIntFloatarrayIntIntarrayIntShortarrayIntIntPaint,rustedwarfare/render/CanvasOperation$DrawVerticesVertexModeIntFloatarrayIntFloatarrayIntIntarrayIntShortarrayIntIntPaint,high,enum_constant_semantic_string,CanvasOperation enum constant drawverticesvertexmodeintfloatarrayintfloatarrayintintarrayintshortarrayintintpaint,common_core
com/corrodinggames/rts/gameFramework/m/p$44,com/corrodinggames/rts/gameFramework/m/bh,rw/v090/render/CanvasOperation$Restore,rustedwarfare/render/CanvasOperation$Restore,high,enum_constant_semantic_string,CanvasOperation enum constant restore,common_core
com/corrodinggames/rts/gameFramework/m/p$45,com/corrodinggames/rts/gameFramework/m/bi,rw/v090/render/CanvasOperation$ClipRectIntIntIntInt,rustedwarfare/render/CanvasOperation$ClipRectIntIntIntInt,high,enum_constant_semantic_string,CanvasOperation enum constant cliprectintintintint,common_core
com/corrodinggames/rts/gameFramework/m/p$46,com/corrodinggames/rts/gameFramework/m/bj,rw/v090/render/CanvasOperation$RestoreToCountInt,rustedwarfare/render/CanvasOperation$RestoreToCountInt,high,enum_constant_semantic_string,CanvasOperation enum constant restoretocountint,common_core
com/corrodinggames/rts/gameFramework/m/p$47,com/corrodinggames/rts/gameFramework/m/bk,rw/v090/render/CanvasOperation$RotateFloat,rustedwarfare/render/CanvasOperation$RotateFloat,high,enum_constant_semantic_string,CanvasOperation enum constant rotatefloat,common_core
com/corrodinggames/rts/gameFramework/m/p$48,com/corrodinggames/rts/gameFramework/m/bl,rw/v090/render/CanvasOperation$RotateFloatFloatFloat,rustedwarfare/render/CanvasOperation$RotateFloatFloatFloat,high,enum_constant_semantic_string,CanvasOperation enum constant rotatefloatfloatfloat,common_core
com/corrodinggames/rts/gameFramework/m/p$49,com/corrodinggames/rts/gameFramework/m/bm,rw/v090/render/CanvasOperation$Save,rustedwarfare/render/CanvasOperation$Save,high,enum_constant_semantic_string,CanvasOperation enum constant save,common_core
com/corrodinggames/rts/gameFramework/m/p$5,com/corrodinggames/rts/gameFramework/m/u,rw/v090/render/CanvasOperation$DrawBitmapBitmapFloatFloatPaint,rustedwarfare/render/CanvasOperation$DrawBitmapBitmapFloatFloatPaint,high,enum_constant_semantic_string,CanvasOperation enum constant drawbitmapbitmapfloatfloatpaint,common_core
com/corrodinggames/rts/gameFramework/m/p$50,com/corrodinggames/rts/gameFramework/m/bn,rw/v090/render/CanvasOperation$SaveLayerFloatFloatFloatFloatPaintInt,rustedwarfare/render/CanvasOperation$SaveLayerFloatFloatFloatFloatPaintInt,high,enum_constant_semantic_string,CanvasOperation enum constant savelayerfloatfloatfloatfloatpaintint,common_core
com/corrodinggames/rts/gameFramework/m/p$51,com/corrodinggames/rts/gameFramework/m/bo,rw/v090/render/CanvasOperation$SaveLayerRectFPaintInt,rustedwarfare/render/CanvasOperation$SaveLayerRectFPaintInt,high,enum_constant_semantic_string,CanvasOperation enum constant savelayerrectfpaintint,common_core
com/corrodinggames/rts/gameFramework/m/p$52,com/corrodinggames/rts/gameFramework/m/bp,rw/v090/render/CanvasOperation$SaveLayerAlphaFloatFloatFloatFloatIntInt,rustedwarfare/render/CanvasOperation$SaveLayerAlphaFloatFloatFloatFloatIntInt,high,enum_constant_semantic_string,CanvasOperation enum constant savelayeralphafloatfloatfloatfloatintint,common_core
com/corrodinggames/rts/gameFramework/m/p$53,com/corrodinggames/rts/gameFramework/m/bq,rw/v090/render/CanvasOperation$SaveLayerAlphaRectFIntInt,rustedwarfare/render/CanvasOperation$SaveLayerAlphaRectFIntInt,high,enum_constant_semantic_string,CanvasOperation enum constant savelayeralpharectfintint,common_core
com/corrodinggames/rts/gameFramework/m/p$54,com/corrodinggames/rts/gameFramework/m/br,rw/v090/render/CanvasOperation$ScaleFloatFloat,rustedwarfare/render/CanvasOperation$ScaleFloatFloat,high,enum_constant_semantic_string,CanvasOperation enum constant scalefloatfloat,common_core
com/corrodinggames/rts/gameFramework/m/p$55,com/corrodinggames/rts/gameFramework/m/bs,rw/v090/render/CanvasOperation$ScaleFloatFloatFloatFloat,rustedwarfare/render/CanvasOperation$ScaleFloatFloatFloatFloat,high,enum_constant_semantic_string,CanvasOperation enum constant scalefloatfloatfloatfloat,common_core
com/corrodinggames/rts/gameFramework/m/p$56,com/corrodinggames/rts/gameFramework/m/bt,rw/v090/render/CanvasOperation$ClipRectRectOp,rustedwarfare/render/CanvasOperation$ClipRectRectOp,high,enum_constant_semantic_string,CanvasOperation enum constant cliprectrectop,common_core
com/corrodinggames/rts/gameFramework/m/p$57,com/corrodinggames/rts/gameFramework/m/bu,rw/v090/render/CanvasOperation$SetBitmapBitmap,rustedwarfare/render/CanvasOperation$SetBitmapBitmap,high,enum_constant_semantic_string,CanvasOperation enum constant setbitmapbitmap,common_core
com/corrodinggames/rts/gameFramework/m/p$58,com/corrodinggames/rts/gameFramework/m/bv,rw/v090/render/CanvasOperation$SetDensityInt,rustedwarfare/render/CanvasOperation$SetDensityInt,high,enum_constant_semantic_string,CanvasOperation enum constant setdensityint,common_core
com/corrodinggames/rts/gameFramework/m/p$59,com/corrodinggames/rts/gameFramework/m/bw,rw/v090/render/CanvasOperation$SetDrawFilterDrawFilter,rustedwarfare/render/CanvasOperation$SetDrawFilterDrawFilter,high,enum_constant_semantic_string,CanvasOperation enum constant setdrawfilterdrawfilter,common_core
com/corrodinggames/rts/gameFramework/m/p$6,com/corrodinggames/rts/gameFramework/m/v,rw/v090/render/CanvasOperation$DrawBitmapBitmapMatrixPaint,rustedwarfare/render/CanvasOperation$DrawBitmapBitmapMatrixPaint,high,enum_constant_semantic_string,CanvasOperation enum constant drawbitmapbitmapmatrixpaint,common_core
com/corrodinggames/rts/gameFramework/m/p$60,com/corrodinggames/rts/gameFramework/m/bx,rw/v090/render/CanvasOperation$SetMatrixMatrix,rustedwarfare/render/CanvasOperation$SetMatrixMatrix,high,enum_constant_semantic_string,CanvasOperation enum constant setmatrixmatrix,common_core
com/corrodinggames/rts/gameFramework/m/p$61,com/corrodinggames/rts/gameFramework/m/by,rw/v090/render/CanvasOperation$SkewFloatFloat,rustedwarfare/render/CanvasOperation$SkewFloatFloat,high,enum_constant_semantic_string,CanvasOperation enum constant skewfloatfloat,common_core
com/corrodinggames/rts/gameFramework/m/p$62,com/corrodinggames/rts/gameFramework/m/bz,rw/v090/render/CanvasOperation$TranslateFloatFloat,rustedwarfare/render/CanvasOperation$TranslateFloatFloat,high,enum_constant_semantic_string,CanvasOperation enum constant translatefloatfloat,common_core
com/corrodinggames/rts/gameFramework/m/p$63,com/corrodinggames/rts/gameFramework/m/ca,rw/v090/render/CanvasOperation$RunDrawTimeCallbackDrawTimeCallback,rustedwarfare/render/CanvasOperation$RunDrawTimeCallbackDrawTimeCallback,high,enum_constant_semantic_string,CanvasOperation enum constant rundrawtimecallbackdrawtimecallback,common_core
com/corrodinggames/rts/gameFramework/m/p$64,com/corrodinggames/rts/gameFramework/m/cb,rw/v090/render/CanvasOperation$RunDrawTimeCallbackDrawTimeCallbackFloatFloatFloatPaint,rustedwarfare/render/CanvasOperation$RunDrawTimeCallbackDrawTimeCallbackFloatFloatFloatPaint,high,enum_constant_semantic_string,CanvasOperation enum constant rundrawtimecallbackdrawtimecallbackfloatfloatfloatpaint,common_core
com/corrodinggames/rts/gameFramework/m/p$65,com/corrodinggames/rts/gameFramework/m/cc,rw/v090/render/CanvasOperation$FlushBitmap,rustedwarfare/render/CanvasOperation$FlushBitmap,high,enum_constant_semantic_string,CanvasOperation enum constant flushbitmap,common_core
com/corrodinggames/rts/gameFramework/m/p$66,com/corrodinggames/rts/gameFramework/m/cd,rw/v090/render/CanvasOperation$EnterLockObject,rustedwarfare/render/CanvasOperation$EnterLockObject,high,enum_constant_semantic_string,CanvasOperation enum constant enterlockobject,common_core
com/corrodinggames/rts/gameFramework/m/p$67,com/corrodinggames/rts/gameFramework/m/ce,rw/v090/render/CanvasOperation$ClipRectRect,rustedwarfare/render/CanvasOperation$ClipRectRect,high,enum_constant_semantic_string,CanvasOperation enum constant cliprectrect,common_core
com/corrodinggames/rts/gameFramework/m/p$68,com/corrodinggames/rts/gameFramework/m/cf,rw/v090/render/CanvasOperation$LeaveLockObject,rustedwarfare/render/CanvasOperation$LeaveLockObject,high,enum_constant_semantic_string,CanvasOperation enum constant leavelockobject,common_core
com/corrodinggames/rts/gameFramework/m/p$69,com/corrodinggames/rts/gameFramework/m/cg,rw/v090/render/CanvasOperation$CompileShaderObject,rustedwarfare/render/CanvasOperation$CompileShaderObject,high,enum_constant_semantic_string,CanvasOperation enum constant compileshaderobject,common_core
com/corrodinggames/rts/gameFramework/m/p$7,com/corrodinggames/rts/gameFramework/m/w,rw/v090/render/CanvasOperation$DrawBitmapBitmapRectRectPaint,rustedwarfare/render/CanvasOperation$DrawBitmapBitmapRectRectPaint,high,enum_constant_semantic_string,CanvasOperation enum constant drawbitmapbitmaprectrectpaint,common_core
com/corrodinggames/rts/gameFramework/m/p$70,com/corrodinggames/rts/gameFramework/m/ch,rw/v090/render/CanvasOperation$SetShaderObject,rustedwarfare/render/CanvasOperation$SetShaderObject,high,enum_constant_semantic_string,CanvasOperation enum constant setshaderobject,common_core
com/corrodinggames/rts/gameFramework/m/p$71,com/corrodinggames/rts/gameFramework/m/ci,rw/v090/render/CanvasOperation$ClipRectRectFOp,rustedwarfare/render/CanvasOperation$ClipRectRectFOp,high,enum_constant_semantic_string,CanvasOperation enum constant cliprectrectfop,common_core
com/corrodinggames/rts/gameFramework/m/p$72,com/corrodinggames/rts/gameFramework/m/cj,rw/v090/render/CanvasOperation$ClipRectRectF,rustedwarfare/render/CanvasOperation$ClipRectRectF,high,enum_constant_semantic_string,CanvasOperation enum constant cliprectrectf,common_core
com/corrodinggames/rts/gameFramework/m/p$8,com/corrodinggames/rts/gameFramework/m/x,rw/v090/render/CanvasOperation$DrawBitmapBitmapRectRectFPaint,rustedwarfare/render/CanvasOperation$DrawBitmapBitmapRectRectFPaint,high,enum_constant_semantic_string,CanvasOperation enum constant drawbitmapbitmaprectrectfpaint,common_core
com/corrodinggames/rts/gameFramework/m/p$9,com/corrodinggames/rts/gameFramework/m/y,rw/v090/render/CanvasOperation$DrawBitmapIntarrayIntIntFloatFloatIntIntBooleanPaint,rustedwarfare/render/CanvasOperation$DrawBitmapIntarrayIntIntFloatFloatIntIntBooleanPaint,high,enum_constant_semantic_string,CanvasOperation enum constant drawbitmapintarrayintintfloatfloatintintbooleanpaint,common_core
com/corrodinggames/rts/gameFramework/m/q,com/corrodinggames/rts/gameFramework/m/ck,rw/render/ReusableDrawObjectPool,rustedwarfare/render/ReusableDrawObjectPool,high,manual_structural_family,ReusableDrawObjectPool neighboring CanvasOperation support class,common_core
com/corrodinggames/rts/gameFramework/m/r,com/corrodinggames/rts/gameFramework/m/cl,rw/render/DrawCommandMarker,rustedwarfare/render/DrawCommandMarker,high,structural_match,iterative_hungarian: iteration 1; relation signals 1,common_core
com/corrodinggames/rts/gameFramework/m/s,com/corrodinggames/rts/gameFramework/m/cm,rw/render/QueuedCanvasCommand,rustedwarfare/render/QueuedCanvasCommand,high,structural_match,mutual_base: mutual-best structural fingerprint,common_core
com/corrodinggames/rts/gameFramework/m/t,com/corrodinggames/rts/gameFramework/m/cn,rw/render/QueuedCanvasCommandPool,rustedwarfare/render/QueuedCanvasCommandPool,high,manual_structural_family,QueuedCanvasCommandPool neighboring CanvasOperation support class,common_core
com/corrodinggames/rts/gameFramework/m/u,com/corrodinggames/rts/gameFramework/m/ff,rw/render/AbstractCanvasDrawTarget,rustedwarfare/render/AbstractCanvasDrawTarget,high,structural_match,iterative_hungarian: iteration 1; relation signals 1,common_core
com/corrodinggames/rts/gameFramework/m/x,com/corrodinggames/rts/gameFramework/m/fh,rw/render/CanvasGraphicsEngine,rustedwarfare/render/CanvasGraphicsEngine,medium,structural_match,mutual_base: mutual-best structural fingerprint,common_core
com/corrodinggames/rts/gameFramework/m/y,com/corrodinggames/rts/gameFramework/m/fi,rw/render/GraphicsEngine,rustedwarfare/render/GraphicsEngine,high,structural_match,mutual_base: mutual-best structural fingerprint,common_core
com/corrodinggames/rts/gameFramework/m/z,com/corrodinggames/rts/gameFramework/m/fj,rw/render/NullGraphicsEngine,rustedwarfare/render/NullGraphicsEngine,high,structural_match,mutual_base: mutual-best structural fingerprint,common_core
com/corrodinggames/rts/gameFramework/n/a,com/corrodinggames/rts/gameFramework/n/a,rw/mission/MissionTrigger,rustedwarfare/mission/MissionTrigger,high,structural_match,mutual_base: mutual-best structural fingerprint,common_core
com/corrodinggames/rts/gameFramework/n/a/a,com/corrodinggames/rts/gameFramework/n/a/a,rw/mission/condition/MissionTriggerCondition,rustedwarfare/mission/condition/MissionTriggerCondition,high,structural_match,mutual_base: mutual-best structural fingerprint,common_core
com/corrodinggames/rts/gameFramework/n/a/b,com/corrodinggames/rts/gameFramework/n/a/b,rw/mission/condition/TeamTagCondition,rustedwarfare/mission/condition/TeamTagCondition,high,structural_match,mutual_base: mutual-best structural fingerprint,common_core
com/corrodinggames/rts/gameFramework/n/a/c,com/corrodinggames/rts/gameFramework/n/a/c,rw/mission/condition/UnitDetectCondition,rustedwarfare/mission/condition/UnitDetectCondition,high,structural_match,mutual_base: mutual-best structural fingerprint,common_core
com/corrodinggames/rts/gameFramework/n/b,com/corrodinggames/rts/gameFramework/n/b,rw/mission/MissionTriggerConditionSet,rustedwarfare/mission/MissionTriggerConditionSet,high,structural_match,mutual_base: mutual-best structural fingerprint,common_core
com/corrodinggames/rts/gameFramework/n/c,com/corrodinggames/rts/gameFramework/n/c,rw/mission/MissionTriggerParser,rustedwarfare/mission/MissionTriggerParser,high,structural_match,mutual_base: mutual-best structural fingerprint,common_core
com/corrodinggames/rts/gameFramework/n/e,com/corrodinggames/rts/gameFramework/n/d,rw/mission/MissionTriggerType,rustedwarfare/mission/MissionTriggerType,high,structural_match,mutual_base: mutual-best structural fingerprint,common_core
com/corrodinggames/rts/gameFramework/n/e$1,com/corrodinggames/rts/gameFramework/n/e,rw/mission/internal/MissionTriggerTypeObjective,rustedwarfare/mission/internal/MissionTriggerTypeObjective,high,structural_match,mutual_base: mutual-best structural fingerprint,common_core
com/corrodinggames/rts/gameFramework/n/e$10,com/corrodinggames/rts/gameFramework/n/n,rw/mission/internal/MissionTriggerTypeMoveCamera,rustedwarfare/mission/internal/MissionTriggerTypeMoveCamera,high,structural_match,mutual_base: mutual-best structural fingerprint,common_core
com/corrodinggames/rts/gameFramework/n/e$11,com/corrodinggames/rts/gameFramework/n/o,rw/mission/internal/MissionTriggerTypeTriggerUnitDetect,rustedwarfare/mission/internal/MissionTriggerTypeTriggerUnitDetect,high,structural_match,mutual_base: mutual-best structural fingerprint,common_core
com/corrodinggames/rts/gameFramework/n/e$2,com/corrodinggames/rts/gameFramework/n/f,rw/mission/internal/MissionTriggerTypeTriggerTeamTagDetect,rustedwarfare/mission/internal/MissionTriggerTypeTriggerTeamTagDetect,high,structural_match,mutual_base: mutual-best structural fingerprint,common_core
com/corrodinggames/rts/gameFramework/n/e$3,com/corrodinggames/rts/gameFramework/n/g,rw/mission/internal/MissionTriggerTypeTriggerBasic,rustedwarfare/mission/internal/MissionTriggerTypeTriggerBasic,high,structural_match,mutual_base: mutual-best structural fingerprint,common_core
com/corrodinggames/rts/gameFramework/n/e$4,com/corrodinggames/rts/gameFramework/n/h,rw/mission/internal/MissionTriggerTypeEventMove,rustedwarfare/mission/internal/MissionTriggerTypeEventMove,high,structural_match,mutual_base: mutual-best structural fingerprint,common_core
com/corrodinggames/rts/gameFramework/n/e$5,com/corrodinggames/rts/gameFramework/n/i,rw/mission/internal/MissionTriggerTypeEventChangeCredits,rustedwarfare/mission/internal/MissionTriggerTypeEventChangeCredits,high,structural_match,mutual_base: mutual-best structural fingerprint,common_core
com/corrodinggames/rts/gameFramework/n/e$6,com/corrodinggames/rts/gameFramework/n/j,rw/mission/internal/MissionTriggerTypeEventTeamTags,rustedwarfare/mission/internal/MissionTriggerTypeEventTeamTags,high,structural_match,mutual_base: mutual-best structural fingerprint,common_core
com/corrodinggames/rts/gameFramework/n/e$7,com/corrodinggames/rts/gameFramework/n/k,rw/mission/internal/MissionTriggerTypeEventUnitAdd,rustedwarfare/mission/internal/MissionTriggerTypeEventUnitAdd,high,structural_match,mutual_base: mutual-best structural fingerprint,common_core
com/corrodinggames/rts/gameFramework/n/e$8,com/corrodinggames/rts/gameFramework/n/l,rw/mission/internal/MissionTriggerTypeEventUnitRemove,rustedwarfare/mission/internal/MissionTriggerTypeEventUnitRemove,high,structural_match,mutual_base: mutual-best structural fingerprint,common_core
com/corrodinggames/rts/gameFramework/n/e$9,com/corrodinggames/rts/gameFramework/n/m,rw/mission/internal/MissionTriggerTypeMapText,rustedwarfare/mission/internal/MissionTriggerTypeMapText,high,structural_match,mutual_base: mutual-best structural fingerprint,common_core
com/corrodinggames/rts/gameFramework/n/f,com/corrodinggames/rts/gameFramework/n/p,rw/mission/MissionEngine,rustedwarfare/mission/MissionEngine,medium,structural_match,iterative_hungarian: iteration 1; relation signals 2,common_core
com/corrodinggames/rts/gameFramework/n/g,com/corrodinggames/rts/gameFramework/n/q,rw/mission/MissionObjectivePanel,rustedwarfare/mission/MissionObjectivePanel,medium,structural_match,mutual_base: mutual-best structural fingerprint,common_core
com/corrodinggames/rts/gameFramework/n/h,com/corrodinggames/rts/gameFramework/n/r,rw/mission/MissionDifficulty,rustedwarfare/mission/MissionDifficulty,high,manual_residual_closure,mission parser neighborhood; enum cardinality 2,common_cross_build_residual
com/corrodinggames/rts/gameFramework/n/i,com/corrodinggames/rts/gameFramework/n/s,rw/mission/MissionUnitCounter,rustedwarfare/mission/MissionUnitCounter,high,structural_match,mutual_base: mutual-best structural fingerprint,common_core
com/corrodinggames/rts/gameFramework/n/j,com/corrodinggames/rts/gameFramework/n/t,rw/mission/MissionUnitCountEntry,rustedwarfare/mission/MissionUnitCountEntry,high,structural_match,iterative_hungarian: iteration 1; relation signals 2,common_core
com/corrodinggames/rts/gameFramework/n/k,com/corrodinggames/rts/gameFramework/n/u,rw/mission/MissionWaveUnit,rustedwarfare/mission/MissionWaveUnit,high,structural_match,iterative_hungarian: iteration 1; relation signals 2,common_core
com/corrodinggames/rts/gameFramework/n/l,com/corrodinggames/rts/gameFramework/n/v,rw/mission/VictoryCondition,rustedwarfare/mission/VictoryCondition,high,manual_residual_closure,mapped mission caller reference flow 21; enum cardinality 8,common_cross_build_residual
com/corrodinggames/rts/gameFramework/n/m,com/corrodinggames/rts/gameFramework/n/w,rw/mission/MissionTriggerReference,rustedwarfare/mission/MissionTriggerReference,high,manual_residual_closure,mapped mission caller reference flow 8; single reference field,common_cross_build_residual
com/corrodinggames/rts/gameFramework/o,com/corrodinggames/rts/gameFramework/x,rw/v090/game/GameEngineFactory,rustedwarfare/game/GameEngineFactory,high,structural_match,mutual_base: mutual-best structural fingerprint,common_core
com/corrodinggames/rts/gameFramework/o/a,com/corrodinggames/rts/gameFramework/o/a,rw/steam/SteamEngine,rustedwarfare/steam/SteamEngine,medium,anchor_bounded_sequence,monotonic package sequence; bounded=false; anchors=0,common_core
com/corrodinggames/rts/gameFramework/p,com/corrodinggames/rts/gameFramework/y,rw/v100rc1/input/InputEventRecord,rustedwarfare/input/InputEventRecord,high,structural_match,mutual_base: mutual-best structural fingerprint,common_core
com/corrodinggames/rts/gameFramework/q,com/corrodinggames/rts/gameFramework/z,rw/v100rc1/util/RunnableBatchQueue,rustedwarfare/util/RunnableBatchQueue,high,structural_match,mutual_base: mutual-best structural fingerprint,common_core
com/corrodinggames/rts/gameFramework/r,com/corrodinggames/rts/gameFramework/aa,rw/v100rc1/input/KeyStateEvent,rustedwarfare/input/KeyStateEvent,medium,anchor_bounded_sequence,monotonic package sequence; bounded=true; anchors=43,common_core
com/corrodinggames/rts/gameFramework/s,com/corrodinggames/rts/gameFramework/ac,rw/v090/game/GameLoadMode,rustedwarfare/game/GameLoadMode,high,manual_residual_closure,mapped app/game callers reference target 12 times; enum cardinality 4,common_cross_build_residual
com/corrodinggames/rts/gameFramework/t,com/corrodinggames/rts/gameFramework/ad,rw/v100rc1/input/ScrollDeltaEvent,rustedwarfare/input/ScrollDeltaEvent,high,structural_match,mutual_base: mutual-best structural fingerprint,common_core
com/corrodinggames/rts/gameFramework/u,com/corrodinggames/rts/gameFramework/ae,rw/v090/game/OutOfMemorySource,rustedwarfare/game/OutOfMemorySource,high,structural_match,mutual_base: mutual-best structural fingerprint,common_core
com/corrodinggames/rts/gameFramework/utility/SlickToAndroidKeycodes,com/corrodinggames/rts/gameFramework/utility/SlickToAndroidKeycodes,rw/input/SlickToAndroidKeycodes,rustedwarfare/input/SlickToAndroidKeycodes,high,structural_match,mutual_base: mutual-best structural fingerprint,common_core
com/corrodinggames/rts/gameFramework/utility/SlickToAndroidKeycodes$AndroidCodes,com/corrodinggames/rts/gameFramework/utility/SlickToAndroidKeycodes$AndroidCodes,rw/input/SlickToAndroidKeycodes$AndroidCodes,rustedwarfare/input/SlickToAndroidKeycodes$AndroidCodes,high,structural_match,mutual_base: mutual-best structural fingerprint,common_core
com/corrodinggames/rts/gameFramework/utility/SlickToAndroidKeycodes$GdxCodes,com/corrodinggames/rts/gameFramework/utility/SlickToAndroidKeycodes$GdxCodes,rw/input/SlickToAndroidKeycodes$GdxCodes,rustedwarfare/input/SlickToAndroidKeycodes$GdxCodes,high,structural_match,mutual_base: mutual-best structural fingerprint,common_core
com/corrodinggames/rts/gameFramework/utility/SlickToAndroidKeycodes$LibrocketKeys,com/corrodinggames/rts/gameFramework/utility/SlickToAndroidKeycodes$LibrocketKeys,rw/input/SlickToAndroidKeycodes$LibrocketKeys,rustedwarfare/input/SlickToAndroidKeycodes$LibrocketKeys,high,structural_match,mutual_base: mutual-best structural fingerprint,common_core
com/corrodinggames/rts/gameFramework/utility/SlickToAndroidKeycodes$MissingKey,com/corrodinggames/rts/gameFramework/utility/SlickToAndroidKeycodes$MissingKey,rw/input/SlickToAndroidKeycodes$MissingKey,rustedwarfare/input/SlickToAndroidKeycodes$MissingKey,high,structural_match,mutual_base: mutual-best structural fingerprint,common_core
com/corrodinggames/rts/gameFramework/utility/SlickToAndroidKeycodes$SlickCodes,com/corrodinggames/rts/gameFramework/utility/SlickToAndroidKeycodes$SlickCodes,rw/input/SlickToAndroidKeycodes$SlickCodes,rustedwarfare/input/SlickToAndroidKeycodes$SlickCodes,high,structural_match,mutual_base: mutual-best structural fingerprint,common_core
com/corrodinggames/rts/gameFramework/utility/a,com/corrodinggames/rts/gameFramework/utility/a,rw/debug/anr/AnrError,rustedwarfare/debug/anr/AnrError,high,structural_match,mutual_base: mutual-best structural fingerprint,common_core
com/corrodinggames/rts/gameFramework/utility/a$1,com/corrodinggames/rts/gameFramework/utility/d,rw/debug/anr/AnrThreadComparator,rustedwarfare/debug/anr/AnrThreadComparator,high,structural_match,mutual_base: mutual-best structural fingerprint,common_core
com/corrodinggames/rts/gameFramework/utility/a/a,com/corrodinggames/rts/gameFramework/utility/a/a,rw/v090/io/AndroidSafFileSystem,rustedwarfare/io/AndroidSafFileSystem,medium,structural_match,mutual_base: mutual-best structural fingerprint,common_core
com/corrodinggames/rts/gameFramework/utility/a/b,com/corrodinggames/rts/gameFramework/utility/a/b,rw/v090/io/AndroidSafFileSystem$Mount,rustedwarfare/io/AndroidSafFileSystem$Mount,medium,structural_match,iterative_hungarian: iteration 1; relation signals 2,common_core
com/corrodinggames/rts/gameFramework/utility/a/c,com/corrodinggames/rts/gameFramework/utility/a/c,rw/v090/io/AndroidSafFileSystem$FileNode,rustedwarfare/io/AndroidSafFileSystem$FileNode,high,structural_match,mutual_base: mutual-best structural fingerprint,common_core
com/corrodinggames/rts/gameFramework/utility/aa,com/corrodinggames/rts/gameFramework/utility/ad,rw/v100/util/DebugDrawItem,rustedwarfare/util/DebugDrawItem,high,structural_match,mutual_base: mutual-best structural fingerprint,common_core
com/corrodinggames/rts/gameFramework/utility/ab,com/corrodinggames/rts/gameFramework/utility/ae,rw/util/UnitConfig,rustedwarfare/util/UnitConfig,high,structural_match,mutual_base: mutual-best structural fingerprint,common_core
com/corrodinggames/rts/gameFramework/utility/ac,com/corrodinggames/rts/gameFramework/utility/af,rw/v090/util/StringPair,rustedwarfare/util/StringPair,high,structural_match,mutual_base: mutual-best structural fingerprint,common_core
com/corrodinggames/rts/gameFramework/utility/ad,com/corrodinggames/rts/gameFramework/utility/ag,rw/v090/util/SimpleObjectPool,rustedwarfare/util/SimpleObjectPool,medium,anchor_bounded_sequence,monotonic package sequence; bounded=true; anchors=23,common_core
com/corrodinggames/rts/gameFramework/utility/ae,com/corrodinggames/rts/gameFramework/utility/ah,rw/v090/io/VirtualFileSystemRegistry,rustedwarfare/io/VirtualFileSystemRegistry,high,structural_match,mutual_base: mutual-best structural fingerprint,common_core
com/corrodinggames/rts/gameFramework/utility/af,com/corrodinggames/rts/gameFramework/utility/ai,rw/v090/io/VirtualFileSystemBackend,rustedwarfare/io/VirtualFileSystemBackend,high,structural_match,mutual_base: mutual-best structural fingerprint,common_core
com/corrodinggames/rts/gameFramework/utility/ag,com/corrodinggames/rts/gameFramework/utility/aj,rw/io/RwmodFileSystem,rustedwarfare/io/RwmodFileSystem,high,structural_match,mutual_base: mutual-best structural fingerprint,common_core
com/corrodinggames/rts/gameFramework/utility/ag$1,com/corrodinggames/rts/gameFramework/utility/ak,rw/v090/io/RwmodFileSystem$1,rustedwarfare/io/RwmodFileSystem$1,high,structural_match,mutual_base: mutual-best structural fingerprint,common_core
com/corrodinggames/rts/gameFramework/utility/ah,com/corrodinggames/rts/gameFramework/utility/al,rw/v090/io/ZipArchive,rustedwarfare/io/ZipArchive,high,structural_match,mutual_base: mutual-best structural fingerprint,common_core
com/corrodinggames/rts/gameFramework/utility/ai,com/corrodinggames/rts/gameFramework/utility/am,rw/math/Point3F,rustedwarfare/math/Point3F,high,structural_match,mutual_base: mutual-best structural fingerprint,common_core
com/corrodinggames/rts/gameFramework/utility/ak,com/corrodinggames/rts/gameFramework/utility/an,rw/v090/path/ShortPoint,rustedwarfare/path/ShortPoint,high,structural_match,mutual_base: mutual-best structural fingerprint,common_core
com/corrodinggames/rts/gameFramework/utility/al,com/corrodinggames/rts/gameFramework/utility/ao,rw/v100/util/StringUtils,rustedwarfare/util/StringUtils,medium,structural_match,iterative_hungarian: iteration 1; relation signals 2,common_core
com/corrodinggames/rts/gameFramework/utility/am,com/corrodinggames/rts/gameFramework/utility/ap,rw/v100/util/ConfigException,rustedwarfare/util/ConfigException,high,structural_match,mutual_base: mutual-best structural fingerprint,common_core
com/corrodinggames/rts/gameFramework/utility/b,com/corrodinggames/rts/gameFramework/utility/b,rw/debug/anr/AnrThreadInfo,rustedwarfare/debug/anr/AnrThreadInfo,medium,structural_match,mutual_base: mutual-best structural fingerprint,common_core
com/corrodinggames/rts/gameFramework/utility/c,com/corrodinggames/rts/gameFramework/utility/c,rw/debug/anr/AnrThrowableChain,rustedwarfare/debug/anr/AnrThrowableChain,high,structural_match,mutual_base: mutual-best structural fingerprint,common_core
com/corrodinggames/rts/gameFramework/utility/d,com/corrodinggames/rts/gameFramework/utility/e,rw/debug/anr/AnrWatchDog,rustedwarfare/debug/anr/AnrWatchDog,high,structural_match,mutual_base: mutual-best structural fingerprint,common_core
com/corrodinggames/rts/gameFramework/utility/d$1,com/corrodinggames/rts/gameFramework/utility/f,rw/debug/anr/DefaultAnrListener,rustedwarfare/debug/anr/DefaultAnrListener,high,structural_match,mutual_base: mutual-best structural fingerprint,common_core
com/corrodinggames/rts/gameFramework/utility/d$2,com/corrodinggames/rts/gameFramework/utility/g,rw/debug/anr/DefaultInterruptionListener,rustedwarfare/debug/anr/DefaultInterruptionListener,high,structural_match,mutual_base: mutual-best structural fingerprint,common_core
com/corrodinggames/rts/gameFramework/utility/d$3,com/corrodinggames/rts/gameFramework/utility/h,rw/debug/anr/AnrTickerRunnable,rustedwarfare/debug/anr/AnrTickerRunnable,high,structural_match,mutual_base: mutual-best structural fingerprint,common_core
com/corrodinggames/rts/gameFramework/utility/e,com/corrodinggames/rts/gameFramework/utility/i,rw/debug/anr/AnrListener,rustedwarfare/debug/anr/AnrListener,high,structural_match,mutual_base: mutual-best structural fingerprint,common_core
com/corrodinggames/rts/gameFramework/utility/f,com/corrodinggames/rts/gameFramework/utility/j,rw/debug/anr/AnrInterruptionListener,rustedwarfare/debug/anr/AnrInterruptionListener,high,structural_match,mutual_base: mutual-best structural fingerprint,common_core
com/corrodinggames/rts/gameFramework/utility/g,com/corrodinggames/rts/gameFramework/utility/k,rw/v090/util/ObjectArrayDeque,rustedwarfare/util/ObjectArrayDeque,high,structural_match,mutual_base: mutual-best structural fingerprint,common_core
com/corrodinggames/rts/gameFramework/utility/h,com/corrodinggames/rts/gameFramework/utility/l,rw/v090/util/ObjectArrayDeque$Iterator,rustedwarfare/util/ObjectArrayDeque$Iterator,high,structural_match,iterative_hungarian: iteration 1; relation signals 2,common_core
com/corrodinggames/rts/gameFramework/utility/i,com/corrodinggames/rts/gameFramework/utility/m,rw/v090/io/AssetIndex,rustedwarfare/io/AssetIndex,high,structural_match,mutual_base: mutual-best structural fingerprint,common_core
com/corrodinggames/rts/gameFramework/utility/i$1,com/corrodinggames/rts/gameFramework/utility/n,rw/v090/io/AssetIndex$IndexBuilderThread,rustedwarfare/io/AssetIndex$IndexBuilderThread,high,structural_match,mutual_base: mutual-best structural fingerprint,common_core
com/corrodinggames/rts/gameFramework/utility/j,com/corrodinggames/rts/gameFramework/utility/o,rw/io/NamedInputStream,rustedwarfare/io/NamedInputStream,medium,structural_match,iterative_hungarian: iteration 1; relation signals 2,common_core
com/corrodinggames/rts/gameFramework/utility/m,com/corrodinggames/rts/gameFramework/utility/p,rw/util/RwArrayList,rustedwarfare/util/RwArrayList,high,structural_match,mutual_base: mutual-best structural fingerprint,common_core
com/corrodinggames/rts/gameFramework/utility/n,com/corrodinggames/rts/gameFramework/utility/q,rw/v090/util/RwArrayList$Iterator,rustedwarfare/util/RwArrayList$Iterator,high,structural_match,iterative_hungarian: iteration 1; relation signals 2,common_core
com/corrodinggames/rts/gameFramework/utility/o,com/corrodinggames/rts/gameFramework/utility/r,rw/v090/util/DeferredArrayList,rustedwarfare/util/DeferredArrayList,high,structural_match,mutual_base: mutual-best structural fingerprint,common_core
com/corrodinggames/rts/gameFramework/utility/p,com/corrodinggames/rts/gameFramework/utility/s,rw/v090/util/DeferredArrayList$Iterator,rustedwarfare/util/DeferredArrayList$Iterator,high,structural_match,iterative_hungarian: iteration 1; relation signals 2,common_core
com/corrodinggames/rts/gameFramework/utility/q,com/corrodinggames/rts/gameFramework/utility/t,rw/v090/util/DeferredListOperationType,rustedwarfare/util/DeferredListOperationType,high,structural_match,mutual_base: mutual-best structural fingerprint,common_core
com/corrodinggames/rts/gameFramework/utility/r,com/corrodinggames/rts/gameFramework/utility/u,rw/v090/util/DeferredListOperation,rustedwarfare/util/DeferredListOperation,high,structural_match,mutual_base: mutual-best structural fingerprint,common_core
com/corrodinggames/rts/gameFramework/utility/s,com/corrodinggames/rts/gameFramework/utility/v,rw/v090/util/GameObjectArrayList,rustedwarfare/util/GameObjectArrayList,high,structural_match,mutual_base: mutual-best structural fingerprint,common_core
com/corrodinggames/rts/gameFramework/utility/t,com/corrodinggames/rts/gameFramework/utility/w,rw/v090/util/GameObjectArrayList$Iterator,rustedwarfare/util/GameObjectArrayList$Iterator,high,structural_match,mutual_base: mutual-best structural fingerprint,common_core
com/corrodinggames/rts/gameFramework/utility/u,com/corrodinggames/rts/gameFramework/utility/x,rw/v090/util/UnitArrayList,rustedwarfare/util/UnitArrayList,high,structural_match,mutual_base: mutual-best structural fingerprint,common_core
com/corrodinggames/rts/gameFramework/utility/v,com/corrodinggames/rts/gameFramework/utility/y,rw/v090/util/UnitArrayList$Iterator,rustedwarfare/util/UnitArrayList$Iterator,high,structural_match,iterative_hungarian: iteration 2; relation signals 2,common_core
com/corrodinggames/rts/gameFramework/utility/w,com/corrodinggames/rts/gameFramework/utility/z,rw/v090/io/FastByteArrayOutputStream,rustedwarfare/io/FastByteArrayOutputStream,high,structural_match,mutual_base: mutual-best structural fingerprint,common_core
com/corrodinggames/rts/gameFramework/utility/x,com/corrodinggames/rts/gameFramework/utility/aa,rw/v090/util/EmptyArrays,rustedwarfare/util/EmptyArrays,high,structural_match,mutual_base: mutual-best structural fingerprint,common_core
com/corrodinggames/rts/gameFramework/utility/y,com/corrodinggames/rts/gameFramework/utility/ab,rw/util/UnitUtils,rustedwarfare/util/UnitUtils,high,structural_match,mutual_base: mutual-best structural fingerprint,common_core
com/corrodinggames/rts/gameFramework/utility/z,com/corrodinggames/rts/gameFramework/utility/ac,rw/v090/render/PaintCacheEntry,rustedwarfare/render/PaintCacheEntry,high,structural_match,mutual_base: mutual-best structural fingerprint,common_core
com/corrodinggames/rts/gameFramework/v,com/corrodinggames/rts/gameFramework/af,rw/v090/game/DefaultGameEngineFactory,rustedwarfare/game/DefaultGameEngineFactory,high,structural_match,mutual_base: mutual-best structural fingerprint,common_core
com/corrodinggames/rts/gameFramework/w,com/corrodinggames/rts/gameFramework/ah,rw/v100/framework/GameObject,rustedwarfare/framework/GameObject,high,structural_match,mutual_base: mutual-best structural fingerprint,common_core
com/corrodinggames/rts/gameFramework/x,com/corrodinggames/rts/gameFramework/ai,rw/v090/game/GameObjectDrawOrderComparator,rustedwarfare/game/GameObjectDrawOrderComparator,high,structural_match,mutual_base: mutual-best structural fingerprint,common_core
com/corrodinggames/rts/gameFramework/y,com/corrodinggames/rts/gameFramework/aj,rw/save/GameSaver,rustedwarfare/save/GameSaver,medium,structural_match,iterative_hungarian: iteration 1; relation signals 2,common_core
com/corrodinggames/rts/gameFramework/z,com/corrodinggames/rts/gameFramework/ak,rw/v090/game/GameThread,rustedwarfare/game/GameThread,high,structural_match,mutual_base: mutual-best structural fingerprint,common_core
