official_row,official_sheet,section_context,context_type,category,version_added,key_raw,key_normalized,key_candidate,value_type,description,example,evidence_status,best_parser_owner_official,best_parser_owner_named,best_parser_domain,best_match,other_hit_count,semantic_confidence,implementation_note,best_method_official,best_method_descriptor,best_method_named
54,1.16,[core],ini_section,Necessary Code: will cause error if these are not included,,name:,name,name,string,"Defines the unit raw name, game uses it to identify as a unique name. (This is not displayed in-game)",name: customTank1,matched,com/corrodinggames/rts/game/units/custom/l,rustedwarfare/custom/CustomUnitMetadata,custom-unit-metadata,name,19,medium,,,,
55,1.16,[core],ini_section,Necessary Code: will cause error if these are not included,,mass:,mass,mass,int,"The 'weight' of the unit, defines how it collides with other units, a greater value means it's tougher to push.",mass: 3000,matched,com/corrodinggames/rts/game/units/custom/ag,rustedwarfare/custom/CustomUnitLoader,custom-unit-loader,mass,1,high,,a,(Ljava/lang/String;Ljava/io/InputStream;JLcom/corrodinggames/rts/gameFramework/i/b;Lcom/corrodinggames/rts/gameFramework/utility/j;Ljava/lang/String;Ljava/lang/String;)Lcom/corrodinggames/rts/game/units/custom/l;,parseCustomUnitMetadata
56,1.16,[core],ini_section,Necessary Code: will cause error if these are not included,,radius:,radius,radius,int,Circular area around the unit that makes it selectable. (mouse click/screen touch),radius: 20,matched,com/corrodinggames/rts/game/units/custom/ag,rustedwarfare/custom/CustomUnitLoader,custom-unit-loader,radius,0,high,,a,(Ljava/lang/String;Ljava/io/InputStream;JLcom/corrodinggames/rts/gameFramework/i/b;Lcom/corrodinggames/rts/gameFramework/utility/j;Ljava/lang/String;Ljava/lang/String;)Lcom/corrodinggames/rts/game/units/custom/l;,parseCustomUnitMetadata
57,1.16,[core],ini_section,Necessary Code: will cause error if these are not included,,price:,price,price,int / price,The unit cost from builders/buildings. Defaults to credits if no resource type is used,"price: 500, gold=5, stone=10",matched,com/corrodinggames/rts/game/units/custom/ag,rustedwarfare/custom/CustomUnitLoader,custom-unit-loader,price,0,high,,a,(Ljava/lang/String;Ljava/io/InputStream;JLcom/corrodinggames/rts/gameFramework/i/b;Lcom/corrodinggames/rts/gameFramework/utility/j;Ljava/lang/String;Ljava/lang/String;)Lcom/corrodinggames/rts/game/units/custom/l;,parseCustomUnitMetadata
58,1.16,[core],ini_section,Necessary Code: will cause error if these are not included,,maxHp:,maxHp,maxHp,int,The max health for the unit. (will spawn with this value).,maxHp: 200,matched,com/corrodinggames/rts/game/units/custom/ag,rustedwarfare/custom/CustomUnitLoader,custom-unit-loader,maxHp,1,high,,a,(Ljava/lang/String;Ljava/io/InputStream;JLcom/corrodinggames/rts/gameFramework/i/b;Lcom/corrodinggames/rts/gameFramework/utility/j;Ljava/lang/String;Ljava/lang/String;)Lcom/corrodinggames/rts/game/units/custom/l;,parseCustomUnitMetadata
60,1.16,[core],ini_section,Common Keys,,buildSpeed:,buildSpeed,buildSpeed,float / s,Time it takes to build the unit. (may multiply with builder speed),buildSpeed: 3s,matched,com/corrodinggames/rts/game/units/custom/ag,rustedwarfare/custom/CustomUnitLoader,custom-unit-loader,buildSpeed,0,high,,a,(Ljava/lang/String;Ljava/io/InputStream;JLcom/corrodinggames/rts/gameFramework/i/b;Lcom/corrodinggames/rts/gameFramework/utility/j;Ljava/lang/String;Ljava/lang/String;)Lcom/corrodinggames/rts/game/units/custom/l;,parseCustomUnitMetadata
61,1.16,[core],ini_section,Common Keys,,class:,class,class,string,"Reserved for future use, must be CustomUnitMetadata by default.",class: CustomUnitMetadata,matched,com/corrodinggames/rts/game/units/custom/ag,rustedwarfare/custom/CustomUnitLoader,custom-unit-loader,class,0,high,,a,(Ljava/lang/String;Ljava/io/InputStream;JLcom/corrodinggames/rts/gameFramework/i/b;Lcom/corrodinggames/rts/gameFramework/utility/j;Ljava/lang/String;Ljava/lang/String;)Lcom/corrodinggames/rts/game/units/custom/l;,parseCustomUnitMetadata
62,1.16,[core],ini_section,Common Keys,,techLevel:,techLevel,techLevel,int,"Defines the Tech Level of the unit, there're 3 levels and each will appear in a different color in the GUI.",techLevel: 1,matched,com/corrodinggames/rts/game/units/custom/ag,rustedwarfare/custom/CustomUnitLoader,custom-unit-loader,techLevel,1,high,,a,(Ljava/lang/String;Ljava/io/InputStream;JLcom/corrodinggames/rts/gameFramework/i/b;Lcom/corrodinggames/rts/gameFramework/utility/j;Ljava/lang/String;Ljava/lang/String;)Lcom/corrodinggames/rts/game/units/custom/l;,parseCustomUnitMetadata
63,1.16,[core],ini_section,Common Keys,,altNames:,altNames,altNames,string(s),"Comma separated list of names. Like name but lower priority, useful for multiple optional mods.","altNames: custTank1, customTank1, cTank1",matched,com/corrodinggames/rts/game/units/custom/ag,rustedwarfare/custom/CustomUnitLoader,custom-unit-loader,altNames,0,high,,a,(Ljava/lang/String;Ljava/io/InputStream;JLcom/corrodinggames/rts/gameFramework/i/b;Lcom/corrodinggames/rts/gameFramework/utility/j;Ljava/lang/String;Ljava/lang/String;)Lcom/corrodinggames/rts/game/units/custom/l;,parseCustomUnitMetadata
64,1.16,[core],ini_section,Common Keys,1.13.3,strictLevel:,strictLevel,strictLevel,float,"Defaults to 0. 1 = Errors if keys are duplicated. Add to ""all-units.template"" in root to apply to all units.",strictLevel: 1,matched,com/corrodinggames/rts/game/units/custom/ag,rustedwarfare/custom/CustomUnitLoader,custom-unit-loader,strictLevel,0,high,,a,(Ljava/lang/String;Ljava/io/InputStream;JLcom/corrodinggames/rts/gameFramework/i/b;Lcom/corrodinggames/rts/gameFramework/utility/j;Ljava/lang/String;Ljava/lang/String;)Lcom/corrodinggames/rts/game/units/custom/l;,parseCustomUnitMetadata
65,1.16,[core],ini_section,Common Keys,,isBio:,isBio,isBio,bool,"Choose whether the unit is bioligical or not, affects sound and splat (unless hideScorchMark:true)",isBio: true,matched,com/corrodinggames/rts/game/units/custom/ag,rustedwarfare/custom/CustomUnitLoader,custom-unit-loader,isBio,0,high,,a,(Ljava/lang/String;Ljava/io/InputStream;JLcom/corrodinggames/rts/gameFramework/i/b;Lcom/corrodinggames/rts/gameFramework/utility/j;Ljava/lang/String;Ljava/lang/String;)Lcom/corrodinggames/rts/game/units/custom/l;,parseCustomUnitMetadata
66,1.16,[core],ini_section,Common Keys,,isBug:,isBug,isBug,bool,"Changes some death defaults, and sort order in Sandbox.",isBug: false,matched,com/corrodinggames/rts/game/units/custom/ag,rustedwarfare/custom/CustomUnitLoader,custom-unit-loader,isBug,0,high,,a,(Ljava/lang/String;Ljava/io/InputStream;JLcom/corrodinggames/rts/gameFramework/i/b;Lcom/corrodinggames/rts/gameFramework/utility/j;Ljava/lang/String;Ljava/lang/String;)Lcom/corrodinggames/rts/game/units/custom/l;,parseCustomUnitMetadata
67,1.16,[core],ini_section,Common Keys,1.13,isBuilder:,isBuilder,isBuilder,bool,Normally required if this unit places buildings. Defaults to [ai]useAsBuilder.,isBuilder: true,matched,com/corrodinggames/rts/game/units/custom/ag,rustedwarfare/custom/CustomUnitLoader,custom-unit-loader,isBuilder,0,high,,a,(Ljava/lang/String;Ljava/io/InputStream;JLcom/corrodinggames/rts/gameFramework/i/b;Lcom/corrodinggames/rts/gameFramework/utility/j;Ljava/lang/String;Ljava/lang/String;)Lcom/corrodinggames/rts/game/units/custom/l;,parseCustomUnitMetadata
68,1.16,[core],ini_section,Common Keys,1.15,streamingCost:,streamingCost,streamingCost,price,Like price but paid for overtime while this unit is being queued or built. Construction or queue is paused if resources run out while building.,streamingCost: gem=420,matched,com/corrodinggames/rts/game/units/custom/ag,rustedwarfare/custom/CustomUnitLoader,custom-unit-loader,streamingCost,0,high,,a,(Ljava/lang/String;Ljava/io/InputStream;JLcom/corrodinggames/rts/gameFramework/i/b;Lcom/corrodinggames/rts/gameFramework/utility/j;Ljava/lang/String;Ljava/lang/String;)Lcom/corrodinggames/rts/game/units/custom/l;,parseCustomUnitMetadata
69,1.16,[core],ini_section,Common Keys,1.15,switchPriceWithStreamingCost:,switchPriceWithStreamingCost,switchPriceWithStreamingCost,bool,"Shortcut to set streamingCost to price value and clear price, add to all-units.template to quickly switch a mod over to streaming resources.",switchPriceWithStreamingCost: true,matched,com/corrodinggames/rts/game/units/custom/ag,rustedwarfare/custom/CustomUnitLoader,custom-unit-loader,switchPriceWithStreamingCost,0,high,,a,(Ljava/lang/String;Ljava/io/InputStream;JLcom/corrodinggames/rts/gameFramework/i/b;Lcom/corrodinggames/rts/gameFramework/utility/j;Ljava/lang/String;Ljava/lang/String;)Lcom/corrodinggames/rts/game/units/custom/l;,parseCustomUnitMetadata
71,1.16,[core],ini_section,Unit Stats Keys,,selfRegenRate:,selfRegenRate,selfRegenRate,float,Passive self repair rate.,selfRegenRate: 0.01,matched,com/corrodinggames/rts/game/units/custom/ag,rustedwarfare/custom/CustomUnitLoader,custom-unit-loader,selfRegenRate,0,high,,a,(Ljava/lang/String;Ljava/io/InputStream;JLcom/corrodinggames/rts/gameFramework/i/b;Lcom/corrodinggames/rts/gameFramework/utility/j;Ljava/lang/String;Ljava/lang/String;)Lcom/corrodinggames/rts/game/units/custom/l;,parseCustomUnitMetadata
72,1.16,[core],ini_section,Unit Stats Keys,,maxShield:,maxShield,maxShield,int,The max shield hitpoints of the unit. Can start with 0 hitpoints if startShieldAtZero:true.,maxShield: 500,matched,com/corrodinggames/rts/game/units/custom/ag,rustedwarfare/custom/CustomUnitLoader,custom-unit-loader,maxShield,1,high,,a,(Ljava/lang/String;Ljava/io/InputStream;JLcom/corrodinggames/rts/gameFramework/i/b;Lcom/corrodinggames/rts/gameFramework/utility/j;Ljava/lang/String;Ljava/lang/String;)Lcom/corrodinggames/rts/game/units/custom/l;,parseCustomUnitMetadata
73,1.16,[core],ini_section,Unit Stats Keys,,startShieldAtZero:,startShieldAtZero,startShieldAtZero,bool,Unit starts with a 0 hitpoints shield on created if true.,startShieldAtZero: true,matched,com/corrodinggames/rts/game/units/custom/ag,rustedwarfare/custom/CustomUnitLoader,custom-unit-loader,startShieldAtZero,0,high,,a,(Ljava/lang/String;Ljava/io/InputStream;JLcom/corrodinggames/rts/gameFramework/i/b;Lcom/corrodinggames/rts/gameFramework/utility/j;Ljava/lang/String;Ljava/lang/String;)Lcom/corrodinggames/rts/game/units/custom/l;,parseCustomUnitMetadata
74,1.16,[core],ini_section,Unit Stats Keys,,shieldRegen:,shieldRegen,shieldRegen,float,Passive shield regen rate.,shieldRegen: 0.15,matched,com/corrodinggames/rts/game/units/custom/ag,rustedwarfare/custom/CustomUnitLoader,custom-unit-loader,shieldRegen,0,high,,a,(Ljava/lang/String;Ljava/io/InputStream;JLcom/corrodinggames/rts/gameFramework/i/b;Lcom/corrodinggames/rts/gameFramework/utility/j;Ljava/lang/String;Ljava/lang/String;)Lcom/corrodinggames/rts/game/units/custom/l;,parseCustomUnitMetadata
75,1.16,[core],ini_section,Unit Stats Keys,,energyMax:,energyMax,energyMax,float,"Defaults to 0. Energy that can be used as ammo for turrets, laser defense and actions.",energyMax: 1,matched,com/corrodinggames/rts/game/units/custom/ag,rustedwarfare/custom/CustomUnitLoader,custom-unit-loader,energyMax,0,high,,a,(Ljava/lang/String;Ljava/io/InputStream;JLcom/corrodinggames/rts/gameFramework/i/b;Lcom/corrodinggames/rts/gameFramework/utility/j;Ljava/lang/String;Ljava/lang/String;)Lcom/corrodinggames/rts/game/units/custom/l;,parseCustomUnitMetadata
76,1.16,[core],ini_section,Unit Stats Keys,,energyRegen:,energyRegen,energyRegen,float,Passive energy regen rate.,energyRegen: 0.001,matched,com/corrodinggames/rts/game/units/custom/ag,rustedwarfare/custom/CustomUnitLoader,custom-unit-loader,energyRegen,0,high,,a,(Ljava/lang/String;Ljava/io/InputStream;JLcom/corrodinggames/rts/gameFramework/i/b;Lcom/corrodinggames/rts/gameFramework/utility/j;Ljava/lang/String;Ljava/lang/String;)Lcom/corrodinggames/rts/game/units/custom/l;,parseCustomUnitMetadata
77,1.16,[core],ini_section,Unit Stats Keys,,energyStartingPercentage:,energyStartingPercentage,energyStartingPercentage,float,Sets the percentage of charged energy when the unit is first built.,energyStartingPercentage: 0.5,matched,com/corrodinggames/rts/game/units/custom/ag,rustedwarfare/custom/CustomUnitLoader,custom-unit-loader,energyStartingPercentage,0,high,,a,(Ljava/lang/String;Ljava/io/InputStream;JLcom/corrodinggames/rts/gameFramework/i/b;Lcom/corrodinggames/rts/gameFramework/utility/j;Ljava/lang/String;Ljava/lang/String;)Lcom/corrodinggames/rts/game/units/custom/l;,parseCustomUnitMetadata
78,1.16,[core],ini_section,Unit Stats Keys,,energyNeedsToRechargeToFull:,energyNeedsToRechargeToFull,energyNeedsToRechargeToFull,float,Disables weapons using energy after reaching zero till fully recharged if true.,energyNeedsToRechargeToFull: true,matched,com/corrodinggames/rts/game/units/custom/ag,rustedwarfare/custom/CustomUnitLoader,custom-unit-loader,energyNeedsToRechargeToFull,0,high,,a,(Ljava/lang/String;Ljava/io/InputStream;JLcom/corrodinggames/rts/gameFramework/i/b;Lcom/corrodinggames/rts/gameFramework/utility/j;Ljava/lang/String;Ljava/lang/String;)Lcom/corrodinggames/rts/game/units/custom/l;,parseCustomUnitMetadata
79,1.16,[core],ini_section,Unit Stats Keys,,energyRegenWhenRecharging:,energyRegenWhenRecharging,energyRegenWhenRecharging,float,Regen rate while recharging.,,matched,com/corrodinggames/rts/game/units/custom/ag,rustedwarfare/custom/CustomUnitLoader,custom-unit-loader,energyRegenWhenRecharging,0,high,,a,(Ljava/lang/String;Ljava/io/InputStream;JLcom/corrodinggames/rts/gameFramework/i/b;Lcom/corrodinggames/rts/gameFramework/utility/j;Ljava/lang/String;Ljava/lang/String;)Lcom/corrodinggames/rts/game/units/custom/l;,parseCustomUnitMetadata
80,1.16,[core],ini_section,Unit Stats Keys,1.13,armour:,armour,armour,int,Damage taken away from each hit. (not currently used in any vanilla units),armour: 6,matched,com/corrodinggames/rts/game/units/custom/ag,rustedwarfare/custom/CustomUnitLoader,custom-unit-loader,armour,1,high,,a,(Ljava/lang/String;Ljava/io/InputStream;JLcom/corrodinggames/rts/gameFramework/i/b;Lcom/corrodinggames/rts/gameFramework/utility/j;Ljava/lang/String;Ljava/lang/String;)Lcom/corrodinggames/rts/game/units/custom/l;,parseCustomUnitMetadata
81,1.16,[core],ini_section,Unit Stats Keys,1.13,armourMinDamageToKeep:,armourMinDamageToKeep,armourMinDamageToKeep,int,Min damage to keep from received damage. Defaults to 1.,armourMinDamageToKeep: 2,matched,com/corrodinggames/rts/game/units/custom/ag,rustedwarfare/custom/CustomUnitLoader,custom-unit-loader,armourMinDamageToKeep,0,high,,a,(Ljava/lang/String;Ljava/io/InputStream;JLcom/corrodinggames/rts/gameFramework/i/b;Lcom/corrodinggames/rts/gameFramework/utility/j;Ljava/lang/String;Ljava/lang/String;)Lcom/corrodinggames/rts/game/units/custom/l;,parseCustomUnitMetadata
82,1.16,[core],ini_section,Unit Stats Keys,1.13.3,borrowResourcesWhileAlive:,borrowResourcesWhileAlive,borrowResourcesWhileAlive,price,Takes these resources when created and returns them when removed or destroyed.,borrowResourcesWhileAlive: gold=10,matched,com/corrodinggames/rts/game/units/custom/ag,rustedwarfare/custom/CustomUnitLoader,custom-unit-loader,borrowResourcesWhileAlive,0,high,,a,(Ljava/lang/String;Ljava/io/InputStream;JLcom/corrodinggames/rts/gameFramework/i/b;Lcom/corrodinggames/rts/gameFramework/utility/j;Ljava/lang/String;Ljava/lang/String;)Lcom/corrodinggames/rts/game/units/custom/l;,parseCustomUnitMetadata
83,1.16,[core],ini_section,Unit Stats Keys,1.15,borrowResourcesWhileBuilt:,borrowResourcesWhileBuilt,borrowResourcesWhileBuilt,price,"Like borrowResourcesWhileAlive but doesn't take affect till built. Mostly useful for buildings like houses that have negative resources to add to the unit cap, etc.",borrowResourcesWhileBuilt: supplyCap = -10,matched,com/corrodinggames/rts/game/units/custom/ag,rustedwarfare/custom/CustomUnitLoader,custom-unit-loader,borrowResourcesWhileBuilt,0,high,,a,(Ljava/lang/String;Ljava/io/InputStream;JLcom/corrodinggames/rts/gameFramework/i/b;Lcom/corrodinggames/rts/gameFramework/utility/j;Ljava/lang/String;Ljava/lang/String;)Lcom/corrodinggames/rts/game/units/custom/l;,parseCustomUnitMetadata
84,1.16,[core],ini_section,Unit Stats Keys,1.13.3,generation_resources:,generation_resources,generation_resources,price,Income unit creates. (custom resource version),"generation_resources: credits=5, gold=20",matched,com/corrodinggames/rts/game/units/custom/ag,rustedwarfare/custom/CustomUnitLoader,custom-unit-loader,generation_resources,0,high,,a,(Ljava/lang/String;Ljava/io/InputStream;JLcom/corrodinggames/rts/gameFramework/i/b;Lcom/corrodinggames/rts/gameFramework/utility/j;Ljava/lang/String;Ljava/lang/String;)Lcom/corrodinggames/rts/game/units/custom/l;,parseCustomUnitMetadata
85,1.16,[core],ini_section,Unit Stats Keys,1.13.3,generation_active:,generation_active,generation_active,logicBoolean,Disables generation_resources/credits when false. (logic_boolean),generation_active: if not self.hp(lessThan=100),matched,com/corrodinggames/rts/game/units/custom/ag,rustedwarfare/custom/CustomUnitLoader,custom-unit-loader,generation_active,0,high,,a,(Ljava/lang/String;Ljava/io/InputStream;JLcom/corrodinggames/rts/gameFramework/i/b;Lcom/corrodinggames/rts/gameFramework/utility/j;Ljava/lang/String;Ljava/lang/String;)Lcom/corrodinggames/rts/game/units/custom/l;,parseCustomUnitMetadata
86,1.16,[core],ini_section,Unit Stats Keys,,generation_credits:,generation_credits,generation_credits,int,Income unit creates. (credits only),generation_credits: 2,matched,com/corrodinggames/rts/game/units/custom/ag,rustedwarfare/custom/CustomUnitLoader,custom-unit-loader,generation_credits,0,high,,a,(Ljava/lang/String;Ljava/io/InputStream;JLcom/corrodinggames/rts/gameFramework/i/b;Lcom/corrodinggames/rts/gameFramework/utility/j;Ljava/lang/String;Ljava/lang/String;)Lcom/corrodinggames/rts/game/units/custom/l;,parseCustomUnitMetadata
87,1.16,[core],ini_section,Unit Stats Keys,,generation_delay:,generation_delay,generation_delay,int,How often generation_resources/credits is added. Defaults to 40. (changing not recommended),generation_delay: 40,matched,com/corrodinggames/rts/game/units/custom/ag,rustedwarfare/custom/CustomUnitLoader,custom-unit-loader,generation_delay,0,high,,a,(Ljava/lang/String;Ljava/io/InputStream;JLcom/corrodinggames/rts/gameFramework/i/b;Lcom/corrodinggames/rts/gameFramework/utility/j;Ljava/lang/String;Ljava/lang/String;)Lcom/corrodinggames/rts/game/units/custom/l;,parseCustomUnitMetadata
89,1.16,[core],ini_section,UI and Graphics Keys,,showInEditor:,showInEditor,showInEditor,bool,Set to false to hide unit in Sandbox editor. (Defaults to true),showInEditor: false,matched,com/corrodinggames/rts/game/units/custom/ag,rustedwarfare/custom/CustomUnitLoader,custom-unit-loader,showInEditor,0,high,,a,(Ljava/lang/String;Ljava/io/InputStream;JLcom/corrodinggames/rts/gameFramework/i/b;Lcom/corrodinggames/rts/gameFramework/utility/j;Ljava/lang/String;Ljava/lang/String;)Lcom/corrodinggames/rts/game/units/custom/l;,parseCustomUnitMetadata
90,1.16,[core],ini_section,UI and Graphics Keys,,displayText:,displayText,displayText,LocaleString,The unit name that the game shows to the player.,displayText: Custom Tank,matched,com/corrodinggames/rts/game/units/custom/ag,rustedwarfare/custom/CustomUnitLoader,custom-unit-loader,displayText,0,high,,a,(Ljava/lang/String;Ljava/io/InputStream;JLcom/corrodinggames/rts/gameFramework/i/b;Lcom/corrodinggames/rts/gameFramework/utility/j;Ljava/lang/String;Ljava/lang/String;)Lcom/corrodinggames/rts/game/units/custom/l;,parseCustomUnitMetadata
91,1.16,[core],ini_section,UI and Graphics Keys,1.13,displayText_{LANG}:,displayText_{LANG},displayText_{LANG},string,LANG = ISO 639-1 Code to show this text instead when game is in this language.,displayText_es: Tanque Personalizado,matched,com/corrodinggames/rts/game/units/custom/ag,rustedwarfare/custom/CustomUnitLoader,custom-unit-loader,displayText,5,high,,a,(Ljava/lang/String;Ljava/io/InputStream;JLcom/corrodinggames/rts/gameFramework/i/b;Lcom/corrodinggames/rts/gameFramework/utility/j;Ljava/lang/String;Ljava/lang/String;)Lcom/corrodinggames/rts/game/units/custom/l;,parseCustomUnitMetadata
92,1.16,[core],ini_section,UI and Graphics Keys,,displayDescription:,displayDescription,displayDescription,LocaleString,Unit description that the game shows to the player.,displayDescription: -Fast movement\n-Light damage,matched,com/corrodinggames/rts/game/units/custom/ag,rustedwarfare/custom/CustomUnitLoader,custom-unit-loader,displayDescription,0,high,,a,(Ljava/lang/String;Ljava/io/InputStream;JLcom/corrodinggames/rts/gameFramework/i/b;Lcom/corrodinggames/rts/gameFramework/utility/j;Ljava/lang/String;Ljava/lang/String;)Lcom/corrodinggames/rts/game/units/custom/l;,parseCustomUnitMetadata
93,1.16,[core],ini_section,UI and Graphics Keys,1.13,displayDescription_{LANG}:,displayDescription_{LANG},displayDescription_{LANG},string,LANG = ISO 639-1 Code to show this text instead when game is in this language.,displayDescription_es: -Movimiento rápido\n-Daño ligero,matched,com/corrodinggames/rts/game/units/custom/ag,rustedwarfare/custom/CustomUnitLoader,custom-unit-loader,displayDescription,1,high,,a,(Ljava/lang/String;Ljava/io/InputStream;JLcom/corrodinggames/rts/gameFramework/i/b;Lcom/corrodinggames/rts/gameFramework/utility/j;Ljava/lang/String;Ljava/lang/String;)Lcom/corrodinggames/rts/game/units/custom/l;,parseCustomUnitMetadata
94,1.16,[core],ini_section,UI and Graphics Keys,,displayLocaleKey:,displayLocaleKey,displayLocaleKey,string,Translation file key for unit name and description.,displayLocaleKey: units.mechArtillery,matched,com/corrodinggames/rts/game/units/custom/ag,rustedwarfare/custom/CustomUnitLoader,custom-unit-loader,displayLocaleKey,0,high,,a,(Ljava/lang/String;Ljava/io/InputStream;JLcom/corrodinggames/rts/gameFramework/i/b;Lcom/corrodinggames/rts/gameFramework/utility/j;Ljava/lang/String;Ljava/lang/String;)Lcom/corrodinggames/rts/game/units/custom/l;,parseCustomUnitMetadata
95,1.16,[core],ini_section,UI and Graphics Keys,,displayRadius:,displayRadius,displayRadius,int,Defaults to radius value. Set to show a larger or smaller selection circle UI on units.,displayRadius: 20,matched,com/corrodinggames/rts/game/units/custom/ag,rustedwarfare/custom/CustomUnitLoader,custom-unit-loader,displayRadius,0,high,,a,(Ljava/lang/String;Ljava/io/InputStream;JLcom/corrodinggames/rts/gameFramework/i/b;Lcom/corrodinggames/rts/gameFramework/utility/j;Ljava/lang/String;Ljava/lang/String;)Lcom/corrodinggames/rts/game/units/custom/l;,parseCustomUnitMetadata
96,1.16,[core],ini_section,UI and Graphics Keys,,uiTargetRadius,uiTargetRadius,uiTargetRadius,int,Defaults to displayRadius value. Radius used when attacking/reclaiming/etc this unit,uiTargetRadius: 10,matched,com/corrodinggames/rts/game/units/custom/ag,rustedwarfare/custom/CustomUnitLoader,custom-unit-loader,uiTargetRadius,0,high,,a,(Ljava/lang/String;Ljava/io/InputStream;JLcom/corrodinggames/rts/gameFramework/i/b;Lcom/corrodinggames/rts/gameFramework/utility/j;Ljava/lang/String;Ljava/lang/String;)Lcom/corrodinggames/rts/game/units/custom/l;,parseCustomUnitMetadata
97,1.16,[core],ini_section,UI and Graphics Keys,,shieldRenderRadius:,shieldRenderRadius,shieldRenderRadius,int,Defaults is a little bigger than radius. Set to show a larger or smaller shield circle on units.,shieldRenderRadius: 12,matched,com/corrodinggames/rts/game/units/custom/ag,rustedwarfare/custom/CustomUnitLoader,custom-unit-loader,shieldRenderRadius,0,high,,a,(Ljava/lang/String;Ljava/io/InputStream;JLcom/corrodinggames/rts/gameFramework/i/b;Lcom/corrodinggames/rts/gameFramework/utility/j;Ljava/lang/String;Ljava/lang/String;)Lcom/corrodinggames/rts/game/units/custom/l;,parseCustomUnitMetadata
98,1.16,[core],ini_section,UI and Graphics Keys,,shieldDisplayOnlyDeflection:,shieldDisplayOnlyDeflection,shieldDisplayOnlyDeflection,bool,Hide shield unless deflecting shot if true.,shieldDisplayOnlyDeflection: true,matched,com/corrodinggames/rts/game/units/custom/ag,rustedwarfare/custom/CustomUnitLoader,custom-unit-loader,shieldDisplayOnlyDeflection,0,high,,a,(Ljava/lang/String;Ljava/io/InputStream;JLcom/corrodinggames/rts/gameFramework/i/b;Lcom/corrodinggames/rts/gameFramework/utility/j;Ljava/lang/String;Ljava/lang/String;)Lcom/corrodinggames/rts/game/units/custom/l;,parseCustomUnitMetadata
99,1.16,[core],ini_section,UI and Graphics Keys,,shieldDeflectionDisplayRate:,shieldDeflectionDisplayRate,shieldDeflectionDisplayRate,float,Defaults to 4. High value causes shield deflection to fade disappear faster.,shieldDeflectionDisplayRate: 3,matched,com/corrodinggames/rts/game/units/custom/ag,rustedwarfare/custom/CustomUnitLoader,custom-unit-loader,shieldDeflectionDisplayRate,0,high,,a,(Ljava/lang/String;Ljava/io/InputStream;JLcom/corrodinggames/rts/gameFramework/i/b;Lcom/corrodinggames/rts/gameFramework/utility/j;Ljava/lang/String;Ljava/lang/String;)Lcom/corrodinggames/rts/game/units/custom/l;,parseCustomUnitMetadata
100,1.16,[core],ini_section,UI and Graphics Keys,1.13.3,showOnMinimap:,showOnMinimap,showOnMinimap,bool,Defaults to true. Hide units on minimap if false.,showOnMinimap: false,matched,com/corrodinggames/rts/game/units/custom/ag,rustedwarfare/custom/CustomUnitLoader,custom-unit-loader,showOnMinimap,0,high,,a,(Ljava/lang/String;Ljava/io/InputStream;JLcom/corrodinggames/rts/gameFramework/i/b;Lcom/corrodinggames/rts/gameFramework/utility/j;Ljava/lang/String;Ljava/lang/String;)Lcom/corrodinggames/rts/game/units/custom/l;,parseCustomUnitMetadata
101,1.16,[core],ini_section,UI and Graphics Keys,1.13.3,showActionsWithMixedSelectionIfOtherUnitsHaveTag:,showActionsWithMixedSelectionIfOtherUnitsHaveTag,showActionsWithMixedSelectionIfOtherUnitsHaveTag,string(s),Shows a merged action list if all units selected includes one of these tags. Useful for converted units.,showActionsWithMixedSelectionIfOtherUnitsHaveTag: true,matched,com/corrodinggames/rts/game/units/custom/ag,rustedwarfare/custom/CustomUnitLoader,custom-unit-loader,showActionsWithMixedSelectionIfOtherUnitsHaveTag,0,high,,a,(Ljava/lang/String;Ljava/io/InputStream;JLcom/corrodinggames/rts/gameFramework/i/b;Lcom/corrodinggames/rts/gameFramework/utility/j;Ljava/lang/String;Ljava/lang/String;)Lcom/corrodinggames/rts/game/units/custom/l;,parseCustomUnitMetadata
102,1.16,[core],ini_section,UI and Graphics Keys,1.14,showOnMinimapToEnemies,showOnMinimapToEnemies,showOnMinimapToEnemies,bool,Useful for stealth units,showOnMinimapToEnemies: false,matched,com/corrodinggames/rts/game/units/custom/ag,rustedwarfare/custom/CustomUnitLoader,custom-unit-loader,showOnMinimapToEnemies,0,high,,a,(Ljava/lang/String;Ljava/io/InputStream;JLcom/corrodinggames/rts/gameFramework/i/b;Lcom/corrodinggames/rts/gameFramework/utility/j;Ljava/lang/String;Ljava/lang/String;)Lcom/corrodinggames/rts/game/units/custom/l;,parseCustomUnitMetadata
104,1.16,[core],ini_section,Building Only Keys,,isBuilding:,isBuilding,isBuilding,bool,Defines if the unit is a building.,isBuilding: true,matched,com/corrodinggames/rts/game/units/custom/ag,rustedwarfare/custom/CustomUnitLoader,custom-unit-loader,isBuilding,0,high,,a,(Ljava/lang/String;Ljava/io/InputStream;JLcom/corrodinggames/rts/gameFramework/i/b;Lcom/corrodinggames/rts/gameFramework/utility/j;Ljava/lang/String;Ljava/lang/String;)Lcom/corrodinggames/rts/game/units/custom/l;,parseCustomUnitMetadata
105,1.16,[core],ini_section,Building Only Keys,,footprint:,footprint,footprint,ints,"Left, up, right, down. Tiles taken up which block unit movement. Defaults to 0,0,0,0 = 1 center tile.","footprint: 0,0,1,1",matched,com/corrodinggames/rts/game/units/custom/ag,rustedwarfare/custom/CustomUnitLoader,custom-unit-loader,footprint,0,high,,a,(Ljava/lang/String;Ljava/io/InputStream;JLcom/corrodinggames/rts/gameFramework/i/b;Lcom/corrodinggames/rts/gameFramework/utility/j;Ljava/lang/String;Ljava/lang/String;)Lcom/corrodinggames/rts/game/units/custom/l;,parseCustomUnitMetadata
106,1.16,[core],ini_section,Building Only Keys,,constructionFootprint:,constructionFootprint,constructionFootprint,ints,"Tiles taken up for placement of other buildings. Defaults to 0,0,0,0 = 1 center tile.","constructionFootprint: -1,-1,1,3",matched,com/corrodinggames/rts/game/units/custom/ag,rustedwarfare/custom/CustomUnitLoader,custom-unit-loader,constructionFootprint,0,high,,a,(Ljava/lang/String;Ljava/io/InputStream;JLcom/corrodinggames/rts/gameFramework/i/b;Lcom/corrodinggames/rts/gameFramework/utility/j;Ljava/lang/String;Ljava/lang/String;)Lcom/corrodinggames/rts/game/units/custom/l;,parseCustomUnitMetadata
107,1.16,[core],ini_section,Building Only Keys,,displayFootprint:,displayFootprint,displayFootprint,ints,"Left, up, right, down. Only applies to buildings, just used for GUI. Defaults to footprint.","displayFootprint: 0,0,1,1",matched,com/corrodinggames/rts/game/units/custom/ag,rustedwarfare/custom/CustomUnitLoader,custom-unit-loader,displayFootprint,0,high,,a,(Ljava/lang/String;Ljava/io/InputStream;JLcom/corrodinggames/rts/gameFramework/i/b;Lcom/corrodinggames/rts/gameFramework/utility/j;Ljava/lang/String;Ljava/lang/String;)Lcom/corrodinggames/rts/game/units/custom/l;,parseCustomUnitMetadata
108,1.16,[core],ini_section,Building Only Keys,,buildingSelectionOffset:,buildingSelectionOffset,buildingSelectionOffset,int,Defaults to 0. Adds or removes padding on the drawn selection rect in UI.,buildingSelectionOffset: 4,matched,com/corrodinggames/rts/game/units/custom/ag,rustedwarfare/custom/CustomUnitLoader,custom-unit-loader,buildingSelectionOffset,0,high,,a,(Ljava/lang/String;Ljava/io/InputStream;JLcom/corrodinggames/rts/gameFramework/i/b;Lcom/corrodinggames/rts/gameFramework/utility/j;Ljava/lang/String;Ljava/lang/String;)Lcom/corrodinggames/rts/game/units/custom/l;,parseCustomUnitMetadata
109,1.16,[core],ini_section,Building Only Keys,,buildingToFootprintOffsetX:,buildingToFootprintOffsetX,buildingToFootprintOffsetX,float,Defaults to 10. Change the building position in the footprint on the X-axis.,buildingToFootprintOffsetX: 4,matched,com/corrodinggames/rts/game/units/custom/ag,rustedwarfare/custom/CustomUnitLoader,custom-unit-loader,buildingToFootprintOffsetX,0,high,,a,(Ljava/lang/String;Ljava/io/InputStream;JLcom/corrodinggames/rts/gameFramework/i/b;Lcom/corrodinggames/rts/gameFramework/utility/j;Ljava/lang/String;Ljava/lang/String;)Lcom/corrodinggames/rts/game/units/custom/l;,parseCustomUnitMetadata
110,1.16,[core],ini_section,Building Only Keys,,buildingToFootprintOffsetY:,buildingToFootprintOffsetY,buildingToFootprintOffsetY,float,Defaults to 10. Change the building position in the footprint on the Y-axis.,buildingToFootprintOffsetY: 6,matched,com/corrodinggames/rts/game/units/custom/ag,rustedwarfare/custom/CustomUnitLoader,custom-unit-loader,buildingToFootprintOffsetY,0,high,,a,(Ljava/lang/String;Ljava/io/InputStream;JLcom/corrodinggames/rts/gameFramework/i/b;Lcom/corrodinggames/rts/gameFramework/utility/j;Ljava/lang/String;Ljava/lang/String;)Lcom/corrodinggames/rts/game/units/custom/l;,parseCustomUnitMetadata
111,1.16,[core],ini_section,Building Only Keys,,placeOnlyOnResPool:,placeOnlyOnResPool,placeOnlyOnResPool,bool,"Normally used for extractors, forces building construction in a resource pool.",placeOnlyOnResPool: true,matched,com/corrodinggames/rts/game/units/custom/ag,rustedwarfare/custom/CustomUnitLoader,custom-unit-loader,placeOnlyOnResPool,0,high,,a,(Ljava/lang/String;Ljava/io/InputStream;JLcom/corrodinggames/rts/gameFramework/i/b;Lcom/corrodinggames/rts/gameFramework/utility/j;Ljava/lang/String;Ljava/lang/String;)Lcom/corrodinggames/rts/game/units/custom/l;,parseCustomUnitMetadata
112,1.16,[core],ini_section,Building Only Keys,,selfBuildRate:,selfBuildRate,selfBuildRate,float,Rate unit builds itself when placed without a builder.,selfBuildRate: 0.0008,matched,com/corrodinggames/rts/game/units/custom/ag,rustedwarfare/custom/CustomUnitLoader,custom-unit-loader,selfBuildRate,0,high,,a,(Ljava/lang/String;Ljava/io/InputStream;JLcom/corrodinggames/rts/gameFramework/i/b;Lcom/corrodinggames/rts/gameFramework/utility/j;Ljava/lang/String;Ljava/lang/String;)Lcom/corrodinggames/rts/game/units/custom/l;,parseCustomUnitMetadata
113,1.16,[core],ini_section,Building Only Keys,1.14,ignoreInUnitCapCalculation,ignoreInUnitCapCalculation,ignoreInUnitCapCalculation,,defaults to true for buildings otherwise false. Set to true to not count this unit in unit cap.,ignoreInUnitCapCalculation: true,matched,com/corrodinggames/rts/game/units/custom/ag,rustedwarfare/custom/CustomUnitLoader,custom-unit-loader,ignoreInUnitCapCalculation,0,high,,a,(Ljava/lang/String;Ljava/io/InputStream;JLcom/corrodinggames/rts/gameFramework/i/b;Lcom/corrodinggames/rts/gameFramework/utility/j;Ljava/lang/String;Ljava/lang/String;)Lcom/corrodinggames/rts/game/units/custom/l;,parseCustomUnitMetadata
115,1.16,[core],ini_section,Misc Keys,,copyFrom:,copyFrom,copyFrom,file(s) (ini),"Uses unit data from another ini file as default for this unit, supports multiple files.","copyFrom: ROOT:defaultTanks.template, tankT1.ini",matched,com/corrodinggames/rts/game/units/custom/ag,rustedwarfare/custom/CustomUnitLoader,custom-unit-loader,copyFrom,2,high,,a,(Lcom/corrodinggames/rts/game/units/custom/l;Lcom/corrodinggames/rts/gameFramework/utility/ab;Lcom/corrodinggames/rts/gameFramework/utility/ab;Ljava/lang/String;I)V,applyCoreCopyFrom
116,1.16,[core],ini_section,Misc Keys,,dont_load:,dont_load,dont_load,bool,"Do not load unit, and don't error on missing data. Can be useful when used with copyFrom.",dont_load: true,matched,com/corrodinggames/rts/game/units/custom/ag,rustedwarfare/custom/CustomUnitLoader,custom-unit-loader,dont_load,0,high,,a,(Ljava/lang/String;Ljava/io/InputStream;JLcom/corrodinggames/rts/gameFramework/i/b;Lcom/corrodinggames/rts/gameFramework/utility/j;Ljava/lang/String;Ljava/lang/String;)Lcom/corrodinggames/rts/game/units/custom/l;,parseCustomUnitMetadata
117,1.16,[core],ini_section,Misc Keys,,overrideAndReplace:,overrideAndReplace,overrideAndReplace,string(s),Overrides another unit with this unit. Build links and map positions to target unit will be replaced.,"overrideAndReplace: builder, combatEngineer",matched,com/corrodinggames/rts/game/units/custom/ag,rustedwarfare/custom/CustomUnitLoader,custom-unit-loader,overrideAndReplace,0,high,,a,(Ljava/lang/String;Ljava/io/InputStream;JLcom/corrodinggames/rts/gameFramework/i/b;Lcom/corrodinggames/rts/gameFramework/utility/j;Ljava/lang/String;Ljava/lang/String;)Lcom/corrodinggames/rts/game/units/custom/l;,parseCustomUnitMetadata
118,1.16,[core],ini_section,Misc Keys,1.13.3,onNewMapSpawn:,onNewMapSpawn,onNewMapSpawn,string,"Values: emptyResourcePools_asNeutral, emptyOrOccupiedResourcePools_asNeutral, mapCenter_asNeutral, mapCenter_eachActiveTeam, spawnPoint_eachActiveTeam (1.15)",onNewMapSpawn: spawnPoint_eachActiveTeam,matched,com/corrodinggames/rts/game/units/custom/ag,rustedwarfare/custom/CustomUnitLoader,custom-unit-loader,onNewMapSpawn,0,high,,a,(Ljava/lang/String;Ljava/io/InputStream;JLcom/corrodinggames/rts/gameFramework/i/b;Lcom/corrodinggames/rts/gameFramework/utility/j;Ljava/lang/String;Ljava/lang/String;)Lcom/corrodinggames/rts/game/units/custom/l;,parseCustomUnitMetadata
119,1.16,[core],ini_section,Misc Keys,,globalScale:,globalScale,globalScale,float,Defaults to 1. Changing not recommended.,globalScale: 2,matched,com/corrodinggames/rts/game/units/custom/ag,rustedwarfare/custom/CustomUnitLoader,custom-unit-loader,globalScale,0,high,,a,(Ljava/lang/String;Ljava/io/InputStream;JLcom/corrodinggames/rts/gameFramework/i/b;Lcom/corrodinggames/rts/gameFramework/utility/j;Ljava/lang/String;Ljava/lang/String;)Lcom/corrodinggames/rts/game/units/custom/l;,parseCustomUnitMetadata
120,1.16,[core],ini_section,Misc Keys,,isLocked:,isLocked,isLocked,bool,Disallow building of this unit. Can be used with overrideAndReplace to restrict units player can build.,isLocked: true,matched,com/corrodinggames/rts/game/units/custom/ag,rustedwarfare/custom/CustomUnitLoader,custom-unit-loader,isLocked,2,high,,a,(Ljava/lang/String;Ljava/io/InputStream;JLcom/corrodinggames/rts/gameFramework/i/b;Lcom/corrodinggames/rts/gameFramework/utility/j;Ljava/lang/String;Ljava/lang/String;)Lcom/corrodinggames/rts/game/units/custom/l;,parseCustomUnitMetadata
121,1.16,[core],ini_section,Misc Keys,1.13,isLockedIfGameModeNoNuke:,isLockedIfGameModeNoNuke,isLockedIfGameModeNoNuke,bool,Disallows building of this unit if nukes are disabled during match setup.,isLockedIfGameModeNoNuke: true,matched,com/corrodinggames/rts/game/units/custom/ag,rustedwarfare/custom/CustomUnitLoader,custom-unit-loader,isLockedIfGameModeNoNuke,0,high,,a,(Ljava/lang/String;Ljava/io/InputStream;JLcom/corrodinggames/rts/gameFramework/i/b;Lcom/corrodinggames/rts/gameFramework/utility/j;Ljava/lang/String;Ljava/lang/String;)Lcom/corrodinggames/rts/game/units/custom/l;,parseCustomUnitMetadata
122,1.16,[core],ini_section,Misc Keys,,experimental:,experimental,experimental,bool,Tag unit as experimental. Affects zoomed out icon and end game stats.,experimental: true,matched,com/corrodinggames/rts/game/units/custom/ag,rustedwarfare/custom/CustomUnitLoader,custom-unit-loader,experimental,0,high,,a,(Ljava/lang/String;Ljava/io/InputStream;JLcom/corrodinggames/rts/gameFramework/i/b;Lcom/corrodinggames/rts/gameFramework/utility/j;Ljava/lang/String;Ljava/lang/String;)Lcom/corrodinggames/rts/game/units/custom/l;,parseCustomUnitMetadata
123,1.16,[core],ini_section,Misc Keys,,stayNeutral:,stayNeutral,stayNeutral,bool,Set to false to disable capture when unit is on the neutral team.,stayNeutral: false,matched,com/corrodinggames/rts/game/units/custom/ag,rustedwarfare/custom/CustomUnitLoader,custom-unit-loader,stayNeutral,0,high,,a,(Ljava/lang/String;Ljava/io/InputStream;JLcom/corrodinggames/rts/gameFramework/i/b;Lcom/corrodinggames/rts/gameFramework/utility/j;Ljava/lang/String;Ljava/lang/String;)Lcom/corrodinggames/rts/game/units/custom/l;,parseCustomUnitMetadata
124,1.16,[core],ini_section,Misc Keys,1.13,createNeutral:,createNeutral,createNeutral,bool,Set to true to always spawn the unit on the neutral team.,createNeutral: true,matched,com/corrodinggames/rts/game/units/custom/ag,rustedwarfare/custom/CustomUnitLoader,custom-unit-loader,createNeutral,0,high,,a,(Ljava/lang/String;Ljava/io/InputStream;JLcom/corrodinggames/rts/gameFramework/i/b;Lcom/corrodinggames/rts/gameFramework/utility/j;Ljava/lang/String;Ljava/lang/String;)Lcom/corrodinggames/rts/game/units/custom/l;,parseCustomUnitMetadata
125,1.16,[core],ini_section,Misc Keys,,createOnAggressiveTeam:,createOnAggressiveTeam,createOnAggressiveTeam,bool,Set to true to always spawn the unit on aggressive teams on single player matches.,createOnAggressiveTeam: true,matched,com/corrodinggames/rts/game/units/custom/ag,rustedwarfare/custom/CustomUnitLoader,custom-unit-loader,createOnAggressiveTeam,0,high,,a,(Ljava/lang/String;Ljava/io/InputStream;JLcom/corrodinggames/rts/gameFramework/i/b;Lcom/corrodinggames/rts/gameFramework/utility/j;Ljava/lang/String;Ljava/lang/String;)Lcom/corrodinggames/rts/game/units/custom/l;,parseCustomUnitMetadata
126,1.16,[core],ini_section,Misc Keys,1.13,tags:,tags,tags,string(s),"List of comma separated strings. Used to classify units, create special actions and balances.","tags: tank, smallTank, piercingDamage",matched,com/corrodinggames/rts/game/units/custom/ag,rustedwarfare/custom/CustomUnitLoader,custom-unit-loader,tags,1,high,,a,(Ljava/lang/String;Ljava/io/InputStream;JLcom/corrodinggames/rts/gameFramework/i/b;Lcom/corrodinggames/rts/gameFramework/utility/j;Ljava/lang/String;Ljava/lang/String;)Lcom/corrodinggames/rts/game/units/custom/l;,parseCustomUnitMetadata
127,1.16,[core],ini_section,Misc Keys,1.15,defineUnitMemory,defineUnitMemory,defineUnitMemory,,"Can define several variables for custom storage, unique for each unit. Allowed types: boolean, float/number, unit, string.","defineUnitMemory: boolean nukeActive, boolean laserReady, float experience, unit nextTarget, unit homeBase, string customText",matched,com/corrodinggames/rts/game/units/custom/ag,rustedwarfare/custom/CustomUnitLoader,custom-unit-loader,defineUnitMemory,0,high,,a,(Ljava/lang/String;Ljava/io/InputStream;JLcom/corrodinggames/rts/gameFramework/i/b;Lcom/corrodinggames/rts/gameFramework/utility/j;Ljava/lang/String;Ljava/lang/String;)Lcom/corrodinggames/rts/game/units/custom/l;,parseCustomUnitMetadata
129,1.16,[core],ini_section,Misc Keys,,fogOfWarSightRange:,fogOfWarSightRange,fogOfWarSightRange,int,Sets number of tiles this unit can see through the fog of war. Defaults to 15.,fogOfWarSightRange: 35,matched,com/corrodinggames/rts/game/units/custom/ag,rustedwarfare/custom/CustomUnitLoader,custom-unit-loader,fogOfWarSightRange,0,high,,a,(Ljava/lang/String;Ljava/io/InputStream;JLcom/corrodinggames/rts/gameFramework/i/b;Lcom/corrodinggames/rts/gameFramework/utility/j;Ljava/lang/String;Ljava/lang/String;)Lcom/corrodinggames/rts/game/units/custom/l;,parseCustomUnitMetadata
130,1.16,[core],ini_section,Misc Keys,1.14,fogOfWarSightRangeWhileNotBuilt,fogOfWarSightRangeWhileNotBuilt,fogOfWarSightRangeWhileNotBuilt,int,Fog of War range when unit/building is incomplete. Defaults to fogOfWarSightRange,fogOfWarSightRangeWhileNotBuilt: 10,matched,com/corrodinggames/rts/game/units/custom/ag,rustedwarfare/custom/CustomUnitLoader,custom-unit-loader,fogOfWarSightRangeWhileNotBuilt,0,high,,a,(Ljava/lang/String;Ljava/io/InputStream;JLcom/corrodinggames/rts/gameFramework/i/b;Lcom/corrodinggames/rts/gameFramework/utility/j;Ljava/lang/String;Ljava/lang/String;)Lcom/corrodinggames/rts/game/units/custom/l;,parseCustomUnitMetadata
131,1.16,[core],ini_section,Misc Keys,,softCollisionOnAll:,softCollisionOnAll,softCollisionOnAll,int,Creates a soft collision effect when touching other units.,softCollisionOnAll: 3,matched,com/corrodinggames/rts/game/units/custom/ag,rustedwarfare/custom/CustomUnitLoader,custom-unit-loader,softCollisionOnAll,0,high,,a,(Ljava/lang/String;Ljava/io/InputStream;JLcom/corrodinggames/rts/gameFramework/i/b;Lcom/corrodinggames/rts/gameFramework/utility/j;Ljava/lang/String;Ljava/lang/String;)Lcom/corrodinggames/rts/game/units/custom/l;,parseCustomUnitMetadata
132,1.16,[core],ini_section,Misc Keys,,disableAllUnitCollisions:,disableAllUnitCollisions,disableAllUnitCollisions,bool,Unit cannot collide with others if true.,disableAllUnitCollisions: true,matched,com/corrodinggames/rts/game/units/custom/ag,rustedwarfare/custom/CustomUnitLoader,custom-unit-loader,disableAllUnitCollisions,0,high,,a,(Ljava/lang/String;Ljava/io/InputStream;JLcom/corrodinggames/rts/gameFramework/i/b;Lcom/corrodinggames/rts/gameFramework/utility/j;Ljava/lang/String;Ljava/lang/String;)Lcom/corrodinggames/rts/game/units/custom/l;,parseCustomUnitMetadata
133,1.16,[core],ini_section,Misc Keys,1.13,isUnrepairableUnit:,isUnrepairableUnit,isUnrepairableUnit,bool,No unit can repair this unit if true.,isUnrepairableUnit: true,matched,com/corrodinggames/rts/game/units/custom/ag,rustedwarfare/custom/CustomUnitLoader,custom-unit-loader,isUnrepairableUnit,0,high,,a,(Ljava/lang/String;Ljava/io/InputStream;JLcom/corrodinggames/rts/gameFramework/i/b;Lcom/corrodinggames/rts/gameFramework/utility/j;Ljava/lang/String;Ljava/lang/String;)Lcom/corrodinggames/rts/game/units/custom/l;,parseCustomUnitMetadata
134,1.16,[core],ini_section,Misc Keys,,isUnselectable:,isUnselectable,isUnselectable,bool,If true unit cannot be selected. (includes AI players),isUnselectable: true,matched,com/corrodinggames/rts/game/units/custom/ag,rustedwarfare/custom/CustomUnitLoader,custom-unit-loader,isUnselectable,1,high,,a,(Ljava/lang/String;Ljava/io/InputStream;JLcom/corrodinggames/rts/gameFramework/i/b;Lcom/corrodinggames/rts/gameFramework/utility/j;Ljava/lang/String;Ljava/lang/String;)Lcom/corrodinggames/rts/game/units/custom/l;,parseCustomUnitMetadata
135,1.16,[core],ini_section,Misc Keys,1.14,isUnselectableAsTarget,isUnselectableAsTarget,isUnselectableAsTarget,bool,"Defaults to isUnselectable. Can be used to create units that cannot be selected but can be targeted for attack, reclaim, etc",isUnselectableAsTarget: false,matched,com/corrodinggames/rts/game/units/custom/ag,rustedwarfare/custom/CustomUnitLoader,custom-unit-loader,isUnselectableAsTarget,1,high,,a,(Ljava/lang/String;Ljava/io/InputStream;JLcom/corrodinggames/rts/gameFramework/i/b;Lcom/corrodinggames/rts/gameFramework/utility/j;Ljava/lang/String;Ljava/lang/String;)Lcom/corrodinggames/rts/game/units/custom/l;,parseCustomUnitMetadata
136,1.16,[core],ini_section,Misc Keys,1.13,isPickableStartingUnit:,isPickableStartingUnit,isPickableStartingUnit,bool,"If true, unit is added to dropdowns for starting unit in game setup menus.",isPickableStartingUnit: true,matched,com/corrodinggames/rts/game/units/custom/ag,rustedwarfare/custom/CustomUnitLoader,custom-unit-loader,isPickableStartingUnit,0,high,,a,(Ljava/lang/String;Ljava/io/InputStream;JLcom/corrodinggames/rts/gameFramework/i/b;Lcom/corrodinggames/rts/gameFramework/utility/j;Ljava/lang/String;Ljava/lang/String;)Lcom/corrodinggames/rts/game/units/custom/l;,parseCustomUnitMetadata
137,1.16,[core],ini_section,Misc Keys,1.13,startFallingWhenStartingUnit:,startFallingWhenStartingUnit,startFallingWhenStartingUnit,bool,Unit will appear falling from skies when starting unit if true.,startFallingWhenStartingUnit: true,matched,com/corrodinggames/rts/game/units/custom/ag,rustedwarfare/custom/CustomUnitLoader,custom-unit-loader,startFallingWhenStartingUnit,0,high,,a,(Ljava/lang/String;Ljava/io/InputStream;JLcom/corrodinggames/rts/gameFramework/i/b;Lcom/corrodinggames/rts/gameFramework/utility/j;Ljava/lang/String;Ljava/lang/String;)Lcom/corrodinggames/rts/game/units/custom/l;,parseCustomUnitMetadata
138,1.16,[core],ini_section,Misc Keys,,soundOnAttackOrder:,soundOnAttackOrder,soundOnAttackOrder,sound(s),List of sound names. Only one will be played on each attack order. Only .ogg and .wav formats.,"soundOnAttackOrder: tankAttackOrder1.ogg, tankAttackOrder2.ogg",matched,com/corrodinggames/rts/game/units/custom/ag,rustedwarfare/custom/CustomUnitLoader,custom-unit-loader,soundOnAttackOrder,0,high,,a,(Ljava/lang/String;Ljava/io/InputStream;JLcom/corrodinggames/rts/gameFramework/i/b;Lcom/corrodinggames/rts/gameFramework/utility/j;Ljava/lang/String;Ljava/lang/String;)Lcom/corrodinggames/rts/game/units/custom/l;,parseCustomUnitMetadata
139,1.16,[core],ini_section,Misc Keys,,soundOnMoveOrder:,soundOnMoveOrder,soundOnMoveOrder,sound(s),List of sound names. Only one will be played on each move order. Only .ogg and .wav formats.,"soundOnMoveOrder: tankMoveOrder1.ogg, tankMoveOrder2.ogg",matched,com/corrodinggames/rts/game/units/custom/ag,rustedwarfare/custom/CustomUnitLoader,custom-unit-loader,soundOnMoveOrder,0,high,,a,(Ljava/lang/String;Ljava/io/InputStream;JLcom/corrodinggames/rts/gameFramework/i/b;Lcom/corrodinggames/rts/gameFramework/utility/j;Ljava/lang/String;Ljava/lang/String;)Lcom/corrodinggames/rts/game/units/custom/l;,parseCustomUnitMetadata
140,1.16,[core],ini_section,Misc Keys,1.13.3,soundOnNewSelection:,soundOnNewSelection,soundOnNewSelection,sound(s),List of sound names. Only one will be played on each unit selection. Only .ogg and .wav formats.,"soundOnNewSelection: tankSelection1.ogg, tankSelection2.ogg",matched,com/corrodinggames/rts/game/units/custom/ag,rustedwarfare/custom/CustomUnitLoader,custom-unit-loader,soundOnNewSelection,0,high,,a,(Ljava/lang/String;Ljava/io/InputStream;JLcom/corrodinggames/rts/gameFramework/i/b;Lcom/corrodinggames/rts/gameFramework/utility/j;Ljava/lang/String;Ljava/lang/String;)Lcom/corrodinggames/rts/game/units/custom/l;,parseCustomUnitMetadata
141,1.16,[core],ini_section,Misc Keys,,canNotBeDirectlyAttacked:,canNotBeDirectlyAttacked,canNotBeDirectlyAttacked,bool,"No unit can directly target this unit. If true this will also skip this unit in victory/defeat checks. If true, canNotBeDamaged is true by default",canNotBeDirectlyAttacked: true,matched,com/corrodinggames/rts/game/units/custom/ag,rustedwarfare/custom/CustomUnitLoader,custom-unit-loader,canNotBeDirectlyAttacked,0,high,,a,(Ljava/lang/String;Ljava/io/InputStream;JLcom/corrodinggames/rts/gameFramework/i/b;Lcom/corrodinggames/rts/gameFramework/utility/j;Ljava/lang/String;Ljava/lang/String;)Lcom/corrodinggames/rts/game/units/custom/l;,parseCustomUnitMetadata
142,1.16,[core],ini_section,Misc Keys,,canNotBeDamaged,canNotBeDamaged,canNotBeDamaged,bool,"Defaults to value of canNotBeDirectlyAttacked (be careful setting this without canNotBeDirectlyAttacked, as AI will attack forever)",canNotBeDamaged: true,matched,com/corrodinggames/rts/game/units/custom/ag,rustedwarfare/custom/CustomUnitLoader,custom-unit-loader,canNotBeDamaged,0,high,,a,(Ljava/lang/String;Ljava/io/InputStream;JLcom/corrodinggames/rts/gameFramework/i/b;Lcom/corrodinggames/rts/gameFramework/utility/j;Ljava/lang/String;Ljava/lang/String;)Lcom/corrodinggames/rts/game/units/custom/l;,parseCustomUnitMetadata
143,1.16,[core],ini_section,Misc Keys,1.13.3,canNotBeGivenOrdersByPlayer:,canNotBeGivenOrdersByPlayer,canNotBeGivenOrdersByPlayer,bool,If true unit will not take player or AI orders.,canNotBeGivenOrdersByPlayer: true,matched,com/corrodinggames/rts/game/units/custom/ag,rustedwarfare/custom/CustomUnitLoader,custom-unit-loader,canNotBeGivenOrdersByPlayer,0,high,,a,(Ljava/lang/String;Ljava/io/InputStream;JLcom/corrodinggames/rts/gameFramework/i/b;Lcom/corrodinggames/rts/gameFramework/utility/j;Ljava/lang/String;Ljava/lang/String;)Lcom/corrodinggames/rts/game/units/custom/l;,parseCustomUnitMetadata
144,1.16,[core],ini_section,Misc Keys,1.13.3,canOnlyBeAttackedByUnitsWithTags:,canOnlyBeAttackedByUnitsWithTags,canOnlyBeAttackedByUnitsWithTags,strings(s),"List of tag strings, only units with these tags can directly target this unit.","canOnlyBeAttackedByUnitsWithTags: piercingTank, powerfulTank",matched,com/corrodinggames/rts/game/units/custom/ag,rustedwarfare/custom/CustomUnitLoader,custom-unit-loader,canOnlyBeAttackedByUnitsWithTags,0,high,,a,(Ljava/lang/String;Ljava/io/InputStream;JLcom/corrodinggames/rts/gameFramework/i/b;Lcom/corrodinggames/rts/gameFramework/utility/j;Ljava/lang/String;Ljava/lang/String;)Lcom/corrodinggames/rts/game/units/custom/l;,parseCustomUnitMetadata
145,1.16,[core],ini_section,Misc Keys,1.14,disableDeathOnZeroHp,disableDeathOnZeroHp,disableDeathOnZeroHp,bool,"Setting to true allows unit to continue living even at 0 HP, useful for custom ""death"" action. Warning: If not used with an autoTrigger, etc units will attack this unit forever.",disableDeathOnZeroHp: true,matched,com/corrodinggames/rts/game/units/custom/ag,rustedwarfare/custom/CustomUnitLoader,custom-unit-loader,disableDeathOnZeroHp,0,high,,a,(Ljava/lang/String;Ljava/io/InputStream;JLcom/corrodinggames/rts/gameFramework/i/b;Lcom/corrodinggames/rts/gameFramework/utility/j;Ljava/lang/String;Ljava/lang/String;)Lcom/corrodinggames/rts/game/units/custom/l;,parseCustomUnitMetadata
146,1.16,[core],ini_section,Misc Keys,1.15p9,allowCaptureWhenNeutralByAI,allowCaptureWhenNeutralByAI,allowCaptureWhenNeutralByAI,bool,"When true, it lets to be captured on contact by AI as well. Defaults as false",allowCaptureWhenNeutralByAI: true,matched,com/corrodinggames/rts/game/units/custom/ag,rustedwarfare/custom/CustomUnitLoader,custom-unit-loader,allowCaptureWhenNeutralByAI,0,high,,a,(Ljava/lang/String;Ljava/io/InputStream;JLcom/corrodinggames/rts/gameFramework/i/b;Lcom/corrodinggames/rts/gameFramework/utility/j;Ljava/lang/String;Ljava/lang/String;)Lcom/corrodinggames/rts/game/units/custom/l;,parseCustomUnitMetadata
148,1.16,[core],ini_section,Transport Keys,1.13,transportSlotsNeeded:,transportSlotsNeeded,transportSlotsNeeded,int,"Defaults to 1. Number of slots this unit uses up in a transport, experimentals are often set to 5.",transportSlotsNeeded: 2,matched,com/corrodinggames/rts/game/units/custom/ag,rustedwarfare/custom/CustomUnitLoader,custom-unit-loader,transportSlotsNeeded,0,high,,a,(Ljava/lang/String;Ljava/io/InputStream;JLcom/corrodinggames/rts/gameFramework/i/b;Lcom/corrodinggames/rts/gameFramework/utility/j;Ljava/lang/String;Ljava/lang/String;)Lcom/corrodinggames/rts/game/units/custom/l;,parseCustomUnitMetadata
149,1.16,[core],ini_section,Transport Keys,,maxTransportingUnits,maxTransportingUnits,maxTransportingUnits,int,Number of slots this units has for transporting other units.,maxTransportingUnits: 5,matched,com/corrodinggames/rts/game/units/custom/ag,rustedwarfare/custom/CustomUnitLoader,custom-unit-loader,maxTransportingUnits,0,high,,a,(Ljava/lang/String;Ljava/io/InputStream;JLcom/corrodinggames/rts/gameFramework/i/b;Lcom/corrodinggames/rts/gameFramework/utility/j;Ljava/lang/String;Ljava/lang/String;)Lcom/corrodinggames/rts/game/units/custom/l;,parseCustomUnitMetadata
150,1.16,[core],ini_section,Transport Keys,1.13,transportUnitsRequireTag:,transportUnitsRequireTag,transportUnitsRequireTag,string(s),Only allows trasport of units that have one of these tags.,"transportUnitsRequireTag: smallTank, soldier",matched,com/corrodinggames/rts/game/units/custom/ag,rustedwarfare/custom/CustomUnitLoader,custom-unit-loader,transportUnitsRequireTag,0,high,,a,(Ljava/lang/String;Ljava/io/InputStream;JLcom/corrodinggames/rts/gameFramework/i/b;Lcom/corrodinggames/rts/gameFramework/utility/j;Ljava/lang/String;Ljava/lang/String;)Lcom/corrodinggames/rts/game/units/custom/l;,parseCustomUnitMetadata
151,1.16,[core],ini_section,Transport Keys,,transportUnitsRequireMovementType:,transportUnitsRequireMovementType,transportUnitsRequireMovementType,movementTypes,Only allows trasport of units that have one of these movement types.,"transportUnitsRequireMovementType: AIR, WATER",matched,com/corrodinggames/rts/game/units/custom/ag,rustedwarfare/custom/CustomUnitLoader,custom-unit-loader,transportUnitsRequireMovementType,0,high,,a,(Ljava/lang/String;Ljava/io/InputStream;JLcom/corrodinggames/rts/gameFramework/i/b;Lcom/corrodinggames/rts/gameFramework/utility/j;Ljava/lang/String;Ljava/lang/String;)Lcom/corrodinggames/rts/game/units/custom/l;,parseCustomUnitMetadata
152,1.16,[core],ini_section,Transport Keys,,transportUnitsBlockAirAndWaterUnits:,transportUnitsBlockAirAndWaterUnits,transportUnitsBlockAirAndWaterUnits,bool,Defaults to true. This unit can only transport LAND units if true.,transportUnitsBlockAirAndWaterUnits: false,matched,com/corrodinggames/rts/game/units/custom/ag,rustedwarfare/custom/CustomUnitLoader,custom-unit-loader,transportUnitsBlockAirAndWaterUnits,0,high,,a,(Ljava/lang/String;Ljava/io/InputStream;JLcom/corrodinggames/rts/gameFramework/i/b;Lcom/corrodinggames/rts/gameFramework/utility/j;Ljava/lang/String;Ljava/lang/String;)Lcom/corrodinggames/rts/game/units/custom/l;,parseCustomUnitMetadata
153,1.16,[core],ini_section,Transport Keys,,transportUnitsEachUnitAlwaysUsesSingleSlot:,transportUnitsEachUnitAlwaysUsesSingleSlot,transportUnitsEachUnitAlwaysUsesSingleSlot,bool,"Defaults to false. Units in this transport occupy 1 slot always if true, ignoring transportSlotsNeeded.",transportUnitsEachUnitAlwaysUsesSingleSlot: true,matched,com/corrodinggames/rts/game/units/custom/ag,rustedwarfare/custom/CustomUnitLoader,custom-unit-loader,transportUnitsEachUnitAlwaysUsesSingleSlot,0,high,,a,(Ljava/lang/String;Ljava/io/InputStream;JLcom/corrodinggames/rts/gameFramework/i/b;Lcom/corrodinggames/rts/gameFramework/utility/j;Ljava/lang/String;Ljava/lang/String;)Lcom/corrodinggames/rts/game/units/custom/l;,parseCustomUnitMetadata
154,1.16,[core],ini_section,Transport Keys,,transportUnitsKeepBuiltUnits:,transportUnitsKeepBuiltUnits,transportUnitsKeepBuiltUnits,bool,Makes built units stay inside transport instead of exiting it once ready if true.,transportUnitsKeepBuiltUnits: true,matched,com/corrodinggames/rts/game/units/custom/ag,rustedwarfare/custom/CustomUnitLoader,custom-unit-loader,transportUnitsKeepBuiltUnits,0,high,,a,(Ljava/lang/String;Ljava/io/InputStream;JLcom/corrodinggames/rts/gameFramework/i/b;Lcom/corrodinggames/rts/gameFramework/utility/j;Ljava/lang/String;Ljava/lang/String;)Lcom/corrodinggames/rts/game/units/custom/l;,parseCustomUnitMetadata
155,1.16,[core],ini_section,Transport Keys,,transportUnitsCanUnloadUnits:,transportUnitsCanUnloadUnits,transportUnitsCanUnloadUnits,LogicBoolean,Defaults to: if not self.isOverLiquid() and not self.isMoving(). This unit cannot unload units if false.,transportUnitsCanUnloadUnits: false,matched,com/corrodinggames/rts/game/units/custom/ag,rustedwarfare/custom/CustomUnitLoader,custom-unit-loader,transportUnitsCanUnloadUnits,0,high,,a,(Ljava/lang/String;Ljava/io/InputStream;JLcom/corrodinggames/rts/gameFramework/i/b;Lcom/corrodinggames/rts/gameFramework/utility/j;Ljava/lang/String;Ljava/lang/String;)Lcom/corrodinggames/rts/game/units/custom/l;,parseCustomUnitMetadata
156,1.16,[core],ini_section,Transport Keys,,transportUnitsAddUnloadOption:,transportUnitsAddUnloadOption,transportUnitsAddUnloadOption,bool,Defines if unload button should be added to the unit menu,transportUnitsAddUnloadOption: false,matched,com/corrodinggames/rts/game/units/custom/ag,rustedwarfare/custom/CustomUnitLoader,custom-unit-loader,transportUnitsAddUnloadOption,0,high,,a,(Ljava/lang/String;Ljava/io/InputStream;JLcom/corrodinggames/rts/gameFramework/i/b;Lcom/corrodinggames/rts/gameFramework/utility/j;Ljava/lang/String;Ljava/lang/String;)Lcom/corrodinggames/rts/game/units/custom/l;,parseCustomUnitMetadata
157,1.16,[core],ini_section,Transport Keys,1.13.3,transportUnitsUnloadDelayBetweenEachUnit:,transportUnitsUnloadDelayBetweenEachUnit,transportUnitsUnloadDelayBetweenEachUnit,float,Changes the delay it takes between each unit getting unloaded.,transportUnitsUnloadDelayBetweenEachUnit: 12,matched,com/corrodinggames/rts/game/units/custom/ag,rustedwarfare/custom/CustomUnitLoader,custom-unit-loader,transportUnitsUnloadDelayBetweenEachUnit,0,high,,a,(Ljava/lang/String;Ljava/io/InputStream;JLcom/corrodinggames/rts/gameFramework/i/b;Lcom/corrodinggames/rts/gameFramework/utility/j;Ljava/lang/String;Ljava/lang/String;)Lcom/corrodinggames/rts/game/units/custom/l;,parseCustomUnitMetadata
158,1.16,[core],ini_section,Transport Keys,1.13,transportUnitsKillOnDeath:,transportUnitsKillOnDeath,transportUnitsKillOnDeath,LogicBoolean,Defaults to true. If false transported units don't die when transport dies.,transportUnitsKillOnDeath: if self.isOverLiquid(),matched,com/corrodinggames/rts/game/units/custom/ag,rustedwarfare/custom/CustomUnitLoader,custom-unit-loader,transportUnitsKillOnDeath,0,high,,a,(Ljava/lang/String;Ljava/io/InputStream;JLcom/corrodinggames/rts/gameFramework/i/b;Lcom/corrodinggames/rts/gameFramework/utility/j;Ljava/lang/String;Ljava/lang/String;)Lcom/corrodinggames/rts/game/units/custom/l;,parseCustomUnitMetadata
159,1.16,[core],ini_section,Transport Keys,1.13,transportUnitsHealBy:,transportUnitsHealBy,transportUnitsHealBy,float,Rate to heal units that are being transported.,transportUnitsHealBy: 0.1,matched,com/corrodinggames/rts/game/units/custom/ag,rustedwarfare/custom/CustomUnitLoader,custom-unit-loader,transportUnitsHealBy,0,high,,a,(Ljava/lang/String;Ljava/io/InputStream;JLcom/corrodinggames/rts/gameFramework/i/b;Lcom/corrodinggames/rts/gameFramework/utility/j;Ljava/lang/String;Ljava/lang/String;)Lcom/corrodinggames/rts/game/units/custom/l;,parseCustomUnitMetadata
160,1.16,[core],ini_section,Transport Keys,,transportUnitsBlockOtherTransports:,transportUnitsBlockOtherTransports,transportUnitsBlockOtherTransports,bool,"Defaults to true, if false this transports can hold other transports.",transportUnitsBlockOtherTransports: false,matched,com/corrodinggames/rts/game/units/custom/ag,rustedwarfare/custom/CustomUnitLoader,custom-unit-loader,transportUnitsBlockOtherTransports,0,high,,a,(Ljava/lang/String;Ljava/io/InputStream;JLcom/corrodinggames/rts/gameFramework/i/b;Lcom/corrodinggames/rts/gameFramework/utility/j;Ljava/lang/String;Ljava/lang/String;)Lcom/corrodinggames/rts/game/units/custom/l;,parseCustomUnitMetadata
161,1.16,[core],ini_section,Transport Keys,1.13.3,whileNeutralTransportAnyTeam:,whileNeutralTransportAnyTeam,whileNeutralTransportAnyTeam,bool,This unit can transport units of any team while neutral if true.,whileNeutralTransportAnyTeam: true,matched,com/corrodinggames/rts/game/units/custom/ag,rustedwarfare/custom/CustomUnitLoader,custom-unit-loader,whileNeutralTransportAnyTeam,0,high,,a,(Ljava/lang/String;Ljava/io/InputStream;JLcom/corrodinggames/rts/gameFramework/i/b;Lcom/corrodinggames/rts/gameFramework/utility/j;Ljava/lang/String;Ljava/lang/String;)Lcom/corrodinggames/rts/game/units/custom/l;,parseCustomUnitMetadata
162,1.16,[core],ini_section,Transport Keys,,whileNeutralConvertToTransportedTeam:,whileNeutralConvertToTransportedTeam,whileNeutralConvertToTransportedTeam,bool,Converts this unit to transported team while neutral. Useful with whileNeutralTransportAnyTeam.,whileNeutralConvertToTransportedTeam: true,matched,com/corrodinggames/rts/game/units/custom/ag,rustedwarfare/custom/CustomUnitLoader,custom-unit-loader,whileNeutralConvertToTransportedTeam,0,high,,a,(Ljava/lang/String;Ljava/io/InputStream;JLcom/corrodinggames/rts/gameFramework/i/b;Lcom/corrodinggames/rts/gameFramework/utility/j;Ljava/lang/String;Ljava/lang/String;)Lcom/corrodinggames/rts/game/units/custom/l;,parseCustomUnitMetadata
163,1.16,[core],ini_section,Transport Keys,,convertToNeutralIfNotTransporting:,convertToNeutralIfNotTransporting,convertToNeutralIfNotTransporting,bool,Reverts back this unit to neutral when unloaded. Useful with whileNeutralTransportAnyTeam.,convertToNeutralIfNotTransporting: true,matched,com/corrodinggames/rts/game/units/custom/ag,rustedwarfare/custom/CustomUnitLoader,custom-unit-loader,convertToNeutralIfNotTransporting,0,high,,a,(Ljava/lang/String;Ljava/io/InputStream;JLcom/corrodinggames/rts/gameFramework/i/b;Lcom/corrodinggames/rts/gameFramework/utility/j;Ljava/lang/String;Ljava/lang/String;)Lcom/corrodinggames/rts/game/units/custom/l;,parseCustomUnitMetadata
164,1.16,[core],ini_section,Transport Keys,,transportUnitsOnTeamChangeKeepCurrentTeam:,transportUnitsOnTeamChangeKeepCurrentTeam,transportUnitsOnTeamChangeKeepCurrentTeam,bool,Keeps transported units on their orginal team when this unit is converted if true.,transportUnitsOnTeamChangeKeepCurrentTeam: true,matched,com/corrodinggames/rts/game/units/custom/ag,rustedwarfare/custom/CustomUnitLoader,custom-unit-loader,transportUnitsOnTeamChangeKeepCurrentTeam,0,high,,a,(Ljava/lang/String;Ljava/io/InputStream;JLcom/corrodinggames/rts/gameFramework/i/b;Lcom/corrodinggames/rts/gameFramework/utility/j;Ljava/lang/String;Ljava/lang/String;)Lcom/corrodinggames/rts/game/units/custom/l;,parseCustomUnitMetadata
166,1.16,[core],ini_section,Resource Node Keys,,resourceRate:,resourceRate,resourceRate,float,Used with canReclaimResources. Allows other teams to reclaim this unit. Normally used with neutral team. Use price to set what resources are gained.,resourceRate: 100,matched,com/corrodinggames/rts/game/units/custom/ag,rustedwarfare/custom/CustomUnitLoader,custom-unit-loader,resourceRate,0,high,,a,(Ljava/lang/String;Ljava/io/InputStream;JLcom/corrodinggames/rts/gameFramework/i/b;Lcom/corrodinggames/rts/gameFramework/utility/j;Ljava/lang/String;Ljava/lang/String;)Lcom/corrodinggames/rts/game/units/custom/l;,parseCustomUnitMetadata
167,1.16,[core],ini_section,Resource Node Keys,,similarResourcesHaveTag:,similarResourcesHaveTag,similarResourcesHaveTag,string(s),When this has been reclaimed harvester unit moves on to another resource with these tags.,similarResourcesHaveTag: goldResource,matched,com/corrodinggames/rts/game/units/custom/ag,rustedwarfare/custom/CustomUnitLoader,custom-unit-loader,similarResourcesHaveTag,0,high,,a,(Ljava/lang/String;Ljava/io/InputStream;JLcom/corrodinggames/rts/gameFramework/i/b;Lcom/corrodinggames/rts/gameFramework/utility/j;Ljava/lang/String;Ljava/lang/String;)Lcom/corrodinggames/rts/game/units/custom/l;,parseCustomUnitMetadata
168,1.16,[core],ini_section,Resource Node Keys,1.13.3,resourceMaxConcurrentReclaimingThis:,resourceMaxConcurrentReclaimingThis,resourceMaxConcurrentReclaimingThis,int,Defaults to unlimited. Set to restict how many units can reclaim this resource at the same time.,resourceMaxConcurrentReclaimingThis: 3,matched,com/corrodinggames/rts/game/units/custom/ag,rustedwarfare/custom/CustomUnitLoader,custom-unit-loader,resourceMaxConcurrentReclaimingThis,0,high,,a,(Ljava/lang/String;Ljava/io/InputStream;JLcom/corrodinggames/rts/gameFramework/i/b;Lcom/corrodinggames/rts/gameFramework/utility/j;Ljava/lang/String;Ljava/lang/String;)Lcom/corrodinggames/rts/game/units/custom/l;,parseCustomUnitMetadata
169,1.16,[core],ini_section,Resource Node Keys,,reclaimPrice:,reclaimPrice,reclaimPrice,int,Like price but for resources. Useful for buildable resources.,reclaimPrice: gold=1000,matched,com/corrodinggames/rts/game/units/custom/ag,rustedwarfare/custom/CustomUnitLoader,custom-unit-loader,reclaimPrice,0,high,,a,(Ljava/lang/String;Ljava/io/InputStream;JLcom/corrodinggames/rts/gameFramework/i/b;Lcom/corrodinggames/rts/gameFramework/utility/j;Ljava/lang/String;Ljava/lang/String;)Lcom/corrodinggames/rts/game/units/custom/l;,parseCustomUnitMetadata
171,1.16,[core],ini_section,Resource Harvester Keys,,canReclaimResources:,canReclaimResources,canReclaimResources,bool,"If true this unit can gather resources, useful with resourceRate.",canReclaimResources: true,matched,com/corrodinggames/rts/game/units/custom/ag,rustedwarfare/custom/CustomUnitLoader,custom-unit-loader,canReclaimResources,0,high,,a,(Ljava/lang/String;Ljava/io/InputStream;JLcom/corrodinggames/rts/gameFramework/i/b;Lcom/corrodinggames/rts/gameFramework/utility/j;Ljava/lang/String;Ljava/lang/String;)Lcom/corrodinggames/rts/game/units/custom/l;,parseCustomUnitMetadata
172,1.16,[core],ini_section,Resource Harvester Keys,,canReclaimResourcesNextSearchRange:,canReclaimResourcesNextSearchRange,canReclaimResourcesNextSearchRange,int,Defines the resource search range of this unit when its main gathered resource runs out.,canReclaimResourcesNextSearchRange: 100,matched,com/corrodinggames/rts/game/units/custom/ag,rustedwarfare/custom/CustomUnitLoader,custom-unit-loader,canReclaimResourcesNextSearchRange,0,high,,a,(Ljava/lang/String;Ljava/io/InputStream;JLcom/corrodinggames/rts/gameFramework/i/b;Lcom/corrodinggames/rts/gameFramework/utility/j;Ljava/lang/String;Ljava/lang/String;)Lcom/corrodinggames/rts/game/units/custom/l;,parseCustomUnitMetadata
173,1.16,[core],ini_section,Resource Harvester Keys,,canReclaimResourcesOnlyWithTags:,canReclaimResourcesOnlyWithTags,canReclaimResourcesOnlyWithTags,string(s),This unit is only allowed to gather resources with these tags.,"canReclaimResourcesOnlyWithTags: foodResource, goldResource",matched,com/corrodinggames/rts/game/units/custom/ag,rustedwarfare/custom/CustomUnitLoader,custom-unit-loader,canReclaimResourcesOnlyWithTags,0,high,,a,(Ljava/lang/String;Ljava/io/InputStream;JLcom/corrodinggames/rts/gameFramework/i/b;Lcom/corrodinggames/rts/gameFramework/utility/j;Ljava/lang/String;Ljava/lang/String;)Lcom/corrodinggames/rts/game/units/custom/l;,parseCustomUnitMetadata
174,1.16,[core],ini_section,Resource Harvester Keys,,canReclaimUnitsOnlyWithTags,canReclaimUnitsOnlyWithTags,canReclaimUnitsOnlyWithTags,string(s),"This is for reclaiming units, not for resources. See canReclaimResourcesOnlyWithTags",canReclaimUnitsOnlyWithTags: reclaimable,matched,com/corrodinggames/rts/game/units/custom/ag,rustedwarfare/custom/CustomUnitLoader,custom-unit-loader,canReclaimUnitsOnlyWithTags,0,high,,a,(Ljava/lang/String;Ljava/io/InputStream;JLcom/corrodinggames/rts/gameFramework/i/b;Lcom/corrodinggames/rts/gameFramework/utility/j;Ljava/lang/String;Ljava/lang/String;)Lcom/corrodinggames/rts/game/units/custom/l;,parseCustomUnitMetadata
175,1.16,[core],ini_section,Resource Harvester Keys,1.15,resourceReclaimMultiplier,resourceReclaimMultiplier,resourceReclaimMultiplier,float,"Multiplies the builder's reclaim speed. Different from the related key ""nanoUnbuildSpeed""",resourceReclaimMultiplier: 1.5,matched,com/corrodinggames/rts/game/units/custom/ag,rustedwarfare/custom/CustomUnitLoader,custom-unit-loader,resourceReclaimMultiplier,0,high,,a,(Ljava/lang/String;Ljava/io/InputStream;JLcom/corrodinggames/rts/gameFramework/i/b;Lcom/corrodinggames/rts/gameFramework/utility/j;Ljava/lang/String;Ljava/lang/String;)Lcom/corrodinggames/rts/game/units/custom/l;,parseCustomUnitMetadata
177,1.16,[core],ini_section,Construction and Factory Keys,,canRepairUnitsOnlyWithTags,canRepairUnitsOnlyWithTags,canRepairUnitsOnlyWithTags,string(s),Repairs units with the specified tags,canRepairUnitsOnlyWithTags: vulnerable,matched,com/corrodinggames/rts/game/units/custom/ag,rustedwarfare/custom/CustomUnitLoader,custom-unit-loader,canRepairUnitsOnlyWithTags,0,high,,a,(Ljava/lang/String;Ljava/io/InputStream;JLcom/corrodinggames/rts/gameFramework/i/b;Lcom/corrodinggames/rts/gameFramework/utility/j;Ljava/lang/String;Ljava/lang/String;)Lcom/corrodinggames/rts/game/units/custom/l;,parseCustomUnitMetadata
178,1.16,[core],ini_section,Construction and Factory Keys,,canRepairBuildings:,canRepairBuildings,canRepairBuildings,bool,Can this can heal ally buildings (isBuilder:true is required),canRepairBuildings: true,matched,com/corrodinggames/rts/game/units/custom/ag,rustedwarfare/custom/CustomUnitLoader,custom-unit-loader,canRepairBuildings,0,high,,a,(Ljava/lang/String;Ljava/io/InputStream;JLcom/corrodinggames/rts/gameFramework/i/b;Lcom/corrodinggames/rts/gameFramework/utility/j;Ljava/lang/String;Ljava/lang/String;)Lcom/corrodinggames/rts/game/units/custom/l;,parseCustomUnitMetadata
179,1.16,[core],ini_section,Construction and Factory Keys,,canRepairUnits:,canRepairUnits,canRepairUnits,bool,"Can this can heal ally units. (isBuilder:true is required), canRepairBuildings required for buildings.",canRepairUnits: true,matched,com/corrodinggames/rts/game/units/custom/ag,rustedwarfare/custom/CustomUnitLoader,custom-unit-loader,canRepairUnits,0,high,,a,(Ljava/lang/String;Ljava/io/InputStream;JLcom/corrodinggames/rts/gameFramework/i/b;Lcom/corrodinggames/rts/gameFramework/utility/j;Ljava/lang/String;Ljava/lang/String;)Lcom/corrodinggames/rts/game/units/custom/l;,parseCustomUnitMetadata
180,1.16,[core],ini_section,Construction and Factory Keys,,autoRepair:,autoRepair,autoRepair,bool,Automatically try and repair damaged units in nano range. (isBuilder:true is required),autoRepair: true,matched,com/corrodinggames/rts/game/units/custom/ag,rustedwarfare/custom/CustomUnitLoader,custom-unit-loader,autoRepair,0,high,,a,(Ljava/lang/String;Ljava/io/InputStream;JLcom/corrodinggames/rts/gameFramework/i/b;Lcom/corrodinggames/rts/gameFramework/utility/j;Ljava/lang/String;Ljava/lang/String;)Lcom/corrodinggames/rts/game/units/custom/l;,parseCustomUnitMetadata
181,1.16,[core],ini_section,Construction and Factory Keys,,nanoRange:,nanoRange,nanoRange,int,Defaults to 85. Defines the unit building/repair/reclaim range.,nanoRange: 110,matched,com/corrodinggames/rts/game/units/custom/ag,rustedwarfare/custom/CustomUnitLoader,custom-unit-loader,nanoRange,0,high,,a,(Ljava/lang/String;Ljava/io/InputStream;JLcom/corrodinggames/rts/gameFramework/i/b;Lcom/corrodinggames/rts/gameFramework/utility/j;Ljava/lang/String;Ljava/lang/String;)Lcom/corrodinggames/rts/game/units/custom/l;,parseCustomUnitMetadata
182,1.16,[core],ini_section,Construction and Factory Keys,,nanoRepairSpeed:,nanoRepairSpeed,nanoRepairSpeed,float,Defaults to 0.2. Defines the unit nano repair/reclaim speed.,nanoRepairSpeed: 0.01,matched,com/corrodinggames/rts/game/units/custom/ag,rustedwarfare/custom/CustomUnitLoader,custom-unit-loader,nanoRepairSpeed,0,high,,a,(Ljava/lang/String;Ljava/io/InputStream;JLcom/corrodinggames/rts/gameFramework/i/b;Lcom/corrodinggames/rts/gameFramework/utility/j;Ljava/lang/String;Ljava/lang/String;)Lcom/corrodinggames/rts/game/units/custom/l;,parseCustomUnitMetadata
183,1.16,[core],ini_section,Construction and Factory Keys,,nanoBuildSpeed:,nanoBuildSpeed,nanoBuildSpeed,float,Defaults to 1. Defines the unit nano building speed. (May multiply with target's buildSpeed),nanoBuildSpeed: 0.9,matched,com/corrodinggames/rts/game/units/custom/ag,rustedwarfare/custom/CustomUnitLoader,custom-unit-loader,nanoBuildSpeed,0,high,,a,(Ljava/lang/String;Ljava/io/InputStream;JLcom/corrodinggames/rts/gameFramework/i/b;Lcom/corrodinggames/rts/gameFramework/utility/j;Ljava/lang/String;Ljava/lang/String;)Lcom/corrodinggames/rts/game/units/custom/l;,parseCustomUnitMetadata
184,1.16,[core],ini_section,Construction and Factory Keys,1.15,nanoUnbuildSpeed:,nanoUnbuildSpeed,nanoUnbuildSpeed,float,How fast a builder reclaims an incomplete building (defaults to 1),nanoUnbuildSpeed: 1.4,matched,com/corrodinggames/rts/game/units/custom/ag,rustedwarfare/custom/CustomUnitLoader,custom-unit-loader,nanoUnbuildSpeed,0,high,,a,(Ljava/lang/String;Ljava/io/InputStream;JLcom/corrodinggames/rts/gameFramework/i/b;Lcom/corrodinggames/rts/gameFramework/utility/j;Ljava/lang/String;Ljava/lang/String;)Lcom/corrodinggames/rts/game/units/custom/l;,parseCustomUnitMetadata
185,1.16,[core],ini_section,Construction and Factory Keys,,nanoReclaimSpeed:,nanoReclaimSpeed,nanoReclaimSpeed,float,How fast a builder reclaims a normal unit (not a resource unit),nanoReclaimSpeed: 0.23,matched,com/corrodinggames/rts/game/units/custom/ag,rustedwarfare/custom/CustomUnitLoader,custom-unit-loader,nanoReclaimSpeed,0,high,,a,(Ljava/lang/String;Ljava/io/InputStream;JLcom/corrodinggames/rts/gameFramework/i/b;Lcom/corrodinggames/rts/gameFramework/utility/j;Ljava/lang/String;Ljava/lang/String;)Lcom/corrodinggames/rts/game/units/custom/l;,parseCustomUnitMetadata
186,1.16,[core],ini_section,Construction and Factory Keys,1.13.3,nanoRangeForRepairIsMelee:,nanoRangeForRepairIsMelee,nanoRangeForRepairIsMelee,bool,Defines if this unit must touch its target to repair it.,nanoRangeForRepairIsMelee: true,matched,com/corrodinggames/rts/game/units/custom/ag,rustedwarfare/custom/CustomUnitLoader,custom-unit-loader,nanoRangeForRepairIsMelee,0,high,,a,(Ljava/lang/String;Ljava/io/InputStream;JLcom/corrodinggames/rts/gameFramework/i/b;Lcom/corrodinggames/rts/gameFramework/utility/j;Ljava/lang/String;Ljava/lang/String;)Lcom/corrodinggames/rts/game/units/custom/l;,parseCustomUnitMetadata
187,1.16,[core],ini_section,Construction and Factory Keys,,nanoRangeForReclaimIsMelee:,nanoRangeForReclaimIsMelee,nanoRangeForReclaimIsMelee,bool,Defines if this unit must touch its target to reclaim it.,nanoRangeForReclaimIsMelee: true,matched,com/corrodinggames/rts/game/units/custom/ag,rustedwarfare/custom/CustomUnitLoader,custom-unit-loader,nanoRangeForReclaimIsMelee,0,high,,a,(Ljava/lang/String;Ljava/io/InputStream;JLcom/corrodinggames/rts/gameFramework/i/b;Lcom/corrodinggames/rts/gameFramework/utility/j;Ljava/lang/String;Ljava/lang/String;)Lcom/corrodinggames/rts/game/units/custom/l;,parseCustomUnitMetadata
188,1.16,[core],ini_section,Construction and Factory Keys,,nanoRangeForRepair:,nanoRangeForRepair,nanoRangeForRepair,int,Defines a specific range for the repair action of this unit.,nanoRangeForRepair: 60,matched,com/corrodinggames/rts/game/units/custom/ag,rustedwarfare/custom/CustomUnitLoader,custom-unit-loader,nanoRangeForRepair,0,high,,a,(Ljava/lang/String;Ljava/io/InputStream;JLcom/corrodinggames/rts/gameFramework/i/b;Lcom/corrodinggames/rts/gameFramework/utility/j;Ljava/lang/String;Ljava/lang/String;)Lcom/corrodinggames/rts/game/units/custom/l;,parseCustomUnitMetadata
189,1.16,[core],ini_section,Construction and Factory Keys,,nanoRangeForReclaim:,nanoRangeForReclaim,nanoRangeForReclaim,int,Defines a specific range for the reclaim action of this unit.,nanoRangeForReclaim: 60,matched,com/corrodinggames/rts/game/units/custom/ag,rustedwarfare/custom/CustomUnitLoader,custom-unit-loader,nanoRangeForReclaim,0,high,,a,(Ljava/lang/String;Ljava/io/InputStream;JLcom/corrodinggames/rts/gameFramework/i/b;Lcom/corrodinggames/rts/gameFramework/utility/j;Ljava/lang/String;Ljava/lang/String;)Lcom/corrodinggames/rts/game/units/custom/l;,parseCustomUnitMetadata
190,1.16,[core],ini_section,Construction and Factory Keys,,nanoFactorySpeed:,nanoFactorySpeed,nanoFactorySpeed,float,Defaults to 1. Multiplies the buildSpeed value of the created unit if this unit is a factory.,nanoFactorySpeed: 1.2,matched,com/corrodinggames/rts/game/units/custom/ag,rustedwarfare/custom/CustomUnitLoader,custom-unit-loader,nanoFactorySpeed,1,high,,a,(Ljava/lang/String;Ljava/io/InputStream;JLcom/corrodinggames/rts/gameFramework/i/b;Lcom/corrodinggames/rts/gameFramework/utility/j;Ljava/lang/String;Ljava/lang/String;)Lcom/corrodinggames/rts/game/units/custom/l;,parseCustomUnitMetadata
191,1.16,[core],ini_section,Construction and Factory Keys,,extraBuildRangeWhenBuildingThis:,extraBuildRangeWhenBuildingThis,extraBuildRangeWhenBuildingThis,int,Temporarily adds extra build range to builders to build this unit. Useful for water based buildings.,extraBuildRangeWhenBuildingThis: 90,matched,com/corrodinggames/rts/game/units/custom/ag,rustedwarfare/custom/CustomUnitLoader,custom-unit-loader,extraBuildRangeWhenBuildingThis,0,high,,a,(Ljava/lang/String;Ljava/io/InputStream;JLcom/corrodinggames/rts/gameFramework/i/b;Lcom/corrodinggames/rts/gameFramework/utility/j;Ljava/lang/String;Ljava/lang/String;)Lcom/corrodinggames/rts/game/units/custom/l;,parseCustomUnitMetadata
192,1.16,[core],ini_section,Construction and Factory Keys,,builtFrom_{NUM}_name:,builtFrom_{NUM}_name,builtFrom_{NUM}_name,string(s),Useful if adding this unit to build to existing buildings. Like canBuild but in opposite direction.,"builtFrom_1_name: landFactory, airFactory",unmatched,,,,,0,official-only,,,,
193,1.16,[core],ini_section,Construction and Factory Keys,,builtFrom_{NUM}_pos:,builtFrom_{NUM}_pos,builtFrom_{NUM}_pos,float,Order this build link appears in UI. Using canBuild instead is more recommended.,builtFrom_1_pos: 0.1,unmatched,,,,,0,official-only,,,,
194,1.16,[core],ini_section,Construction and Factory Keys,,builtFrom_{NUM}_forceNano:,builtFrom_{NUM}_forceNano,builtFrom_{NUM}_forceNano,bool,Build as if this is a building if true. (even if it's a unit),builtFrom_1_forceNano: true,unmatched,,,,,0,official-only,,,,
195,1.16,[core],ini_section,Construction and Factory Keys,1.13.3,builtFrom_{NUM}_isLocked:,builtFrom_{NUM}_isLocked,builtFrom_{NUM}_isLocked,LogicBoolean,If true this unit cannot be built in this build link. (can be conditioned if logicBooleans are used),builtFrom_1_isLocked: if self.hp(lessThan=100),unmatched,,,,,0,official-only,,,,
196,1.16,[core],ini_section,Construction and Factory Keys,,builtFrom_{NUM}_isLockedMessage:,builtFrom_{NUM}_isLockedMessage,builtFrom_{NUM}_isLockedMessage,LocaleString,Message shown when this build link is locked.,builtFrom_1_isLockedMessage: -Needs more population,unmatched,,,,,0,official-only,,,,
197,1.16,[core],ini_section,Construction and Factory Keys,,exit_x:,exit_x,exit_x,float,Where created or unloaded units appears from the transport or building. Defaults to 0.,exit_x: 0,matched,com/corrodinggames/rts/game/units/custom/ag,rustedwarfare/custom/CustomUnitLoader,custom-unit-loader,exit_x,0,high,,a,(Ljava/lang/String;Ljava/io/InputStream;JLcom/corrodinggames/rts/gameFramework/i/b;Lcom/corrodinggames/rts/gameFramework/utility/j;Ljava/lang/String;Ljava/lang/String;)Lcom/corrodinggames/rts/game/units/custom/l;,parseCustomUnitMetadata
198,1.16,[core],ini_section,Construction and Factory Keys,,exit_y:,exit_y,exit_y,float,Where created or unloaded units appears from the transport or building. Defaults to 5.,exit_x: 5,matched,com/corrodinggames/rts/game/units/custom/ag,rustedwarfare/custom/CustomUnitLoader,custom-unit-loader,exit_y,0,high,,a,(Ljava/lang/String;Ljava/io/InputStream;JLcom/corrodinggames/rts/gameFramework/i/b;Lcom/corrodinggames/rts/gameFramework/utility/j;Ljava/lang/String;Ljava/lang/String;)Lcom/corrodinggames/rts/game/units/custom/l;,parseCustomUnitMetadata
199,1.16,[core],ini_section,Construction and Factory Keys,1.13,exit_dirOffset:,exit_dirOffset,exit_dirOffset,float,Defaults to 180 for units and 0 for buildings. Defines the exit direction of created or unloaded units.,exit_dirOffset: 140,matched,com/corrodinggames/rts/game/units/custom/ag,rustedwarfare/custom/CustomUnitLoader,custom-unit-loader,exit_dirOffset,0,high,,a,(Ljava/lang/String;Ljava/io/InputStream;JLcom/corrodinggames/rts/gameFramework/i/b;Lcom/corrodinggames/rts/gameFramework/utility/j;Ljava/lang/String;Ljava/lang/String;)Lcom/corrodinggames/rts/game/units/custom/l;,parseCustomUnitMetadata
200,1.16,[core],ini_section,Construction and Factory Keys,,exit_heightOffset:,exit_heightOffset,exit_heightOffset,float,Defaults to 0. Defines the height where created or unloaded units appears.,exit_heightOffset: 16,matched,com/corrodinggames/rts/game/units/custom/ag,rustedwarfare/custom/CustomUnitLoader,custom-unit-loader,exit_heightOffset,0,high,,a,(Ljava/lang/String;Ljava/io/InputStream;JLcom/corrodinggames/rts/gameFramework/i/b;Lcom/corrodinggames/rts/gameFramework/utility/j;Ljava/lang/String;Ljava/lang/String;)Lcom/corrodinggames/rts/game/units/custom/l;,parseCustomUnitMetadata
201,1.16,[core],ini_section,Construction and Factory Keys,,exit_moveAwayAmount:,exit_moveAwayAmount,exit_moveAwayAmount,float,Defaults to 70. Defines the distance that created or unloaded units moves from this unit.,exit_moveAwayAmount: 10,matched,com/corrodinggames/rts/game/units/custom/ag,rustedwarfare/custom/CustomUnitLoader,custom-unit-loader,exit_moveAwayAmount,0,high,,a,(Ljava/lang/String;Ljava/io/InputStream;JLcom/corrodinggames/rts/gameFramework/i/b;Lcom/corrodinggames/rts/gameFramework/utility/j;Ljava/lang/String;Ljava/lang/String;)Lcom/corrodinggames/rts/game/units/custom/l;,parseCustomUnitMetadata
202,1.16,[core],ini_section,Construction and Factory Keys,1.14,exitHeightIgnoreParent,exitHeightIgnoreParent,exitHeightIgnoreParent,bool,Ignores parent height for exit height; useful for separating attachments with their parents for building,exitHeightIgnoreParent: true,matched,com/corrodinggames/rts/game/units/custom/ag,rustedwarfare/custom/CustomUnitLoader,custom-unit-loader,exitHeightIgnoreParent,0,high,,a,(Ljava/lang/String;Ljava/io/InputStream;JLcom/corrodinggames/rts/gameFramework/i/b;Lcom/corrodinggames/rts/gameFramework/utility/j;Ljava/lang/String;Ljava/lang/String;)Lcom/corrodinggames/rts/game/units/custom/l;,parseCustomUnitMetadata
204,1.16,[core],ini_section,Death Keys,,dieOnConstruct:,dieOnConstruct,dieOnConstruct,bool,Deletes this unit when it starts to build if true. (target building/unit likely will need selfBuildRate set),dieOnConstruct: true,matched,com/corrodinggames/rts/game/units/custom/ag,rustedwarfare/custom/CustomUnitLoader,custom-unit-loader,dieOnConstruct,0,high,,a,(Ljava/lang/String;Ljava/io/InputStream;JLcom/corrodinggames/rts/gameFramework/i/b;Lcom/corrodinggames/rts/gameFramework/utility/j;Ljava/lang/String;Ljava/lang/String;)Lcom/corrodinggames/rts/game/units/custom/l;,parseCustomUnitMetadata
205,1.16,[core],ini_section,Death Keys,1.13,dieOnZeroEnergy:,dieOnZeroEnergy,dieOnZeroEnergy,bool,Kills this unit if energy level reaches zero when true.,dieOnZeroEnergy: true,matched,com/corrodinggames/rts/game/units/custom/ag,rustedwarfare/custom/CustomUnitLoader,custom-unit-loader,dieOnZeroEnergy,0,high,,a,(Ljava/lang/String;Ljava/io/InputStream;JLcom/corrodinggames/rts/gameFramework/i/b;Lcom/corrodinggames/rts/gameFramework/utility/j;Ljava/lang/String;Ljava/lang/String;)Lcom/corrodinggames/rts/game/units/custom/l;,parseCustomUnitMetadata
206,1.16,[core],ini_section,Death Keys,,numBitsOnDeath:,numBitsOnDeath,numBitsOnDeath,int,Defines the number of scattered bit fragments when this unit dies.,numBitsOnDeath: 20,matched,com/corrodinggames/rts/game/units/custom/ag,rustedwarfare/custom/CustomUnitLoader,custom-unit-loader,numBitsOnDeath,0,high,,a,(Ljava/lang/String;Ljava/io/InputStream;JLcom/corrodinggames/rts/gameFramework/i/b;Lcom/corrodinggames/rts/gameFramework/utility/j;Ljava/lang/String;Ljava/lang/String;)Lcom/corrodinggames/rts/game/units/custom/l;,parseCustomUnitMetadata
207,1.16,[core],ini_section,Death Keys,,nukeOnDeath:,nukeOnDeath,nukeOnDeath,bool,Unit will spawn a nuke detonation built-in effect when dies if true.,nukeOnDeath: true,matched,com/corrodinggames/rts/game/units/custom/ag,rustedwarfare/custom/CustomUnitLoader,custom-unit-loader,nukeOnDeath,0,high,,a,(Ljava/lang/String;Ljava/io/InputStream;JLcom/corrodinggames/rts/gameFramework/i/b;Lcom/corrodinggames/rts/gameFramework/utility/j;Ljava/lang/String;Ljava/lang/String;)Lcom/corrodinggames/rts/game/units/custom/l;,parseCustomUnitMetadata
208,1.16,[core],ini_section,Death Keys,,nukeOnDeathRange:,nukeOnDeathRange,nukeOnDeathRange,float,Defines the nuke effect range when using nukeOnDeath.,nukeOnDeathRange: 140,matched,com/corrodinggames/rts/game/units/custom/ag,rustedwarfare/custom/CustomUnitLoader,custom-unit-loader,nukeOnDeathRange,0,high,,a,(Ljava/lang/String;Ljava/io/InputStream;JLcom/corrodinggames/rts/gameFramework/i/b;Lcom/corrodinggames/rts/gameFramework/utility/j;Ljava/lang/String;Ljava/lang/String;)Lcom/corrodinggames/rts/game/units/custom/l;,parseCustomUnitMetadata
209,1.16,[core],ini_section,Death Keys,,nukeOnDeathDamage:,nukeOnDeathDamage,nukeOnDeathDamage,float,Defines the nuke effect area damage when using nukeOnDeath.,nukeOnDeathDamage: 2000,matched,com/corrodinggames/rts/game/units/custom/ag,rustedwarfare/custom/CustomUnitLoader,custom-unit-loader,nukeOnDeathDamage,0,high,,a,(Ljava/lang/String;Ljava/io/InputStream;JLcom/corrodinggames/rts/gameFramework/i/b;Lcom/corrodinggames/rts/gameFramework/utility/j;Ljava/lang/String;Ljava/lang/String;)Lcom/corrodinggames/rts/game/units/custom/l;,parseCustomUnitMetadata
210,1.16,[core],ini_section,Death Keys,,nukeOnDeathDisableWhenNoNuke:,nukeOnDeathDisableWhenNoNuke,nukeOnDeathDisableWhenNoNuke,bool,Defaults to false. If true this unit will not explode with nuke when nukes are disabled in skirmish maps.,nukeOnDeathDisableWhenNoNuke: true,matched,com/corrodinggames/rts/game/units/custom/ag,rustedwarfare/custom/CustomUnitLoader,custom-unit-loader,nukeOnDeathDisableWhenNoNuke,0,high,,a,(Ljava/lang/String;Ljava/io/InputStream;JLcom/corrodinggames/rts/gameFramework/i/b;Lcom/corrodinggames/rts/gameFramework/utility/j;Ljava/lang/String;Ljava/lang/String;)Lcom/corrodinggames/rts/game/units/custom/l;,parseCustomUnitMetadata
211,1.16,[core],ini_section,Death Keys,,fireTurretXAtSelfOnDeath:,fireTurretXAtSelfOnDeath,fireTurretXAtSelfOnDeath,turret ref,Auto-shoot a specific turret when this unit dies.,fireTurretXAtSelfOnDeath: turret_1,matched,com/corrodinggames/rts/game/units/custom/ag,rustedwarfare/custom/CustomUnitLoader,custom-unit-loader,fireTurretXAtSelfOnDeath,0,high,,a,(Ljava/lang/String;Ljava/io/InputStream;JLcom/corrodinggames/rts/gameFramework/i/b;Lcom/corrodinggames/rts/gameFramework/utility/j;Ljava/lang/String;Ljava/lang/String;)Lcom/corrodinggames/rts/game/units/custom/l;,parseCustomUnitMetadata
212,1.16,[core],ini_section,Death Keys,1.13,explodeOnDeath:,explodeOnDeath,explodeOnDeath,bool,Defaults to true. Disables the unit death explode built-in effect if false.,explodeOnDeath: false,matched,com/corrodinggames/rts/game/units/custom/ag,rustedwarfare/custom/CustomUnitLoader,custom-unit-loader,explodeOnDeath,1,high,,a,(Ljava/lang/String;Ljava/io/InputStream;JLcom/corrodinggames/rts/gameFramework/i/b;Lcom/corrodinggames/rts/gameFramework/utility/j;Ljava/lang/String;Ljava/lang/String;)Lcom/corrodinggames/rts/game/units/custom/l;,parseCustomUnitMetadata
213,1.16,[core],ini_section,Death Keys,,explodeOnDeathGroundCollision:,explodeOnDeathGroundCollision,explodeOnDeathGroundCollision,boolean,Defaults to true. Disables the explode built-in effect on death when unit touches ground if false.,explodeOnDeathGroundCollision: false,matched,com/corrodinggames/rts/game/units/custom/ag,rustedwarfare/custom/CustomUnitLoader,custom-unit-loader,explodeOnDeathGroundCollision,0,high,,a,(Ljava/lang/String;Ljava/io/InputStream;JLcom/corrodinggames/rts/gameFramework/i/b;Lcom/corrodinggames/rts/gameFramework/utility/j;Ljava/lang/String;Ljava/lang/String;)Lcom/corrodinggames/rts/game/units/custom/l;,parseCustomUnitMetadata
214,1.16,[core],ini_section,Death Keys,1.14,explodeTypeOnDeath:,explodeTypeOnDeath,explodeTypeOnDeath,preset effects,"options: verysmall, small, normal, large, largeUnit, building, buildingNoShockwaveOrSmoke, verylargeBuilding",,matched,com/corrodinggames/rts/game/units/custom/ag,rustedwarfare/custom/CustomUnitLoader,custom-unit-loader,explodeTypeOnDeath,0,high,,a,(Ljava/lang/String;Ljava/io/InputStream;JLcom/corrodinggames/rts/gameFramework/i/b;Lcom/corrodinggames/rts/gameFramework/utility/j;Ljava/lang/String;Ljava/lang/String;)Lcom/corrodinggames/rts/game/units/custom/l;,parseCustomUnitMetadata
215,1.16,[core],ini_section,Death Keys,1.13,effectOnDeath:,effectOnDeath,effectOnDeath,effect(s) ref,Spawns built-in or custom effects when unit dies.,"effectOnDeath: shockwave, CUSTOM:pieces*3, CUSTOM:deathSound",matched,com/corrodinggames/rts/game/units/custom/ag,rustedwarfare/custom/CustomUnitLoader,custom-unit-loader,effectOnDeath,0,high,,a,(Ljava/lang/String;Ljava/io/InputStream;JLcom/corrodinggames/rts/gameFramework/i/b;Lcom/corrodinggames/rts/gameFramework/utility/j;Ljava/lang/String;Ljava/lang/String;)Lcom/corrodinggames/rts/game/units/custom/l;,parseCustomUnitMetadata
216,1.16,[core],ini_section,Death Keys,,effectOnDeathGroundCollision:,effectOnDeathGroundCollision,effectOnDeathGroundCollision,effect(s) ref,Like effectOnDeath but when unit touches ground. Useful for flying units.,effectOnDeathGroundCollision: CUSTOM:bigExplosion,matched,com/corrodinggames/rts/game/units/custom/ag,rustedwarfare/custom/CustomUnitLoader,custom-unit-loader,effectOnDeathGroundCollision,0,high,,a,(Ljava/lang/String;Ljava/io/InputStream;JLcom/corrodinggames/rts/gameFramework/i/b;Lcom/corrodinggames/rts/gameFramework/utility/j;Ljava/lang/String;Ljava/lang/String;)Lcom/corrodinggames/rts/game/units/custom/l;,parseCustomUnitMetadata
217,1.16,[core],ini_section,Death Keys,,unitsSpawnedOnDeath:,unitsSpawnedOnDeath,unitsSpawnedOnDeath,string(s),Spawns these units when dies. Comma separated unit identifiers.,"unitsSpawnedOnDeath: tank*5, hoverTank",matched,com/corrodinggames/rts/game/units/custom/ag,rustedwarfare/custom/CustomUnitLoader,custom-unit-loader,unitsSpawnedOnDeath,0,high,,a,(Ljava/lang/String;Ljava/io/InputStream;JLcom/corrodinggames/rts/gameFramework/i/b;Lcom/corrodinggames/rts/gameFramework/utility/j;Ljava/lang/String;Ljava/lang/String;)Lcom/corrodinggames/rts/game/units/custom/l;,parseCustomUnitMetadata
218,1.16,[core],ini_section,Death Keys,,unitsSpawnedOnDeath_setToTeamOfLastAttacker:,unitsSpawnedOnDeath_setToTeamOfLastAttacker,unitsSpawnedOnDeath_setToTeamOfLastAttacker,bool,Units spawned on death will appear on the last attacker team if true.,unitsSpawnedOnDeath_setToTeamOfLastAttacker: true,matched,com/corrodinggames/rts/game/units/custom/ag,rustedwarfare/custom/CustomUnitLoader,custom-unit-loader,unitsSpawnedOnDeath_setToTeamOfLastAttacker,0,high,,a,(Ljava/lang/String;Ljava/io/InputStream;JLcom/corrodinggames/rts/gameFramework/i/b;Lcom/corrodinggames/rts/gameFramework/utility/j;Ljava/lang/String;Ljava/lang/String;)Lcom/corrodinggames/rts/game/units/custom/l;,parseCustomUnitMetadata
219,1.16,[core],ini_section,Death Keys,,hideScorchMark:,hideScorchMark,hideScorchMark,bool,Disables the death scorch mark leaved when unit dies if true.,hideScorchMark: true,matched,com/corrodinggames/rts/game/units/custom/ag,rustedwarfare/custom/CustomUnitLoader,custom-unit-loader,hideScorchMark,0,high,,a,(Ljava/lang/String;Ljava/io/InputStream;JLcom/corrodinggames/rts/gameFramework/i/b;Lcom/corrodinggames/rts/gameFramework/utility/j;Ljava/lang/String;Ljava/lang/String;)Lcom/corrodinggames/rts/game/units/custom/l;,parseCustomUnitMetadata
220,1.16,[core],ini_section,Death Keys,,soundOnDeath:,soundOnDeath,soundOnDeath,string(s),Sets a custom sound for this unit death.,"soundOnDeath: tankExplosion1.ogg, tankExplosion2.ogg",matched,com/corrodinggames/rts/game/units/custom/ag,rustedwarfare/custom/CustomUnitLoader,custom-unit-loader,soundOnDeath,0,high,,a,(Ljava/lang/String;Ljava/io/InputStream;JLcom/corrodinggames/rts/gameFramework/i/b;Lcom/corrodinggames/rts/gameFramework/utility/j;Ljava/lang/String;Ljava/lang/String;)Lcom/corrodinggames/rts/game/units/custom/l;,parseCustomUnitMetadata
221,1.16,[core],ini_section,Death Keys,1.14,effectOnDeathIfUnbuilt:,effectOnDeathIfUnbuilt,effectOnDeathIfUnbuilt,effect(s) ref,"If the unit was not completed, and is destroyed, play this effect. Defaults to effectOnDeath",effectOnDeathIfUnbuilt: CUSTOM:implode,matched,com/corrodinggames/rts/game/units/custom/ag,rustedwarfare/custom/CustomUnitLoader,custom-unit-loader,effectOnDeathIfUnbuilt,0,high,,a,(Ljava/lang/String;Ljava/io/InputStream;JLcom/corrodinggames/rts/gameFramework/i/b;Lcom/corrodinggames/rts/gameFramework/utility/j;Ljava/lang/String;Ljava/lang/String;)Lcom/corrodinggames/rts/game/units/custom/l;,parseCustomUnitMetadata
223,1.16,[core],ini_section,Action Keys,1.13.3,autoTriggerCooldownTime:,autoTriggerCooldownTime,autoTriggerCooldownTime,time (seconds),Post automatic action cooldown (Not detection cooldown). Defaults to 1s. Warning: Setting this too low for many units might effect performance depending on the action effects.,autoTriggerCooldownTime: 0.05s,matched,com/corrodinggames/rts/game/units/custom/ag,rustedwarfare/custom/CustomUnitLoader,custom-unit-loader,autoTriggerCooldownTime,0,high,,a,(Ljava/lang/String;Ljava/io/InputStream;JLcom/corrodinggames/rts/gameFramework/i/b;Lcom/corrodinggames/rts/gameFramework/utility/j;Ljava/lang/String;Ljava/lang/String;)Lcom/corrodinggames/rts/game/units/custom/l;,parseCustomUnitMetadata
224,1.16,[core],ini_section,Action Keys,,autoTriggerCooldownTime_allowDangerousHighCPU:,autoTriggerCooldownTime_allowDangerousHighCPU,autoTriggerCooldownTime_allowDangerousHighCPU,bool,Allows for auto action cooldown lower than 0.2s. Default to false. Not recommended.,autoTriggerCooldownTime_allowDangerousHighCPU: true,matched,com/corrodinggames/rts/game/units/custom/ag,rustedwarfare/custom/CustomUnitLoader,custom-unit-loader,autoTriggerCooldownTime_allowDangerousHighCPU,0,high,,a,(Ljava/lang/String;Ljava/io/InputStream;JLcom/corrodinggames/rts/gameFramework/i/b;Lcom/corrodinggames/rts/gameFramework/utility/j;Ljava/lang/String;Ljava/lang/String;)Lcom/corrodinggames/rts/game/units/custom/l;,parseCustomUnitMetadata
225,1.16,[core],ini_section,Action Keys,1.15,autoTriggerCheckRate:,autoTriggerCheckRate,autoTriggerCheckRate,enum,"options: everyFrame (default), every4Frames, every8Frames. Note: all triggers regardless of check rate are checked when first created and after an auto trigger cooldown. Note: Adding [core]autoTriggerCheckRate:every8Frames to all-units.template could have a large performance boost for mods with complex autoTriggers.",autoTriggerCheckRate:every8Frames,matched,com/corrodinggames/rts/game/units/custom/ag,rustedwarfare/custom/CustomUnitLoader,custom-unit-loader,autoTriggerCheckRate,0,high,,a,(Ljava/lang/String;Ljava/io/InputStream;JLcom/corrodinggames/rts/gameFramework/i/b;Lcom/corrodinggames/rts/gameFramework/utility/j;Ljava/lang/String;Ljava/lang/String;)Lcom/corrodinggames/rts/game/units/custom/l;,parseCustomUnitMetadata
226,1.16,[core],ini_section,Action Keys,1.15,autoTriggerCheckWhileNotBuilt:,autoTriggerCheckWhileNotBuilt,autoTriggerCheckWhileNotBuilt,bool,Defaults to false. autoTrigger of unit actions check even when not completely built if true,autoTriggerCheckWhileNotBuilt: true,matched,com/corrodinggames/rts/game/units/custom/ag,rustedwarfare/custom/CustomUnitLoader,custom-unit-loader,autoTriggerCheckWhileNotBuilt,0,high,,a,(Ljava/lang/String;Ljava/io/InputStream;JLcom/corrodinggames/rts/gameFramework/i/b;Lcom/corrodinggames/rts/gameFramework/utility/j;Ljava/lang/String;Ljava/lang/String;)Lcom/corrodinggames/rts/game/units/custom/l;,parseCustomUnitMetadata
227,1.16,[core],ini_section,Action Keys,1.15p10,updateUnitMemory:,updateUnitMemory,updateUnitMemory,memory,Faster memory update than [action_#] setUnitMemory. Useful on many applications.,updateUnitMemory: timeCount = (1 + memory.timeCount),matched,com/corrodinggames/rts/game/units/custom/ag,rustedwarfare/custom/CustomUnitLoader,custom-unit-loader,updateUnitMemory,0,high,,a,(Ljava/lang/String;Ljava/io/InputStream;JLcom/corrodinggames/rts/gameFramework/i/b;Lcom/corrodinggames/rts/gameFramework/utility/j;Ljava/lang/String;Ljava/lang/String;)Lcom/corrodinggames/rts/game/units/custom/l;,parseCustomUnitMetadata
228,1.16,[core],ini_section,Action Keys,,updateUnitMemoryRate:,updateUnitMemoryRate,updateUnitMemoryRate,int,Sets how often the memory is updated. Defaults at 1s. settings it to 0 will update memory every frame.,updateUnitMemoryRate: 0,matched,com/corrodinggames/rts/game/units/custom/ag,rustedwarfare/custom/CustomUnitLoader,custom-unit-loader,updateUnitMemoryRate,0,high,,a,(Ljava/lang/String;Ljava/io/InputStream;JLcom/corrodinggames/rts/gameFramework/i/b;Lcom/corrodinggames/rts/gameFramework/utility/j;Ljava/lang/String;Ljava/lang/String;)Lcom/corrodinggames/rts/game/units/custom/l;,parseCustomUnitMetadata
230,1.16,[core],ini_section,Action Keys,1.15,@memory,@memory,@memory,,"A template-friendly method of defineUnitMemory. Declare name followed by type, separated by a colon",@memory fish:unit,matched,com/corrodinggames/rts/game/units/custom/ag,rustedwarfare/custom/CustomUnitLoader,custom-unit-loader,@memory->@memory ,0,medium,,,,
235,1.16,[core],ini_section,Deprecated Keys (can be used but there are better ways),depr. 1.13,action_#_convertTo:,action_#_convertTo,action_#_convertTo,string,"Deprecated in 1.13, use [action_x] sections instead",action_1_convertTo: customTank_2,matched,com/corrodinggames/rts/game/units/custom/ag,rustedwarfare/custom/CustomUnitLoader,custom-unit-loader,action->action_,1,high,,a,(Ljava/lang/String;Ljava/io/InputStream;JLcom/corrodinggames/rts/gameFramework/i/b;Lcom/corrodinggames/rts/gameFramework/utility/j;Ljava/lang/String;Ljava/lang/String;)Lcom/corrodinggames/rts/game/units/custom/l;,parseCustomUnitMetadata
236,1.16,[core],ini_section,Deprecated Keys (can be used but there are better ways),,action_#_pos:,action_#_pos,action_#_pos,float,Order action appears in UI,action_1_pos: 0.1,matched,com/corrodinggames/rts/game/units/custom/ag,rustedwarfare/custom/CustomUnitLoader,custom-unit-loader,action->action_,1,high,,a,(Ljava/lang/String;Ljava/io/InputStream;JLcom/corrodinggames/rts/gameFramework/i/b;Lcom/corrodinggames/rts/gameFramework/utility/j;Ljava/lang/String;Ljava/lang/String;)Lcom/corrodinggames/rts/game/units/custom/l;,parseCustomUnitMetadata
237,1.16,[core],ini_section,Deprecated Keys (can be used but there are better ways),,action_#_price:,action_#_price,action_#_price,int,The price of your action for the unit. (All your sub actions will be linked to the # you use),action_1_price: 1000,matched,com/corrodinggames/rts/game/units/custom/ag,rustedwarfare/custom/CustomUnitLoader,custom-unit-loader,action->action_,1,high,,a,(Ljava/lang/String;Ljava/io/InputStream;JLcom/corrodinggames/rts/gameFramework/i/b;Lcom/corrodinggames/rts/gameFramework/utility/j;Ljava/lang/String;Ljava/lang/String;)Lcom/corrodinggames/rts/game/units/custom/l;,parseCustomUnitMetadata
238,1.16,[core],ini_section,Deprecated Keys (can be used but there are better ways),,action_#_text:,action_#_text,action_#_text,string,"A display text when you select your unit's action, used to explain it's purpose.",action_1_text: Upgrade to Custom Tank 2,matched,com/corrodinggames/rts/game/units/custom/ag,rustedwarfare/custom/CustomUnitLoader,custom-unit-loader,action->action_,1,high,,a,(Ljava/lang/String;Ljava/io/InputStream;JLcom/corrodinggames/rts/gameFramework/i/b;Lcom/corrodinggames/rts/gameFramework/utility/j;Ljava/lang/String;Ljava/lang/String;)Lcom/corrodinggames/rts/game/units/custom/l;,parseCustomUnitMetadata
239,1.16,[core],ini_section,Deprecated Keys (can be used but there are better ways),,action_#_description:,action_#_description,action_#_description,string,The action description.,action_1_description: -Converts the tank,matched,com/corrodinggames/rts/game/units/custom/ag,rustedwarfare/custom/CustomUnitLoader,custom-unit-loader,action->action_,1,high,,a,(Ljava/lang/String;Ljava/io/InputStream;JLcom/corrodinggames/rts/gameFramework/i/b;Lcom/corrodinggames/rts/gameFramework/utility/j;Ljava/lang/String;Ljava/lang/String;)Lcom/corrodinggames/rts/game/units/custom/l;,parseCustomUnitMetadata
240,1.16,[core],ini_section,Deprecated Keys (can be used but there are better ways),,action_#_addEnergy:,action_#_addEnergy,action_#_addEnergy,float,Adds energy to unit. Has no effect unless energyMax is set,action_1_addEnergy: 10,matched,com/corrodinggames/rts/game/units/custom/ag,rustedwarfare/custom/CustomUnitLoader,custom-unit-loader,action->action_,1,high,,a,(Ljava/lang/String;Ljava/io/InputStream;JLcom/corrodinggames/rts/gameFramework/i/b;Lcom/corrodinggames/rts/gameFramework/utility/j;Ljava/lang/String;Ljava/lang/String;)Lcom/corrodinggames/rts/game/units/custom/l;,parseCustomUnitMetadata
241,1.16,[core],ini_section,Deprecated Keys (can be used but there are better ways),,action_#_whenBuilding_cannotMove:,action_#_whenBuilding_cannotMove,action_#_whenBuilding_cannotMove,bool,Stops unit moving while action is being applied. Useful for deploy like actions.,action_1_whenBuilding_cannotMove: true,matched,com/corrodinggames/rts/game/units/custom/ag,rustedwarfare/custom/CustomUnitLoader,custom-unit-loader,action->action_,1,high,,a,(Ljava/lang/String;Ljava/io/InputStream;JLcom/corrodinggames/rts/gameFramework/i/b;Lcom/corrodinggames/rts/gameFramework/utility/j;Ljava/lang/String;Ljava/lang/String;)Lcom/corrodinggames/rts/game/units/custom/l;,parseCustomUnitMetadata
242,1.16,[core],ini_section,Deprecated Keys (can be used but there are better ways),,canBuild_#_name/pos/isLocked:,canBuild_#_name/pos/isLocked,canBuild_#_name/pos/isLocked,string,Use canBuild section instead.,canBuild_1_name: tank,matched,com/corrodinggames/rts/game/units/custom/ag,rustedwarfare/custom/CustomUnitLoader,custom-unit-loader,canBuild->canBuild_,0,high,,a,(Ljava/lang/String;Ljava/io/InputStream;JLcom/corrodinggames/rts/gameFramework/i/b;Lcom/corrodinggames/rts/gameFramework/utility/j;Ljava/lang/String;Ljava/lang/String;)Lcom/corrodinggames/rts/game/units/custom/l;,parseCustomUnitMetadata
245,1.16,[canBuild_NAME],ini_section,,1.13.3,name:,name,name,string(s),"List of unit identifiers this unit can create. Can be buildings or units. Add ""setRally"" to create a rally button","name: setRally, tank, hoverTank, heavyTank",matched,com/corrodinggames/rts/game/units/custom/l,rustedwarfare/custom/CustomUnitMetadata,custom-unit-metadata,name,19,medium,,,,
246,1.16,[canBuild_NAME],ini_section,,,pos:,pos,pos,float,Order build link appears in this unit UI.,pos: 0.1,matched,com/corrodinggames/rts/game/units/custom/ag,rustedwarfare/custom/CustomUnitLoader,custom-unit-loader,pos,0,high,,a,(Ljava/lang/String;Ljava/io/InputStream;JLcom/corrodinggames/rts/gameFramework/i/b;Lcom/corrodinggames/rts/gameFramework/utility/j;Ljava/lang/String;Ljava/lang/String;)Lcom/corrodinggames/rts/game/units/custom/l;,parseCustomUnitMetadata
247,1.16,[canBuild_NAME],ini_section,,,tech:,tech,tech,int,Tech level. Mostly just affects build link colour in this unit UI. Defaults to 1.,tech: 2,matched,com/corrodinggames/rts/game/units/custom/ag,rustedwarfare/custom/CustomUnitLoader,custom-unit-loader,tech,0,high,,b,(Lcom/corrodinggames/rts/game/units/custom/l;Lcom/corrodinggames/rts/gameFramework/utility/ab;Ljava/lang/String;Ljava/lang/String;Z)V,parseCanBuildActionSection
248,1.16,[canBuild_NAME],ini_section,,,forceNano:,forceNano,forceNano,bool,Builds target as if it was a building if true. (even if it's a unit),forceNano: true,matched,com/corrodinggames/rts/game/units/custom/ag,rustedwarfare/custom/CustomUnitLoader,custom-unit-loader,forceNano,0,high,,a,(Ljava/lang/String;Ljava/io/InputStream;JLcom/corrodinggames/rts/gameFramework/i/b;Lcom/corrodinggames/rts/gameFramework/utility/j;Ljava/lang/String;Ljava/lang/String;)Lcom/corrodinggames/rts/game/units/custom/l;,parseCustomUnitMetadata
249,1.16,[canBuild_NAME],ini_section,,,isVisible:,isVisible,isVisible,LogicBoolean,Hide this build link if true in this unit UI.,isVisible: if not self.energy(greaterThan=100),matched,com/corrodinggames/rts/game/units/custom/ag,rustedwarfare/custom/CustomUnitLoader,custom-unit-loader,isVisible,2,high,,a,(Ljava/lang/String;Ljava/io/InputStream;JLcom/corrodinggames/rts/gameFramework/i/b;Lcom/corrodinggames/rts/gameFramework/utility/j;Ljava/lang/String;Ljava/lang/String;)Lcom/corrodinggames/rts/game/units/custom/l;,parseCustomUnitMetadata
250,1.16,[canBuild_NAME],ini_section,,,isLocked:,isLocked,isLocked,LogicBoolean,Dynamically locks this build option and shows isLockedMessage if true.,isLocked: if self.hp(lessThan=100),matched,com/corrodinggames/rts/game/units/custom/ag,rustedwarfare/custom/CustomUnitLoader,custom-unit-loader,isLocked,2,high,,a,(Ljava/lang/String;Ljava/io/InputStream;JLcom/corrodinggames/rts/gameFramework/i/b;Lcom/corrodinggames/rts/gameFramework/utility/j;Ljava/lang/String;Ljava/lang/String;)Lcom/corrodinggames/rts/game/units/custom/l;,parseCustomUnitMetadata
251,1.16,[canBuild_NAME],ini_section,,,isLockedMessage:,isLockedMessage,isLockedMessage,string,Set to tell to players why a unit is locked.,isLockedMessage: -Needs 2 Barracks,matched,com/corrodinggames/rts/game/units/custom/ag,rustedwarfare/custom/CustomUnitLoader,custom-unit-loader,isLockedMessage,0,high,,a,(Ljava/lang/String;Ljava/io/InputStream;JLcom/corrodinggames/rts/gameFramework/i/b;Lcom/corrodinggames/rts/gameFramework/utility/j;Ljava/lang/String;Ljava/lang/String;)Lcom/corrodinggames/rts/game/units/custom/l;,parseCustomUnitMetadata
252,1.16,[canBuild_NAME],ini_section,,,isLockedMessage_{LANG}:,isLockedMessage_{LANG},isLockedMessage_{LANG},string,LANG = ISO 639-1 Code to show this text instead when game is in this language.,isLockedMessage_es: -Necesita 2 Cuarteles,matched,com/corrodinggames/rts/game/units/custom/ag,rustedwarfare/custom/CustomUnitLoader,custom-unit-loader,isLockedMessage,1,high,,a,(Ljava/lang/String;Ljava/io/InputStream;JLcom/corrodinggames/rts/gameFramework/i/b;Lcom/corrodinggames/rts/gameFramework/utility/j;Ljava/lang/String;Ljava/lang/String;)Lcom/corrodinggames/rts/game/units/custom/l;,parseCustomUnitMetadata
253,1.16,[canBuild_NAME],ini_section,,,isLockedAlt:,isLockedAlt,isLockedAlt,LogicBoolean,Another reason for this to be locked. Just allows a different message to be shown.,isLockedAlt: if self.energy(greaterThan=90),matched,com/corrodinggames/rts/game/units/custom/ag,rustedwarfare/custom/CustomUnitLoader,custom-unit-loader,isLockedAlt,0,high,,b,(Lcom/corrodinggames/rts/game/units/custom/l;Lcom/corrodinggames/rts/gameFramework/utility/ab;Ljava/lang/String;Ljava/lang/String;Z)V,parseCanBuildActionSection
254,1.16,[canBuild_NAME],ini_section,,,isLockedAltMessage:,isLockedAltMessage,isLockedAltMessage,string,Message for isLockedAlt.,isLockedAltMessage: -Needs less energy,matched,com/corrodinggames/rts/game/units/custom/ag,rustedwarfare/custom/CustomUnitLoader,custom-unit-loader,isLockedAltMessage,0,high,,b,(Lcom/corrodinggames/rts/game/units/custom/l;Lcom/corrodinggames/rts/gameFramework/utility/ab;Ljava/lang/String;Ljava/lang/String;Z)V,parseCanBuildActionSection
255,1.16,[canBuild_NAME],ini_section,,,isLockedAlt2:,isLockedAlt2,isLockedAlt2,LogicBoolean,Like isLockedAlt but to show one more message.,isLockedAlt2: if self.isMoving(),matched,com/corrodinggames/rts/game/units/custom/ag,rustedwarfare/custom/CustomUnitLoader,custom-unit-loader,isLockedAlt2,0,high,,b,(Lcom/corrodinggames/rts/game/units/custom/l;Lcom/corrodinggames/rts/gameFramework/utility/ab;Ljava/lang/String;Ljava/lang/String;Z)V,parseCanBuildActionSection
256,1.16,[canBuild_NAME],ini_section,,,isLockedAlt2Message:,isLockedAlt2Message,isLockedAlt2Message,string,Message for isLockedAlt2.,isLockedAlt2Message: -Needs to be quiet,matched,com/corrodinggames/rts/game/units/custom/ag,rustedwarfare/custom/CustomUnitLoader,custom-unit-loader,isLockedAlt2Message,0,high,,b,(Lcom/corrodinggames/rts/game/units/custom/l;Lcom/corrodinggames/rts/gameFramework/utility/ab;Ljava/lang/String;Ljava/lang/String;Z)V,parseCanBuildActionSection
257,1.16,[canBuild_NAME],ini_section,,,addResources:,addResources,addResources,price(s),Adds these resources to self when placing the building or producing the unit.,"addResources: ammo=5, setFlag=1",matched,com/corrodinggames/rts/game/units/custom/ag,rustedwarfare/custom/CustomUnitLoader,custom-unit-loader,addResources,1,high,,b,(Lcom/corrodinggames/rts/game/units/custom/l;Lcom/corrodinggames/rts/gameFramework/utility/ab;Ljava/lang/String;Ljava/lang/String;Z)V,parseCanBuildActionSection
258,1.16,[canBuild_NAME],ini_section,,,price:,price,price,price(s),Overrides builded units/buildings price. Defaults to target unit prices.,"price: credits=1000, ammo=5",matched,com/corrodinggames/rts/game/units/custom/ag,rustedwarfare/custom/CustomUnitLoader,custom-unit-loader,price,0,high,,a,(Ljava/lang/String;Ljava/io/InputStream;JLcom/corrodinggames/rts/gameFramework/i/b;Lcom/corrodinggames/rts/gameFramework/utility/j;Ljava/lang/String;Ljava/lang/String;)Lcom/corrodinggames/rts/game/units/custom/l;,parseCustomUnitMetadata
259,1.16,[canBuild_NAME],ini_section,,,isGuiBlinking:,isGuiBlinking,isGuiBlinking,LogicBoolean,Generates a blinking effect in UI if true.,isGuiBlinking: true,matched,com/corrodinggames/rts/game/units/custom/ag,rustedwarfare/custom/CustomUnitLoader,custom-unit-loader,isGuiBlinking,0,high,,b,(Lcom/corrodinggames/rts/game/units/custom/l;Lcom/corrodinggames/rts/gameFramework/utility/ab;Ljava/lang/String;Ljava/lang/String;Z)V,parseCanBuildActionSection
265,1.16,[graphics],ini_section,Common Keys,,image:,image,image,file (image),File path to png image.,image: body.png,matched,com/corrodinggames/rts/game/units/custom/ag,rustedwarfare/custom/CustomUnitLoader,custom-unit-loader,image,4,high,,a,(Ljava/lang/String;Ljava/io/InputStream;JLcom/corrodinggames/rts/gameFramework/i/b;Lcom/corrodinggames/rts/gameFramework/utility/j;Ljava/lang/String;Ljava/lang/String;)Lcom/corrodinggames/rts/game/units/custom/l;,parseCustomUnitMetadata
266,1.16,[graphics],ini_section,Common Keys,1.13,teamColoringMode:,teamColoringMode,teamColoringMode,,"How pixels are used for team coloring, options: pureGreen, hueAdd, hueShift, disabled",(Defaults to pureGreen if no code) teamColoringMode: disabled,matched,com/corrodinggames/rts/game/units/custom/ag,rustedwarfare/custom/CustomUnitLoader,custom-unit-loader,teamColoringMode,0,high,,a,(Ljava/lang/String;Ljava/io/InputStream;JLcom/corrodinggames/rts/gameFramework/i/b;Lcom/corrodinggames/rts/gameFramework/utility/j;Ljava/lang/String;Ljava/lang/String;)Lcom/corrodinggames/rts/game/units/custom/l;,parseCustomUnitMetadata
267,1.16,[graphics],ini_section,Common Keys,,image_back:,image_back,image_back,file (image),An optional image drawn behind other units. Useful for factories that units exit,image_back: floor.png,matched,com/corrodinggames/rts/game/units/custom/ag,rustedwarfare/custom/CustomUnitLoader,custom-unit-loader,image_back,0,high,,a,(Ljava/lang/String;Ljava/io/InputStream;JLcom/corrodinggames/rts/gameFramework/i/b;Lcom/corrodinggames/rts/gameFramework/utility/j;Ljava/lang/String;Ljava/lang/String;)Lcom/corrodinggames/rts/game/units/custom/l;,parseCustomUnitMetadata
268,1.16,[graphics],ini_section,Common Keys,1.14,image_shield,image_shield,image_shield,file (image),Image to show as a custom shield,image_shield: forcefield.png,matched,com/corrodinggames/rts/game/units/custom/ag,rustedwarfare/custom/CustomUnitLoader,custom-unit-loader,image_shield,0,high,,a,(Ljava/lang/String;Ljava/io/InputStream;JLcom/corrodinggames/rts/gameFramework/i/b;Lcom/corrodinggames/rts/gameFramework/utility/j;Ljava/lang/String;Ljava/lang/String;)Lcom/corrodinggames/rts/game/units/custom/l;,parseCustomUnitMetadata
269,1.16,[graphics],ini_section,Common Keys,,image_wreak:,image_wreak,image_wreak,file (image),Image to use when unit dies. Can be NONE to leave no wreak,image_wreak: ded.png,matched,com/corrodinggames/rts/game/units/custom/ag,rustedwarfare/custom/CustomUnitLoader,custom-unit-loader,image_wreak,0,high,,a,(Ljava/lang/String;Ljava/io/InputStream;JLcom/corrodinggames/rts/gameFramework/i/b;Lcom/corrodinggames/rts/gameFramework/utility/j;Ljava/lang/String;Ljava/lang/String;)Lcom/corrodinggames/rts/game/units/custom/l;,parseCustomUnitMetadata
270,1.16,[graphics],ini_section,Common Keys,,image_offsetX:,image_offsetX,image_offsetX,int,Use this to adjust the graphics of a unit if it is too far off one side,image_offsetX: 21,matched,com/corrodinggames/rts/game/units/custom/ag,rustedwarfare/custom/CustomUnitLoader,custom-unit-loader,image_offsetX,0,high,,a,(Ljava/lang/String;Ljava/io/InputStream;JLcom/corrodinggames/rts/gameFramework/i/b;Lcom/corrodinggames/rts/gameFramework/utility/j;Ljava/lang/String;Ljava/lang/String;)Lcom/corrodinggames/rts/game/units/custom/l;,parseCustomUnitMetadata
271,1.16,[graphics],ini_section,Common Keys,,image_offsetY:,image_offsetY,image_offsetY,int,Use this to adjust the graphics of a unit if it is too far off one side,image_offsetY: 41,matched,com/corrodinggames/rts/game/units/custom/ag,rustedwarfare/custom/CustomUnitLoader,custom-unit-loader,image_offsetY,0,high,,a,(Ljava/lang/String;Ljava/io/InputStream;JLcom/corrodinggames/rts/gameFramework/i/b;Lcom/corrodinggames/rts/gameFramework/utility/j;Ljava/lang/String;Ljava/lang/String;)Lcom/corrodinggames/rts/game/units/custom/l;,parseCustomUnitMetadata
272,1.16,[graphics],ini_section,Common Keys,1.15p9,image_offsetH:,image_offsetH,image_offsetH,int,"Use this to adjust the height of the graphic, especially when using decals",image_offsetH: 25,matched,com/corrodinggames/rts/game/units/custom/ag,rustedwarfare/custom/CustomUnitLoader,custom-unit-loader,image_offsetH,0,high,,a,(Ljava/lang/String;Ljava/io/InputStream;JLcom/corrodinggames/rts/gameFramework/i/b;Lcom/corrodinggames/rts/gameFramework/utility/j;Ljava/lang/String;Ljava/lang/String;)Lcom/corrodinggames/rts/game/units/custom/l;,parseCustomUnitMetadata
273,1.16,[graphics],ini_section,Common Keys,,image_floatingPointSize,image_floatingPointSize,image_floatingPointSize,int,Fixes of by 1 pixel sizing for images with widths and/or height that has odd value,image_floatingPointSize: 10,matched,com/corrodinggames/rts/game/units/custom/ag,rustedwarfare/custom/CustomUnitLoader,custom-unit-loader,image_floatingPointSize,0,high,,a,(Ljava/lang/String;Ljava/io/InputStream;JLcom/corrodinggames/rts/gameFramework/i/b;Lcom/corrodinggames/rts/gameFramework/utility/j;Ljava/lang/String;Ljava/lang/String;)Lcom/corrodinggames/rts/game/units/custom/l;,parseCustomUnitMetadata
274,1.16,[graphics],ini_section,Common Keys,1.13.3,isVisible,isVisible,isVisible,logic,If false will hide the unit.,isVisible: false,matched,com/corrodinggames/rts/game/units/custom/ag,rustedwarfare/custom/CustomUnitLoader,custom-unit-loader,isVisible,2,high,,a,(Ljava/lang/String;Ljava/io/InputStream;JLcom/corrodinggames/rts/gameFramework/i/b;Lcom/corrodinggames/rts/gameFramework/utility/j;Ljava/lang/String;Ljava/lang/String;)Lcom/corrodinggames/rts/game/units/custom/l;,parseCustomUnitMetadata
275,1.16,[graphics],ini_section,Common Keys,1.14,isVisibleToEnemies,isVisibleToEnemies,isVisibleToEnemies,bool,Only visible to player and allies when false. Recommend with showOnMinimapToEnemies. Useful for stealth units.,isVisibleToEnemies: false,matched,com/corrodinggames/rts/game/units/custom/ag,rustedwarfare/custom/CustomUnitLoader,custom-unit-loader,isVisibleToEnemies,0,high,,a,(Ljava/lang/String;Ljava/io/InputStream;JLcom/corrodinggames/rts/gameFramework/i/b;Lcom/corrodinggames/rts/gameFramework/utility/j;Ljava/lang/String;Ljava/lang/String;)Lcom/corrodinggames/rts/game/units/custom/l;,parseCustomUnitMetadata
276,1.16,[graphics],ini_section,Common Keys,,scaleImagesTo:,scaleImagesTo,scaleImagesTo,float,"Resize image to fit this value in pixels. Effects leg, and shadow images as well.",scaleImagesTo: 1,matched,com/corrodinggames/rts/game/units/custom/ag,rustedwarfare/custom/CustomUnitLoader,custom-unit-loader,scaleImagesTo,0,high,,a,(Ljava/lang/String;Ljava/io/InputStream;JLcom/corrodinggames/rts/gameFramework/i/b;Lcom/corrodinggames/rts/gameFramework/utility/j;Ljava/lang/String;Ljava/lang/String;)Lcom/corrodinggames/rts/game/units/custom/l;,parseCustomUnitMetadata
277,1.16,[graphics],ini_section,Common Keys,,imageScale:,imageScale,imageScale,float,"Resize image. Defaults to 1. Effects leg, and shadow images as well.",imageScale: 1,matched,com/corrodinggames/rts/game/units/custom/ag,rustedwarfare/custom/CustomUnitLoader,custom-unit-loader,imageScale,1,high,,a,(Ljava/lang/String;Ljava/io/InputStream;JLcom/corrodinggames/rts/gameFramework/i/b;Lcom/corrodinggames/rts/gameFramework/utility/j;Ljava/lang/String;Ljava/lang/String;)Lcom/corrodinggames/rts/game/units/custom/l;,parseCustomUnitMetadata
278,1.16,[graphics],ini_section,Common Keys,,drawLayer:,drawLayer,drawLayer,string,"Land units normally default to ground or ground2 if transport. Options: wreaks, underwater, bottom, ground, ground2, experimentals, air, top",drawLayer: bottom,matched,com/corrodinggames/rts/game/units/custom/ag,rustedwarfare/custom/CustomUnitLoader,custom-unit-loader,drawLayer,1,high,,a,(Ljava/lang/String;Ljava/io/InputStream;JLcom/corrodinggames/rts/gameFramework/i/b;Lcom/corrodinggames/rts/gameFramework/utility/j;Ljava/lang/String;Ljava/lang/String;)Lcom/corrodinggames/rts/game/units/custom/l;,parseCustomUnitMetadata
279,1.16,[graphics],ini_section,Common Keys,1.13,whenBeingBuiltMakeTransparentTill,whenBeingBuiltMakeTransparentTill,whenBeingBuiltMakeTransparentTill,float,"How long the transparent effect is applied to incomplete units, set to 0 to disable completely. Default: 1",whenBeingBuiltMakeTransparentTill: 0.4,matched,com/corrodinggames/rts/game/units/custom/ag,rustedwarfare/custom/CustomUnitLoader,custom-unit-loader,whenBeingBuiltMakeTransparentTill,0,high,,a,(Ljava/lang/String;Ljava/io/InputStream;JLcom/corrodinggames/rts/gameFramework/i/b;Lcom/corrodinggames/rts/gameFramework/utility/j;Ljava/lang/String;Ljava/lang/String;)Lcom/corrodinggames/rts/game/units/custom/l;,parseCustomUnitMetadata
280,1.16,[graphics],ini_section,Common Keys,,icon_zoomed_out,icon_zoomed_out,icon_zoomed_out,file (image),Sets the custom image of the unit icon on the zoomed out battle map,icon_zoomed_out: unitIcon.png,matched,com/corrodinggames/rts/game/units/custom/ag,rustedwarfare/custom/CustomUnitLoader,custom-unit-loader,icon_zoomed_out,0,high,,a,(Ljava/lang/String;Ljava/io/InputStream;JLcom/corrodinggames/rts/gameFramework/i/b;Lcom/corrodinggames/rts/gameFramework/utility/j;Ljava/lang/String;Ljava/lang/String;)Lcom/corrodinggames/rts/game/units/custom/l;,parseCustomUnitMetadata
281,1.16,[graphics],ini_section,Common Keys,,icon_zoomed_out_neverShow,icon_zoomed_out_neverShow,icon_zoomed_out_neverShow,bool,Sets wheather show the unit icon or not on the zoomed out battle map,icon_zoomed_out_neverShow: false,matched,com/corrodinggames/rts/game/units/custom/ag,rustedwarfare/custom/CustomUnitLoader,custom-unit-loader,icon_zoomed_out_neverShow,0,high,,a,(Ljava/lang/String;Ljava/io/InputStream;JLcom/corrodinggames/rts/gameFramework/i/b;Lcom/corrodinggames/rts/gameFramework/utility/j;Ljava/lang/String;Ljava/lang/String;)Lcom/corrodinggames/rts/game/units/custom/l;,parseCustomUnitMetadata
282,1.16,[graphics],ini_section,Common Keys,,icon_build,icon_build,icon_build,file (image),Displays icon of the unit on Build Panel,icon_build: iconFish.png,matched,com/corrodinggames/rts/game/units/custom/ag,rustedwarfare/custom/CustomUnitLoader,custom-unit-loader,icon_build,0,high,,a,(Ljava/lang/String;Ljava/io/InputStream;JLcom/corrodinggames/rts/gameFramework/i/b;Lcom/corrodinggames/rts/gameFramework/utility/j;Ljava/lang/String;Ljava/lang/String;)Lcom/corrodinggames/rts/game/units/custom/l;,parseCustomUnitMetadata
284,1.16,[graphics],ini_section,Turrets (images can also be set on each turret),,image_turret:,image_turret,image_turret,file (image),"Default image for all turrets, can also be set per turret",image_turret: gun.png,matched,com/corrodinggames/rts/game/units/custom/ag,rustedwarfare/custom/CustomUnitLoader,custom-unit-loader,image_turret,0,high,,a,(Ljava/lang/String;Ljava/io/InputStream;JLcom/corrodinggames/rts/gameFramework/i/b;Lcom/corrodinggames/rts/gameFramework/utility/j;Ljava/lang/String;Ljava/lang/String;)Lcom/corrodinggames/rts/game/units/custom/l;,parseCustomUnitMetadata
285,1.16,[graphics],ini_section,Turrets (images can also be set on each turret),,teamColorsOnTurret:,teamColorsOnTurret,teamColorsOnTurret,bool,Defaults false. Apply team colours on turret as well. Also effects pre-turret images,teamColorsOnTurret: true,matched,com/corrodinggames/rts/game/units/custom/ag,rustedwarfare/custom/CustomUnitLoader,custom-unit-loader,teamColorsOnTurret,0,high,,a,(Ljava/lang/String;Ljava/io/InputStream;JLcom/corrodinggames/rts/gameFramework/i/b;Lcom/corrodinggames/rts/gameFramework/utility/j;Ljava/lang/String;Ljava/lang/String;)Lcom/corrodinggames/rts/game/units/custom/l;,parseCustomUnitMetadata
286,1.16,[graphics],ini_section,Turrets (images can also be set on each turret),,scaleTurretImagesTo:,scaleTurretImagesTo,scaleTurretImagesTo,float,"Will cause crash if image_turret is not specified, even if image is set per turret",scaleTurretImagesTo: 1.2,matched,com/corrodinggames/rts/game/units/custom/ag,rustedwarfare/custom/CustomUnitLoader,custom-unit-loader,scaleTurretImagesTo,0,high,,a,(Ljava/lang/String;Ljava/io/InputStream;JLcom/corrodinggames/rts/gameFramework/i/b;Lcom/corrodinggames/rts/gameFramework/utility/j;Ljava/lang/String;Ljava/lang/String;)Lcom/corrodinggames/rts/game/units/custom/l;,parseCustomUnitMetadata
287,1.16,[graphics],ini_section,Turrets (images can also be set on each turret),,lock_body_rotation_with_main_turret:,lock_body_rotation_with_main_turret,lock_body_rotation_with_main_turret,bool,"Locks body image locked to the direction of the turret named ""1"" (turret_1) or the first turret defined (if a turret_1 is not defined)",lock_body_rotation_with_main_turret: true,matched,com/corrodinggames/rts/game/units/custom/ag,rustedwarfare/custom/CustomUnitLoader,custom-unit-loader,lock_body_rotation_with_main_turret,0,high,,a,(Ljava/lang/String;Ljava/io/InputStream;JLcom/corrodinggames/rts/gameFramework/i/b;Lcom/corrodinggames/rts/gameFramework/utility/j;Ljava/lang/String;Ljava/lang/String;)Lcom/corrodinggames/rts/game/units/custom/l;,parseCustomUnitMetadata
288,1.16,[graphics],ini_section,Turrets (images can also be set on each turret),1.13,lock_leg_rotation_with_main_turret,lock_leg_rotation_with_main_turret,lock_leg_rotation_with_main_turret,bool,"Locks legs and arms to the direction of the turret named ""1"" (turret_1) or the first turret defined (if a turret_1 is not defined)",lock_leg_rotation_with_main_turret: true,matched,com/corrodinggames/rts/game/units/custom/ag,rustedwarfare/custom/CustomUnitLoader,custom-unit-loader,lock_leg_rotation_with_main_turret,0,high,,a,(Ljava/lang/String;Ljava/io/InputStream;JLcom/corrodinggames/rts/gameFramework/i/b;Lcom/corrodinggames/rts/gameFramework/utility/j;Ljava/lang/String;Ljava/lang/String;)Lcom/corrodinggames/rts/game/units/custom/l;,parseCustomUnitMetadata
290,1.16,[graphics],ini_section,Shadow,,image_shadow:,image_shadow,image_shadow,file (image),"Image file, NONE, AUTO or AUTO_ANIMATED. (AUTO will use image and make it transparent black only.)",image_shadow: shadow.png,matched,com/corrodinggames/rts/game/units/custom/ag,rustedwarfare/custom/CustomUnitLoader,custom-unit-loader,image_shadow,1,high,,a,(Ljava/lang/String;Ljava/io/InputStream;JLcom/corrodinggames/rts/gameFramework/i/b;Lcom/corrodinggames/rts/gameFramework/utility/j;Ljava/lang/String;Ljava/lang/String;)Lcom/corrodinggames/rts/game/units/custom/l;,parseCustomUnitMetadata
291,1.16,[graphics],ini_section,Shadow,,shadowOffsetX:,shadowOffsetX,shadowOffsetX,float,Adjusts shadow horizontally,shadowOffsetX: 10,matched,com/corrodinggames/rts/game/units/custom/ag,rustedwarfare/custom/CustomUnitLoader,custom-unit-loader,shadowOffsetX,1,high,,a,(Ljava/lang/String;Ljava/io/InputStream;JLcom/corrodinggames/rts/gameFramework/i/b;Lcom/corrodinggames/rts/gameFramework/utility/j;Ljava/lang/String;Ljava/lang/String;)Lcom/corrodinggames/rts/game/units/custom/l;,parseCustomUnitMetadata
292,1.16,[graphics],ini_section,Shadow,,shadowOffsetY:,shadowOffsetY,shadowOffsetY,float,Adjusts shadow vertically,shadowOffsetY: 10,matched,com/corrodinggames/rts/game/units/custom/ag,rustedwarfare/custom/CustomUnitLoader,custom-unit-loader,shadowOffsetY,1,high,,a,(Ljava/lang/String;Ljava/io/InputStream;JLcom/corrodinggames/rts/gameFramework/i/b;Lcom/corrodinggames/rts/gameFramework/utility/j;Ljava/lang/String;Ljava/lang/String;)Lcom/corrodinggames/rts/game/units/custom/l;,parseCustomUnitMetadata
293,1.16,[graphics],ini_section,Shadow,1.13.3,image_shadow_frames,image_shadow_frames,image_shadow_frames,bool,If shadow image should use frame animation of main image. .Alternative to AUTO_ANIMATED shadow value.,image_shadow_frames: true,matched,com/corrodinggames/rts/game/units/custom/ag,rustedwarfare/custom/CustomUnitLoader,custom-unit-loader,image_shadow_frames,0,high,,a,(Ljava/lang/String;Ljava/io/InputStream;JLcom/corrodinggames/rts/gameFramework/i/b;Lcom/corrodinggames/rts/gameFramework/utility/j;Ljava/lang/String;Ljava/lang/String;)Lcom/corrodinggames/rts/game/units/custom/l;,parseCustomUnitMetadata
294,1.16,[graphics],ini_section,Shadow,,lock_shadow_rotation_with_main_turret:,lock_shadow_rotation_with_main_turret,lock_shadow_rotation_with_main_turret,bool,Locks body image shadow locked to first turret's direction,lock_shadow_rotation_with_main_turret: true,matched,com/corrodinggames/rts/game/units/custom/ag,rustedwarfare/custom/CustomUnitLoader,custom-unit-loader,lock_shadow_rotation_with_main_turret,0,high,,a,(Ljava/lang/String;Ljava/io/InputStream;JLcom/corrodinggames/rts/gameFramework/i/b;Lcom/corrodinggames/rts/gameFramework/utility/j;Ljava/lang/String;Ljava/lang/String;)Lcom/corrodinggames/rts/game/units/custom/l;,parseCustomUnitMetadata
296,1.16,[graphics],ini_section,Effects and animation,,total_frames,total_frames,total_frames,int,Defaults to 1. Animations require this.,total_frames: 3,matched,com/corrodinggames/rts/game/units/custom/ag,rustedwarfare/custom/CustomUnitLoader,custom-unit-loader,total_frames,2,high,,a,(Ljava/lang/String;Ljava/io/InputStream;JLcom/corrodinggames/rts/gameFramework/i/b;Lcom/corrodinggames/rts/gameFramework/utility/j;Ljava/lang/String;Ljava/lang/String;)Lcom/corrodinggames/rts/game/units/custom/l;,parseCustomUnitMetadata
297,1.16,[graphics],ini_section,Effects and animation,,frame_width:,frame_width,frame_width,int,"Calculated for you if total frames is set, but can be overridden",frame_width: 40,matched,com/corrodinggames/rts/game/units/custom/ag,rustedwarfare/custom/CustomUnitLoader,custom-unit-loader,frame_width,2,high,,a,(Ljava/lang/String;Ljava/io/InputStream;JLcom/corrodinggames/rts/gameFramework/i/b;Lcom/corrodinggames/rts/gameFramework/utility/j;Ljava/lang/String;Ljava/lang/String;)Lcom/corrodinggames/rts/game/units/custom/l;,parseCustomUnitMetadata
298,1.16,[graphics],ini_section,Effects and animation,,frame_height:,frame_height,frame_height,int,Defaults to image height,frame_height: 60,matched,com/corrodinggames/rts/game/units/custom/ag,rustedwarfare/custom/CustomUnitLoader,custom-unit-loader,frame_height,2,high,,a,(Ljava/lang/String;Ljava/io/InputStream;JLcom/corrodinggames/rts/gameFramework/i/b;Lcom/corrodinggames/rts/gameFramework/utility/j;Ljava/lang/String;Ljava/lang/String;)Lcom/corrodinggames/rts/game/units/custom/l;,parseCustomUnitMetadata
299,1.16,[graphics],ini_section,Effects and animation,1.14?,default_frame,default_frame,default_frame,int,Default frame when not playing an animation. First frame is 0,default_frame: 0,matched,com/corrodinggames/rts/game/units/custom/ag,rustedwarfare/custom/CustomUnitLoader,custom-unit-loader,default_frame,0,high,,a,(Ljava/lang/String;Ljava/io/InputStream;JLcom/corrodinggames/rts/gameFramework/i/b;Lcom/corrodinggames/rts/gameFramework/utility/j;Ljava/lang/String;Ljava/lang/String;)Lcom/corrodinggames/rts/game/units/custom/l;,parseCustomUnitMetadata
300,1.16,[graphics],ini_section,Effects and animation,,splastEffect:,splastEffect,splastEffect,bool,True to create a water wave effect when over water. Default false,splastEffect: true,matched,com/corrodinggames/rts/game/units/custom/ag,rustedwarfare/custom/CustomUnitLoader,custom-unit-loader,splastEffect,0,high,,a,(Ljava/lang/String;Ljava/io/InputStream;JLcom/corrodinggames/rts/gameFramework/i/b;Lcom/corrodinggames/rts/gameFramework/utility/j;Ljava/lang/String;Ljava/lang/String;)Lcom/corrodinggames/rts/game/units/custom/l;,parseCustomUnitMetadata
301,1.16,[graphics],ini_section,Effects and animation,,dustEffect:,dustEffect,dustEffect,bool,True to create a dust effect when over land. Default false,dustEffect: true,matched,com/corrodinggames/rts/game/units/custom/ag,rustedwarfare/custom/CustomUnitLoader,custom-unit-loader,dustEffect,0,high,,a,(Ljava/lang/String;Ljava/io/InputStream;JLcom/corrodinggames/rts/gameFramework/i/b;Lcom/corrodinggames/rts/gameFramework/utility/j;Ljava/lang/String;Ljava/lang/String;)Lcom/corrodinggames/rts/game/units/custom/l;,parseCustomUnitMetadata
302,1.16,[graphics],ini_section,Effects and animation,,splastEffectReverse:,splastEffectReverse,splastEffectReverse,bool,True to also create effect when unit is reversing,splastEffectReverse: true,matched,com/corrodinggames/rts/game/units/custom/ag,rustedwarfare/custom/CustomUnitLoader,custom-unit-loader,splastEffectReverse,0,high,,a,(Ljava/lang/String;Ljava/io/InputStream;JLcom/corrodinggames/rts/gameFramework/i/b;Lcom/corrodinggames/rts/gameFramework/utility/j;Ljava/lang/String;Ljava/lang/String;)Lcom/corrodinggames/rts/game/units/custom/l;,parseCustomUnitMetadata
303,1.16,[graphics],ini_section,Effects and animation,,dustEffectReverse:,dustEffectReverse,dustEffectReverse,bool,True to also create effect when unit is reversing,dustEffectReverse: true,matched,com/corrodinggames/rts/game/units/custom/ag,rustedwarfare/custom/CustomUnitLoader,custom-unit-loader,dustEffectReverse,0,high,,a,(Ljava/lang/String;Ljava/io/InputStream;JLcom/corrodinggames/rts/gameFramework/i/b;Lcom/corrodinggames/rts/gameFramework/utility/j;Ljava/lang/String;Ljava/lang/String;)Lcom/corrodinggames/rts/game/units/custom/l;,parseCustomUnitMetadata
304,1.16,[graphics],ini_section,Effects and animation,1.13,movementEffect,movementEffect,movementEffect,effect,"Custom movement effect, can be anything","movementEffect: smoke, CUSTOM:fastDust*2, CUSTOM:pop*5",matched,com/corrodinggames/rts/game/units/custom/ag,rustedwarfare/custom/CustomUnitLoader,custom-unit-loader,movementEffect,0,high,,a,(Ljava/lang/String;Ljava/io/InputStream;JLcom/corrodinggames/rts/gameFramework/i/b;Lcom/corrodinggames/rts/gameFramework/utility/j;Ljava/lang/String;Ljava/lang/String;)Lcom/corrodinggames/rts/game/units/custom/l;,parseCustomUnitMetadata
305,1.16,[graphics],ini_section,Effects and animation,1.13,movementEffectReverse,movementEffectReverse,movementEffectReverse,effect,Reversed version of movementEffect: key,"movementEffectReverse: smoke, CUSTOM:fastDust*2, CUSTOM:pop*5",matched,com/corrodinggames/rts/game/units/custom/ag,rustedwarfare/custom/CustomUnitLoader,custom-unit-loader,movementEffectReverse,0,high,,a,(Ljava/lang/String;Ljava/io/InputStream;JLcom/corrodinggames/rts/gameFramework/i/b;Lcom/corrodinggames/rts/gameFramework/utility/j;Ljava/lang/String;Ljava/lang/String;)Lcom/corrodinggames/rts/game/units/custom/l;,parseCustomUnitMetadata
306,1.16,[graphics],ini_section,Effects and animation,1.13,movementEffectRate,movementEffectRate,movementEffectRate,float,Sets the frequency of effects being spawned while moving,movementEffectRate: 10,matched,com/corrodinggames/rts/game/units/custom/ag,rustedwarfare/custom/CustomUnitLoader,custom-unit-loader,movementEffectRate,0,high,,a,(Ljava/lang/String;Ljava/io/InputStream;JLcom/corrodinggames/rts/gameFramework/i/b;Lcom/corrodinggames/rts/gameFramework/utility/j;Ljava/lang/String;Ljava/lang/String;)Lcom/corrodinggames/rts/game/units/custom/l;,parseCustomUnitMetadata
307,1.16,[graphics],ini_section,Effects and animation,1.13,movementEffectReverseFlipEffects,movementEffectReverseFlipEffects,movementEffectReverseFlipEffects,bool,Create effect as if unit has rotated 180 when reversing,movementEffectReverseFlipEffects: true,matched,com/corrodinggames/rts/game/units/custom/ag,rustedwarfare/custom/CustomUnitLoader,custom-unit-loader,movementEffectReverseFlipEffects,0,high,,a,(Ljava/lang/String;Ljava/io/InputStream;JLcom/corrodinggames/rts/gameFramework/i/b;Lcom/corrodinggames/rts/gameFramework/utility/j;Ljava/lang/String;Ljava/lang/String;)Lcom/corrodinggames/rts/game/units/custom/l;,parseCustomUnitMetadata
308,1.16,[graphics],ini_section,Effects and animation,,repairEffect,repairEffect,repairEffect,effect ref,"Custom repair effect, can be anything. Replaces default effect from builders",repairEffect: CUSTOM:mist*5,matched,com/corrodinggames/rts/game/units/custom/ag,rustedwarfare/custom/CustomUnitLoader,custom-unit-loader,repairEffect,0,high,,a,(Ljava/lang/String;Ljava/io/InputStream;JLcom/corrodinggames/rts/gameFramework/i/b;Lcom/corrodinggames/rts/gameFramework/utility/j;Ljava/lang/String;Ljava/lang/String;)Lcom/corrodinggames/rts/game/units/custom/l;,parseCustomUnitMetadata
309,1.16,[graphics],ini_section,Effects and animation,,repairEffectAtTarget,repairEffectAtTarget,repairEffectAtTarget,effect,Custom repair effect towards the repaired target,repairEffectAtTarget: CUSTOM:greensparks*2,matched,com/corrodinggames/rts/game/units/custom/ag,rustedwarfare/custom/CustomUnitLoader,custom-unit-loader,repairEffectAtTarget,0,high,,a,(Ljava/lang/String;Ljava/io/InputStream;JLcom/corrodinggames/rts/gameFramework/i/b;Lcom/corrodinggames/rts/gameFramework/utility/j;Ljava/lang/String;Ljava/lang/String;)Lcom/corrodinggames/rts/game/units/custom/l;,parseCustomUnitMetadata
310,1.16,[graphics],ini_section,Effects and animation,,repairEffectRate,repairEffectRate,repairEffectRate,int,"Sets the frequency of effects being spawned while repairing. Defaults to 5, affects both sides.",repairEffectRate: 20,matched,com/corrodinggames/rts/game/units/custom/ag,rustedwarfare/custom/CustomUnitLoader,custom-unit-loader,repairEffectRate,0,high,,a,(Ljava/lang/String;Ljava/io/InputStream;JLcom/corrodinggames/rts/gameFramework/i/b;Lcom/corrodinggames/rts/gameFramework/utility/j;Ljava/lang/String;Ljava/lang/String;)Lcom/corrodinggames/rts/game/units/custom/l;,parseCustomUnitMetadata
311,1.16,[graphics],ini_section,Effects and animation,1.13.3,reclaimEffect,reclaimEffect,reclaimEffect,effect,"Custom reclaim effect, can be anything. Replaces default effect from builders",reclaimEffect: CUSTOM:sap*5,matched,com/corrodinggames/rts/game/units/custom/ag,rustedwarfare/custom/CustomUnitLoader,custom-unit-loader,reclaimEffect,0,high,,a,(Ljava/lang/String;Ljava/io/InputStream;JLcom/corrodinggames/rts/gameFramework/i/b;Lcom/corrodinggames/rts/gameFramework/utility/j;Ljava/lang/String;Ljava/lang/String;)Lcom/corrodinggames/rts/game/units/custom/l;,parseCustomUnitMetadata
312,1.16,[graphics],ini_section,Effects and animation,1.13.3,reclaimEffectAtTarget,reclaimEffectAtTarget,reclaimEffectAtTarget,effect,Custom reclaim effect towards the reclaimed target,reclaimEffectAtTarget: CUSTOM:redsparks*2,matched,com/corrodinggames/rts/game/units/custom/ag,rustedwarfare/custom/CustomUnitLoader,custom-unit-loader,reclaimEffectAtTarget,0,high,,a,(Ljava/lang/String;Ljava/io/InputStream;JLcom/corrodinggames/rts/gameFramework/i/b;Lcom/corrodinggames/rts/gameFramework/utility/j;Ljava/lang/String;Ljava/lang/String;)Lcom/corrodinggames/rts/game/units/custom/l;,parseCustomUnitMetadata
313,1.16,[graphics],ini_section,Effects and animation,1.13.3,reclaimEffectRate,reclaimEffectRate,reclaimEffectRate,int,"Sets the frequency of effects being spawned while reclaiming. Defaults to 5, affects both sides.",reclaimEffectRate: 20,matched,com/corrodinggames/rts/game/units/custom/ag,rustedwarfare/custom/CustomUnitLoader,custom-unit-loader,reclaimEffectRate,0,high,,a,(Ljava/lang/String;Ljava/io/InputStream;JLcom/corrodinggames/rts/gameFramework/i/b;Lcom/corrodinggames/rts/gameFramework/utility/j;Ljava/lang/String;Ljava/lang/String;)Lcom/corrodinggames/rts/game/units/custom/l;,parseCustomUnitMetadata
314,1.16,[graphics],ini_section,Effects and animation,,rotate_with_direction:,rotate_with_direction,rotate_with_direction,bool,Defaults to true. Makes unit body image locked to 0 degrees when false. Often used with animation_direction_*,rotate_with_direction: false,matched,com/corrodinggames/rts/game/units/custom/ag,rustedwarfare/custom/CustomUnitLoader,custom-unit-loader,rotate_with_direction,0,high,,a,(Ljava/lang/String;Ljava/io/InputStream;JLcom/corrodinggames/rts/gameFramework/i/b;Lcom/corrodinggames/rts/gameFramework/utility/j;Ljava/lang/String;Ljava/lang/String;)Lcom/corrodinggames/rts/game/units/custom/l;,parseCustomUnitMetadata
315,1.16,[graphics],ini_section,Effects and animation,,animation_direction_units:,animation_direction_units,animation_direction_units,float,"45 for 8 directions, 90 for 4 direction animation. Used with rotate_with_direction:false",animation_direction_units: 45,unmatched,,,,,0,official-only,,,,
316,1.16,[graphics],ini_section,Effects and animation,,animation_direction_strideX:,animation_direction_strideX,animation_direction_strideX,int,Animation frames to offset on direction change.,animation_direction_strideX: 40,unmatched,,,,,0,official-only,,,,
317,1.16,[graphics],ini_section,Effects and animation,,animation_direction_strideY:,animation_direction_strideY,animation_direction_strideY,int,Animation frames to offset on direction change. Used with frame_height.,animation_direction_strideY: 60,unmatched,,,,,0,official-only,,,,
318,1.16,[graphics],ini_section,Effects and animation,,animation_direction_starting:,animation_direction_starting,animation_direction_starting,float,Direction for first frame,animation_direction_starting: 90,unmatched,,,,,0,official-only,,,,
320,1.16,[graphics],ini_section,Show and Hide,1.13.3,disableLowHpFire,disableLowHpFire,disableLowHpFire,bool,"Defaults to false. When true, removes the flames on severely damaged unit/structure.",disableLowHpFire: false,matched,com/corrodinggames/rts/game/units/custom/ag,rustedwarfare/custom/CustomUnitLoader,custom-unit-loader,disableLowHpFire,0,high,,a,(Ljava/lang/String;Ljava/io/InputStream;JLcom/corrodinggames/rts/gameFramework/i/b;Lcom/corrodinggames/rts/gameFramework/utility/j;Ljava/lang/String;Ljava/lang/String;)Lcom/corrodinggames/rts/game/units/custom/l;,parseCustomUnitMetadata
321,1.16,[graphics],ini_section,Show and Hide,1.13.3,disableLowHpSmoke,disableLowHpSmoke,disableLowHpSmoke,bool,"Defaults to false. When true, removes the smokes on severely damaged unit/structure.",disableLowHpSmoke: false,matched,com/corrodinggames/rts/game/units/custom/ag,rustedwarfare/custom/CustomUnitLoader,custom-unit-loader,disableLowHpSmoke,0,high,,a,(Ljava/lang/String;Ljava/io/InputStream;JLcom/corrodinggames/rts/gameFramework/i/b;Lcom/corrodinggames/rts/gameFramework/utility/j;Ljava/lang/String;Ljava/lang/String;)Lcom/corrodinggames/rts/game/units/custom/l;,parseCustomUnitMetadata
322,1.16,[graphics],ini_section,Show and Hide,1.13.3,showTransportBar:,showTransportBar,showTransportBar,bool,Defaults to true. Shows the transport bar for transport units.,showTransportBar: false,matched,com/corrodinggames/rts/game/units/custom/ag,rustedwarfare/custom/CustomUnitLoader,custom-unit-loader,showTransportBar,0,high,,a,(Ljava/lang/String;Ljava/io/InputStream;JLcom/corrodinggames/rts/gameFramework/i/b;Lcom/corrodinggames/rts/gameFramework/utility/j;Ljava/lang/String;Ljava/lang/String;)Lcom/corrodinggames/rts/game/units/custom/l;,parseCustomUnitMetadata
323,1.16,[graphics],ini_section,Show and Hide,1.13.3,showHealthBar,showHealthBar,showHealthBar,bool,"Defaults to true. Shows the health bar of a unit. (Still hidden even if true when ""Always show unit health"" setting is disabled.)",showHealthBar: false,matched,com/corrodinggames/rts/game/units/custom/ag,rustedwarfare/custom/CustomUnitLoader,custom-unit-loader,showHealthBar,0,high,,a,(Ljava/lang/String;Ljava/io/InputStream;JLcom/corrodinggames/rts/gameFramework/i/b;Lcom/corrodinggames/rts/gameFramework/utility/j;Ljava/lang/String;Ljava/lang/String;)Lcom/corrodinggames/rts/game/units/custom/l;,parseCustomUnitMetadata
324,1.16,[graphics],ini_section,Show and Hide,1.13.3,showEnergyBar,showEnergyBar,showEnergyBar,bool,Defaults to true. Shows the energy bar of a unit.,showEnergyBar: false,matched,com/corrodinggames/rts/game/units/custom/ag,rustedwarfare/custom/CustomUnitLoader,custom-unit-loader,showEnergyBar,0,high,,a,(Ljava/lang/String;Ljava/io/InputStream;JLcom/corrodinggames/rts/gameFramework/i/b;Lcom/corrodinggames/rts/gameFramework/utility/j;Ljava/lang/String;Ljava/lang/String;)Lcom/corrodinggames/rts/game/units/custom/l;,parseCustomUnitMetadata
325,1.16,[graphics],ini_section,Show and Hide,1.14,showShieldBar,showShieldBar,showShieldBar,bool,Defaults to true. Shows the shield bar of a unit. Also affects the presence of set custom shield sprite.,showShieldBar: false,matched,com/corrodinggames/rts/game/units/custom/ag,rustedwarfare/custom/CustomUnitLoader,custom-unit-loader,showShieldBar,0,high,,a,(Ljava/lang/String;Ljava/io/InputStream;JLcom/corrodinggames/rts/gameFramework/i/b;Lcom/corrodinggames/rts/gameFramework/utility/j;Ljava/lang/String;Ljava/lang/String;)Lcom/corrodinggames/rts/game/units/custom/l;,parseCustomUnitMetadata
326,1.16,[graphics],ini_section,Show and Hide,1.14,showQueueBar,showQueueBar,showQueueBar,bool,Defaults to true. Shows the bar for build or action queue of a unit.,showQueueBar: false,matched,com/corrodinggames/rts/game/units/custom/ag,rustedwarfare/custom/CustomUnitLoader,custom-unit-loader,showQueueBar,0,high,,a,(Ljava/lang/String;Ljava/io/InputStream;JLcom/corrodinggames/rts/gameFramework/i/b;Lcom/corrodinggames/rts/gameFramework/utility/j;Ljava/lang/String;Ljava/lang/String;)Lcom/corrodinggames/rts/game/units/custom/l;,parseCustomUnitMetadata
327,1.16,[graphics],ini_section,Show and Hide,1.15,showShotDelayBar,showShotDelayBar,showShotDelayBar,bool,Defaults to true. Shows the shot delay/warmup of a unit before firing.,showShotDelayBar: false,matched,com/corrodinggames/rts/game/units/custom/ag,rustedwarfare/custom/CustomUnitLoader,custom-unit-loader,showShotDelayBar,0,high,,a,(Ljava/lang/String;Ljava/io/InputStream;JLcom/corrodinggames/rts/gameFramework/i/b;Lcom/corrodinggames/rts/gameFramework/utility/j;Ljava/lang/String;Ljava/lang/String;)Lcom/corrodinggames/rts/game/units/custom/l;,parseCustomUnitMetadata
328,1.16,[graphics],ini_section,Show and Hide,1.15p9,showSelectionIndicator,showSelectionIndicator,showSelectionIndicator,bool,Defaults to true. Shows select circle/box if true,showSelectionIndicator: false,matched,com/corrodinggames/rts/game/units/custom/ag,rustedwarfare/custom/CustomUnitLoader,custom-unit-loader,showSelectionIndicator,0,high,,a,(Ljava/lang/String;Ljava/io/InputStream;JLcom/corrodinggames/rts/gameFramework/i/b;Lcom/corrodinggames/rts/gameFramework/utility/j;Ljava/lang/String;Ljava/lang/String;)Lcom/corrodinggames/rts/game/units/custom/l;,parseCustomUnitMetadata
330,1.16,[graphics],ini_section,"Deprecated Keys (can be used but there are better, more adaptable ways)",,teamColorsUseHue:,teamColorsUseHue,teamColorsUseHue,bool,False: Green pixels on unit gets converted to team color. True: Whole unit is tinted the team colour. Defaults to false,,matched,com/corrodinggames/rts/game/units/custom/ag,rustedwarfare/custom/CustomUnitLoader,custom-unit-loader,teamColorsUseHue,0,high,,a,(Ljava/lang/String;Ljava/io/InputStream;JLcom/corrodinggames/rts/gameFramework/i/b;Lcom/corrodinggames/rts/gameFramework/utility/j;Ljava/lang/String;Ljava/lang/String;)Lcom/corrodinggames/rts/game/units/custom/l;,parseCustomUnitMetadata
331,1.16,[graphics],ini_section,"Deprecated Keys (can be used but there are better, more adaptable ways)",depr. 1.13,animation_TYPE_start:,animation_TYPE_start,animation_TYPE_start,int,"TYPE can be set to: attack, moving, idle. Use [animation] section instead for more control",animation_moving_start: 0,matched,com/corrodinggames/rts/game/units/custom/ag,rustedwarfare/custom/CustomUnitLoader,custom-unit-loader,animation->animation_,2,high,,a,(Ljava/lang/String;Ljava/io/InputStream;JLcom/corrodinggames/rts/gameFramework/i/b;Lcom/corrodinggames/rts/gameFramework/utility/j;Ljava/lang/String;Ljava/lang/String;)Lcom/corrodinggames/rts/game/units/custom/l;,parseCustomUnitMetadata
332,1.16,[graphics],ini_section,"Deprecated Keys (can be used but there are better, more adaptable ways)",depr. 1.13,animation_TYPE_end:,animation_TYPE_end,animation_TYPE_end,int,"End frame, must be larger then start",animation_moving_end: 3,matched,com/corrodinggames/rts/game/units/custom/ag,rustedwarfare/custom/CustomUnitLoader,custom-unit-loader,animation->animation_,2,high,,a,(Ljava/lang/String;Ljava/io/InputStream;JLcom/corrodinggames/rts/gameFramework/i/b;Lcom/corrodinggames/rts/gameFramework/utility/j;Ljava/lang/String;Ljava/lang/String;)Lcom/corrodinggames/rts/game/units/custom/l;,parseCustomUnitMetadata
333,1.16,[graphics],ini_section,"Deprecated Keys (can be used but there are better, more adaptable ways)",depr. 1.13,animation_TYPE_scale_start:,animation_TYPE_scale_start,animation_TYPE_scale_start,float,Scale unit image. Defaults to 1. Useful for bio units or breathing effects.,,matched,com/corrodinggames/rts/game/units/custom/ag,rustedwarfare/custom/CustomUnitLoader,custom-unit-loader,animation->animation_,2,high,,a,(Ljava/lang/String;Ljava/io/InputStream;JLcom/corrodinggames/rts/gameFramework/i/b;Lcom/corrodinggames/rts/gameFramework/utility/j;Ljava/lang/String;Ljava/lang/String;)Lcom/corrodinggames/rts/game/units/custom/l;,parseCustomUnitMetadata
334,1.16,[graphics],ini_section,"Deprecated Keys (can be used but there are better, more adaptable ways)",depr. 1.13,animation_TYPE_scale_end:,animation_TYPE_scale_end,animation_TYPE_scale_end,float,Scale unit image. Defaults to 1. Useful for bio units or breathing effects.,,matched,com/corrodinggames/rts/game/units/custom/ag,rustedwarfare/custom/CustomUnitLoader,custom-unit-loader,animation->animation_,2,high,,a,(Ljava/lang/String;Ljava/io/InputStream;JLcom/corrodinggames/rts/gameFramework/i/b;Lcom/corrodinggames/rts/gameFramework/utility/j;Ljava/lang/String;Ljava/lang/String;)Lcom/corrodinggames/rts/game/units/custom/l;,parseCustomUnitMetadata
335,1.16,[graphics],ini_section,"Deprecated Keys (can be used but there are better, more adaptable ways)",depr. 1.13,animation_TYPE_speed:,animation_TYPE_speed,animation_TYPE_speed,float,Delay for each frame of animation. Larger values cause slower animation,,matched,com/corrodinggames/rts/game/units/custom/ag,rustedwarfare/custom/CustomUnitLoader,custom-unit-loader,animation->animation_,2,high,,a,(Ljava/lang/String;Ljava/io/InputStream;JLcom/corrodinggames/rts/gameFramework/i/b;Lcom/corrodinggames/rts/gameFramework/utility/j;Ljava/lang/String;Ljava/lang/String;)Lcom/corrodinggames/rts/game/units/custom/l;,parseCustomUnitMetadata
336,1.16,[graphics],ini_section,"Deprecated Keys (can be used but there are better, more adaptable ways)",depr. 1.13,animation_TYPE_pingPong:,animation_TYPE_pingPong,animation_TYPE_pingPong,bool,Play animation in reverse before repeating. Useful with scale_start/scale_end,,matched,com/corrodinggames/rts/game/units/custom/ag,rustedwarfare/custom/CustomUnitLoader,custom-unit-loader,animation->animation_,2,high,,a,(Ljava/lang/String;Ljava/io/InputStream;JLcom/corrodinggames/rts/gameFramework/i/b;Lcom/corrodinggames/rts/gameFramework/utility/j;Ljava/lang/String;Ljava/lang/String;)Lcom/corrodinggames/rts/game/units/custom/l;,parseCustomUnitMetadata
339,1.16,[attack],ini_section,,,canAttack:,canAttack,canAttack,bool,"If set to false, can not attack any unit. Overrides other canAttack options altogether.",canAttack: true,matched,com/corrodinggames/rts/game/units/custom/ag,rustedwarfare/custom/CustomUnitLoader,custom-unit-loader,canAttack,2,high,,a,(Ljava/lang/String;Ljava/io/InputStream;JLcom/corrodinggames/rts/gameFramework/i/b;Lcom/corrodinggames/rts/gameFramework/utility/j;Ljava/lang/String;Ljava/lang/String;)Lcom/corrodinggames/rts/game/units/custom/l;,parseCustomUnitMetadata
340,1.16,[attack],ini_section,,,canAttackFlyingUnits:,canAttackFlyingUnits,canAttackFlyingUnits,LogicBoolean,can also be narrowed per turret. Note: not required if canAttack is false.,canAttackFlyingUnits: false,matched,com/corrodinggames/rts/game/units/custom/ag,rustedwarfare/custom/CustomUnitLoader,custom-unit-loader,canAttackFlyingUnits,1,high,,a,(Ljava/lang/String;Ljava/io/InputStream;JLcom/corrodinggames/rts/gameFramework/i/b;Lcom/corrodinggames/rts/gameFramework/utility/j;Ljava/lang/String;Ljava/lang/String;)Lcom/corrodinggames/rts/game/units/custom/l;,parseCustomUnitMetadata
341,1.16,[attack],ini_section,,,canAttackLandUnits:,canAttackLandUnits,canAttackLandUnits,LogicBoolean,can also be narrowed per turret in [turret_NAME],canAttackLandUnits: true,matched,com/corrodinggames/rts/game/units/custom/ag,rustedwarfare/custom/CustomUnitLoader,custom-unit-loader,canAttackLandUnits,1,high,,a,(Ljava/lang/String;Ljava/io/InputStream;JLcom/corrodinggames/rts/gameFramework/i/b;Lcom/corrodinggames/rts/gameFramework/utility/j;Ljava/lang/String;Ljava/lang/String;)Lcom/corrodinggames/rts/game/units/custom/l;,parseCustomUnitMetadata
342,1.16,[attack],ini_section,,,canAttackUnderwaterUnits:,canAttackUnderwaterUnits,canAttackUnderwaterUnits,LogicBoolean,can also be narrowed per turret in [turret_NAME],canAttackUnderwaterUnits: false,matched,com/corrodinggames/rts/game/units/custom/ag,rustedwarfare/custom/CustomUnitLoader,custom-unit-loader,canAttackUnderwaterUnits,1,high,,a,(Ljava/lang/String;Ljava/io/InputStream;JLcom/corrodinggames/rts/gameFramework/i/b;Lcom/corrodinggames/rts/gameFramework/utility/j;Ljava/lang/String;Ljava/lang/String;)Lcom/corrodinggames/rts/game/units/custom/l;,parseCustomUnitMetadata
343,1.16,[attack],ini_section,,,maxAttackRange:,maxAttackRange,maxAttackRange,float,(multiplied by globalScale),maxAttackRange: 300,matched,com/corrodinggames/rts/game/units/custom/ag,rustedwarfare/custom/CustomUnitLoader,custom-unit-loader,maxAttackRange,0,high,,a,(Ljava/lang/String;Ljava/io/InputStream;JLcom/corrodinggames/rts/gameFramework/i/b;Lcom/corrodinggames/rts/gameFramework/utility/j;Ljava/lang/String;Ljava/lang/String;)Lcom/corrodinggames/rts/game/units/custom/l;,parseCustomUnitMetadata
344,1.16,[attack],ini_section,,,shootDelay:,shootDelay,shootDelay,float,"Global delay, can also use delay on each turret. Set in seconds or ticks","shootDelay: 21, shootDelay: 5s",matched,com/corrodinggames/rts/game/units/custom/ag,rustedwarfare/custom/CustomUnitLoader,custom-unit-loader,shootDelay,0,high,,a,(Ljava/lang/String;Ljava/io/InputStream;JLcom/corrodinggames/rts/gameFramework/i/b;Lcom/corrodinggames/rts/gameFramework/utility/j;Ljava/lang/String;Ljava/lang/String;)Lcom/corrodinggames/rts/game/units/custom/l;,parseCustomUnitMetadata
345,1.16,[attack],ini_section,,,canAttackNotTouchingWaterUnits:,canAttackNotTouchingWaterUnits,canAttackNotTouchingWaterUnits,LogicBoolean,Default true. If false unit can only attack units in contact with the water. Used for units with torpedos. (can also be set per turret),canAttackNotTouchingWaterUnits: false,matched,com/corrodinggames/rts/game/units/custom/ag,rustedwarfare/custom/CustomUnitLoader,custom-unit-loader,canAttackNotTouchingWaterUnits,1,high,,a,(Ljava/lang/String;Ljava/io/InputStream;JLcom/corrodinggames/rts/gameFramework/i/b;Lcom/corrodinggames/rts/gameFramework/utility/j;Ljava/lang/String;Ljava/lang/String;)Lcom/corrodinggames/rts/game/units/custom/l;,parseCustomUnitMetadata
346,1.16,[attack],ini_section,,1.13.3,canOnlyAttackUnitsWithTags,canOnlyAttackUnitsWithTags,canOnlyAttackUnitsWithTags,tags,Will only attack units that has the specified tags.,"canOnlyAttackUnitsWithTags: metallic, ceramic",matched,com/corrodinggames/rts/game/units/custom/ag,rustedwarfare/custom/CustomUnitLoader,custom-unit-loader,canOnlyAttackUnitsWithTags,1,high,,a,(Ljava/lang/String;Ljava/io/InputStream;JLcom/corrodinggames/rts/gameFramework/i/b;Lcom/corrodinggames/rts/gameFramework/utility/j;Ljava/lang/String;Ljava/lang/String;)Lcom/corrodinggames/rts/game/units/custom/l;,parseCustomUnitMetadata
347,1.16,[attack],ini_section,,1.13.3,canOnlyAttackUnitsWithoutTags,canOnlyAttackUnitsWithoutTags,canOnlyAttackUnitsWithoutTags,tags,Can only attack units without the specified tags.,"canOnlyAttackUnitsWithoutTags: corrosive, magnetic",matched,com/corrodinggames/rts/game/units/custom/ag,rustedwarfare/custom/CustomUnitLoader,custom-unit-loader,canOnlyAttackUnitsWithoutTags,1,high,,a,(Ljava/lang/String;Ljava/io/InputStream;JLcom/corrodinggames/rts/gameFramework/i/b;Lcom/corrodinggames/rts/gameFramework/utility/j;Ljava/lang/String;Ljava/lang/String;)Lcom/corrodinggames/rts/game/units/custom/l;,parseCustomUnitMetadata
348,1.16,[attack],ini_section,,1.13,turretMultiTargeting,turretMultiTargeting,turretMultiTargeting,bool,Allow each turrets to fire at a different target at the same time. Very useful if [turret]limitingAngle is used,turretMultiTargeting: true,matched,com/corrodinggames/rts/game/units/custom/ag,rustedwarfare/custom/CustomUnitLoader,custom-unit-loader,turretMultiTargeting,0,high,,a,(Ljava/lang/String;Ljava/io/InputStream;JLcom/corrodinggames/rts/gameFramework/i/b;Lcom/corrodinggames/rts/gameFramework/utility/j;Ljava/lang/String;Ljava/lang/String;)Lcom/corrodinggames/rts/game/units/custom/l;,parseCustomUnitMetadata
349,1.16,[attack],ini_section,,,isMelee:,isMelee,isMelee,bool,"Used with a low attack range (like maxAttackRange: 9) makes src and target radius get added to range, and effects AI.",isMelee: true,matched,com/corrodinggames/rts/game/units/custom/ag,rustedwarfare/custom/CustomUnitLoader,custom-unit-loader,isMelee,0,high,,a,(Ljava/lang/String;Ljava/io/InputStream;JLcom/corrodinggames/rts/gameFramework/i/b;Lcom/corrodinggames/rts/gameFramework/utility/j;Ljava/lang/String;Ljava/lang/String;)Lcom/corrodinggames/rts/game/units/custom/l;,parseCustomUnitMetadata
350,1.16,[attack],ini_section,,1.13.3,meleeEngangementDistance,meleeEngangementDistance,meleeEngangementDistance,int,"Makes unit move to attack nearby units. Defaults to 250 for melee, and 0 for non melee (Works even if non-melee, but might be unexpected to players)",meleeEngangementDistance: 400,matched,com/corrodinggames/rts/game/units/custom/ag,rustedwarfare/custom/CustomUnitLoader,custom-unit-loader,meleeEngangementDistance,0,high,,a,(Ljava/lang/String;Ljava/io/InputStream;JLcom/corrodinggames/rts/gameFramework/i/b;Lcom/corrodinggames/rts/gameFramework/utility/j;Ljava/lang/String;Ljava/lang/String;)Lcom/corrodinggames/rts/game/units/custom/l;,parseCustomUnitMetadata
351,1.16,[attack],ini_section,,,turretRotateWithBody,turretRotateWithBody,turretRotateWithBody,bool,Are all turrets rotated when body rotates. Defaults to true,turretRotateWithBody: true,matched,com/corrodinggames/rts/game/units/custom/ag,rustedwarfare/custom/CustomUnitLoader,custom-unit-loader,turretRotateWithBody,0,high,,a,(Ljava/lang/String;Ljava/io/InputStream;JLcom/corrodinggames/rts/gameFramework/i/b;Lcom/corrodinggames/rts/gameFramework/utility/j;Ljava/lang/String;Ljava/lang/String;)Lcom/corrodinggames/rts/game/units/custom/l;,parseCustomUnitMetadata
352,1.16,[attack],ini_section,,,attackMovement:,attackMovement,attackMovement,string,normal/bomber. bomber attack movement will retreat when energy runs out,attackMovement: bomber,matched,com/corrodinggames/rts/game/units/custom/ag,rustedwarfare/custom/CustomUnitLoader,custom-unit-loader,attackMovement,0,high,,a,(Ljava/lang/String;Ljava/io/InputStream;JLcom/corrodinggames/rts/gameFramework/i/b;Lcom/corrodinggames/rts/gameFramework/utility/j;Ljava/lang/String;Ljava/lang/String;)Lcom/corrodinggames/rts/game/units/custom/l;,parseCustomUnitMetadata
353,1.16,[attack],ini_section,,,dieOnAttack:,dieOnAttack,dieOnAttack,bool,Will die when it attacks.,dieOnAttack: true,matched,com/corrodinggames/rts/game/units/custom/ag,rustedwarfare/custom/CustomUnitLoader,custom-unit-loader,dieOnAttack,0,high,,a,(Ljava/lang/String;Ljava/io/InputStream;JLcom/corrodinggames/rts/gameFramework/i/b;Lcom/corrodinggames/rts/gameFramework/utility/j;Ljava/lang/String;Ljava/lang/String;)Lcom/corrodinggames/rts/game/units/custom/l;,parseCustomUnitMetadata
354,1.16,[attack],ini_section,,,isFixedFiring:,isFixedFiring,isFixedFiring,bool,Must aim body at target to shoot. Will often make the unit need to stop before it can aim and shoot.,isFixedFiring: true,matched,com/corrodinggames/rts/game/units/custom/ag,rustedwarfare/custom/CustomUnitLoader,custom-unit-loader,isFixedFiring,0,high,,a,(Ljava/lang/String;Ljava/io/InputStream;JLcom/corrodinggames/rts/gameFramework/i/b;Lcom/corrodinggames/rts/gameFramework/utility/j;Ljava/lang/String;Ljava/lang/String;)Lcom/corrodinggames/rts/game/units/custom/l;,parseCustomUnitMetadata
355,1.16,[attack],ini_section,,,aimOffsetSpread:,aimOffsetSpread,aimOffsetSpread,float,Offset each shot multiplied by target radius. Defaults to 0.6. aimOffsetSpread:0 will make unit always attack center,aimOffsetSpread:0,matched,com/corrodinggames/rts/game/units/custom/ag,rustedwarfare/custom/CustomUnitLoader,custom-unit-loader,aimOffsetSpread,1,high,,a,(Ljava/lang/String;Ljava/io/InputStream;JLcom/corrodinggames/rts/gameFramework/i/b;Lcom/corrodinggames/rts/gameFramework/utility/j;Ljava/lang/String;Ljava/lang/String;)Lcom/corrodinggames/rts/game/units/custom/l;,parseCustomUnitMetadata
356,1.16,[attack],ini_section,,1.13,stopTargetingAfterFiring,stopTargetingAfterFiring,stopTargetingAfterFiring,bool,Unit stops targeting after firing a shot. Rarely used or needed.,stopTargetingAfterFiring: true,matched,com/corrodinggames/rts/game/units/custom/ag,rustedwarfare/custom/CustomUnitLoader,custom-unit-loader,stopTargetingAfterFiring,0,high,,a,(Ljava/lang/String;Ljava/io/InputStream;JLcom/corrodinggames/rts/gameFramework/i/b;Lcom/corrodinggames/rts/gameFramework/utility/j;Ljava/lang/String;Ljava/lang/String;)Lcom/corrodinggames/rts/game/units/custom/l;,parseCustomUnitMetadata
357,1.16,[attack],ini_section,,,disablePassiveTargeting:,disablePassiveTargeting,disablePassiveTargeting,bool,Unit only attacks manually ordered target. Rarely used or needed.,disablePassiveTargeting: true,matched,com/corrodinggames/rts/game/units/custom/ag,rustedwarfare/custom/CustomUnitLoader,custom-unit-loader,disablePassiveTargeting,0,high,,a,(Ljava/lang/String;Ljava/io/InputStream;JLcom/corrodinggames/rts/gameFramework/i/b;Lcom/corrodinggames/rts/gameFramework/utility/j;Ljava/lang/String;Ljava/lang/String;)Lcom/corrodinggames/rts/game/units/custom/l;,parseCustomUnitMetadata
358,1.16,[attack],ini_section,,1.13.3,showRangeUIGuide,showRangeUIGuide,showRangeUIGuide,bool,Will it show the range indicator. Useful for showing ranges in radar and related structures.,showRangeUIGuide: true,matched,com/corrodinggames/rts/game/units/custom/ag,rustedwarfare/custom/CustomUnitLoader,custom-unit-loader,showRangeUIGuide,1,high,,a,(Ljava/lang/String;Ljava/io/InputStream;JLcom/corrodinggames/rts/gameFramework/i/b;Lcom/corrodinggames/rts/gameFramework/utility/j;Ljava/lang/String;Ljava/lang/String;)Lcom/corrodinggames/rts/game/units/custom/l;,parseCustomUnitMetadata
359,1.16,[attack],ini_section,,1.15,shootDelayMultiplier,shootDelayMultiplier,shootDelayMultiplier,float,Defaults to 1. Can be dynamically changed with setUnitStats,shootDelayMultiplier: 0.75,matched,com/corrodinggames/rts/game/units/custom/ag,rustedwarfare/custom/CustomUnitLoader,custom-unit-loader,shootDelayMultiplier,0,high,,a,(Ljava/lang/String;Ljava/io/InputStream;JLcom/corrodinggames/rts/gameFramework/i/b;Lcom/corrodinggames/rts/gameFramework/utility/j;Ljava/lang/String;Ljava/lang/String;)Lcom/corrodinggames/rts/game/units/custom/l;,parseCustomUnitMetadata
360,1.16,[attack],ini_section,,1.15,shootDamageMultiplier,shootDamageMultiplier,shootDamageMultiplier,float,Defaults to 1. Can be dynamically changed with setUnitStats,shootDamageMultiplier: 2.43,matched,com/corrodinggames/rts/game/units/custom/ag,rustedwarfare/custom/CustomUnitLoader,custom-unit-loader,shootDamageMultiplier,0,high,,a,(Ljava/lang/String;Ljava/io/InputStream;JLcom/corrodinggames/rts/gameFramework/i/b;Lcom/corrodinggames/rts/gameFramework/utility/j;Ljava/lang/String;Ljava/lang/String;)Lcom/corrodinggames/rts/game/units/custom/l;,parseCustomUnitMetadata
362,1.16,[attack],ini_section,Deprecated Keys - can be used but better to set these per turret,depr. 1.13,turretSize:,turretSize,turretSize,float,(multiplied by globalScale),,matched,com/corrodinggames/rts/game/units/custom/ag,rustedwarfare/custom/CustomUnitLoader,custom-unit-loader,turretSize,0,high,,a,(Ljava/lang/String;Ljava/io/InputStream;JLcom/corrodinggames/rts/gameFramework/i/b;Lcom/corrodinggames/rts/gameFramework/utility/j;Ljava/lang/String;Ljava/lang/String;)Lcom/corrodinggames/rts/game/units/custom/l;,parseCustomUnitMetadata
363,1.16,[attack],ini_section,Deprecated Keys - can be used but better to set these per turret,depr. 1.13,turretTurnSpeed:,turretTurnSpeed,turretTurnSpeed,float,,,matched,com/corrodinggames/rts/game/units/custom/ag,rustedwarfare/custom/CustomUnitLoader,custom-unit-loader,turretTurnSpeed,0,high,,a,(Ljava/lang/String;Ljava/io/InputStream;JLcom/corrodinggames/rts/gameFramework/i/b;Lcom/corrodinggames/rts/gameFramework/utility/j;Ljava/lang/String;Ljava/lang/String;)Lcom/corrodinggames/rts/game/units/custom/l;,parseCustomUnitMetadata
371,1.16,[turret_NAME],ini_section,Positioning/Stats,,x:,x,x,float,"Sets the horizontal position of the turret. 0 is center, negatives toward left, positives toward right.",x: 0,matched,com/corrodinggames/rts/game/units/custom/l,rustedwarfare/custom/CustomUnitMetadata,custom-unit-metadata,x,30,medium,,,,
372,1.16,[turret_NAME],ini_section,Positioning/Stats,,y:,y,y,float,"Sets the vertical position of the turret. 0 is center, negatives toward bottom, positives toward top.",y: 40,matched,com/corrodinggames/rts/game/units/custom/l,rustedwarfare/custom/CustomUnitMetadata,custom-unit-metadata,y,27,medium,,,,
373,1.16,[turret_NAME],ini_section,Positioning/Stats,,copyFrom:,copyFrom,copyFrom,turret ref,Copy all values from another turret as defaut values for this turret,copyFrom: 1,matched,com/corrodinggames/rts/game/units/custom/ag,rustedwarfare/custom/CustomUnitLoader,custom-unit-loader,copyFrom,2,high,,a,(Lcom/corrodinggames/rts/game/units/custom/l;Lcom/corrodinggames/rts/gameFramework/utility/ab;Lcom/corrodinggames/rts/gameFramework/utility/ab;Ljava/lang/String;I)V,applyCoreCopyFrom
374,1.16,[turret_NAME],ini_section,Positioning/Stats,,projectile,projectile,projectile,projectile ref,Projectile fired from this turret.,projectile: torpedo,matched,com/corrodinggames/rts/game/units/custom/bn,rustedwarfare/custom/TurretTemplate,projectile-or-decal-parser,projectile,0,high,,a,(Lcom/corrodinggames/rts/game/units/custom/bn;Lcom/corrodinggames/rts/game/units/custom/l;Lcom/corrodinggames/rts/gameFramework/utility/ab;Ljava/lang/String;)V,parseFromConfig
375,1.16,[turret_NAME],ini_section,Positioning/Stats,,altProjectile,altProjectile,altProjectile,projectile ref,Alternative projectile fired from this turret when altProjectileCondition is true,altProjectile: spear,matched,com/corrodinggames/rts/game/units/custom/bn,rustedwarfare/custom/TurretTemplate,projectile-or-decal-parser,altProjectile,0,high,,a,(Lcom/corrodinggames/rts/game/units/custom/bn;Lcom/corrodinggames/rts/game/units/custom/l;Lcom/corrodinggames/rts/gameFramework/utility/ab;Ljava/lang/String;)V,parseFromConfig
376,1.16,[turret_NAME],ini_section,Positioning/Stats,,altProjectileCondition,altProjectileCondition,altProjectileCondition,LogicBoolean,Used with altProjectile,altProjectileCondition: if self.hp() < 100,matched,com/corrodinggames/rts/game/units/custom/bn,rustedwarfare/custom/TurretTemplate,projectile-or-decal-parser,altProjectileCondition,0,high,,a,(Lcom/corrodinggames/rts/game/units/custom/bn;Lcom/corrodinggames/rts/game/units/custom/l;Lcom/corrodinggames/rts/gameFramework/utility/ab;Ljava/lang/String;)V,parseFromConfig
377,1.16,[turret_NAME],ini_section,Positioning/Stats,1.13,barrelX,barrelX,barrelX,float,Defaults to 0. Controls horizontal position for projectile spawn.,barrelX: 0,matched,com/corrodinggames/rts/game/units/custom/bn,rustedwarfare/custom/TurretTemplate,projectile-or-decal-parser,barrelX,0,high,,a,(Lcom/corrodinggames/rts/game/units/custom/bn;Lcom/corrodinggames/rts/game/units/custom/l;Lcom/corrodinggames/rts/gameFramework/utility/ab;Ljava/lang/String;)V,parseFromConfig
378,1.16,[turret_NAME],ini_section,Positioning/Stats,1.13,barrelY,barrelY,barrelY,float,Defaults to size. Note: size and barrelY have the same meaning,barrelY: 5,matched,com/corrodinggames/rts/game/units/custom/bn,rustedwarfare/custom/TurretTemplate,projectile-or-decal-parser,barrelY,0,high,,a,(Lcom/corrodinggames/rts/game/units/custom/bn;Lcom/corrodinggames/rts/game/units/custom/l;Lcom/corrodinggames/rts/gameFramework/utility/ab;Ljava/lang/String;)V,parseFromConfig
379,1.16,[turret_NAME],ini_section,Positioning/Stats,1.13.3,barrelHeight,barrelHeight,barrelHeight,float,Height of barrel in 3d. Effect projectile and shoot flame starting height,barrelHeight: 10,matched,com/corrodinggames/rts/game/units/custom/bn,rustedwarfare/custom/TurretTemplate,projectile-or-decal-parser,barrelHeight,0,high,,a,(Lcom/corrodinggames/rts/game/units/custom/bn;Lcom/corrodinggames/rts/game/units/custom/l;Lcom/corrodinggames/rts/gameFramework/utility/ab;Ljava/lang/String;)V,parseFromConfig
380,1.16,[turret_NAME],ini_section,Positioning/Stats,1.15p9,height:,height,height,float,"Height of the unit in 3D, to be used with decals",height: 30,matched,com/corrodinggames/rts/game/units/custom/f,rustedwarfare/custom/animation/AnimationDefinition,custom-unit,height,7,medium,,,,
381,1.16,[turret_NAME],ini_section,Positioning/Stats,,size:,size,size,float,Controls the distance between the center of the turret and the point from where projectiles spawn.,size: 5,matched,com/corrodinggames/rts/game/units/custom/l,rustedwarfare/custom/CustomUnitMetadata,custom-unit-metadata,size,47,medium,,,,
382,1.16,[turret_NAME],ini_section,Positioning/Stats,,turnSpeed,turnSpeed,turnSpeed,float,Max turn speed of the turret,turnSpeed: 2,matched,com/corrodinggames/rts/game/units/custom/bh,rustedwarfare/custom/CustomProjectileTemplate,projectile-or-decal-parser,turnSpeed,1,high,,a,(Lcom/corrodinggames/rts/game/units/custom/bh;Lcom/corrodinggames/rts/game/units/custom/l;Lcom/corrodinggames/rts/gameFramework/utility/ab;Ljava/lang/String;)V,parseFromConfig
383,1.16,[turret_NAME],ini_section,Positioning/Stats,,turnSpeedAcceleration,turnSpeedAcceleration,turnSpeedAcceleration,float,"Defaults to disabled, and full turn speed is used.",turnSpeedAcceleration: 0.4,matched,com/corrodinggames/rts/game/units/custom/bn,rustedwarfare/custom/TurretTemplate,projectile-or-decal-parser,turnSpeedAcceleration,0,high,,a,(Lcom/corrodinggames/rts/game/units/custom/bn;Lcom/corrodinggames/rts/game/units/custom/l;Lcom/corrodinggames/rts/gameFramework/utility/ab;Ljava/lang/String;)V,parseFromConfig
384,1.16,[turret_NAME],ini_section,Positioning/Stats,,turnSpeedDeceleration,turnSpeedDeceleration,turnSpeedDeceleration,float,Defaults to turnSpeedAcceleration. Setting this higher than turn acceleration might allow faster targets to be hit,turnSpeedDeceleration: 0.2,matched,com/corrodinggames/rts/game/units/custom/bn,rustedwarfare/custom/TurretTemplate,projectile-or-decal-parser,turnSpeedDeceleration,0,high,,a,(Lcom/corrodinggames/rts/game/units/custom/bn;Lcom/corrodinggames/rts/game/units/custom/l;Lcom/corrodinggames/rts/gameFramework/utility/ab;Ljava/lang/String;)V,parseFromConfig
385,1.16,[turret_NAME],ini_section,Positioning/Stats,,idleDir,idleDir,idleDir,float,Defaults to 0,idleDir: 180,matched,com/corrodinggames/rts/game/units/custom/bn,rustedwarfare/custom/TurretTemplate,projectile-or-decal-parser,idleDir,1,high,,a,(Lcom/corrodinggames/rts/game/units/custom/bn;Lcom/corrodinggames/rts/game/units/custom/l;Lcom/corrodinggames/rts/gameFramework/utility/ab;Ljava/lang/String;)V,parseFromConfig
386,1.16,[turret_NAME],ini_section,Positioning/Stats,1.13,idleDirReversing,idleDirReversing,idleDirReversing,float,Defaults to idleDir+180 unless attached to another turret (as attached turret will often be rotating when reversing),idleDirReversing: 30,matched,com/corrodinggames/rts/game/units/custom/bn,rustedwarfare/custom/TurretTemplate,projectile-or-decal-parser,idleDirReversing,1,high,,a,(Lcom/corrodinggames/rts/game/units/custom/bn;Lcom/corrodinggames/rts/game/units/custom/l;Lcom/corrodinggames/rts/gameFramework/utility/ab;Ljava/lang/String;)V,parseFromConfig
387,1.16,[turret_NAME],ini_section,Positioning/Stats,,shouldResetTurret:,shouldResetTurret,shouldResetTurret,bool,Defaults true. False to disable the reseting turret angle when idle,shouldResetTurret: false,matched,com/corrodinggames/rts/game/units/custom/bn,rustedwarfare/custom/TurretTemplate,projectile-or-decal-parser,shouldResetTurret,0,high,,a,(Lcom/corrodinggames/rts/game/units/custom/bn;Lcom/corrodinggames/rts/game/units/custom/l;Lcom/corrodinggames/rts/gameFramework/utility/ab;Ljava/lang/String;)V,parseFromConfig
388,1.16,[turret_NAME],ini_section,Positioning/Stats,,idleSpin:,idleSpin,idleSpin,float,"Spin rate when idle, used on missile turrets",idleSpin: 2,matched,com/corrodinggames/rts/game/units/custom/bn,rustedwarfare/custom/TurretTemplate,projectile-or-decal-parser,idleSpin,0,high,,a,(Lcom/corrodinggames/rts/game/units/custom/bn;Lcom/corrodinggames/rts/game/units/custom/l;Lcom/corrodinggames/rts/gameFramework/utility/ab;Ljava/lang/String;)V,parseFromConfig
389,1.16,[turret_NAME],ini_section,Positioning/Stats,1.14,idleSweepAngle,idleSweepAngle,idleSweepAngle,int,"Disabled by default. Controls how far the turret will ""look"" left and right",idleSweepAngle: 35,matched,com/corrodinggames/rts/game/units/custom/bn,rustedwarfare/custom/TurretTemplate,projectile-or-decal-parser,idleSweepAngle,0,high,,a,(Lcom/corrodinggames/rts/game/units/custom/bn;Lcom/corrodinggames/rts/game/units/custom/l;Lcom/corrodinggames/rts/gameFramework/utility/ab;Ljava/lang/String;)V,parseFromConfig
390,1.16,[turret_NAME],ini_section,Positioning/Stats,1.14,idleSweepDelay,idleSweepDelay,idleSweepDelay,float,Controls the delay between idleSweep movements,idleSweepDelay: 20,matched,com/corrodinggames/rts/game/units/custom/bn,rustedwarfare/custom/TurretTemplate,projectile-or-decal-parser,idleSweepDelay,0,high,,a,(Lcom/corrodinggames/rts/game/units/custom/bn;Lcom/corrodinggames/rts/game/units/custom/l;Lcom/corrodinggames/rts/gameFramework/utility/ab;Ljava/lang/String;)V,parseFromConfig
391,1.16,[turret_NAME],ini_section,Positioning/Stats,1.14,idleSweepSpeed,idleSweepSpeed,idleSweepSpeed,float,Controls the speed with which the turret sweeps when idle,idleSweepSpeed: 0.3,matched,com/corrodinggames/rts/game/units/custom/bn,rustedwarfare/custom/TurretTemplate,projectile-or-decal-parser,idleSweepSpeed,0,high,,a,(Lcom/corrodinggames/rts/game/units/custom/bn;Lcom/corrodinggames/rts/game/units/custom/l;Lcom/corrodinggames/rts/gameFramework/utility/ab;Ljava/lang/String;)V,parseFromConfig
392,1.16,[turret_NAME],ini_section,Positioning/Stats,1.14,idleSweepCondition,idleSweepCondition,idleSweepCondition,LogicBoolean,Disable idle sweep if false,idleSweepCondition: if self.hp() > 400,matched,com/corrodinggames/rts/game/units/custom/bn,rustedwarfare/custom/TurretTemplate,projectile-or-decal-parser,idleSweepCondition,0,high,,a,(Lcom/corrodinggames/rts/game/units/custom/bn;Lcom/corrodinggames/rts/game/units/custom/l;Lcom/corrodinggames/rts/gameFramework/utility/ab;Ljava/lang/String;)V,parseFromConfig
393,1.16,[turret_NAME],ini_section,Positioning/Stats,1.14,idleSweepAddRandomDelay,idleSweepAddRandomDelay,idleSweepAddRandomDelay,float,"Default 1-20 depends on idleSweepDelay, used to stop sweep syncing up with other units",idleSweepAddRandomDelay: 30,matched,com/corrodinggames/rts/game/units/custom/bn,rustedwarfare/custom/TurretTemplate,projectile-or-decal-parser,idleSweepAddRandomDelay,0,high,,a,(Lcom/corrodinggames/rts/game/units/custom/bn;Lcom/corrodinggames/rts/game/units/custom/l;Lcom/corrodinggames/rts/gameFramework/utility/ab;Ljava/lang/String;)V,parseFromConfig
394,1.16,[turret_NAME],ini_section,Positioning/Stats,1.14,idleSweepAddRandomAngle,idleSweepAddRandomAngle,idleSweepAddRandomAngle,int,Default 0,idleSweepAddRandomAngle: 15,matched,com/corrodinggames/rts/game/units/custom/bn,rustedwarfare/custom/TurretTemplate,projectile-or-decal-parser,idleSweepAddRandomAngle,0,high,,a,(Lcom/corrodinggames/rts/game/units/custom/bn;Lcom/corrodinggames/rts/game/units/custom/l;Lcom/corrodinggames/rts/gameFramework/utility/ab;Ljava/lang/String;)V,parseFromConfig
395,1.16,[turret_NAME],ini_section,Positioning/Stats,,attachedTo:,attachedTo,attachedTo,turret ref,"A specific turret to connect to, it will rotate with it. No correlation to [attachment_x]",attachedTo: base,matched,com/corrodinggames/rts/game/units/custom/bn,rustedwarfare/custom/TurretTemplate,projectile-or-decal-parser,attachedTo,0,high,,a,(Lcom/corrodinggames/rts/game/units/custom/bn;Lcom/corrodinggames/rts/game/units/custom/l;Lcom/corrodinggames/rts/gameFramework/utility/ab;Ljava/lang/String;)V,parseFromConfig
396,1.16,[turret_NAME],ini_section,Positioning/Stats,,slave:,slave,slave,bool,Locks this turret's direction and shot cooldown to attached turret. Often used with warmup for multiple barrel guns,slave: true,matched,com/corrodinggames/rts/game/units/custom/bn,rustedwarfare/custom/TurretTemplate,projectile-or-decal-parser,slave,0,high,,a,(Lcom/corrodinggames/rts/game/units/custom/bn;Lcom/corrodinggames/rts/game/units/custom/l;Lcom/corrodinggames/rts/gameFramework/utility/ab;Ljava/lang/String;)V,parseFromConfig
397,1.16,[turret_NAME],ini_section,Positioning/Stats,,isMainNanoTurret:,isMainNanoTurret,isMainNanoTurret,bool,"Defaults to false. Turret to use for creating buildings, etc. should only be true on one turret, and should have canShoot set to false",isMainNanoTurret: true,matched,com/corrodinggames/rts/game/units/custom/bn,rustedwarfare/custom/TurretTemplate,projectile-or-decal-parser,isMainNanoTurret,0,high,,a,(Lcom/corrodinggames/rts/game/units/custom/bn;Lcom/corrodinggames/rts/game/units/custom/l;Lcom/corrodinggames/rts/gameFramework/utility/ab;Ljava/lang/String;)V,parseFromConfig
398,1.16,[turret_NAME],ini_section,Positioning/Stats,,energyUsage:,energyUsage,energyUsage,float,Required energy to fire weapon. Same as resourceUsage: energy=X,energyUsage: 1,matched,com/corrodinggames/rts/game/units/custom/bn,rustedwarfare/custom/TurretTemplate,projectile-or-decal-parser,energyUsage,0,high,,a,(Lcom/corrodinggames/rts/game/units/custom/bn;Lcom/corrodinggames/rts/game/units/custom/l;Lcom/corrodinggames/rts/gameFramework/utility/ab;Ljava/lang/String;)V,parseFromConfig
399,1.16,[turret_NAME],ini_section,Positioning/Stats,,resourceUsage,resourceUsage,resourceUsage,price,can be in credits/energy/hp/shield/ammo. Stops firing if not met,"resourceUsage: credits=5, energy=5, hp=100, shield=5, ammo=1",matched,com/corrodinggames/rts/game/units/custom/bn,rustedwarfare/custom/TurretTemplate,projectile-or-decal-parser,resourceUsage,0,high,,a,(Lcom/corrodinggames/rts/game/units/custom/bn;Lcom/corrodinggames/rts/game/units/custom/l;Lcom/corrodinggames/rts/gameFramework/utility/ab;Ljava/lang/String;)V,parseFromConfig
401,1.16,[turret_NAME],ini_section,Timing,,delay:,delay,delay,float,Override global shootDelay for this turret,delay: 2s,matched,com/corrodinggames/rts/game/units/custom/bn,rustedwarfare/custom/TurretTemplate,projectile-or-decal-parser,delay,0,high,,a,(Lcom/corrodinggames/rts/game/units/custom/bn;Lcom/corrodinggames/rts/game/units/custom/l;Lcom/corrodinggames/rts/gameFramework/utility/ab;Ljava/lang/String;)V,parseFromConfig
402,1.16,[turret_NAME],ini_section,Timing,,linkDelayWithTurret,linkDelayWithTurret,linkDelayWithTurret,turret ref,When this other turret fires the cooldown delay on this turret will be reset/removed,linkDelayWithTurret: 1,matched,com/corrodinggames/rts/game/units/custom/bn,rustedwarfare/custom/TurretTemplate,projectile-or-decal-parser,linkDelayWithTurret,0,high,,a,(Lcom/corrodinggames/rts/game/units/custom/bn;Lcom/corrodinggames/rts/game/units/custom/l;Lcom/corrodinggames/rts/gameFramework/utility/ab;Ljava/lang/String;)V,parseFromConfig
403,1.16,[turret_NAME],ini_section,Timing,,warmup:,warmup,warmup,float,Delay before firing a shot.,warmup: 5s,matched,com/corrodinggames/rts/game/units/custom/bn,rustedwarfare/custom/TurretTemplate,projectile-or-decal-parser,warmup,0,high,,a,(Lcom/corrodinggames/rts/game/units/custom/bn;Lcom/corrodinggames/rts/game/units/custom/l;Lcom/corrodinggames/rts/gameFramework/utility/ab;Ljava/lang/String;)V,parseFromConfig
404,1.16,[turret_NAME],ini_section,Timing,,warmupCallDownRate,warmupCallDownRate,warmupCallDownRate,float,Rate to reduce warmup when turret is not ready to fire at any targets,warmupCallDownRate: 10,matched,com/corrodinggames/rts/game/units/custom/bn,rustedwarfare/custom/TurretTemplate,projectile-or-decal-parser,warmupCallDownRate,0,high,,a,(Lcom/corrodinggames/rts/game/units/custom/bn;Lcom/corrodinggames/rts/game/units/custom/l;Lcom/corrodinggames/rts/gameFramework/utility/ab;Ljava/lang/String;)V,parseFromConfig
405,1.16,[turret_NAME],ini_section,Timing,,warmupNoReset,warmupNoReset,warmupNoReset,bool,Defaults to false. When true warmup is not reset after firing a shot and turret doesn't wait for warnup. Used with warmupCallDownRate and warmupShootDelayTransfer.,warmupNoReset: true,matched,com/corrodinggames/rts/game/units/custom/bn,rustedwarfare/custom/TurretTemplate,projectile-or-decal-parser,warmupNoReset,0,high,,a,(Lcom/corrodinggames/rts/game/units/custom/bn;Lcom/corrodinggames/rts/game/units/custom/l;Lcom/corrodinggames/rts/gameFramework/utility/ab;Ljava/lang/String;)V,parseFromConfig
406,1.16,[turret_NAME],ini_section,Timing,,warmupShootDelayTransfer,warmupShootDelayTransfer,warmupShootDelayTransfer,float,"Defaults to 0, amount to reduces the next shot delay depending on warmup. When used with warmupNoReset, can make a each shot faster.",warmupShootDelayTransfer: 20,matched,com/corrodinggames/rts/game/units/custom/bn,rustedwarfare/custom/TurretTemplate,projectile-or-decal-parser,warmupShootDelayTransfer,0,high,,a,(Lcom/corrodinggames/rts/game/units/custom/bn;Lcom/corrodinggames/rts/game/units/custom/l;Lcom/corrodinggames/rts/gameFramework/utility/ab;Ljava/lang/String;)V,parseFromConfig
408,1.16,[turret_NAME],ini_section,On Shoot,1.13.3,onShoot_freezeBodyMovementFor:,onShoot_freezeBodyMovementFor,onShoot_freezeBodyMovementFor,float,Freezes body movement while shooting.,onShoot_freezeBodyMovementFor: 2s,matched,com/corrodinggames/rts/game/units/custom/bn,rustedwarfare/custom/TurretTemplate,projectile-or-decal-parser,onShoot_freezeBodyMovementFor,0,high,,a,(Lcom/corrodinggames/rts/game/units/custom/bn;Lcom/corrodinggames/rts/game/units/custom/l;Lcom/corrodinggames/rts/gameFramework/utility/ab;Ljava/lang/String;)V,parseFromConfig
409,1.16,[turret_NAME],ini_section,On Shoot,1.14,barrelOffsetX_onOddShots:,barrelOffsetX_onOddShots,barrelOffsetX_onOddShots,float,"0 by default. Sets a barrelX offset only during odd numbered shots, useful for twin-barreled units. Use with barrelX. Use the opposite value of barrelX for most cases.",barrelOffsetX_onOddShots: -10,matched,com/corrodinggames/rts/game/units/custom/bn,rustedwarfare/custom/TurretTemplate,projectile-or-decal-parser,barrelOffsetX_onOddShots,0,high,,a,(Lcom/corrodinggames/rts/game/units/custom/bn;Lcom/corrodinggames/rts/game/units/custom/l;Lcom/corrodinggames/rts/gameFramework/utility/ab;Ljava/lang/String;)V,parseFromConfig
411,1.16,[turret_NAME],ini_section,Targeting control,1.14,aimOffsetSpread:,aimOffsetSpread,aimOffsetSpread,,Sets the shot inaccuracy. 0 will make all shots land on target's center,aimOffsetSpread: 14,matched,com/corrodinggames/rts/game/units/custom/ag,rustedwarfare/custom/CustomUnitLoader,custom-unit-loader,aimOffsetSpread,1,high,,a,(Ljava/lang/String;Ljava/io/InputStream;JLcom/corrodinggames/rts/gameFramework/i/b;Lcom/corrodinggames/rts/gameFramework/utility/j;Ljava/lang/String;Ljava/lang/String;)Lcom/corrodinggames/rts/game/units/custom/l;,parseCustomUnitMetadata
412,1.16,[turret_NAME],ini_section,Targeting control,,canShoot:,canShoot,canShoot,bool,Defaults to true,canShoot: true,matched,com/corrodinggames/rts/game/units/custom/bn,rustedwarfare/custom/TurretTemplate,projectile-or-decal-parser,canShoot,0,high,,a,(Lcom/corrodinggames/rts/game/units/custom/bn;Lcom/corrodinggames/rts/game/units/custom/l;Lcom/corrodinggames/rts/gameFramework/utility/ab;Ljava/lang/String;)V,parseFromConfig
413,1.16,[turret_NAME],ini_section,Targeting control,,canAttackFlyingUnits:,canAttackFlyingUnits,canAttackFlyingUnits,LogicBoolean,"Narrows targeting for this turret, note targeting for the whole unit in [attack] is applied first. (so you can only use this to target less not more)",canAttackFlyingUnits: false,matched,com/corrodinggames/rts/game/units/custom/ag,rustedwarfare/custom/CustomUnitLoader,custom-unit-loader,canAttackFlyingUnits,1,high,,a,(Ljava/lang/String;Ljava/io/InputStream;JLcom/corrodinggames/rts/gameFramework/i/b;Lcom/corrodinggames/rts/gameFramework/utility/j;Ljava/lang/String;Ljava/lang/String;)Lcom/corrodinggames/rts/game/units/custom/l;,parseCustomUnitMetadata
414,1.16,[turret_NAME],ini_section,Targeting control,,canAttackLandUnits:,canAttackLandUnits,canAttackLandUnits,LogicBoolean,Default true. If false unit cannot attack surface units.,canAttackLandUnits: true,matched,com/corrodinggames/rts/game/units/custom/ag,rustedwarfare/custom/CustomUnitLoader,custom-unit-loader,canAttackLandUnits,1,high,,a,(Ljava/lang/String;Ljava/io/InputStream;JLcom/corrodinggames/rts/gameFramework/i/b;Lcom/corrodinggames/rts/gameFramework/utility/j;Ljava/lang/String;Ljava/lang/String;)Lcom/corrodinggames/rts/game/units/custom/l;,parseCustomUnitMetadata
415,1.16,[turret_NAME],ini_section,Targeting control,,canAttackUnderwaterUnits:,canAttackUnderwaterUnits,canAttackUnderwaterUnits,LogicBoolean,Default true. If false unit cannot attack underwaterunits.,canAttackUnderwaterUnits: true,matched,com/corrodinggames/rts/game/units/custom/ag,rustedwarfare/custom/CustomUnitLoader,custom-unit-loader,canAttackUnderwaterUnits,1,high,,a,(Ljava/lang/String;Ljava/io/InputStream;JLcom/corrodinggames/rts/gameFramework/i/b;Lcom/corrodinggames/rts/gameFramework/utility/j;Ljava/lang/String;Ljava/lang/String;)Lcom/corrodinggames/rts/game/units/custom/l;,parseCustomUnitMetadata
416,1.16,[turret_NAME],ini_section,Targeting control,,canAttackNotTouchingWaterUnits:,canAttackNotTouchingWaterUnits,canAttackNotTouchingWaterUnits,LogicBoolean,Default true. If false unit can only attack units in contact with the water. Used for units with torpedos.,canAttackNotTouchingWaterUnits: false,matched,com/corrodinggames/rts/game/units/custom/ag,rustedwarfare/custom/CustomUnitLoader,custom-unit-loader,canAttackNotTouchingWaterUnits,1,high,,a,(Ljava/lang/String;Ljava/io/InputStream;JLcom/corrodinggames/rts/gameFramework/i/b;Lcom/corrodinggames/rts/gameFramework/utility/j;Ljava/lang/String;Ljava/lang/String;)Lcom/corrodinggames/rts/game/units/custom/l;,parseCustomUnitMetadata
417,1.16,[turret_NAME],ini_section,Targeting control,1.13.3,canOnlyAttackUnitsWithTags:,canOnlyAttackUnitsWithTags,canOnlyAttackUnitsWithTags,tags,Only attacks potential targets with specific tags,"canOnlyAttackUnitsWithTags: shelled, armoured",matched,com/corrodinggames/rts/game/units/custom/ag,rustedwarfare/custom/CustomUnitLoader,custom-unit-loader,canOnlyAttackUnitsWithTags,1,high,,a,(Ljava/lang/String;Ljava/io/InputStream;JLcom/corrodinggames/rts/gameFramework/i/b;Lcom/corrodinggames/rts/gameFramework/utility/j;Ljava/lang/String;Ljava/lang/String;)Lcom/corrodinggames/rts/game/units/custom/l;,parseCustomUnitMetadata
418,1.16,[turret_NAME],ini_section,Targeting control,1.13.3,canOnlyAttackUnitsWithoutTags:,canOnlyAttackUnitsWithoutTags,canOnlyAttackUnitsWithoutTags,tags,Only attacks potential targets without specific tags,"canOnlyAttackUnitsWithoutTags: corrosive, fleshy",matched,com/corrodinggames/rts/game/units/custom/ag,rustedwarfare/custom/CustomUnitLoader,custom-unit-loader,canOnlyAttackUnitsWithoutTags,1,high,,a,(Ljava/lang/String;Ljava/io/InputStream;JLcom/corrodinggames/rts/gameFramework/i/b;Lcom/corrodinggames/rts/gameFramework/utility/j;Ljava/lang/String;Ljava/lang/String;)Lcom/corrodinggames/rts/game/units/custom/l;,parseCustomUnitMetadata
419,1.16,[turret_NAME],ini_section,Targeting control,,canAttackCondition:,canAttackCondition,canAttackCondition,LogicBoolean,"Normally, used to optionally disable a turret based on a LogicBoolean. Eg: this unit's height",canAttackCondition: if not self.flying,matched,com/corrodinggames/rts/game/units/custom/bn,rustedwarfare/custom/TurretTemplate,projectile-or-decal-parser,canAttackCondition,0,high,,a,(Lcom/corrodinggames/rts/game/units/custom/bn;Lcom/corrodinggames/rts/game/units/custom/l;Lcom/corrodinggames/rts/gameFramework/utility/ab;Ljava/lang/String;)V,parseFromConfig
420,1.16,[turret_NAME],ini_section,Targeting control,1.14,canAttackMaxAngle:,canAttackMaxAngle,canAttackMaxAngle,float,"Max angle to target for turret to be allowed for fire. Defaults to 5, don't set lower. Can be set to 181 for turrets that don't need to turn to fire missiles.",canAttackMaxAngle: 181,matched,com/corrodinggames/rts/game/units/custom/bn,rustedwarfare/custom/TurretTemplate,projectile-or-decal-parser,canAttackMaxAngle,0,high,,a,(Lcom/corrodinggames/rts/game/units/custom/bn;Lcom/corrodinggames/rts/game/units/custom/l;Lcom/corrodinggames/rts/gameFramework/utility/ab;Ljava/lang/String;)V,parseFromConfig
421,1.16,[turret_NAME],ini_section,Targeting control,1.13,clearTurretTargetAfterFiring:,clearTurretTargetAfterFiring,clearTurretTargetAfterFiring,bool,Clears the turrets sub-target when using multi-targeting,clearTurretTargetAfterFiring:,matched,com/corrodinggames/rts/game/units/custom/bn,rustedwarfare/custom/TurretTemplate,projectile-or-decal-parser,clearTurretTargetAfterFiring,0,high,,a,(Lcom/corrodinggames/rts/game/units/custom/bn;Lcom/corrodinggames/rts/game/units/custom/l;Lcom/corrodinggames/rts/gameFramework/utility/ab;Ljava/lang/String;)V,parseFromConfig
422,1.16,[turret_NAME],ini_section,Targeting control,,limitingRange:,limitingRange,limitingRange,float,Make this turret have less range than the maxAttackRange. Do not apply this to all turrets change maxAttackRange instead.,limitingRange: 100,matched,com/corrodinggames/rts/game/units/custom/bn,rustedwarfare/custom/TurretTemplate,projectile-or-decal-parser,limitingRange,0,high,,a,(Lcom/corrodinggames/rts/game/units/custom/bn;Lcom/corrodinggames/rts/game/units/custom/l;Lcom/corrodinggames/rts/gameFramework/utility/ab;Ljava/lang/String;)V,parseFromConfig
423,1.16,[turret_NAME],ini_section,Targeting control,1.13,limitingAngle,limitingAngle,limitingAngle,int,Linked with idleDir. Turret will only be able to fire at units +/- this angle.,limitingAngle: 60,matched,com/corrodinggames/rts/game/units/custom/bn,rustedwarfare/custom/TurretTemplate,projectile-or-decal-parser,limitingAngle,0,high,,a,(Lcom/corrodinggames/rts/game/units/custom/bn;Lcom/corrodinggames/rts/game/units/custom/l;Lcom/corrodinggames/rts/gameFramework/utility/ab;Ljava/lang/String;)V,parseFromConfig
424,1.16,[turret_NAME],ini_section,Targeting control,1.13,limitingMinRange:,limitingMinRange,limitingMinRange,int,Sets minimum range for turret.,limitingMinRange: 200,matched,com/corrodinggames/rts/game/units/custom/bn,rustedwarfare/custom/TurretTemplate,projectile-or-decal-parser,limitingMinRange,0,high,,a,(Lcom/corrodinggames/rts/game/units/custom/bn;Lcom/corrodinggames/rts/game/units/custom/l;Lcom/corrodinggames/rts/gameFramework/utility/ab;Ljava/lang/String;)V,parseFromConfig
425,1.16,[turret_NAME],ini_section,Targeting control,1.13,interceptProjectiles_withTags:,interceptProjectiles_withTags,interceptProjectiles_withTags,tags,Currently used with anti-nuke units.,interceptProjectiles_withTags: nuke,matched,com/corrodinggames/rts/game/units/custom/bn,rustedwarfare/custom/TurretTemplate,projectile-or-decal-parser,interceptProjectiles_withTags,0,high,,a,(Lcom/corrodinggames/rts/game/units/custom/bn;Lcom/corrodinggames/rts/game/units/custom/l;Lcom/corrodinggames/rts/gameFramework/utility/ab;Ljava/lang/String;)V,parseFromConfig
426,1.16,[turret_NAME],ini_section,Targeting control,,interceptProjectiles_andTargetingGroundUnderDistance:,interceptProjectiles_andTargetingGroundUnderDistance,interceptProjectiles_andTargetingGroundUnderDistance,int,Minimum distance required for intercepting projectile,interceptProjectiles_andTargetingGroundUnderDistance: 100,matched,com/corrodinggames/rts/game/units/custom/bn,rustedwarfare/custom/TurretTemplate,projectile-or-decal-parser,interceptProjectiles_andTargetingGroundUnderDistance,0,high,,a,(Lcom/corrodinggames/rts/game/units/custom/bn;Lcom/corrodinggames/rts/game/units/custom/l;Lcom/corrodinggames/rts/gameFramework/utility/ab;Ljava/lang/String;)V,parseFromConfig
427,1.16,[turret_NAME],ini_section,Targeting control,,interceptProjectiles_andUnderDistance:,interceptProjectiles_andUnderDistance,interceptProjectiles_andUnderDistance,int,"Defaults to 2000, distance inflight before firing",interceptProjectiles_andUnderDistance: 300,matched,com/corrodinggames/rts/game/units/custom/bn,rustedwarfare/custom/TurretTemplate,projectile-or-decal-parser,interceptProjectiles_andUnderDistance,0,high,,a,(Lcom/corrodinggames/rts/game/units/custom/bn;Lcom/corrodinggames/rts/game/units/custom/l;Lcom/corrodinggames/rts/gameFramework/utility/ab;Ljava/lang/String;)V,parseFromConfig
428,1.16,[turret_NAME],ini_section,Targeting control,,interceptProjectiles_andOverHeight:,interceptProjectiles_andOverHeight,interceptProjectiles_andOverHeight,int,Defaults to 0. Sets the projectile target height limit,interceptProjectiles_andOverHeight: 10,matched,com/corrodinggames/rts/game/units/custom/bn,rustedwarfare/custom/TurretTemplate,projectile-or-decal-parser,interceptProjectiles_andOverHeight,0,high,,a,(Lcom/corrodinggames/rts/game/units/custom/bn;Lcom/corrodinggames/rts/game/units/custom/l;Lcom/corrodinggames/rts/gameFramework/utility/ab;Ljava/lang/String;)V,parseFromConfig
429,1.16,[turret_NAME],ini_section,Targeting control,,laserDefenceEnergyUse:,laserDefenceEnergyUse,laserDefenceEnergyUse,float,Set to enable a projectile laser defence from this turret. Should also set the energyMax in core.,laserDefenceEnergyUse: 0.25,matched,com/corrodinggames/rts/game/units/custom/bn,rustedwarfare/custom/TurretTemplate,projectile-or-decal-parser,laserDefenceEnergyUse,0,high,,a,(Lcom/corrodinggames/rts/game/units/custom/bn;Lcom/corrodinggames/rts/game/units/custom/l;Lcom/corrodinggames/rts/gameFramework/utility/ab;Ljava/lang/String;)V,parseFromConfig
431,1.16,[turret_NAME],ini_section,Graphics and effects,,invisible:,invisible,invisible,LogicBoolean,"Don't render this turret, but still can shoot, etc.",invisible: true,matched,com/corrodinggames/rts/game/units/custom/bh,rustedwarfare/custom/CustomProjectileTemplate,projectile-or-decal-parser,invisible,1,high,,a,(Lcom/corrodinggames/rts/game/units/custom/bh;Lcom/corrodinggames/rts/game/units/custom/l;Lcom/corrodinggames/rts/gameFramework/utility/ab;Ljava/lang/String;)V,parseFromConfig
432,1.16,[turret_NAME],ini_section,Graphics and effects,,image:,image,image,file (image),Use custom image. Overrides unit's main turret image,image: gun.png,matched,com/corrodinggames/rts/game/units/custom/ag,rustedwarfare/custom/CustomUnitLoader,custom-unit-loader,image,4,high,,a,(Ljava/lang/String;Ljava/io/InputStream;JLcom/corrodinggames/rts/gameFramework/i/b;Lcom/corrodinggames/rts/gameFramework/utility/j;Ljava/lang/String;Ljava/lang/String;)Lcom/corrodinggames/rts/game/units/custom/l;,parseCustomUnitMetadata
433,1.16,[turret_NAME],ini_section,Graphics and effects,,image_applyTeamColors,image_applyTeamColors,image_applyTeamColors,bool,"When true, the specific turret applies team colors over the special greens in the sprite.",image_applyTeamColors: true,matched,com/corrodinggames/rts/game/units/custom/bn,rustedwarfare/custom/TurretTemplate,projectile-or-decal-parser,image_applyTeamColors,0,high,,a,(Lcom/corrodinggames/rts/game/units/custom/bn;Lcom/corrodinggames/rts/game/units/custom/l;Lcom/corrodinggames/rts/gameFramework/utility/ab;Ljava/lang/String;)V,parseFromConfig
434,1.16,[turret_NAME],ini_section,Graphics and effects,,image_drawOffsetX,image_drawOffsetX,image_drawOffsetX,float,Moves the image horizontally from the turret center.,image_drawOffsetX: 0,matched,com/corrodinggames/rts/game/units/custom/bn,rustedwarfare/custom/TurretTemplate,projectile-or-decal-parser,image_drawOffsetX,0,high,,a,(Lcom/corrodinggames/rts/game/units/custom/bn;Lcom/corrodinggames/rts/game/units/custom/l;Lcom/corrodinggames/rts/gameFramework/utility/ab;Ljava/lang/String;)V,parseFromConfig
435,1.16,[turret_NAME],ini_section,Graphics and effects,,image_drawOffsetY,image_drawOffsetY,image_drawOffsetY,float,Moves the image verticallly from the turret center.,image_drawOffsetY: 30,matched,com/corrodinggames/rts/game/units/custom/bn,rustedwarfare/custom/TurretTemplate,projectile-or-decal-parser,image_drawOffsetY,0,high,,a,(Lcom/corrodinggames/rts/game/units/custom/bn;Lcom/corrodinggames/rts/game/units/custom/l;Lcom/corrodinggames/rts/gameFramework/utility/ab;Ljava/lang/String;)V,parseFromConfig
436,1.16,[turret_NAME],ini_section,Graphics and effects,,chargeEffectImage:,chargeEffectImage,chargeEffectImage,file (image),Used with warmup. Shows a scaling effect image on turret barrel when charging.,chargeEffectImage: glow.png,matched,com/corrodinggames/rts/game/units/custom/bn,rustedwarfare/custom/TurretTemplate,projectile-or-decal-parser,chargeEffectImage,0,high,,a,(Lcom/corrodinggames/rts/game/units/custom/bn;Lcom/corrodinggames/rts/game/units/custom/l;Lcom/corrodinggames/rts/gameFramework/utility/ab;Ljava/lang/String;)V,parseFromConfig
437,1.16,[turret_NAME],ini_section,Graphics and effects,,warmupStartEffect,warmupStartEffect,warmupStartEffect,effect ref,Spawns specified effects when the specific turret is charging/warming up,warmupStartEffect: CUSTOM:abosrb,matched,com/corrodinggames/rts/game/units/custom/bn,rustedwarfare/custom/TurretTemplate,projectile-or-decal-parser,warmupStartEffect,0,high,,a,(Lcom/corrodinggames/rts/game/units/custom/bn;Lcom/corrodinggames/rts/game/units/custom/l;Lcom/corrodinggames/rts/gameFramework/utility/ab;Ljava/lang/String;)V,parseFromConfig
438,1.16,[turret_NAME],ini_section,Graphics and effects,,shoot_sound:,shoot_sound,shoot_sound,string,"Can be linked to an .ogg or .wav file, or one of the default game sounds (list at bottom of reference)",shoot_sound: tank_firing | shoot_sound: missile.wav | shoot_sound: ROOT:audio/shoot.ogg,matched,com/corrodinggames/rts/game/units/custom/bn,rustedwarfare/custom/TurretTemplate,projectile-or-decal-parser,shoot_sound,0,high,,a,(Lcom/corrodinggames/rts/game/units/custom/bn;Lcom/corrodinggames/rts/game/units/custom/l;Lcom/corrodinggames/rts/gameFramework/utility/ab;Ljava/lang/String;)V,parseFromConfig
439,1.16,[turret_NAME],ini_section,Graphics and effects,,shoot_sound_vol:,shoot_sound_vol,shoot_sound_vol,float,Sets the volume of the shoot sound,shoot_sound_vol: 0.4,matched,com/corrodinggames/rts/game/units/custom/bn,rustedwarfare/custom/TurretTemplate,projectile-or-decal-parser,shoot_sound_vol,0,high,,a,(Lcom/corrodinggames/rts/game/units/custom/bn;Lcom/corrodinggames/rts/game/units/custom/l;Lcom/corrodinggames/rts/gameFramework/utility/ab;Ljava/lang/String;)V,parseFromConfig
440,1.16,[turret_NAME],ini_section,Graphics and effects,,shoot_flame:,shoot_flame,shoot_flame,effects,"Current types are: small, large, smoke, shockwave, or CUSTOM: effectSectionName","eg: shoot_flame: smoke, CUSTOM:lightFade, CUSTOM:pop*5",matched,com/corrodinggames/rts/game/units/custom/bn,rustedwarfare/custom/TurretTemplate,projectile-or-decal-parser,shoot_flame,0,high,,a,(Lcom/corrodinggames/rts/game/units/custom/bn;Lcom/corrodinggames/rts/game/units/custom/l;Lcom/corrodinggames/rts/gameFramework/utility/ab;Ljava/lang/String;)V,parseFromConfig
441,1.16,[turret_NAME],ini_section,Graphics and effects,,shoot_light,shoot_light,shoot_light,color,Produces a colored light upon shooting,shoot_light: #fafafa,matched,com/corrodinggames/rts/game/units/custom/bn,rustedwarfare/custom/TurretTemplate,projectile-or-decal-parser,shoot_light,0,high,,a,(Lcom/corrodinggames/rts/game/units/custom/bn;Lcom/corrodinggames/rts/game/units/custom/l;Lcom/corrodinggames/rts/gameFramework/utility/ab;Ljava/lang/String;)V,parseFromConfig
442,1.16,[turret_NAME],ini_section,Graphics and effects,1.13,onShoot_playAnimation,onShoot_playAnimation,onShoot_playAnimation,animation ref,Play a custom animation from an [animation] section after firing this turret,onShoot_playAnimation: heatUp,matched,com/corrodinggames/rts/game/units/custom/bn,rustedwarfare/custom/TurretTemplate,projectile-or-decal-parser,onShoot_playAnimation,0,high,,a,(Lcom/corrodinggames/rts/game/units/custom/bn;Lcom/corrodinggames/rts/game/units/custom/l;Lcom/corrodinggames/rts/gameFramework/utility/ab;Ljava/lang/String;)V,parseFromConfig
443,1.16,[turret_NAME],ini_section,Graphics and effects,1.14,onShoot_triggerActions,onShoot_triggerActions,onShoot_triggerActions,action refs,Trigger these actions each time this turret fires,onShoot_triggerActions: spawnShells,matched,com/corrodinggames/rts/game/units/custom/bn,rustedwarfare/custom/TurretTemplate,projectile-or-decal-parser,onShoot_triggerActions,0,high,,a,(Lcom/corrodinggames/rts/game/units/custom/bn;Lcom/corrodinggames/rts/game/units/custom/l;Lcom/corrodinggames/rts/gameFramework/utility/ab;Ljava/lang/String;)V,parseFromConfig
444,1.16,[turret_NAME],ini_section,Graphics and effects,1.15,unloadUpToXUnitsAndGiveAttackOrder,unloadUpToXUnitsAndGiveAttackOrder,unloadUpToXUnitsAndGiveAttackOrder,int,Unloads X units at turret barrel locations and gives them the attack order of turret target,unloadUpToXUnitsAndGiveAttackOrder: 1,matched,com/corrodinggames/rts/game/units/custom/bn,rustedwarfare/custom/TurretTemplate,projectile-or-decal-parser,unloadUpToXUnitsAndGiveAttackOrder,0,high,,a,(Lcom/corrodinggames/rts/game/units/custom/bn;Lcom/corrodinggames/rts/game/units/custom/l;Lcom/corrodinggames/rts/gameFramework/utility/ab;Ljava/lang/String;)V,parseFromConfig
445,1.16,[turret_NAME],ini_section,Graphics and effects,,recoilOffset,recoilOffset,recoilOffset,float,Push turret forward or back after firing for a recoil effect. Value in pixels.,recoilOffset: 10,matched,com/corrodinggames/rts/game/units/custom/bn,rustedwarfare/custom/TurretTemplate,projectile-or-decal-parser,recoilOffset,0,high,,a,(Lcom/corrodinggames/rts/game/units/custom/bn;Lcom/corrodinggames/rts/game/units/custom/l;Lcom/corrodinggames/rts/gameFramework/utility/ab;Ljava/lang/String;)V,parseFromConfig
446,1.16,[turret_NAME],ini_section,Graphics and effects,,recoilOutTime,recoilOutTime,recoilOutTime,float,Time to get to offset position after firing,recoilOutTime: 1s,matched,com/corrodinggames/rts/game/units/custom/bn,rustedwarfare/custom/TurretTemplate,projectile-or-decal-parser,recoilOutTime,0,high,,a,(Lcom/corrodinggames/rts/game/units/custom/bn;Lcom/corrodinggames/rts/game/units/custom/l;Lcom/corrodinggames/rts/gameFramework/utility/ab;Ljava/lang/String;)V,parseFromConfig
447,1.16,[turret_NAME],ini_section,Graphics and effects,,recoilReturnTime,recoilReturnTime,recoilReturnTime,float,Time to return to default position,recoilReturnTime: 0.5s,matched,com/corrodinggames/rts/game/units/custom/bn,rustedwarfare/custom/TurretTemplate,projectile-or-decal-parser,recoilReturnTime,0,high,,a,(Lcom/corrodinggames/rts/game/units/custom/bn;Lcom/corrodinggames/rts/game/units/custom/l;Lcom/corrodinggames/rts/gameFramework/utility/ab;Ljava/lang/String;)V,parseFromConfig
448,1.16,[turret_NAME],ini_section,Graphics and effects,1.13.3,showRangeUIGuide,showRangeUIGuide,showRangeUIGuide,bool,Defaults to true. Displays the attack range for this turret,showRangeUIGuide: true,matched,com/corrodinggames/rts/game/units/custom/ag,rustedwarfare/custom/CustomUnitLoader,custom-unit-loader,showRangeUIGuide,1,high,,a,(Ljava/lang/String;Ljava/io/InputStream;JLcom/corrodinggames/rts/gameFramework/i/b;Lcom/corrodinggames/rts/gameFramework/utility/j;Ljava/lang/String;Ljava/lang/String;)Lcom/corrodinggames/rts/game/units/custom/l;,parseCustomUnitMetadata
455,1.16,[projectile_NAME],ini_section,Core,,life:,life,life,,"How long till this projectile gets removed if it hasn't hit a target, 300 might be a good starting point, change depending on speed and range",life: 300,matched,com/corrodinggames/rts/game/units/custom/bh,rustedwarfare/custom/CustomProjectileTemplate,projectile-or-decal-parser,life,1,high,,a,(Lcom/corrodinggames/rts/game/units/custom/bh;Lcom/corrodinggames/rts/game/units/custom/l;Lcom/corrodinggames/rts/gameFramework/utility/ab;Ljava/lang/String;)V,parseFromConfig
456,1.16,[projectile_NAME],ini_section,Core,,deflectionPower:,deflectionPower,deflectionPower,float,Defaults to 1. Energy needed for laser defence to deflect. -1 to disable deflection (only disable for special weapons like flames),deflectionPower: -1,matched,com/corrodinggames/rts/game/units/custom/bh,rustedwarfare/custom/CustomProjectileTemplate,projectile-or-decal-parser,deflectionPower,0,high,,a,(Lcom/corrodinggames/rts/game/units/custom/bh;Lcom/corrodinggames/rts/game/units/custom/l;Lcom/corrodinggames/rts/gameFramework/utility/ab;Ljava/lang/String;)V,parseFromConfig
457,1.16,[projectile_NAME],ini_section,Core,1.13,explodeOnEndOfLife,explodeOnEndOfLife,explodeOnEndOfLife,bool,Default to false. True to explode at end of life with all side effects and area damage instead of disappearing. Good for making area-denial weapons.,explodeOnEndOfLife: true,matched,com/corrodinggames/rts/game/units/custom/bh,rustedwarfare/custom/CustomProjectileTemplate,projectile-or-decal-parser,explodeOnEndOfLife,0,high,,a,(Lcom/corrodinggames/rts/game/units/custom/bh;Lcom/corrodinggames/rts/game/units/custom/l;Lcom/corrodinggames/rts/gameFramework/utility/ab;Ljava/lang/String;)V,parseFromConfig
458,1.16,[projectile_NAME],ini_section,Core,,autoTargetingOnDeadTarget:,autoTargetingOnDeadTarget,autoTargetingOnDeadTarget,bool,Retarget to nearby unit if target dies while in transit,autoTargetingOnDeadTarget: true,matched,com/corrodinggames/rts/game/units/custom/bh,rustedwarfare/custom/CustomProjectileTemplate,projectile-or-decal-parser,autoTargetingOnDeadTarget,0,high,,a,(Lcom/corrodinggames/rts/game/units/custom/bh;Lcom/corrodinggames/rts/game/units/custom/l;Lcom/corrodinggames/rts/gameFramework/utility/ab;Ljava/lang/String;)V,parseFromConfig
459,1.16,[projectile_NAME],ini_section,Core,1.14,autoTargetingOnDeadTargetRange,autoTargetingOnDeadTargetRange,autoTargetingOnDeadTargetRange,int,The range which it will select a new target if old target has died,autoTargetingOnDeadTargetRange: 100,matched,com/corrodinggames/rts/game/units/custom/bh,rustedwarfare/custom/CustomProjectileTemplate,projectile-or-decal-parser,autoTargetingOnDeadTargetRange,0,high,,a,(Lcom/corrodinggames/rts/game/units/custom/bh;Lcom/corrodinggames/rts/game/units/custom/l;Lcom/corrodinggames/rts/gameFramework/utility/ab;Ljava/lang/String;)V,parseFromConfig
460,1.16,[projectile_NAME],ini_section,Core,1.14,autoTargetingOnDeadTargetLead,autoTargetingOnDeadTargetLead,autoTargetingOnDeadTargetLead,float,The lead it will try to have on the new target,autoTargetingOnDeadTargetLead: 300,matched,com/corrodinggames/rts/game/units/custom/bh,rustedwarfare/custom/CustomProjectileTemplate,projectile-or-decal-parser,autoTargetingOnDeadTargetLead,0,high,,a,(Lcom/corrodinggames/rts/game/units/custom/bh;Lcom/corrodinggames/rts/game/units/custom/l;Lcom/corrodinggames/rts/gameFramework/utility/ab;Ljava/lang/String;)V,parseFromConfig
461,1.16,[projectile_NAME],ini_section,Core,1.13,unloadUpToXUnitsFromSource,unloadUpToXUnitsFromSource,unloadUpToXUnitsFromSource,int,"Unload X units from source unit, to projectile explode location",unloadUpToXUnitsFromSource: 2,matched,com/corrodinggames/rts/game/units/custom/bh,rustedwarfare/custom/CustomProjectileTemplate,projectile-or-decal-parser,unloadUpToXUnitsFromSource,0,high,,a,(Lcom/corrodinggames/rts/game/units/custom/bh;Lcom/corrodinggames/rts/game/units/custom/l;Lcom/corrodinggames/rts/gameFramework/utility/ab;Ljava/lang/String;)V,parseFromConfig
462,1.16,[projectile_NAME],ini_section,Core,1.13,teleportSource,teleportSource,teleportSource,bool,Move unit that shot this projectile to projectile explode location,teleportSource: true,matched,com/corrodinggames/rts/game/units/custom/bh,rustedwarfare/custom/CustomProjectileTemplate,projectile-or-decal-parser,teleportSource,0,high,,a,(Lcom/corrodinggames/rts/game/units/custom/bh;Lcom/corrodinggames/rts/game/units/custom/l;Lcom/corrodinggames/rts/gameFramework/utility/ab;Ljava/lang/String;)V,parseFromConfig
464,1.16,[projectile_NAME],ini_section,Core,1.13,spawnUnit:,spawnUnit,spawnUnit,projectile ref,Spawn new units of this type at projectile explode location,"eg: spawnUnit: heavyTank, tank*5, hoverTank(offsetX=10)",matched,com/corrodinggames/rts/game/units/custom/bh,rustedwarfare/custom/CustomProjectileTemplate,projectile-or-decal-parser,spawnUnit,0,high,,a,(Lcom/corrodinggames/rts/game/units/custom/bh;Lcom/corrodinggames/rts/game/units/custom/l;Lcom/corrodinggames/rts/gameFramework/utility/ab;Ljava/lang/String;)V,parseFromConfig
465,1.16,[projectile_NAME],ini_section,Core,1.14,spawnProjectilesOnEndOfLife,spawnProjectilesOnEndOfLife,spawnProjectilesOnEndOfLife,projectile ref,"Spawns new projectiles on end of life, useful for secondary projectiles","spawnProjectilesOnEndOfLife: torpedo_split(offsetDir=90), torpedo_split(offsetDir=-90)",matched,com/corrodinggames/rts/game/units/custom/bh,rustedwarfare/custom/CustomProjectileTemplate,projectile-or-decal-parser,spawnProjectilesOnEndOfLife,0,high,,a,(Lcom/corrodinggames/rts/game/units/custom/bh;Lcom/corrodinggames/rts/game/units/custom/l;Lcom/corrodinggames/rts/gameFramework/utility/ab;Ljava/lang/String;)V,parseFromConfig
466,1.16,[projectile_NAME],ini_section,Core,1.14,spawnProjectilesOnExplode,spawnProjectilesOnExplode,spawnProjectilesOnExplode,projectile ref,Projectiles to spawns when this projectile hits it's target,spawnProjectilesOnExplode: flachette*4,matched,com/corrodinggames/rts/game/units/custom/bh,rustedwarfare/custom/CustomProjectileTemplate,projectile-or-decal-parser,spawnProjectilesOnExplode,0,high,,a,(Lcom/corrodinggames/rts/game/units/custom/bh;Lcom/corrodinggames/rts/game/units/custom/l;Lcom/corrodinggames/rts/gameFramework/utility/ab;Ljava/lang/String;)V,parseFromConfig
467,1.16,[projectile_NAME],ini_section,Core,1.14,spawnProjectilesOnCreate,spawnProjectilesOnCreate,spawnProjectilesOnCreate,,"Spawns projectiles on creation of this projectile, useful for making true shotgun-like projectile spread",spawnProjectilesOnCreate: shotgun*12,matched,com/corrodinggames/rts/game/units/custom/bh,rustedwarfare/custom/CustomProjectileTemplate,projectile-or-decal-parser,spawnProjectilesOnCreate,0,high,,a,(Lcom/corrodinggames/rts/game/units/custom/bh;Lcom/corrodinggames/rts/game/units/custom/l;Lcom/corrodinggames/rts/gameFramework/utility/ab;Ljava/lang/String;)V,parseFromConfig
468,1.16,[projectile_NAME],ini_section,Core,1.13.3,convertHitToSourceTeam,convertHitToSourceTeam,convertHitToSourceTeam,bool,Convert units hit to the team that fired this projectile. Useful to make capturing systems,convertHitToSourceTeam: true,matched,com/corrodinggames/rts/game/units/custom/bh,rustedwarfare/custom/CustomProjectileTemplate,projectile-or-decal-parser,convertHitToSourceTeam,0,high,,a,(Lcom/corrodinggames/rts/game/units/custom/bh;Lcom/corrodinggames/rts/game/units/custom/l;Lcom/corrodinggames/rts/gameFramework/utility/ab;Ljava/lang/String;)V,parseFromConfig
470,1.16,[projectile_NAME],ini_section,Core,1.13,tags,tags,tags,tags,"Used for projectile interceptions (e.g. Nuke and Anti-Nuke Interaction) and in [action] autoTriggerOnEvent: tookDamage(withTag=""[tagName]"")","tags: nuke, missile",matched,com/corrodinggames/rts/game/units/custom/bh,rustedwarfare/custom/CustomProjectileTemplate,projectile-or-decal-parser,tags,1,high,,a,(Lcom/corrodinggames/rts/game/units/custom/bh;Lcom/corrodinggames/rts/game/units/custom/l;Lcom/corrodinggames/rts/gameFramework/utility/ab;Ljava/lang/String;)V,parseFromConfig
471,1.16,[projectile_NAME],ini_section,Core,,flameWeapon:,flameWeapon,flameWeapon,bool,Generates small flames on hit (only cosmetic),flameWeapon: true,matched,com/corrodinggames/rts/game/units/custom/bh,rustedwarfare/custom/CustomProjectileTemplate,projectile-or-decal-parser,flameWeapon,0,high,,a,(Lcom/corrodinggames/rts/game/units/custom/bh;Lcom/corrodinggames/rts/game/units/custom/l;Lcom/corrodinggames/rts/gameFramework/utility/ab;Ljava/lang/String;)V,parseFromConfig
472,1.16,[projectile_NAME],ini_section,Core,1.13,delayedStartTimer,delayedStartTimer,delayedStartTimer,float,Hide for x time before showing and updating effect.,delayedStartTimer: 2s,matched,com/corrodinggames/rts/game/units/custom/bh,rustedwarfare/custom/CustomProjectileTemplate,projectile-or-decal-parser,delayedStartTimer,1,high,,a,(Lcom/corrodinggames/rts/game/units/custom/bh;Lcom/corrodinggames/rts/game/units/custom/l;Lcom/corrodinggames/rts/gameFramework/utility/ab;Ljava/lang/String;)V,parseFromConfig
474,1.16,[projectile_NAME],ini_section,Damage,1.0 / updated 1.16,directDamage:,directDamage,directDamage,int / 1.16: dynamic,Damage to target unit on hit. Does not work with targetGround:true as it won't have a clear unit to target,directDamage: 30,matched,com/corrodinggames/rts/game/units/custom/bh,rustedwarfare/custom/CustomProjectileTemplate,projectile-or-decal-parser,directDamage,0,high,,a,(Lcom/corrodinggames/rts/game/units/custom/bh;Lcom/corrodinggames/rts/game/units/custom/l;Lcom/corrodinggames/rts/gameFramework/utility/ab;Ljava/lang/String;)V,parseFromConfig
475,1.16,[projectile_NAME],ini_section,Damage,1.0 / updated 1.16,areaDamage:,areaDamage,areaDamage,int / 1.16: dynamic,"Damages on arrival of target with an area effect, use areaRadius to adjust size of damage. targetGround needs this to damage",areaDamage: 10,matched,com/corrodinggames/rts/game/units/custom/bh,rustedwarfare/custom/CustomProjectileTemplate,projectile-or-decal-parser,areaDamage,0,high,,a,(Lcom/corrodinggames/rts/game/units/custom/bh;Lcom/corrodinggames/rts/game/units/custom/l;Lcom/corrodinggames/rts/gameFramework/utility/ab;Ljava/lang/String;)V,parseFromConfig
477,1.16,[projectile_NAME],ini_section,Damage,1.13,areaRadius:,areaRadius,areaRadius,float,How wide areaDamage effects. Note this drops off (unless areaDamageNoFalloff is used),areaRadius: 100,matched,com/corrodinggames/rts/game/units/custom/bh,rustedwarfare/custom/CustomProjectileTemplate,projectile-or-decal-parser,areaRadius,0,high,,a,(Lcom/corrodinggames/rts/game/units/custom/bh;Lcom/corrodinggames/rts/game/units/custom/l;Lcom/corrodinggames/rts/gameFramework/utility/ab;Ljava/lang/String;)V,parseFromConfig
478,1.16,[projectile_NAME],ini_section,Damage,,areaDamageNoFalloff,areaDamageNoFalloff,areaDamageNoFalloff,bool,Removes the falloff from areaDamage,areaDamageNoFalloff: true,matched,com/corrodinggames/rts/game/units/custom/bh,rustedwarfare/custom/CustomProjectileTemplate,projectile-or-decal-parser,areaDamageNoFalloff,0,high,,a,(Lcom/corrodinggames/rts/game/units/custom/bh;Lcom/corrodinggames/rts/game/units/custom/l;Lcom/corrodinggames/rts/gameFramework/utility/ab;Ljava/lang/String;)V,parseFromConfig
479,1.16,[projectile_NAME],ini_section,Damage,,areaRadiusFromEdge,areaRadiusFromEdge,areaRadiusFromEdge,bool,Applies damage from edge of units instead of center. Mostly effects large units.,areaRadiusFromEdge: true,matched,com/corrodinggames/rts/game/units/custom/bh,rustedwarfare/custom/CustomProjectileTemplate,projectile-or-decal-parser,areaRadiusFromEdge,0,high,,a,(Lcom/corrodinggames/rts/game/units/custom/bh;Lcom/corrodinggames/rts/game/units/custom/l;Lcom/corrodinggames/rts/gameFramework/utility/ab;Ljava/lang/String;)V,parseFromConfig
480,1.16,[projectile_NAME],ini_section,Damage,1.13,areaExpandTime,areaExpandTime,areaExpandTime,float,Applies area damage as an expanding blast wave rather than instantly. Useful for nuke projectiles,areaExpandTime: 1s,matched,com/corrodinggames/rts/game/units/custom/bh,rustedwarfare/custom/CustomProjectileTemplate,projectile-or-decal-parser,areaExpandTime,0,high,,a,(Lcom/corrodinggames/rts/game/units/custom/bh;Lcom/corrodinggames/rts/game/units/custom/l;Lcom/corrodinggames/rts/gameFramework/utility/ab;Ljava/lang/String;)V,parseFromConfig
481,1.16,[projectile_NAME],ini_section,Damage,1.13,areaHitAirAndLandAtSameTime,areaHitAirAndLandAtSameTime,areaHitAirAndLandAtSameTime,bool,Defaults to false,areaHitAirAndLandAtSameTime: true,matched,com/corrodinggames/rts/game/units/custom/bh,rustedwarfare/custom/CustomProjectileTemplate,projectile-or-decal-parser,areaHitAirAndLandAtSameTime,0,high,,a,(Lcom/corrodinggames/rts/game/units/custom/bh;Lcom/corrodinggames/rts/game/units/custom/l;Lcom/corrodinggames/rts/gameFramework/utility/ab;Ljava/lang/String;)V,parseFromConfig
482,1.16,[projectile_NAME],ini_section,Damage,,areaHitUnderwaterAlways,areaHitUnderwaterAlways,areaHitUnderwaterAlways,bool,Defaults to false,areaHitUnderwaterAlways: true,matched,com/corrodinggames/rts/game/units/custom/bh,rustedwarfare/custom/CustomProjectileTemplate,projectile-or-decal-parser,areaHitUnderwaterAlways,0,high,,a,(Lcom/corrodinggames/rts/game/units/custom/bh;Lcom/corrodinggames/rts/game/units/custom/l;Lcom/corrodinggames/rts/gameFramework/utility/ab;Ljava/lang/String;)V,parseFromConfig
483,1.16,[projectile_NAME],ini_section,Damage,,areaIgnoreUnitsCloserThan,areaIgnoreUnitsCloserThan,areaIgnoreUnitsCloserThan,int,Units closer than this range aren't effected. Rarely needed. Not recommended for normal projectiles.,areaIgnoreUnitsCloserThan: 10,matched,com/corrodinggames/rts/game/units/custom/bh,rustedwarfare/custom/CustomProjectileTemplate,projectile-or-decal-parser,areaIgnoreUnitsCloserThan,0,high,,a,(Lcom/corrodinggames/rts/game/units/custom/bh;Lcom/corrodinggames/rts/game/units/custom/l;Lcom/corrodinggames/rts/gameFramework/utility/ab;Ljava/lang/String;)V,parseFromConfig
484,1.16,[projectile_NAME],ini_section,Damage,1.13,buildingDamageMultiplier,buildingDamageMultiplier,buildingDamageMultiplier,float,Defaults to 1,buildingDamageMultiplier: 3,matched,com/corrodinggames/rts/game/units/custom/bh,rustedwarfare/custom/CustomProjectileTemplate,projectile-or-decal-parser,buildingDamageMultiplier,0,high,,a,(Lcom/corrodinggames/rts/game/units/custom/bh;Lcom/corrodinggames/rts/game/units/custom/l;Lcom/corrodinggames/rts/gameFramework/utility/ab;Ljava/lang/String;)V,parseFromConfig
485,1.16,[projectile_NAME],ini_section,Damage,1.13,shieldDamageMultiplier,shieldDamageMultiplier,shieldDamageMultiplier,float,Defaults to 1. 0 to do no damage to shields and 2 to do double damage,shieldDamageMultiplier: 1.4,matched,com/corrodinggames/rts/game/units/custom/bh,rustedwarfare/custom/CustomProjectileTemplate,projectile-or-decal-parser,shieldDamageMultiplier,0,high,,a,(Lcom/corrodinggames/rts/game/units/custom/bh;Lcom/corrodinggames/rts/game/units/custom/l;Lcom/corrodinggames/rts/gameFramework/utility/ab;Ljava/lang/String;)V,parseFromConfig
486,1.16,[projectile_NAME],ini_section,Damage,1.13,shieldDefectionMultiplier,shieldDefectionMultiplier,shieldDefectionMultiplier,float,Defaults to 1. The amount of shield to bypass. 0 to ignore shields and directly damage hull,shieldDefectionMultiplier: 1.55,matched,com/corrodinggames/rts/game/units/custom/bh,rustedwarfare/custom/CustomProjectileTemplate,projectile-or-decal-parser,shieldDefectionMultiplier,0,high,,a,(Lcom/corrodinggames/rts/game/units/custom/bh;Lcom/corrodinggames/rts/game/units/custom/l;Lcom/corrodinggames/rts/gameFramework/utility/ab;Ljava/lang/String;)V,parseFromConfig
487,1.16,[projectile_NAME],ini_section,Damage,1.14,hullDamageMultiplier,hullDamageMultiplier,hullDamageMultiplier,float,Defaults to 1. Can be used to create EMP weapons that affect shields only. 0 to ignore hull and only damage shields,hullDamageMultiplier: 2,matched,com/corrodinggames/rts/game/units/custom/bh,rustedwarfare/custom/CustomProjectileTemplate,projectile-or-decal-parser,hullDamageMultiplier,0,high,,a,(Lcom/corrodinggames/rts/game/units/custom/bh;Lcom/corrodinggames/rts/game/units/custom/l;Lcom/corrodinggames/rts/gameFramework/utility/ab;Ljava/lang/String;)V,parseFromConfig
488,1.16,[projectile_NAME],ini_section,Damage,1.15,ignoreParentShootDamageMultiplier,ignoreParentShootDamageMultiplier,ignoreParentShootDamageMultiplier,bool,Sets whether multipliers are applied or not regardless of multipliers set in attack or setUnitStats,ignoreParentShootDamageMultiplier: true,matched,com/corrodinggames/rts/game/units/custom/bh,rustedwarfare/custom/CustomProjectileTemplate,projectile-or-decal-parser,ignoreParentShootDamageMultiplier,0,high,,a,(Lcom/corrodinggames/rts/game/units/custom/bh;Lcom/corrodinggames/rts/game/units/custom/l;Lcom/corrodinggames/rts/gameFramework/utility/ab;Ljava/lang/String;)V,parseFromConfig
489,1.16,[projectile_NAME],ini_section,Damage,,armourIgnoreAmount,armourIgnoreAmount,armourIgnoreAmount,int,Amount of armour to ignore on target and do damage as if this armour was not there,armourIgnoreAmount,matched,com/corrodinggames/rts/game/units/custom/bh,rustedwarfare/custom/CustomProjectileTemplate,projectile-or-decal-parser,armourIgnoreAmount,0,high,,a,(Lcom/corrodinggames/rts/game/units/custom/bh;Lcom/corrodinggames/rts/game/units/custom/l;Lcom/corrodinggames/rts/gameFramework/utility/ab;Ljava/lang/String;)V,parseFromConfig
490,1.16,[projectile_NAME],ini_section,Damage,1.13,friendlyFire,friendlyFire,friendlyFire,bool/string,Lets area effect projectiles damage own team units (can't damage allies). Useful for nuke-like weapons,friendlyFire: false / friendlyFire: true / friendlyFire: only-ignoreEnemy,matched,com/corrodinggames/rts/game/units/custom/bh,rustedwarfare/custom/CustomProjectileTemplate,projectile-or-decal-parser,friendlyFire,0,high,,a,(Lcom/corrodinggames/rts/game/units/custom/bh;Lcom/corrodinggames/rts/game/units/custom/l;Lcom/corrodinggames/rts/gameFramework/utility/ab;Ljava/lang/String;)V,parseFromConfig
491,1.16,[projectile_NAME],ini_section,Damage,1.13.3,mutatorX_ifUnitWithTags,mutatorX_ifUnitWithTags,mutatorX_ifUnitWithTags,tags,Applies mutators to this projectile if target has corresponding tags,mutator1_ifUnitWithTags: infantry,unmatched,,,,,0,official-only,,,,
492,1.16,[projectile_NAME],ini_section,Damage,1.13.3,mutatorX_ifUnitWithoutTags,mutatorX_ifUnitWithoutTags,mutatorX_ifUnitWithoutTags,tags,"Same as ifUnitWithTags, but applies if target doesn't have the set tags",mutator1_ifUnitWithoutTags: strongArmour,unmatched,,,,,0,official-only,,,,
493,1.16,[projectile_NAME],ini_section,Damage,1.13.3,mutatorX_directDamageMultiplier,mutatorX_directDamageMultiplier,mutatorX_directDamageMultiplier,float,Changes directDamage. Defaults to 1. Be careful not to confuse players using this as the effect may not be clear. Use amour instead when possible. Replace X with desired name,mutatorX_directDamageMultiplier: 5,unmatched,,,,,0,official-only,,,,
494,1.16,[projectile_NAME],ini_section,Damage,1.13.3,mutatorX_areaDamageMultiplier,mutatorX_areaDamageMultiplier,mutatorX_areaDamageMultiplier,float,Same as directDamageMultiplier but for areaDamage. Defaults to 1.,mutatorX_areaDamageMultiplier: 1.2,unmatched,,,,,0,official-only,,,,
495,1.16,[projectile_NAME],ini_section,Damage,1.13.3,mutatorX_changedExplodeEffect,mutatorX_changedExplodeEffect,mutatorX_changedExplodeEffect,effect,Change explode effect if this mutator is active. Eg make a bounce off amour effect. Helps to make the damage change more clear to players (Doesn't work with targetGround.),mutatorX_changedExplodeEffect: CUSTOM:specialBlast,unmatched,,,,,0,official-only,,,,
496,1.16,[projectile_NAME],ini_section,Damage,1.14,mutatorX_addResourcesDirectHit,mutatorX_addResourcesDirectHit,mutatorX_addResourcesDirectHit,resource,Add resource to all direct hit units. Warning: Be careful not be break units from other mods by adding random resources or energy to them that they don't expect.,mutatorX_addResourcesDirectHit: oil=1,unmatched,,,,,0,official-only,,,,
497,1.16,[projectile_NAME],ini_section,Damage,1.14,mutatorX_addResourcesAreaHit,mutatorX_addResourcesAreaHit,mutatorX_addResourcesAreaHit,resource,Add resource to all area hit units. Warning: Be careful not be break units from other mods by adding random resources or energy to them that they don't expect.,mutatorX_addResourcesAreaHit: rust=4,unmatched,,,,,0,official-only,,,,
499,1.16,[projectile_NAME],ini_section,Movement,,targetGround,targetGround,targetGround,bool,"Target ground, and don't home in on target. Note: only areaDamage is applied if targeting ground.",targetGround: true,matched,com/corrodinggames/rts/game/units/custom/bh,rustedwarfare/custom/CustomProjectileTemplate,projectile-or-decal-parser,targetGround,0,high,,a,(Lcom/corrodinggames/rts/game/units/custom/bh;Lcom/corrodinggames/rts/game/units/custom/l;Lcom/corrodinggames/rts/gameFramework/utility/ab;Ljava/lang/String;)V,parseFromConfig
500,1.16,[projectile_NAME],ini_section,Movement,1.14,targetGround_includeTargetHeight,targetGround_includeTargetHeight,targetGround_includeTargetHeight,bool,Default false. for area affect AA weapons,targetGround_includeTargetHeight: 40,matched,com/corrodinggames/rts/game/units/custom/bh,rustedwarfare/custom/CustomProjectileTemplate,projectile-or-decal-parser,targetGround_includeTargetHeight,0,high,,a,(Lcom/corrodinggames/rts/game/units/custom/bh;Lcom/corrodinggames/rts/game/units/custom/l;Lcom/corrodinggames/rts/gameFramework/utility/ab;Ljava/lang/String;)V,parseFromConfig
501,1.16,[projectile_NAME],ini_section,Movement,1.14,targetGroundHeightOffset,targetGroundHeightOffset,targetGroundHeightOffset,float,Default 0. for shooting over or under a target. Useful for projectiles that split and rain down.,targetGroundHeightOffset: 10,matched,com/corrodinggames/rts/game/units/custom/bh,rustedwarfare/custom/CustomProjectileTemplate,projectile-or-decal-parser,targetGroundHeightOffset,0,high,,a,(Lcom/corrodinggames/rts/game/units/custom/bh;Lcom/corrodinggames/rts/game/units/custom/l;Lcom/corrodinggames/rts/gameFramework/utility/ab;Ljava/lang/String;)V,parseFromConfig
502,1.16,[projectile_NAME],ini_section,Movement,,speed:,speed,speed,float,Projectile default travel speed,speed: 3,matched,com/corrodinggames/rts/game/units/custom/bh,rustedwarfare/custom/CustomProjectileTemplate,projectile-or-decal-parser,speed,3,high,,a,(Lcom/corrodinggames/rts/game/units/custom/bh;Lcom/corrodinggames/rts/game/units/custom/l;Lcom/corrodinggames/rts/gameFramework/utility/ab;Ljava/lang/String;)V,parseFromConfig
503,1.16,[projectile_NAME],ini_section,Movement,,targetSpeed:,targetSpeed,targetSpeed,float,Accelerate to this speed,targetSpeed: 5,matched,com/corrodinggames/rts/game/units/custom/bh,rustedwarfare/custom/CustomProjectileTemplate,projectile-or-decal-parser,targetSpeed,0,high,,a,(Lcom/corrodinggames/rts/game/units/custom/bh;Lcom/corrodinggames/rts/game/units/custom/l;Lcom/corrodinggames/rts/gameFramework/utility/ab;Ljava/lang/String;)V,parseFromConfig
504,1.16,[projectile_NAME],ini_section,Movement,1.13,targetSpeedAcceleration,targetSpeedAcceleration,targetSpeedAcceleration,float,Controls the speed rampup for targetSpeed,targetSpeedAcceleration: 0.3,matched,com/corrodinggames/rts/game/units/custom/bh,rustedwarfare/custom/CustomProjectileTemplate,projectile-or-decal-parser,targetSpeedAcceleration,0,high,,a,(Lcom/corrodinggames/rts/game/units/custom/bh;Lcom/corrodinggames/rts/game/units/custom/l;Lcom/corrodinggames/rts/gameFramework/utility/ab;Ljava/lang/String;)V,parseFromConfig
505,1.16,[projectile_NAME],ini_section,Movement,,ballistic:,ballistic,ballistic,bool,"Makes projectiles fly up into the air and come down, instead of going in a straight line",ballistic: true,matched,com/corrodinggames/rts/game/units/custom/bh,rustedwarfare/custom/CustomProjectileTemplate,projectile-or-decal-parser,ballistic,0,high,,a,(Lcom/corrodinggames/rts/game/units/custom/bh;Lcom/corrodinggames/rts/game/units/custom/l;Lcom/corrodinggames/rts/gameFramework/utility/ab;Ljava/lang/String;)V,parseFromConfig
506,1.16,[projectile_NAME],ini_section,Movement,,ballistic_delaymove_height:,ballistic_delaymove_height,ballistic_delaymove_height,float,Sets up to how high the projectile needs to be before moving normally,ballistic_delaymove_height: 20,matched,com/corrodinggames/rts/game/units/custom/bh,rustedwarfare/custom/CustomProjectileTemplate,projectile-or-decal-parser,ballistic_delaymove_height,0,high,,a,(Lcom/corrodinggames/rts/game/units/custom/bh;Lcom/corrodinggames/rts/game/units/custom/l;Lcom/corrodinggames/rts/gameFramework/utility/ab;Ljava/lang/String;)V,parseFromConfig
507,1.16,[projectile_NAME],ini_section,Movement,,ballistic_height:,ballistic_height,ballistic_height,float,Sets the target height of the projectile,ballistic_height: 10,matched,com/corrodinggames/rts/game/units/custom/bh,rustedwarfare/custom/CustomProjectileTemplate,projectile-or-decal-parser,ballistic_height,0,high,,a,(Lcom/corrodinggames/rts/game/units/custom/bh;Lcom/corrodinggames/rts/game/units/custom/l;Lcom/corrodinggames/rts/gameFramework/utility/ab;Ljava/lang/String;)V,parseFromConfig
508,1.16,[projectile_NAME],ini_section,Movement,,targetGroundSpread:,targetGroundSpread,targetGroundSpread,float,Randomly makes the shot inaccurate by this amount. Also used by weapons like the flamethrower,targetGroundSpread: 20,matched,com/corrodinggames/rts/game/units/custom/bh,rustedwarfare/custom/CustomProjectileTemplate,projectile-or-decal-parser,targetGroundSpread,0,high,,a,(Lcom/corrodinggames/rts/game/units/custom/bh;Lcom/corrodinggames/rts/game/units/custom/l;Lcom/corrodinggames/rts/gameFramework/utility/ab;Ljava/lang/String;)V,parseFromConfig
509,1.16,[projectile_NAME],ini_section,Movement,,speedSpread:,speedSpread,speedSpread,float,Randomly change the starting projectile speed by this amount,speedSpread: 3,matched,com/corrodinggames/rts/game/units/custom/bh,rustedwarfare/custom/CustomProjectileTemplate,projectile-or-decal-parser,speedSpread,0,high,,a,(Lcom/corrodinggames/rts/game/units/custom/bh;Lcom/corrodinggames/rts/game/units/custom/l;Lcom/corrodinggames/rts/gameFramework/utility/ab;Ljava/lang/String;)V,parseFromConfig
510,1.16,[projectile_NAME],ini_section,Movement,,instant,instant,instant,bool,Hit target instantly,instant: true,matched,com/corrodinggames/rts/game/units/custom/bh,rustedwarfare/custom/CustomProjectileTemplate,projectile-or-decal-parser,instant,0,high,,a,(Lcom/corrodinggames/rts/game/units/custom/bh;Lcom/corrodinggames/rts/game/units/custom/l;Lcom/corrodinggames/rts/gameFramework/utility/ab;Ljava/lang/String;)V,parseFromConfig
511,1.16,[projectile_NAME],ini_section,Movement,,instantReuseLast:,instantReuseLast,instantReuseLast,bool,"Recycles last projectile fired, only one projectile ever exists. Can turn lasers into beam weapons by using lower rate of fire and setting this to true",instantReuseLast: true,matched,com/corrodinggames/rts/game/units/custom/bh,rustedwarfare/custom/CustomProjectileTemplate,projectile-or-decal-parser,instantReuseLast,0,high,,a,(Lcom/corrodinggames/rts/game/units/custom/bh;Lcom/corrodinggames/rts/game/units/custom/l;Lcom/corrodinggames/rts/gameFramework/utility/ab;Ljava/lang/String;)V,parseFromConfig
512,1.16,[projectile_NAME],ini_section,Movement,1.14,instantReuseLast_alsoChangeTurretAim,instantReuseLast_alsoChangeTurretAim,instantReuseLast_alsoChangeTurretAim,bool,"Make turret's aim include last projectile's spread and sweep offsets, useful for beam weapons",instantReuseLast_alsoChangeTurretAim: true,matched,com/corrodinggames/rts/game/units/custom/bh,rustedwarfare/custom/CustomProjectileTemplate,projectile-or-decal-parser,instantReuseLast_alsoChangeTurretAim,0,high,,a,(Lcom/corrodinggames/rts/game/units/custom/bh;Lcom/corrodinggames/rts/game/units/custom/l;Lcom/corrodinggames/rts/gameFramework/utility/ab;Ljava/lang/String;)V,parseFromConfig
513,1.16,[projectile_NAME],ini_section,Movement,1.14,instantReuseLast_keepAreaDamageList,instantReuseLast_keepAreaDamageList,instantReuseLast_keepAreaDamageList,bool,Default false. Keeping the list was the normal behaviour in 1.13 making area damage not apply a second time but this is not useful. Use this only if you want the old behaviour.,instantReuseLast_keepAreaDamageList: true,matched,com/corrodinggames/rts/game/units/custom/bh,rustedwarfare/custom/CustomProjectileTemplate,projectile-or-decal-parser,instantReuseLast_keepAreaDamageList,0,high,,a,(Lcom/corrodinggames/rts/game/units/custom/bh;Lcom/corrodinggames/rts/game/units/custom/l;Lcom/corrodinggames/rts/gameFramework/utility/ab;Ljava/lang/String;)V,parseFromConfig
514,1.16,[projectile_NAME],ini_section,Movement,1.14,interceptProjectile_removeTargetLifeOnly,interceptProjectile_removeTargetLifeOnly,interceptProjectile_removeTargetLifeOnly,bool,Defaults to false. When false projectiles are just removed. Could be true to make hit projectiles explode or split when hit,interceptProjectile_removeTargetLifeOnly: true,matched,com/corrodinggames/rts/game/units/custom/bh,rustedwarfare/custom/CustomProjectileTemplate,projectile-or-decal-parser,interceptProjectile_removeTargetLifeOnly,0,high,,a,(Lcom/corrodinggames/rts/game/units/custom/bh;Lcom/corrodinggames/rts/game/units/custom/l;Lcom/corrodinggames/rts/gameFramework/utility/ab;Ljava/lang/String;)V,parseFromConfig
515,1.16,[projectile_NAME],ini_section,Movement,1.13,disableLeadTargeting,disableLeadTargeting,disableLeadTargeting,bool,Disable the lead targeting calculations when aiming at a moving target. Defaults false.,disableLeadTargeting: true,matched,com/corrodinggames/rts/game/units/custom/bh,rustedwarfare/custom/CustomProjectileTemplate,projectile-or-decal-parser,disableLeadTargeting,0,high,,a,(Lcom/corrodinggames/rts/game/units/custom/bh;Lcom/corrodinggames/rts/game/units/custom/l;Lcom/corrodinggames/rts/gameFramework/utility/ab;Ljava/lang/String;)V,parseFromConfig
516,1.16,[projectile_NAME],ini_section,Movement,1.13,leadTargetingSpeedCalculation,leadTargetingSpeedCalculation,leadTargetingSpeedCalculation,float,The expected speed of this projectile for targetGround lead target calculation. Defaults to 'targetSpeed' if set otherwise 'speed'.,leadTargetingSpeedCalculation: 2,matched,com/corrodinggames/rts/game/units/custom/bh,rustedwarfare/custom/CustomProjectileTemplate,projectile-or-decal-parser,leadTargetingSpeedCalculation,0,high,,a,(Lcom/corrodinggames/rts/game/units/custom/bh;Lcom/corrodinggames/rts/game/units/custom/l;Lcom/corrodinggames/rts/gameFramework/utility/ab;Ljava/lang/String;)V,parseFromConfig
517,1.16,[projectile_NAME],ini_section,Movement,1.13.3,initialUnguidedSpeedHeight,initialUnguidedSpeedHeight,initialUnguidedSpeedHeight,,Sets vertical speed for projectiles with targetGround. Use gravity to make smooth arching projectiles. Better have gravity value slightly slower than this key to produce the arches.,initialUnguidedSpeedHeight: 30,matched,com/corrodinggames/rts/game/units/custom/bh,rustedwarfare/custom/CustomProjectileTemplate,projectile-or-decal-parser,initialUnguidedSpeedHeight,0,high,,a,(Lcom/corrodinggames/rts/game/units/custom/bh;Lcom/corrodinggames/rts/game/units/custom/l;Lcom/corrodinggames/rts/gameFramework/utility/ab;Ljava/lang/String;)V,parseFromConfig
518,1.16,[projectile_NAME],ini_section,Movement,1.13.3,gravity:,gravity,gravity,,Controls the pull for projectiles that target ground. Use together with initialUnguidedSpeedHeight,gravity: 29,matched,com/corrodinggames/rts/game/units/custom/bh,rustedwarfare/custom/CustomProjectileTemplate,projectile-or-decal-parser,gravity,0,high,,a,(Lcom/corrodinggames/rts/game/units/custom/bh;Lcom/corrodinggames/rts/game/units/custom/l;Lcom/corrodinggames/rts/gameFramework/utility/ab;Ljava/lang/String;)V,parseFromConfig
519,1.16,[projectile_NAME],ini_section,Movement,1.14,turnSpeed,turnSpeed,turnSpeed,float,"Limits the turn speed of a projectile, making them inaccurate even with directDamage. Zero value will make it act like if targetGround is set true, but air target friendly option.",turnSpeed: 0,matched,com/corrodinggames/rts/game/units/custom/bh,rustedwarfare/custom/CustomProjectileTemplate,projectile-or-decal-parser,turnSpeed,1,high,,a,(Lcom/corrodinggames/rts/game/units/custom/bh;Lcom/corrodinggames/rts/game/units/custom/l;Lcom/corrodinggames/rts/gameFramework/utility/ab;Ljava/lang/String;)V,parseFromConfig
520,1.16,[projectile_NAME],ini_section,Movement,1.14,wobbleAmplitude,wobbleAmplitude,wobbleAmplitude,float,How wide the projectile will wobble,wobbleAmplitude: 10,matched,com/corrodinggames/rts/game/units/custom/bh,rustedwarfare/custom/CustomProjectileTemplate,projectile-or-decal-parser,wobbleAmplitude,0,high,,a,(Lcom/corrodinggames/rts/game/units/custom/bh;Lcom/corrodinggames/rts/game/units/custom/l;Lcom/corrodinggames/rts/gameFramework/utility/ab;Ljava/lang/String;)V,parseFromConfig
521,1.16,[projectile_NAME],ini_section,Movement,1.14,wobbleFrequency,wobbleFrequency,wobbleFrequency,float,How often the projectile will wobble,wobbleFrequency: 4,matched,com/corrodinggames/rts/game/units/custom/bh,rustedwarfare/custom/CustomProjectileTemplate,projectile-or-decal-parser,wobbleFrequency,0,high,,a,(Lcom/corrodinggames/rts/game/units/custom/bh;Lcom/corrodinggames/rts/game/units/custom/l;Lcom/corrodinggames/rts/gameFramework/utility/ab;Ljava/lang/String;)V,parseFromConfig
522,1.16,[projectile_NAME],ini_section,Movement,1.14,pushForce,pushForce,pushForce,float,Push (or pull with a negative value) the units that get hit. Divided by target mass,pushForce: 2,matched,com/corrodinggames/rts/game/units/custom/bh,rustedwarfare/custom/CustomProjectileTemplate,projectile-or-decal-parser,pushForce,0,high,,a,(Lcom/corrodinggames/rts/game/units/custom/bh;Lcom/corrodinggames/rts/game/units/custom/l;Lcom/corrodinggames/rts/gameFramework/utility/ab;Ljava/lang/String;)V,parseFromConfig
523,1.16,[projectile_NAME],ini_section,Movement,1.14,pushVelocity,pushVelocity,pushVelocity,float,Push (or pull with a negative value) the units that get hit. Ignores target mass,pushVelocity: 5,matched,com/corrodinggames/rts/game/units/custom/bh,rustedwarfare/custom/CustomProjectileTemplate,projectile-or-decal-parser,pushVelocity,0,high,,a,(Lcom/corrodinggames/rts/game/units/custom/bh;Lcom/corrodinggames/rts/game/units/custom/l;Lcom/corrodinggames/rts/gameFramework/utility/ab;Ljava/lang/String;)V,parseFromConfig
524,1.16,[projectile_NAME],ini_section,Movement,1.14,moveWithParent,moveWithParent,moveWithParent,bool,Move projectile as parent moves. Useful for beam effects that need to stick to source turret.,moveWithParent: true,matched,com/corrodinggames/rts/game/units/custom/bh,rustedwarfare/custom/CustomProjectileTemplate,projectile-or-decal-parser,moveWithParent,0,high,,a,(Lcom/corrodinggames/rts/game/units/custom/bh;Lcom/corrodinggames/rts/game/units/custom/l;Lcom/corrodinggames/rts/gameFramework/utility/ab;Ljava/lang/String;)V,parseFromConfig
525,1.16,[projectile_NAME],ini_section,Movement,1.14,sweepOffset,sweepOffset,sweepOffset,float,Useful for beam effects.,sweepOffset: 0.5,matched,com/corrodinggames/rts/game/units/custom/bh,rustedwarfare/custom/CustomProjectileTemplate,projectile-or-decal-parser,sweepOffset,0,high,,a,(Lcom/corrodinggames/rts/game/units/custom/bh;Lcom/corrodinggames/rts/game/units/custom/l;Lcom/corrodinggames/rts/gameFramework/utility/ab;Ljava/lang/String;)V,parseFromConfig
526,1.16,[projectile_NAME],ini_section,Movement,1.14,sweepOffsetFromTargetRadius,sweepOffsetFromTargetRadius,sweepOffsetFromTargetRadius,float,Add to sweep offset by factor of target's radius. 0.4 would be 40%,sweepOffsetFromTargetRadius: 0.4,matched,com/corrodinggames/rts/game/units/custom/bh,rustedwarfare/custom/CustomProjectileTemplate,projectile-or-decal-parser,sweepOffsetFromTargetRadius,0,high,,a,(Lcom/corrodinggames/rts/game/units/custom/bh;Lcom/corrodinggames/rts/game/units/custom/l;Lcom/corrodinggames/rts/gameFramework/utility/ab;Ljava/lang/String;)V,parseFromConfig
527,1.16,[projectile_NAME],ini_section,Movement,1.14,sweepSpeed,sweepSpeed,sweepSpeed,float,Useful for beam effects.,sweepSpeed: 1.5,matched,com/corrodinggames/rts/game/units/custom/bh,rustedwarfare/custom/CustomProjectileTemplate,projectile-or-decal-parser,sweepSpeed,0,high,,a,(Lcom/corrodinggames/rts/game/units/custom/bh;Lcom/corrodinggames/rts/game/units/custom/l;Lcom/corrodinggames/rts/gameFramework/utility/ab;Ljava/lang/String;)V,parseFromConfig
528,1.16,[projectile_NAME],ini_section,Movement,1.14,retargetingInFlight,retargetingInFlight,retargetingInFlight,bool,"Can retarget a new target mid-flight, perfect for flak-style weapons and projectiles that collide",retargetingInFlight: true,matched,com/corrodinggames/rts/game/units/custom/bh,rustedwarfare/custom/CustomProjectileTemplate,projectile-or-decal-parser,retargetingInFlight,0,high,,a,(Lcom/corrodinggames/rts/game/units/custom/bh;Lcom/corrodinggames/rts/game/units/custom/l;Lcom/corrodinggames/rts/gameFramework/utility/ab;Ljava/lang/String;)V,parseFromConfig
529,1.16,[projectile_NAME],ini_section,Movement,1.14,retargetingInFlightSearchDelay,retargetingInFlightSearchDelay,retargetingInFlightSearchDelay,float/time,How long between searching for new targets. Default 5,retargetingInFlightSearchDelay: 1s,matched,com/corrodinggames/rts/game/units/custom/bh,rustedwarfare/custom/CustomProjectileTemplate,projectile-or-decal-parser,retargetingInFlightSearchDelay,0,high,,a,(Lcom/corrodinggames/rts/game/units/custom/bh;Lcom/corrodinggames/rts/game/units/custom/l;Lcom/corrodinggames/rts/gameFramework/utility/ab;Ljava/lang/String;)V,parseFromConfig
530,1.16,[projectile_NAME],ini_section,Movement,1.14,retargetingInFlightSearchRange,retargetingInFlightSearchRange,retargetingInFlightSearchRange,int,Range which targets are reselected. Default 120,retargetingInFlightSearchRange: 300,matched,com/corrodinggames/rts/game/units/custom/bh,rustedwarfare/custom/CustomProjectileTemplate,projectile-or-decal-parser,retargetingInFlightSearchRange,0,high,,a,(Lcom/corrodinggames/rts/game/units/custom/bh;Lcom/corrodinggames/rts/game/units/custom/l;Lcom/corrodinggames/rts/gameFramework/utility/ab;Ljava/lang/String;)V,parseFromConfig
531,1.16,[projectile_NAME],ini_section,Movement,1.14,retargetingInFlightSearchLead,retargetingInFlightSearchLead,retargetingInFlightSearchLead,float,The lead of the projectile to try to hit the target. Default 15,retargetingInFlightSearchLead: 30,matched,com/corrodinggames/rts/game/units/custom/bh,rustedwarfare/custom/CustomProjectileTemplate,projectile-or-decal-parser,retargetingInFlightSearchLead,0,high,,a,(Lcom/corrodinggames/rts/game/units/custom/bh;Lcom/corrodinggames/rts/game/units/custom/l;Lcom/corrodinggames/rts/gameFramework/utility/ab;Ljava/lang/String;)V,parseFromConfig
532,1.16,[projectile_NAME],ini_section,Movement,1.14,retargetingInFlightSearchOnlyTags,retargetingInFlightSearchOnlyTags,retargetingInFlightSearchOnlyTags,tag ref,Only retarget units with these tags,retargetingInFlightSearchOnlyTags: lightArmor,matched,com/corrodinggames/rts/game/units/custom/bh,rustedwarfare/custom/CustomProjectileTemplate,projectile-or-decal-parser,retargetingInFlightSearchOnlyTags,0,high,,a,(Lcom/corrodinggames/rts/game/units/custom/bh;Lcom/corrodinggames/rts/game/units/custom/l;Lcom/corrodinggames/rts/gameFramework/utility/ab;Ljava/lang/String;)V,parseFromConfig
534,1.16,[projectile_NAME],ini_section,Graphics and effects,,color,color,color,color,Recolors this projectile using a hex value.,color: #bebe50,matched,com/corrodinggames/rts/game/units/custom/bh,rustedwarfare/custom/CustomProjectileTemplate,projectile-or-decal-parser,color,2,high,,a,(Lcom/corrodinggames/rts/game/units/custom/bh;Lcom/corrodinggames/rts/game/units/custom/l;Lcom/corrodinggames/rts/gameFramework/utility/ab;Ljava/lang/String;)V,parseFromConfig
535,1.16,[projectile_NAME],ini_section,Graphics and effects,1.13.3,invisible,invisible,invisible,bool,"When true, the projectile is not rendered but still functional.",invisible: true,matched,com/corrodinggames/rts/game/units/custom/bh,rustedwarfare/custom/CustomProjectileTemplate,projectile-or-decal-parser,invisible,1,high,,a,(Lcom/corrodinggames/rts/game/units/custom/bh;Lcom/corrodinggames/rts/game/units/custom/l;Lcom/corrodinggames/rts/gameFramework/utility/ab;Ljava/lang/String;)V,parseFromConfig
536,1.16,[projectile_NAME],ini_section,Graphics and effects,,image:,image,image,file (image),Use custom image. Overrides drawType and frame,image: bullet,matched,com/corrodinggames/rts/game/units/custom/bh,rustedwarfare/custom/CustomProjectileTemplate,projectile-or-decal-parser,image,4,high,,a,(Lcom/corrodinggames/rts/game/units/custom/bh;Lcom/corrodinggames/rts/game/units/custom/l;Lcom/corrodinggames/rts/gameFramework/utility/ab;Ljava/lang/String;)V,parseFromConfig
537,1.16,[projectile_NAME],ini_section,Graphics and effects,,drawType,drawType,drawType,int,Built-in image to use. 0:projectiles.png 1:projectiles_large.png 2:projectiles2.png. Refer to end of sheet for the projectile images.,drawType:1,matched,com/corrodinggames/rts/game/units/custom/bh,rustedwarfare/custom/CustomProjectileTemplate,projectile-or-decal-parser,drawType,1,high,,a,(Lcom/corrodinggames/rts/game/units/custom/bh;Lcom/corrodinggames/rts/game/units/custom/l;Lcom/corrodinggames/rts/gameFramework/utility/ab;Ljava/lang/String;)V,parseFromConfig
538,1.16,[projectile_NAME],ini_section,Graphics and effects,,drawSize:,drawSize,drawSize,float,Scale image. Defaults to 1,drawSize: 1.5,matched,com/corrodinggames/rts/game/units/custom/bh,rustedwarfare/custom/CustomProjectileTemplate,projectile-or-decal-parser,drawSize,0,high,,a,(Lcom/corrodinggames/rts/game/units/custom/bh;Lcom/corrodinggames/rts/game/units/custom/l;Lcom/corrodinggames/rts/gameFramework/utility/ab;Ljava/lang/String;)V,parseFromConfig
539,1.16,[projectile_NAME],ini_section,Graphics and effects,,frame,frame,frame,int,"Built-in image frame to use, starts at zero.",frame: 0,matched,com/corrodinggames/rts/game/units/custom/bh,rustedwarfare/custom/CustomProjectileTemplate,projectile-or-decal-parser,frame,3,high,,a,(Lcom/corrodinggames/rts/game/units/custom/bh;Lcom/corrodinggames/rts/game/units/custom/l;Lcom/corrodinggames/rts/gameFramework/utility/ab;Ljava/lang/String;)V,parseFromConfig
540,1.16,[projectile_NAME],ini_section,Graphics and effects,,hitSound:,hitSound,hitSound,bool,Default true,hitSound: true,matched,com/corrodinggames/rts/game/units/custom/bh,rustedwarfare/custom/CustomProjectileTemplate,projectile-or-decal-parser,hitSound,0,high,,a,(Lcom/corrodinggames/rts/game/units/custom/bh;Lcom/corrodinggames/rts/game/units/custom/l;Lcom/corrodinggames/rts/gameFramework/utility/ab;Ljava/lang/String;)V,parseFromConfig
541,1.16,[projectile_NAME],ini_section,Graphics and effects,1.13,explodeEffect,explodeEffect,explodeEffect,effect ref list,Produces the specified effects upon explosion.,"explodeEffect: smallExplosion, CUSTOM:myExplodeEffect",matched,com/corrodinggames/rts/game/units/custom/bh,rustedwarfare/custom/CustomProjectileTemplate,projectile-or-decal-parser,explodeEffect,0,high,,a,(Lcom/corrodinggames/rts/game/units/custom/bh;Lcom/corrodinggames/rts/game/units/custom/l;Lcom/corrodinggames/rts/gameFramework/utility/ab;Ljava/lang/String;)V,parseFromConfig
542,1.16,[projectile_NAME],ini_section,Graphics and effects,1.13,explodeEffectOnShield,explodeEffectOnShield,explodeEffectOnShield,effect ref list,Use this effect if shield is active on target,explodeEffectOnShield: CUSTOM:EMPwave,matched,com/corrodinggames/rts/game/units/custom/bh,rustedwarfare/custom/CustomProjectileTemplate,projectile-or-decal-parser,explodeEffectOnShield,0,high,,a,(Lcom/corrodinggames/rts/game/units/custom/bh;Lcom/corrodinggames/rts/game/units/custom/l;Lcom/corrodinggames/rts/gameFramework/utility/ab;Ljava/lang/String;)V,parseFromConfig
543,1.16,[projectile_NAME],ini_section,Graphics and effects,1.13,teamColorRatio,teamColorRatio,teamColorRatio,float,Mix 0-1 of team colour into color field,teamColorRatio: 1,matched,com/corrodinggames/rts/game/units/custom/bh,rustedwarfare/custom/CustomProjectileTemplate,projectile-or-decal-parser,teamColorRatio,1,high,,a,(Lcom/corrodinggames/rts/game/units/custom/bh;Lcom/corrodinggames/rts/game/units/custom/l;Lcom/corrodinggames/rts/gameFramework/utility/ab;Ljava/lang/String;)V,parseFromConfig
544,1.16,[projectile_NAME],ini_section,Graphics and effects,1.14,teamColorRatio_sourceRatio,teamColorRatio_sourceRatio,teamColorRatio_sourceRatio,float,default is (1-teamColorRatio). Keep more of color when mixing. Note this might saturate colors.,teamColorRatio_sourceRatio: 1,matched,com/corrodinggames/rts/game/units/custom/bh,rustedwarfare/custom/CustomProjectileTemplate,projectile-or-decal-parser,teamColorRatio_sourceRatio,0,high,,a,(Lcom/corrodinggames/rts/game/units/custom/bh;Lcom/corrodinggames/rts/game/units/custom/l;Lcom/corrodinggames/rts/gameFramework/utility/ab;Ljava/lang/String;)V,parseFromConfig
545,1.16,[projectile_NAME],ini_section,Graphics and effects,1.13,drawUnderUnits,drawUnderUnits,drawUnderUnits,bool,"If true, renders the projectile under units. Great for torpedos.",drawUnderUnits: true,matched,com/corrodinggames/rts/game/units/custom/bh,rustedwarfare/custom/CustomProjectileTemplate,projectile-or-decal-parser,drawUnderUnits,1,high,,a,(Lcom/corrodinggames/rts/game/units/custom/bh;Lcom/corrodinggames/rts/game/units/custom/l;Lcom/corrodinggames/rts/gameFramework/utility/ab;Ljava/lang/String;)V,parseFromConfig
546,1.16,[projectile_NAME],ini_section,Graphics and effects,1.13,effectOnCreate,effectOnCreate,effectOnCreate,effect ref list,Produces specified effects upon creation of the projectile.,effectOnCreate: CUSTOM:puff,matched,com/corrodinggames/rts/game/units/custom/bh,rustedwarfare/custom/CustomProjectileTemplate,projectile-or-decal-parser,effectOnCreate,0,high,,a,(Lcom/corrodinggames/rts/game/units/custom/bh;Lcom/corrodinggames/rts/game/units/custom/l;Lcom/corrodinggames/rts/gameFramework/utility/ab;Ljava/lang/String;)V,parseFromConfig
547,1.16,[projectile_NAME],ini_section,Graphics and effects,1.13,shouldRevealFog,shouldRevealFog,shouldRevealFog,bool,Reveal fog to player on explode,shouldRevealFog: true,matched,com/corrodinggames/rts/game/units/custom/bh,rustedwarfare/custom/CustomProjectileTemplate,projectile-or-decal-parser,shouldRevealFog,0,high,,a,(Lcom/corrodinggames/rts/game/units/custom/bh;Lcom/corrodinggames/rts/game/units/custom/l;Lcom/corrodinggames/rts/gameFramework/utility/ab;Ljava/lang/String;)V,parseFromConfig
548,1.16,[projectile_NAME],ini_section,Graphics and effects,1.13,alwaysVisibleInFog,alwaysVisibleInFog,alwaysVisibleInFog,bool,Renders the projectile even when fog is present,alwaysVisibleInFog: false,matched,com/corrodinggames/rts/game/units/custom/bh,rustedwarfare/custom/CustomProjectileTemplate,projectile-or-decal-parser,alwaysVisibleInFog,0,high,,a,(Lcom/corrodinggames/rts/game/units/custom/bh;Lcom/corrodinggames/rts/game/units/custom/l;Lcom/corrodinggames/rts/gameFramework/utility/ab;Ljava/lang/String;)V,parseFromConfig
549,1.16,[projectile_NAME],ini_section,Graphics and effects,1.13,nukeWeapon,nukeWeapon,nukeWeapon,bool,"Shows on mini-map when fired. Some other side effects as well, like nuke explosion effect",nukeWeapon: true,matched,com/corrodinggames/rts/game/units/custom/bh,rustedwarfare/custom/CustomProjectileTemplate,projectile-or-decal-parser,nukeWeapon,0,high,,a,(Lcom/corrodinggames/rts/game/units/custom/bh;Lcom/corrodinggames/rts/game/units/custom/l;Lcom/corrodinggames/rts/gameFramework/utility/ab;Ljava/lang/String;)V,parseFromConfig
550,1.16,[projectile_NAME],ini_section,Graphics and effects,,trailEffect,trailEffect,trailEffect,bool/effect,"true for built-in defaults, but can also point to any custom effects","trailEffect: true, trailEffect: CUSTOM:rocketThrust",matched,com/corrodinggames/rts/game/units/custom/bh,rustedwarfare/custom/CustomProjectileTemplate,projectile-or-decal-parser,trailEffect,2,high,,a,(Lcom/corrodinggames/rts/game/units/custom/bh;Lcom/corrodinggames/rts/game/units/custom/l;Lcom/corrodinggames/rts/gameFramework/utility/ab;Ljava/lang/String;)V,parseFromConfig
551,1.16,[projectile_NAME],ini_section,Graphics and effects,1.13,trailEffectRate,trailEffectRate,trailEffectRate,float,Defaults to 3,trailEffectRate: 4,matched,com/corrodinggames/rts/game/units/custom/bh,rustedwarfare/custom/CustomProjectileTemplate,projectile-or-decal-parser,trailEffectRate,1,high,,a,(Lcom/corrodinggames/rts/game/units/custom/bh;Lcom/corrodinggames/rts/game/units/custom/l;Lcom/corrodinggames/rts/gameFramework/utility/ab;Ljava/lang/String;)V,parseFromConfig
552,1.16,[projectile_NAME],ini_section,Graphics and effects,,lightCastOnGround,lightCastOnGround,lightCastOnGround,bool,Renders light under the projectile,lightCastOnGround: true,matched,com/corrodinggames/rts/game/units/custom/bh,rustedwarfare/custom/CustomProjectileTemplate,projectile-or-decal-parser,lightCastOnGround,0,high,,a,(Lcom/corrodinggames/rts/game/units/custom/bh;Lcom/corrodinggames/rts/game/units/custom/l;Lcom/corrodinggames/rts/gameFramework/utility/ab;Ljava/lang/String;)V,parseFromConfig
553,1.16,[projectile_NAME],ini_section,Graphics and effects,,lightSize:,lightSize,lightSize,float,Sets the size of the light emitted by the projectile. 1 value = 1 tile,lightSize: 1.5,matched,com/corrodinggames/rts/game/units/custom/bh,rustedwarfare/custom/CustomProjectileTemplate,projectile-or-decal-parser,lightSize,0,high,,a,(Lcom/corrodinggames/rts/game/units/custom/bh;Lcom/corrodinggames/rts/game/units/custom/l;Lcom/corrodinggames/rts/gameFramework/utility/ab;Ljava/lang/String;)V,parseFromConfig
554,1.16,[projectile_NAME],ini_section,Graphics and effects,,lightColor,lightColor,lightColor,color,Sets the color of the light emitted by the projectile.,lightColor: #ffe92b,matched,com/corrodinggames/rts/game/units/custom/bh,rustedwarfare/custom/CustomProjectileTemplate,projectile-or-decal-parser,lightColor,0,high,,a,(Lcom/corrodinggames/rts/game/units/custom/bh;Lcom/corrodinggames/rts/game/units/custom/l;Lcom/corrodinggames/rts/gameFramework/utility/ab;Ljava/lang/String;)V,parseFromConfig
555,1.16,[projectile_NAME],ini_section,Graphics and effects,,largeHitEffect:,largeHitEffect,largeHitEffect,bool,Creates a large explosion and accompanying sound on hit (only cosmetic),largeHitEffect: true,matched,com/corrodinggames/rts/game/units/custom/bh,rustedwarfare/custom/CustomProjectileTemplate,projectile-or-decal-parser,largeHitEffect,0,high,,a,(Lcom/corrodinggames/rts/game/units/custom/bh;Lcom/corrodinggames/rts/game/units/custom/l;Lcom/corrodinggames/rts/gameFramework/utility/ab;Ljava/lang/String;)V,parseFromConfig
556,1.16,[projectile_NAME],ini_section,Graphics and effects,,lightingEffect:,lightingEffect,lightingEffect,bool,Draw as lighting works best with instant:true,lightingEffect: true,matched,com/corrodinggames/rts/game/units/custom/bh,rustedwarfare/custom/CustomProjectileTemplate,projectile-or-decal-parser,lightingEffect,0,high,,a,(Lcom/corrodinggames/rts/game/units/custom/bh;Lcom/corrodinggames/rts/game/units/custom/l;Lcom/corrodinggames/rts/gameFramework/utility/ab;Ljava/lang/String;)V,parseFromConfig
557,1.16,[projectile_NAME],ini_section,Graphics and effects,,laserEffect:,laserEffect,laserEffect,bool,Draw as laser works best with instant:true,laserEffect: true,matched,com/corrodinggames/rts/game/units/custom/bh,rustedwarfare/custom/CustomProjectileTemplate,projectile-or-decal-parser,laserEffect,0,high,,a,(Lcom/corrodinggames/rts/game/units/custom/bh;Lcom/corrodinggames/rts/game/units/custom/l;Lcom/corrodinggames/rts/gameFramework/utility/ab;Ljava/lang/String;)V,parseFromConfig
558,1.16,[projectile_NAME],ini_section,Graphics and effects,1.14,beamImage,beamImage,beamImage,file (image),"Image to use for beam and laser effect type projectiles. Image is repeated vertically depending on the distance to target. Beam image should be 20 pixels or longer. Width does not matter, only the height.",beamImage: beam.png,matched,com/corrodinggames/rts/game/units/custom/bh,rustedwarfare/custom/CustomProjectileTemplate,projectile-or-decal-parser,beamImage,0,high,,a,(Lcom/corrodinggames/rts/game/units/custom/bh;Lcom/corrodinggames/rts/game/units/custom/l;Lcom/corrodinggames/rts/gameFramework/utility/ab;Ljava/lang/String;)V,parseFromConfig
559,1.16,[projectile_NAME],ini_section,Graphics and effects,1.14,beamImageOffsetRate,beamImageOffsetRate,beamImageOffsetRate,float,Sets how fast the beam image moves towards or away from the target,beamImageOffsetRate: 1,matched,com/corrodinggames/rts/game/units/custom/bh,rustedwarfare/custom/CustomProjectileTemplate,projectile-or-decal-parser,beamImageOffsetRate,0,high,,a,(Lcom/corrodinggames/rts/game/units/custom/bh;Lcom/corrodinggames/rts/game/units/custom/l;Lcom/corrodinggames/rts/gameFramework/utility/ab;Ljava/lang/String;)V,parseFromConfig
560,1.16,[projectile_NAME],ini_section,Graphics and effects,1.14,beamImageStart,beamImageStart,beamImageStart,file (image),Sprite for the origin point of the custom beam,beamImageStart: beamStart.png,matched,com/corrodinggames/rts/game/units/custom/bh,rustedwarfare/custom/CustomProjectileTemplate,projectile-or-decal-parser,beamImageStart,0,high,,a,(Lcom/corrodinggames/rts/game/units/custom/bh;Lcom/corrodinggames/rts/game/units/custom/l;Lcom/corrodinggames/rts/gameFramework/utility/ab;Ljava/lang/String;)V,parseFromConfig
561,1.16,[projectile_NAME],ini_section,Graphics and effects,1.14,beamImageStartRotated,beamImageStartRotated,beamImageStartRotated,bool,Defaults false. True to rotate with turret angle,beamImageStartRotated: true,matched,com/corrodinggames/rts/game/units/custom/bh,rustedwarfare/custom/CustomProjectileTemplate,projectile-or-decal-parser,beamImageStartRotated,0,high,,a,(Lcom/corrodinggames/rts/game/units/custom/bh;Lcom/corrodinggames/rts/game/units/custom/l;Lcom/corrodinggames/rts/gameFramework/utility/ab;Ljava/lang/String;)V,parseFromConfig
562,1.16,[projectile_NAME],ini_section,Graphics and effects,1.14,beamImageEnd,beamImageEnd,beamImageEnd,file (image),Sprite for the end point of the custom beam,beamImageEnd: beamEnd.png,matched,com/corrodinggames/rts/game/units/custom/bh,rustedwarfare/custom/CustomProjectileTemplate,projectile-or-decal-parser,beamImageEnd,0,high,,a,(Lcom/corrodinggames/rts/game/units/custom/bh;Lcom/corrodinggames/rts/game/units/custom/l;Lcom/corrodinggames/rts/gameFramework/utility/ab;Ljava/lang/String;)V,parseFromConfig
563,1.16,[projectile_NAME],ini_section,Graphics and effects,1.14,beamImageEndRotated,beamImageEndRotated,beamImageEndRotated,bool,Defaults false,beamImageEndRotated: true,matched,com/corrodinggames/rts/game/units/custom/bh,rustedwarfare/custom/CustomProjectileTemplate,projectile-or-decal-parser,beamImageEndRotated,0,high,,a,(Lcom/corrodinggames/rts/game/units/custom/bh;Lcom/corrodinggames/rts/game/units/custom/l;Lcom/corrodinggames/rts/gameFramework/utility/ab;Ljava/lang/String;)V,parseFromConfig
566,1.16,[movement],ini_section,,,movementType:,movementType,movementType,string,"Defines what kind of terrain the unit will be able to move, along with other properties. Can use only one: NONE, LAND, AIR, WATER, HOVER, BUILDING, OVER_CLIFF, OVER_CLIFF_WATER",movementType: LAND,matched,com/corrodinggames/rts/game/units/custom/ag,rustedwarfare/custom/CustomUnitLoader,custom-unit-loader,movementType,1,high,,a,(Ljava/lang/String;Ljava/io/InputStream;JLcom/corrodinggames/rts/gameFramework/i/b;Lcom/corrodinggames/rts/gameFramework/utility/j;Ljava/lang/String;Ljava/lang/String;)Lcom/corrodinggames/rts/game/units/custom/l;,parseCustomUnitMetadata
567,1.16,[movement],ini_section,,,slowDeathFall:,slowDeathFall,slowDeathFall,bool,Used with large aircraft. Makes the unit fall slowly while maintaining its speed at the time of death.,slowDeathFall: true,matched,com/corrodinggames/rts/game/units/custom/ag,rustedwarfare/custom/CustomUnitLoader,custom-unit-loader,slowDeathFall,0,high,,a,(Ljava/lang/String;Ljava/io/InputStream;JLcom/corrodinggames/rts/gameFramework/i/b;Lcom/corrodinggames/rts/gameFramework/utility/j;Ljava/lang/String;Ljava/lang/String;)Lcom/corrodinggames/rts/game/units/custom/l;,parseCustomUnitMetadata
568,1.16,[movement],ini_section,,,moveSpeed:,moveSpeed,moveSpeed,float,Maximum movement speed of the unit. A value of 1 means (1 pixel * 60) per second (or 3 tiles per second),moveSpeed: 1.2,matched,com/corrodinggames/rts/game/units/custom/ag,rustedwarfare/custom/CustomUnitLoader,custom-unit-loader,moveSpeed,1,high,,a,(Ljava/lang/String;Ljava/io/InputStream;JLcom/corrodinggames/rts/gameFramework/i/b;Lcom/corrodinggames/rts/gameFramework/utility/j;Ljava/lang/String;Ljava/lang/String;)Lcom/corrodinggames/rts/game/units/custom/l;,parseCustomUnitMetadata
569,1.16,[movement],ini_section,,,moveAccelerationSpeed:,moveAccelerationSpeed,moveAccelerationSpeed,float,Defines how fast units accelerate to max speed.,moveAccelerationSpeed: 0.07,matched,com/corrodinggames/rts/game/units/custom/ag,rustedwarfare/custom/CustomUnitLoader,custom-unit-loader,moveAccelerationSpeed,0,high,,a,(Ljava/lang/String;Ljava/io/InputStream;JLcom/corrodinggames/rts/gameFramework/i/b;Lcom/corrodinggames/rts/gameFramework/utility/j;Ljava/lang/String;Ljava/lang/String;)Lcom/corrodinggames/rts/game/units/custom/l;,parseCustomUnitMetadata
570,1.16,[movement],ini_section,,,moveDecelerationSpeed:,moveDecelerationSpeed,moveDecelerationSpeed,float,Don't make this too low or units will have trouble stopping at waypoints,moveDecelerationSpeed: 0.17,matched,com/corrodinggames/rts/game/units/custom/ag,rustedwarfare/custom/CustomUnitLoader,custom-unit-loader,moveDecelerationSpeed,0,high,,a,(Ljava/lang/String;Ljava/io/InputStream;JLcom/corrodinggames/rts/gameFramework/i/b;Lcom/corrodinggames/rts/gameFramework/utility/j;Ljava/lang/String;Ljava/lang/String;)Lcom/corrodinggames/rts/game/units/custom/l;,parseCustomUnitMetadata
571,1.16,[movement],ini_section,,,reverseSpeedPercentage:,reverseSpeedPercentage,reverseSpeedPercentage,float,0.6 default. Over 0.4 will reverse for short distances (at 40% speed). If set to 1 will drive in reverse same as forwards. Useful if slow turning,reverseSpeedPercentage: 0,matched,com/corrodinggames/rts/game/units/custom/ag,rustedwarfare/custom/CustomUnitLoader,custom-unit-loader,reverseSpeedPercentage,0,high,,a,(Ljava/lang/String;Ljava/io/InputStream;JLcom/corrodinggames/rts/gameFramework/i/b;Lcom/corrodinggames/rts/gameFramework/utility/j;Ljava/lang/String;Ljava/lang/String;)Lcom/corrodinggames/rts/game/units/custom/l;,parseCustomUnitMetadata
572,1.16,[movement],ini_section,,,landOnGround:,landOnGround,landOnGround,bool,Should flying unit land when idle.,landOnGround: false,matched,com/corrodinggames/rts/game/units/custom/ag,rustedwarfare/custom/CustomUnitLoader,custom-unit-loader,landOnGround,0,high,,a,(Ljava/lang/String;Ljava/io/InputStream;JLcom/corrodinggames/rts/gameFramework/i/b;Lcom/corrodinggames/rts/gameFramework/utility/j;Ljava/lang/String;Ljava/lang/String;)Lcom/corrodinggames/rts/game/units/custom/l;,parseCustomUnitMetadata
573,1.16,[movement],ini_section,,,targetHeight:,targetHeight,targetHeight,float,Defaults to 0 but if AIR movementType default is 35,targetHeight: 25,matched,com/corrodinggames/rts/game/units/custom/ag,rustedwarfare/custom/CustomUnitLoader,custom-unit-loader,targetHeight,2,high,,a,(Ljava/lang/String;Ljava/io/InputStream;JLcom/corrodinggames/rts/gameFramework/i/b;Lcom/corrodinggames/rts/gameFramework/utility/j;Ljava/lang/String;Ljava/lang/String;)Lcom/corrodinggames/rts/game/units/custom/l;,parseCustomUnitMetadata
574,1.16,[movement],ini_section,,,targetHeightDrift:,targetHeightDrift,targetHeightDrift,float,Smooth animated height change. Defaults to 0 but if AIR movementType default is 1.5,targetHeightDrift: 1,matched,com/corrodinggames/rts/game/units/custom/ag,rustedwarfare/custom/CustomUnitLoader,custom-unit-loader,targetHeightDrift,0,high,,a,(Ljava/lang/String;Ljava/io/InputStream;JLcom/corrodinggames/rts/gameFramework/i/b;Lcom/corrodinggames/rts/gameFramework/utility/j;Ljava/lang/String;Ljava/lang/String;)Lcom/corrodinggames/rts/game/units/custom/l;,parseCustomUnitMetadata
575,1.16,[movement],ini_section,,,startingHeightOffset:,startingHeightOffset,startingHeightOffset,float,Sets the initial height on spawn. Defaults at 0.,startingHeightOffset: 40,matched,com/corrodinggames/rts/game/units/custom/ag,rustedwarfare/custom/CustomUnitLoader,custom-unit-loader,startingHeightOffset,0,high,,a,(Ljava/lang/String;Ljava/io/InputStream;JLcom/corrodinggames/rts/gameFramework/i/b;Lcom/corrodinggames/rts/gameFramework/utility/j;Ljava/lang/String;Ljava/lang/String;)Lcom/corrodinggames/rts/game/units/custom/l;,parseCustomUnitMetadata
576,1.16,[movement],ini_section,,1.14,heightChangeRate:,heightChangeRate,heightChangeRate,float,"Rate at which the unit changes height, either from converting or drifting",heightChangeRate: 3,matched,com/corrodinggames/rts/game/units/custom/ag,rustedwarfare/custom/CustomUnitLoader,custom-unit-loader,heightChangeRate,0,high,,a,(Ljava/lang/String;Ljava/io/InputStream;JLcom/corrodinggames/rts/gameFramework/i/b;Lcom/corrodinggames/rts/gameFramework/utility/j;Ljava/lang/String;Ljava/lang/String;)Lcom/corrodinggames/rts/game/units/custom/l;,parseCustomUnitMetadata
577,1.16,[movement],ini_section,,1.14,fallingAcceleration:,fallingAcceleration,fallingAcceleration,float,The acceleration in which a unit drops,fallingAcceleration:,matched,com/corrodinggames/rts/game/units/custom/ag,rustedwarfare/custom/CustomUnitLoader,custom-unit-loader,fallingAcceleration,0,high,,a,(Ljava/lang/String;Ljava/io/InputStream;JLcom/corrodinggames/rts/gameFramework/i/b;Lcom/corrodinggames/rts/gameFramework/utility/j;Ljava/lang/String;Ljava/lang/String;)Lcom/corrodinggames/rts/game/units/custom/l;,parseCustomUnitMetadata
578,1.16,[movement],ini_section,,1.14,fallingAccelerationDead:,fallingAccelerationDead,fallingAccelerationDead,float,fallingAcceleration but when destroyed,fallingAccelerationDead:,matched,com/corrodinggames/rts/game/units/custom/ag,rustedwarfare/custom/CustomUnitLoader,custom-unit-loader,fallingAccelerationDead,0,high,,a,(Ljava/lang/String;Ljava/io/InputStream;JLcom/corrodinggames/rts/gameFramework/i/b;Lcom/corrodinggames/rts/gameFramework/utility/j;Ljava/lang/String;Ljava/lang/String;)Lcom/corrodinggames/rts/game/units/custom/l;,parseCustomUnitMetadata
579,1.16,[movement],ini_section,,,maxTurnSpeed:,maxTurnSpeed,maxTurnSpeed,float,Sets the top turning speed of a unit,maxTurnSpeed: 4,matched,com/corrodinggames/rts/game/units/custom/ag,rustedwarfare/custom/CustomUnitLoader,custom-unit-loader,maxTurnSpeed,0,high,,a,(Ljava/lang/String;Ljava/io/InputStream;JLcom/corrodinggames/rts/gameFramework/i/b;Lcom/corrodinggames/rts/gameFramework/utility/j;Ljava/lang/String;Ljava/lang/String;)Lcom/corrodinggames/rts/game/units/custom/l;,parseCustomUnitMetadata
580,1.16,[movement],ini_section,,,turnAcceleration:,turnAcceleration,turnAcceleration,float,Defines how fast units accelerate to max turn speed.,turnAcceleration: 1,matched,com/corrodinggames/rts/game/units/custom/ag,rustedwarfare/custom/CustomUnitLoader,custom-unit-loader,turnAcceleration,0,high,,a,(Ljava/lang/String;Ljava/io/InputStream;JLcom/corrodinggames/rts/gameFramework/i/b;Lcom/corrodinggames/rts/gameFramework/utility/j;Ljava/lang/String;Ljava/lang/String;)Lcom/corrodinggames/rts/game/units/custom/l;,parseCustomUnitMetadata
581,1.16,[movement],ini_section,,,moveSlidingMode:,moveSlidingMode,moveSlidingMode,bool,"Makes the unit slide when moveDecelerationSpeed is lower, making them drift and feel natural",moveSlidingMode: true,matched,com/corrodinggames/rts/game/units/custom/ag,rustedwarfare/custom/CustomUnitLoader,custom-unit-loader,moveSlidingMode,0,high,,a,(Ljava/lang/String;Ljava/io/InputStream;JLcom/corrodinggames/rts/gameFramework/i/b;Lcom/corrodinggames/rts/gameFramework/utility/j;Ljava/lang/String;Ljava/lang/String;)Lcom/corrodinggames/rts/game/units/custom/l;,parseCustomUnitMetadata
582,1.16,[movement],ini_section,,,moveIgnoringBody:,moveIgnoringBody,moveIgnoringBody,bool,"Allows the unit to move without fully turning in the direction its moving, useful for ships and air units",moveIgnoringBody: true,matched,com/corrodinggames/rts/game/units/custom/ag,rustedwarfare/custom/CustomUnitLoader,custom-unit-loader,moveIgnoringBody,0,high,,a,(Ljava/lang/String;Ljava/io/InputStream;JLcom/corrodinggames/rts/gameFramework/i/b;Lcom/corrodinggames/rts/gameFramework/utility/j;Ljava/lang/String;Ljava/lang/String;)Lcom/corrodinggames/rts/game/units/custom/l;,parseCustomUnitMetadata
583,1.16,[movement],ini_section,,,moveSlidingDir:,moveSlidingDir,moveSlidingDir,int,Sets direction when sliding,moveSlidingDir: 180,matched,com/corrodinggames/rts/game/units/custom/ag,rustedwarfare/custom/CustomUnitLoader,custom-unit-loader,moveSlidingDir,0,high,,a,(Ljava/lang/String;Ljava/io/InputStream;JLcom/corrodinggames/rts/gameFramework/i/b;Lcom/corrodinggames/rts/gameFramework/utility/j;Ljava/lang/String;Ljava/lang/String;)Lcom/corrodinggames/rts/game/units/custom/l;,parseCustomUnitMetadata
584,1.16,[movement],ini_section,,,joinsGroupFormations:,joinsGroupFormations,joinsGroupFormations,bool,"Defaults to true. Changing not recommended. When false, the unit will directly move to the assigned waypoint without taking space consideration from neighboring units.",joinsGroupFormations: false,matched,com/corrodinggames/rts/game/units/custom/ag,rustedwarfare/custom/CustomUnitLoader,custom-unit-loader,joinsGroupFormations,0,high,,a,(Ljava/lang/String;Ljava/io/InputStream;JLcom/corrodinggames/rts/gameFramework/i/b;Lcom/corrodinggames/rts/gameFramework/utility/j;Ljava/lang/String;Ljava/lang/String;)Lcom/corrodinggames/rts/game/units/custom/l;,parseCustomUnitMetadata
587,1.16,[ai],ini_section,,,useAsBuilder:,useAsBuilder,useAsBuilder,bool,Set to true if unit can build or repair buildings. Defaults to [core]isBuilder.,useAsBuilder:,matched,com/corrodinggames/rts/game/units/custom/ag,rustedwarfare/custom/CustomUnitLoader,custom-unit-loader,useAsBuilder,0,high,,a,(Ljava/lang/String;Ljava/io/InputStream;JLcom/corrodinggames/rts/gameFramework/i/b;Lcom/corrodinggames/rts/gameFramework/utility/j;Ljava/lang/String;Ljava/lang/String;)Lcom/corrodinggames/rts/game/units/custom/l;,parseCustomUnitMetadata
588,1.16,[ai],ini_section,,,useAsTransport,useAsTransport,useAsTransport,bool,Defaults to true if unit can transport units,useAsTransport,matched,com/corrodinggames/rts/game/units/custom/ag,rustedwarfare/custom/CustomUnitLoader,custom-unit-loader,useAsTransport,0,high,,a,(Ljava/lang/String;Ljava/io/InputStream;JLcom/corrodinggames/rts/gameFramework/i/b;Lcom/corrodinggames/rts/gameFramework/utility/j;Ljava/lang/String;Ljava/lang/String;)Lcom/corrodinggames/rts/game/units/custom/l;,parseCustomUnitMetadata
589,1.16,[ai],ini_section,,,useAsHarvester,useAsHarvester,useAsHarvester,bool,Defaults to true if unit can reclaim resources,useAsHarvester,matched,com/corrodinggames/rts/game/units/custom/ag,rustedwarfare/custom/CustomUnitLoader,custom-unit-loader,useAsHarvester,0,high,,a,(Ljava/lang/String;Ljava/io/InputStream;JLcom/corrodinggames/rts/gameFramework/i/b;Lcom/corrodinggames/rts/gameFramework/utility/j;Ljava/lang/String;Ljava/lang/String;)Lcom/corrodinggames/rts/game/units/custom/l;,parseCustomUnitMetadata
590,1.16,[ai],ini_section,,,disableUse:,disableUse,disableUse,bool,Disallow AI building this unit or building,disableUse:,matched,com/corrodinggames/rts/game/units/custom/ag,rustedwarfare/custom/CustomUnitLoader,custom-unit-loader,disableUse,0,high,,a,(Ljava/lang/String;Ljava/io/InputStream;JLcom/corrodinggames/rts/gameFramework/i/b;Lcom/corrodinggames/rts/gameFramework/utility/j;Ljava/lang/String;Ljava/lang/String;)Lcom/corrodinggames/rts/game/units/custom/l;,parseCustomUnitMetadata
591,1.16,[ai],ini_section,,,aiTags,aiTags,aiTags,tags,SPECULATIVE - sets separate set of tags for AI use,"aiTags: nukeLauncher, launcher",matched,com/corrodinggames/rts/game/units/custom/ag,rustedwarfare/custom/CustomUnitLoader,custom-unit-loader,aiTags,0,high,,a,(Ljava/lang/String;Ljava/io/InputStream;JLcom/corrodinggames/rts/gameFramework/i/b;Lcom/corrodinggames/rts/gameFramework/utility/j;Ljava/lang/String;Ljava/lang/String;)Lcom/corrodinggames/rts/game/units/custom/l;,parseCustomUnitMetadata
592,1.16,[ai],ini_section,,,ai_upgradePriority,ai_upgradePriority,ai_upgradePriority,float,"Defaults to 0.06. Set between 0-1, higher means AI is more likely to upgrade this unit before others",ai_upgradePriority,matched,com/corrodinggames/rts/game/units/custom/ag,rustedwarfare/custom/CustomUnitLoader,custom-unit-loader,ai_upgradePriority,0,high,,a,(Ljava/lang/String;Ljava/io/InputStream;JLcom/corrodinggames/rts/gameFramework/i/b;Lcom/corrodinggames/rts/gameFramework/utility/j;Ljava/lang/String;Ljava/lang/String;)Lcom/corrodinggames/rts/game/units/custom/l;,parseCustomUnitMetadata
594,1.16,[ai],ini_section,Buildings only,,maxGlobal:,maxGlobal,maxGlobal,int,Maximum amount allowed for a specific structure for an AI team per map,maxGlobal: 50,matched,com/corrodinggames/rts/game/units/custom/ag,rustedwarfare/custom/CustomUnitLoader,custom-unit-loader,maxGlobal,0,high,,a,(Ljava/lang/String;Ljava/io/InputStream;JLcom/corrodinggames/rts/gameFramework/i/b;Lcom/corrodinggames/rts/gameFramework/utility/j;Ljava/lang/String;Ljava/lang/String;)Lcom/corrodinggames/rts/game/units/custom/l;,parseCustomUnitMetadata
595,1.16,[ai],ini_section,Buildings only,,maxEachBase:,maxEachBase,maxEachBase,int,"Maximum amount allowed for a specific structure for an AI team per ""base"", usually around an extractor or spawn point. To check for an AI base in sandbox, enable Debug Mode and Click Shift + F3",maxEachBase: 10,matched,com/corrodinggames/rts/game/units/custom/ag,rustedwarfare/custom/CustomUnitLoader,custom-unit-loader,maxEachBase,0,high,,a,(Ljava/lang/String;Ljava/io/InputStream;JLcom/corrodinggames/rts/gameFramework/i/b;Lcom/corrodinggames/rts/gameFramework/utility/j;Ljava/lang/String;Ljava/lang/String;)Lcom/corrodinggames/rts/game/units/custom/l;,parseCustomUnitMetadata
596,1.16,[ai],ini_section,Buildings only,,buildPriority:,buildPriority,buildPriority,float,"0-1. AI uses 0.8 for first land factory, 0.48 for air factory, 0.47 for first turret.",buildPriority: 1,matched,com/corrodinggames/rts/game/units/custom/ag,rustedwarfare/custom/CustomUnitLoader,custom-unit-loader,buildPriority,0,high,,a,(Ljava/lang/String;Ljava/io/InputStream;JLcom/corrodinggames/rts/gameFramework/i/b;Lcom/corrodinggames/rts/gameFramework/utility/j;Ljava/lang/String;Ljava/lang/String;)Lcom/corrodinggames/rts/game/units/custom/l;,parseCustomUnitMetadata
597,1.16,[ai],ini_section,Buildings only,,noneInBaseExtraPriority:,noneInBaseExtraPriority,noneInBaseExtraPriority,float,"Adds to buildPriority, if this unit doesn't exist in the AIs base",noneInBaseExtraPriority: 2,matched,com/corrodinggames/rts/game/units/custom/ag,rustedwarfare/custom/CustomUnitLoader,custom-unit-loader,noneInBaseExtraPriority,0,high,,a,(Ljava/lang/String;Ljava/io/InputStream;JLcom/corrodinggames/rts/gameFramework/i/b;Lcom/corrodinggames/rts/gameFramework/utility/j;Ljava/lang/String;Ljava/lang/String;)Lcom/corrodinggames/rts/game/units/custom/l;,parseCustomUnitMetadata
598,1.16,[ai],ini_section,Buildings only,,noneGlobalExtraPriority:,noneGlobalExtraPriority,noneGlobalExtraPriority,float,"Adds to buildPriority, if this unit doesn't exist in the any where on the map",noneGlobalExtraPriority: 4,matched,com/corrodinggames/rts/game/units/custom/ag,rustedwarfare/custom/CustomUnitLoader,custom-unit-loader,noneGlobalExtraPriority,0,high,,a,(Ljava/lang/String;Ljava/io/InputStream;JLcom/corrodinggames/rts/gameFramework/i/b;Lcom/corrodinggames/rts/gameFramework/utility/j;Ljava/lang/String;Ljava/lang/String;)Lcom/corrodinggames/rts/game/units/custom/l;,parseCustomUnitMetadata
599,1.16,[ai],ini_section,Buildings only,,recommendedInEachBaseNum,recommendedInEachBaseNum,recommendedInEachBaseNum,float,Defaults to 0,recommendedInEachBaseNum: 2,matched,com/corrodinggames/rts/game/units/custom/ag,rustedwarfare/custom/CustomUnitLoader,custom-unit-loader,recommendedInEachBaseNum,0,high,,a,(Ljava/lang/String;Ljava/io/InputStream;JLcom/corrodinggames/rts/gameFramework/i/b;Lcom/corrodinggames/rts/gameFramework/utility/j;Ljava/lang/String;Ljava/lang/String;)Lcom/corrodinggames/rts/game/units/custom/l;,parseCustomUnitMetadata
600,1.16,[ai],ini_section,Buildings only,,recommendedInEachBasePriorityIfUnmet,recommendedInEachBasePriorityIfUnmet,recommendedInEachBasePriorityIfUnmet,float,Defaults to 0.5. Overrides buildPriority if recommended in base is too low.,recommendedInEachBasePriorityIfUnmet: 4,matched,com/corrodinggames/rts/game/units/custom/ag,rustedwarfare/custom/CustomUnitLoader,custom-unit-loader,recommendedInEachBasePriorityIfUnmet,0,high,,a,(Ljava/lang/String;Ljava/io/InputStream;JLcom/corrodinggames/rts/gameFramework/i/b;Lcom/corrodinggames/rts/gameFramework/utility/j;Ljava/lang/String;Ljava/lang/String;)Lcom/corrodinggames/rts/game/units/custom/l;,parseCustomUnitMetadata
601,1.16,[ai],ini_section,Buildings only,,upgradedFrom:,upgradedFrom,upgradedFrom,string,Create link to another unit to preserve max counts for upgraded and non-upgraded types in same base.,upgradedFrom: builderLevel1,matched,com/corrodinggames/rts/game/units/custom/ag,rustedwarfare/custom/CustomUnitLoader,custom-unit-loader,upgradedFrom,0,high,,a,(Ljava/lang/String;Ljava/io/InputStream;JLcom/corrodinggames/rts/gameFramework/i/b;Lcom/corrodinggames/rts/gameFramework/utility/j;Ljava/lang/String;Ljava/lang/String;)Lcom/corrodinggames/rts/game/units/custom/l;,parseCustomUnitMetadata
602,1.16,[ai],ini_section,Buildings only,1.14,notPassivelyTargetedByOtherUnits,notPassivelyTargetedByOtherUnits,notPassivelyTargetedByOtherUnits,bool,"Useful for walls, etc",notPassivelyTargetedByOtherUnits: true,matched,com/corrodinggames/rts/game/units/custom/ag,rustedwarfare/custom/CustomUnitLoader,custom-unit-loader,notPassivelyTargetedByOtherUnits,0,high,,a,(Ljava/lang/String;Ljava/io/InputStream;JLcom/corrodinggames/rts/gameFramework/i/b;Lcom/corrodinggames/rts/gameFramework/utility/j;Ljava/lang/String;Ljava/lang/String;)Lcom/corrodinggames/rts/game/units/custom/l;,parseCustomUnitMetadata
603,1.16,[ai],ini_section,Buildings only,1.14,lowPriorityTargetForOtherUnits,lowPriorityTargetForOtherUnits,lowPriorityTargetForOtherUnits,bool,Useful for units that cannot attack back. Eg walls,lowPriorityTargetForOtherUnits: true,matched,com/corrodinggames/rts/game/units/custom/ag,rustedwarfare/custom/CustomUnitLoader,custom-unit-loader,lowPriorityTargetForOtherUnits,0,high,,a,(Ljava/lang/String;Ljava/io/InputStream;JLcom/corrodinggames/rts/gameFramework/i/b;Lcom/corrodinggames/rts/gameFramework/utility/j;Ljava/lang/String;Ljava/lang/String;)Lcom/corrodinggames/rts/game/units/custom/l;,parseCustomUnitMetadata
604,1.16,[ai],ini_section,Buildings only,1.13.3,whenUsingAsHarvester_recommendedInEachBase,whenUsingAsHarvester_recommendedInEachBase,whenUsingAsHarvester_recommendedInEachBase,int,Assigns unit of the same name with certain amount on an AI base,whenUsingAsHarvester_recommendedInEachBase: 3,matched,com/corrodinggames/rts/game/units/custom/ag,rustedwarfare/custom/CustomUnitLoader,custom-unit-loader,whenUsingAsHarvester_recommendedInEachBase,0,high,,a,(Ljava/lang/String;Ljava/io/InputStream;JLcom/corrodinggames/rts/gameFramework/i/b;Lcom/corrodinggames/rts/gameFramework/utility/j;Ljava/lang/String;Ljava/lang/String;)Lcom/corrodinggames/rts/game/units/custom/l;,parseCustomUnitMetadata
605,1.16,[ai],ini_section,Buildings only,1.13.3,whenUsingAsHarvester_recommendedGlobal,whenUsingAsHarvester_recommendedGlobal,whenUsingAsHarvester_recommendedGlobal,int,Assigns unit of the same name with certain amount on map,whenUsingAsHarvester_recommendedGlobal: 20,matched,com/corrodinggames/rts/game/units/custom/ag,rustedwarfare/custom/CustomUnitLoader,custom-unit-loader,whenUsingAsHarvester_recommendedGlobal,0,high,,a,(Ljava/lang/String;Ljava/io/InputStream;JLcom/corrodinggames/rts/gameFramework/i/b;Lcom/corrodinggames/rts/gameFramework/utility/j;Ljava/lang/String;Ljava/lang/String;)Lcom/corrodinggames/rts/game/units/custom/l;,parseCustomUnitMetadata
606,1.16,[ai],ini_section,Buildings only,1.13.3,whenUsingAsHarvester_includeOtherHarvesterCounts,whenUsingAsHarvester_includeOtherHarvesterCounts,whenUsingAsHarvester_includeOtherHarvesterCounts,bool,Includes all harvester types on a single counter,whenUsingAsHarvester_includeOtherHarvesterCounts: true,matched,com/corrodinggames/rts/game/units/custom/ag,rustedwarfare/custom/CustomUnitLoader,custom-unit-loader,whenUsingAsHarvester_includeOtherHarvesterCounts,0,high,,a,(Ljava/lang/String;Ljava/io/InputStream;JLcom/corrodinggames/rts/gameFramework/i/b;Lcom/corrodinggames/rts/gameFramework/utility/j;Ljava/lang/String;Ljava/lang/String;)Lcom/corrodinggames/rts/game/units/custom/l;,parseCustomUnitMetadata
607,1.16,[ai],ini_section,Buildings only,1.13.3,onlyUseAsHarvester_ifBaseHasUnitTagged,onlyUseAsHarvester_ifBaseHasUnitTagged,onlyUseAsHarvester_ifBaseHasUnitTagged,string,Only sets the harvester unit as a harvester if an AI base has a unit with particular tag(s),"onlyUseAsHarvester_ifBaseHasUnitTagged: mineral, wood, stones",matched,com/corrodinggames/rts/game/units/custom/ag,rustedwarfare/custom/CustomUnitLoader,custom-unit-loader,onlyUseAsHarvester_ifBaseHasUnitTagged,0,high,,a,(Ljava/lang/String;Ljava/io/InputStream;JLcom/corrodinggames/rts/gameFramework/i/b;Lcom/corrodinggames/rts/gameFramework/utility/j;Ljava/lang/String;Ljava/lang/String;)Lcom/corrodinggames/rts/game/units/custom/l;,parseCustomUnitMetadata
610,1.16,[leg_#] / [arm_#],ini_section,,,x:,x,x,float,Sets position of the foot on the X axis.,x: 10,matched,com/corrodinggames/rts/game/units/custom/l,rustedwarfare/custom/CustomUnitMetadata,custom-unit-metadata,x,30,medium,,,,
611,1.16,[leg_#] / [arm_#],ini_section,,,y:,y,y,float,Sets position of the foot on the Y axis.,y: 20,matched,com/corrodinggames/rts/game/units/custom/l,rustedwarfare/custom/CustomUnitMetadata,custom-unit-metadata,y,27,medium,,,,
612,1.16,[leg_#] / [arm_#],ini_section,,,copyFrom:,copyFrom,copyFrom,int,Copy from another leg. Useful to only need to set leg values once,copyFrom: 1,matched,com/corrodinggames/rts/game/units/custom/ag,rustedwarfare/custom/CustomUnitLoader,custom-unit-loader,copyFrom,2,high,,a,(Lcom/corrodinggames/rts/game/units/custom/l;Lcom/corrodinggames/rts/gameFramework/utility/ab;Lcom/corrodinggames/rts/gameFramework/utility/ab;Ljava/lang/String;I)V,applyCoreCopyFrom
613,1.16,[leg_#] / [arm_#],ini_section,,,attach_x:,attach_x,attach_x,float,Sets the leg's attach point on the X axis.,attach_x: 10,matched,com/corrodinggames/rts/game/units/custom/ba,rustedwarfare/custom/LegOrArmTemplate,projectile-or-decal-parser,attach_x,0,high,,a,(Lcom/corrodinggames/rts/game/units/custom/ba;Lcom/corrodinggames/rts/game/units/custom/l;Lcom/corrodinggames/rts/gameFramework/utility/ab;Ljava/lang/String;ZLjava/util/ArrayList;)V,
614,1.16,[leg_#] / [arm_#],ini_section,,,attach_y:,attach_y,attach_y,float,Sets the leg's attach point on the Y axis.,attach_y: 0,matched,com/corrodinggames/rts/game/units/custom/ba,rustedwarfare/custom/LegOrArmTemplate,projectile-or-decal-parser,attach_y,0,high,,a,(Lcom/corrodinggames/rts/game/units/custom/ba;Lcom/corrodinggames/rts/game/units/custom/l;Lcom/corrodinggames/rts/gameFramework/utility/ab;Ljava/lang/String;ZLjava/util/ArrayList;)V,
615,1.16,[leg_#] / [arm_#],ini_section,,,rotateSpeed:,rotateSpeed,rotateSpeed,float,Sets the leg's rotation speed on movement,rotateSpeed: 2,matched,com/corrodinggames/rts/game/units/custom/ba,rustedwarfare/custom/LegOrArmTemplate,projectile-or-decal-parser,rotateSpeed,0,high,,a,(Lcom/corrodinggames/rts/game/units/custom/ba;Lcom/corrodinggames/rts/game/units/custom/l;Lcom/corrodinggames/rts/gameFramework/utility/ab;Ljava/lang/String;ZLjava/util/ArrayList;)V,
616,1.16,[leg_#] / [arm_#],ini_section,,,endDirOffset,endDirOffset,endDirOffset,int,Target foot/end rotation relative to body,endDirOffset: 45,matched,com/corrodinggames/rts/game/units/custom/ba,rustedwarfare/custom/LegOrArmTemplate,projectile-or-decal-parser,endDirOffset,0,high,,a,(Lcom/corrodinggames/rts/game/units/custom/ba;Lcom/corrodinggames/rts/game/units/custom/l;Lcom/corrodinggames/rts/gameFramework/utility/ab;Ljava/lang/String;ZLjava/util/ArrayList;)V,
617,1.16,[leg_#] / [arm_#],ini_section,,,lockMovement,lockMovement,lockMovement,bool,Lock to unit body. Useful if walking unit converted to a flying unit.,lockMovement: true,matched,com/corrodinggames/rts/game/units/custom/ba,rustedwarfare/custom/LegOrArmTemplate,projectile-or-decal-parser,lockMovement,0,high,,a,(Lcom/corrodinggames/rts/game/units/custom/ba;Lcom/corrodinggames/rts/game/units/custom/l;Lcom/corrodinggames/rts/gameFramework/utility/ab;Ljava/lang/String;ZLjava/util/ArrayList;)V,
618,1.16,[leg_#] / [arm_#],ini_section,,,heightSpeed:,heightSpeed,heightSpeed,float,Sets how fast the leg rises while walking,heightSpeed: 2,matched,com/corrodinggames/rts/game/units/custom/ba,rustedwarfare/custom/LegOrArmTemplate,projectile-or-decal-parser,heightSpeed,0,high,,a,(Lcom/corrodinggames/rts/game/units/custom/ba;Lcom/corrodinggames/rts/game/units/custom/l;Lcom/corrodinggames/rts/gameFramework/utility/ab;Ljava/lang/String;ZLjava/util/ArrayList;)V,
619,1.16,[leg_#] / [arm_#],ini_section,,,moveSpeed,moveSpeed,moveSpeed,float,Sets how fast the leg moves while walking,moveSpeed: 3,matched,com/corrodinggames/rts/game/units/custom/ag,rustedwarfare/custom/CustomUnitLoader,custom-unit-loader,moveSpeed,1,high,,a,(Ljava/lang/String;Ljava/io/InputStream;JLcom/corrodinggames/rts/gameFramework/i/b;Lcom/corrodinggames/rts/gameFramework/utility/j;Ljava/lang/String;Ljava/lang/String;)Lcom/corrodinggames/rts/game/units/custom/l;,parseCustomUnitMetadata
620,1.16,[leg_#] / [arm_#],ini_section,,,moveWarmUp,moveWarmUp,moveWarmUp,,Delay before the leg moved,moveWarmUp: 2,matched,com/corrodinggames/rts/game/units/custom/ba,rustedwarfare/custom/LegOrArmTemplate,projectile-or-decal-parser,moveWarmUp,0,high,,a,(Lcom/corrodinggames/rts/game/units/custom/ba;Lcom/corrodinggames/rts/game/units/custom/l;Lcom/corrodinggames/rts/gameFramework/utility/ab;Ljava/lang/String;ZLjava/util/ArrayList;)V,
621,1.16,[leg_#] / [arm_#],ini_section,,,holdDisMin:,holdDisMin,holdDisMin,float,Defaults to 7. Reposition leg at this distance if neighbor legs are not already repositioning.,holdDisMin: 10,matched,com/corrodinggames/rts/game/units/custom/ba,rustedwarfare/custom/LegOrArmTemplate,projectile-or-decal-parser,holdDisMin,0,high,,a,(Lcom/corrodinggames/rts/game/units/custom/ba;Lcom/corrodinggames/rts/game/units/custom/l;Lcom/corrodinggames/rts/gameFramework/utility/ab;Ljava/lang/String;ZLjava/util/ArrayList;)V,
622,1.16,[leg_#] / [arm_#],ini_section,,,holdDisMax:,holdDisMax,holdDisMax,float,Defaults to 16. Force reposition of leg at this distance. Repositions leg at this distance even if a neighboring leg is moving,holdDisMax: 20,matched,com/corrodinggames/rts/game/units/custom/ba,rustedwarfare/custom/LegOrArmTemplate,projectile-or-decal-parser,holdDisMax,0,high,,a,(Lcom/corrodinggames/rts/game/units/custom/ba;Lcom/corrodinggames/rts/game/units/custom/l;Lcom/corrodinggames/rts/gameFramework/utility/ab;Ljava/lang/String;ZLjava/util/ArrayList;)V,
623,1.16,[leg_#] / [arm_#],ini_section,,,holdDisMin_maxMovingLegs,holdDisMin_maxMovingLegs,holdDisMin_maxMovingLegs,int,Sets maximum amount of legs to check before applying distance holding,holdDisMin_maxMovingLegs: 4,matched,com/corrodinggames/rts/game/units/custom/ba,rustedwarfare/custom/LegOrArmTemplate,projectile-or-decal-parser,holdDisMin_maxMovingLegs,0,high,,a,(Lcom/corrodinggames/rts/game/units/custom/ba;Lcom/corrodinggames/rts/game/units/custom/l;Lcom/corrodinggames/rts/gameFramework/utility/ab;Ljava/lang/String;ZLjava/util/ArrayList;)V,
624,1.16,[leg_#] / [arm_#],ini_section,,,hold_moveOnlyIfFurthest,hold_moveOnlyIfFurthest,hold_moveOnlyIfFurthest,bool,"Defaults to true. When true, starting moving leg only if it is currently the furthest leg from where it should be.",hold_moveOnlyIfFurthest: true,matched,com/corrodinggames/rts/game/units/custom/ba,rustedwarfare/custom/LegOrArmTemplate,projectile-or-decal-parser,hold_moveOnlyIfFurthest,0,high,,a,(Lcom/corrodinggames/rts/game/units/custom/ba;Lcom/corrodinggames/rts/game/units/custom/l;Lcom/corrodinggames/rts/gameFramework/utility/ab;Ljava/lang/String;ZLjava/util/ArrayList;)V,
625,1.16,[leg_#] / [arm_#],ini_section,,,holdDisMin_checkNeighbours,holdDisMin_checkNeighbours,holdDisMin_checkNeighbours,bool,Checks neighbors before applying distance holding,holdDisMin_checkNeighbours: true,matched,com/corrodinggames/rts/game/units/custom/ba,rustedwarfare/custom/LegOrArmTemplate,projectile-or-decal-parser,holdDisMin_checkNeighbours,0,high,,a,(Lcom/corrodinggames/rts/game/units/custom/ba;Lcom/corrodinggames/rts/game/units/custom/l;Lcom/corrodinggames/rts/gameFramework/utility/ab;Ljava/lang/String;ZLjava/util/ArrayList;)V,
626,1.16,[leg_#] / [arm_#],ini_section,,,hardLimit:,hardLimit,hardLimit,float,Defaults to 50. Force leg to never go this far. Better to not be reached.,hardLimit: 60,matched,com/corrodinggames/rts/game/units/custom/ba,rustedwarfare/custom/LegOrArmTemplate,projectile-or-decal-parser,hardLimit,0,high,,a,(Lcom/corrodinggames/rts/game/units/custom/ba;Lcom/corrodinggames/rts/game/units/custom/l;Lcom/corrodinggames/rts/gameFramework/utility/ab;Ljava/lang/String;ZLjava/util/ArrayList;)V,
627,1.16,[leg_#] / [arm_#],ini_section,,,estimatingPositionMultiplier,estimatingPositionMultiplier,estimatingPositionMultiplier,float,defaults to 1. Predicts were unit will be for leg placement based on unit speed.,estimatingPositionMultiplier: 2,matched,com/corrodinggames/rts/game/units/custom/ba,rustedwarfare/custom/LegOrArmTemplate,projectile-or-decal-parser,estimatingPositionMultiplier,0,high,,a,(Lcom/corrodinggames/rts/game/units/custom/ba;Lcom/corrodinggames/rts/game/units/custom/l;Lcom/corrodinggames/rts/gameFramework/utility/ab;Ljava/lang/String;ZLjava/util/ArrayList;)V,
629,1.16,[leg_#] / [arm_#],ini_section,Graphics and effects,,hidden:,hidden,hidden,logic boolean,"When true, hides the arm/leg",hidden: true,matched,com/corrodinggames/rts/game/units/custom/ba,rustedwarfare/custom/LegOrArmTemplate,projectile-or-decal-parser,hidden,2,high,,a,(Lcom/corrodinggames/rts/game/units/custom/ba;Lcom/corrodinggames/rts/game/units/custom/l;Lcom/corrodinggames/rts/gameFramework/utility/ab;Ljava/lang/String;ZLjava/util/ArrayList;)V,
630,1.16,[leg_#] / [arm_#],ini_section,Graphics and effects,1.13,image_end,image_end,image_end,file (image),Sets the main arm end sprite,image_end: rotor.png,matched,com/corrodinggames/rts/game/units/custom/ba,rustedwarfare/custom/LegOrArmTemplate,projectile-or-decal-parser,image_end,0,high,,a,(Lcom/corrodinggames/rts/game/units/custom/ba;Lcom/corrodinggames/rts/game/units/custom/l;Lcom/corrodinggames/rts/gameFramework/utility/ab;Ljava/lang/String;ZLjava/util/ArrayList;)V,
631,1.16,[leg_#] / [arm_#],ini_section,Graphics and effects,1.13,image_end_shadow,image_end_shadow,image_end_shadow,file (image),Sets the shadow for the arm,image_end_shadow: AUTO,matched,com/corrodinggames/rts/game/units/custom/ba,rustedwarfare/custom/LegOrArmTemplate,projectile-or-decal-parser,image_end_shadow,0,high,,a,(Lcom/corrodinggames/rts/game/units/custom/ba;Lcom/corrodinggames/rts/game/units/custom/l;Lcom/corrodinggames/rts/gameFramework/utility/ab;Ljava/lang/String;ZLjava/util/ArrayList;)V,
632,1.16,[leg_#] / [arm_#],ini_section,Graphics and effects,1.13,image_end_teamColors,image_end_teamColors,image_end_teamColors,bool,"When true, the arm end will apply team colors",image_end_teamColors: true,matched,com/corrodinggames/rts/game/units/custom/ba,rustedwarfare/custom/LegOrArmTemplate,projectile-or-decal-parser,image_end_teamColors,0,high,,a,(Lcom/corrodinggames/rts/game/units/custom/ba;Lcom/corrodinggames/rts/game/units/custom/l;Lcom/corrodinggames/rts/gameFramework/utility/ab;Ljava/lang/String;ZLjava/util/ArrayList;)V,
633,1.16,[leg_#] / [arm_#],ini_section,Graphics and effects,1.13,image_foot,image_foot,image_foot,file (image),"same as image_end, but acts as the foot for the leg",image_foot: footR.png,matched,com/corrodinggames/rts/game/units/custom/ba,rustedwarfare/custom/LegOrArmTemplate,projectile-or-decal-parser,image_foot,0,high,,a,(Lcom/corrodinggames/rts/game/units/custom/ba;Lcom/corrodinggames/rts/game/units/custom/l;Lcom/corrodinggames/rts/gameFramework/utility/ab;Ljava/lang/String;ZLjava/util/ArrayList;)V,
634,1.16,[leg_#] / [arm_#],ini_section,Graphics and effects,,image_foot_shadow,image_foot_shadow,image_foot_shadow,file (image),Sets the shadow for the foot,image_foot_shadow: AUTO,matched,com/corrodinggames/rts/game/units/custom/ba,rustedwarfare/custom/LegOrArmTemplate,projectile-or-decal-parser,image_foot_shadow,0,high,,a,(Lcom/corrodinggames/rts/game/units/custom/ba;Lcom/corrodinggames/rts/game/units/custom/l;Lcom/corrodinggames/rts/gameFramework/utility/ab;Ljava/lang/String;ZLjava/util/ArrayList;)V,
635,1.16,[leg_#] / [arm_#],ini_section,Graphics and effects,1.13,image_middle,image_middle,image_middle,file (image),Sets the arm image,image_middle: NONE,matched,com/corrodinggames/rts/game/units/custom/ba,rustedwarfare/custom/LegOrArmTemplate,projectile-or-decal-parser,image_middle,0,high,,a,(Lcom/corrodinggames/rts/game/units/custom/ba;Lcom/corrodinggames/rts/game/units/custom/l;Lcom/corrodinggames/rts/gameFramework/utility/ab;Ljava/lang/String;ZLjava/util/ArrayList;)V,
636,1.16,[leg_#] / [arm_#],ini_section,Graphics and effects,,image_leg,image_leg,image_leg,file (image),Sets the leg image,image_leg: legR.png,matched,com/corrodinggames/rts/game/units/custom/ba,rustedwarfare/custom/LegOrArmTemplate,projectile-or-decal-parser,image_leg,0,high,,a,(Lcom/corrodinggames/rts/game/units/custom/ba;Lcom/corrodinggames/rts/game/units/custom/l;Lcom/corrodinggames/rts/gameFramework/utility/ab;Ljava/lang/String;ZLjava/util/ArrayList;)V,
637,1.16,[leg_#] / [arm_#],ini_section,Graphics and effects,1.13,draw_foot_on_top,draw_foot_on_top,draw_foot_on_top,bool,Renders foot above leg,draw_foot_on_top: true,matched,com/corrodinggames/rts/game/units/custom/ba,rustedwarfare/custom/LegOrArmTemplate,projectile-or-decal-parser,draw_foot_on_top,0,high,,a,(Lcom/corrodinggames/rts/game/units/custom/ba;Lcom/corrodinggames/rts/game/units/custom/l;Lcom/corrodinggames/rts/gameFramework/utility/ab;Ljava/lang/String;ZLjava/util/ArrayList;)V,
638,1.16,[leg_#] / [arm_#],ini_section,Graphics and effects,,drawOverBody,drawOverBody,drawOverBody,bool,Draw over body,drawOverBody: false,matched,com/corrodinggames/rts/game/units/custom/ba,rustedwarfare/custom/LegOrArmTemplate,projectile-or-decal-parser,drawOverBody,0,high,,a,(Lcom/corrodinggames/rts/game/units/custom/ba;Lcom/corrodinggames/rts/game/units/custom/l;Lcom/corrodinggames/rts/gameFramework/utility/ab;Ljava/lang/String;ZLjava/util/ArrayList;)V,
639,1.16,[leg_#] / [arm_#],ini_section,Graphics and effects,,drawUnderAllUnits,drawUnderAllUnits,drawUnderAllUnits,bool,Draw over all units,drawUnderAllUnits: true,matched,com/corrodinggames/rts/game/units/custom/ba,rustedwarfare/custom/LegOrArmTemplate,projectile-or-decal-parser,drawUnderAllUnits,0,high,,a,(Lcom/corrodinggames/rts/game/units/custom/ba;Lcom/corrodinggames/rts/game/units/custom/l;Lcom/corrodinggames/rts/gameFramework/utility/ab;Ljava/lang/String;ZLjava/util/ArrayList;)V,
640,1.16,[leg_#] / [arm_#],ini_section,Graphics and effects,,drawDirOffset,drawDirOffset,drawDirOffset,float,Rotates the foot/arm sprite to a specified direction,drawDirOffset: 73,matched,com/corrodinggames/rts/game/units/custom/ba,rustedwarfare/custom/LegOrArmTemplate,projectile-or-decal-parser,drawDirOffset,0,high,,a,(Lcom/corrodinggames/rts/game/units/custom/ba;Lcom/corrodinggames/rts/game/units/custom/l;Lcom/corrodinggames/rts/gameFramework/utility/ab;Ljava/lang/String;ZLjava/util/ArrayList;)V,
641,1.16,[leg_#] / [arm_#],ini_section,Graphics and effects,,dust_effect:,dust_effect,dust_effect,bool,Spawns dust particles on each step.,dust_effect: true,matched,com/corrodinggames/rts/game/units/custom/ba,rustedwarfare/custom/LegOrArmTemplate,projectile-or-decal-parser,dust_effect,0,high,,a,(Lcom/corrodinggames/rts/game/units/custom/ba;Lcom/corrodinggames/rts/game/units/custom/l;Lcom/corrodinggames/rts/gameFramework/utility/ab;Ljava/lang/String;ZLjava/util/ArrayList;)V,
642,1.16,[leg_#] / [arm_#],ini_section,Graphics and effects,,spinRate,spinRate,spinRate,float,"Makes arm/leg spin, like idleSpin for turrets. Great for helicopters",spinRate: 2,matched,com/corrodinggames/rts/game/units/custom/ba,rustedwarfare/custom/LegOrArmTemplate,projectile-or-decal-parser,spinRate,0,high,,a,(Lcom/corrodinggames/rts/game/units/custom/ba;Lcom/corrodinggames/rts/game/units/custom/l;Lcom/corrodinggames/rts/gameFramework/utility/ab;Ljava/lang/String;ZLjava/util/ArrayList;)V,
643,1.16,[leg_#] / [arm_#],ini_section,Graphics and effects,,favourOppositeSideNeighbours,favourOppositeSideNeighbours,favourOppositeSideNeighbours,bool,calculate neighbours with X 10 times closer than Y,favourOppositeSideNeighbours: true,matched,com/corrodinggames/rts/game/units/custom/ba,rustedwarfare/custom/LegOrArmTemplate,projectile-or-decal-parser,favourOppositeSideNeighbours,0,high,,a,(Lcom/corrodinggames/rts/game/units/custom/ba;Lcom/corrodinggames/rts/game/units/custom/l;Lcom/corrodinggames/rts/gameFramework/utility/ab;Ljava/lang/String;ZLjava/util/ArrayList;)V,
644,1.16,[leg_#] / [arm_#],ini_section,Graphics and effects,,drawLegWhenZoomedOut,drawLegWhenZoomedOut,drawLegWhenZoomedOut,bool,"For performance, defaults changes based on unit size",drawLegWhenZoomedOut: false,matched,com/corrodinggames/rts/game/units/custom/ba,rustedwarfare/custom/LegOrArmTemplate,projectile-or-decal-parser,drawLegWhenZoomedOut,0,high,,a,(Lcom/corrodinggames/rts/game/units/custom/ba;Lcom/corrodinggames/rts/game/units/custom/l;Lcom/corrodinggames/rts/gameFramework/utility/ab;Ljava/lang/String;ZLjava/util/ArrayList;)V,
645,1.16,[leg_#] / [arm_#],ini_section,Graphics and effects,,drawFootWhenZoomedOut,drawFootWhenZoomedOut,drawFootWhenZoomedOut,bool,"For performance, defaults changes based on unit size",drawFootWhenZoomedOut: false,matched,com/corrodinggames/rts/game/units/custom/ba,rustedwarfare/custom/LegOrArmTemplate,projectile-or-decal-parser,drawFootWhenZoomedOut,0,high,,a,(Lcom/corrodinggames/rts/game/units/custom/ba;Lcom/corrodinggames/rts/game/units/custom/l;Lcom/corrodinggames/rts/gameFramework/utility/ab;Ljava/lang/String;ZLjava/util/ArrayList;)V,
646,1.16,[leg_#] / [arm_#],ini_section,Graphics and effects,1.15p9,liftingHeightOffset,liftingHeightOffset,liftingHeightOffset,int,Often used with decals,liftingHeightOffset: 20,matched,com/corrodinggames/rts/game/units/custom/ba,rustedwarfare/custom/LegOrArmTemplate,projectile-or-decal-parser,liftingHeightOffset,0,high,,a,(Lcom/corrodinggames/rts/game/units/custom/ba;Lcom/corrodinggames/rts/game/units/custom/l;Lcom/corrodinggames/rts/gameFramework/utility/ab;Ljava/lang/String;ZLjava/util/ArrayList;)V,
647,1.16,[leg_#] / [arm_#],ini_section,Graphics and effects,,targetHeight,targetHeight,targetHeight,int,Sets height of the leg,targetHeight: 10,matched,com/corrodinggames/rts/game/units/custom/ag,rustedwarfare/custom/CustomUnitLoader,custom-unit-loader,targetHeight,2,high,,a,(Ljava/lang/String;Ljava/io/InputStream;JLcom/corrodinggames/rts/gameFramework/i/b;Lcom/corrodinggames/rts/gameFramework/utility/j;Ljava/lang/String;Ljava/lang/String;)Lcom/corrodinggames/rts/game/units/custom/l;,parseCustomUnitMetadata
648,1.16,[leg_#] / [arm_#],ini_section,Graphics and effects,,targetHeightRelative,targetHeightRelative,targetHeightRelative,bool,Apply height relative to unit's height,targetHeightRelative: true,matched,com/corrodinggames/rts/game/units/custom/ba,rustedwarfare/custom/LegOrArmTemplate,projectile-or-decal-parser,targetHeightRelative,0,high,,a,(Lcom/corrodinggames/rts/game/units/custom/ba;Lcom/corrodinggames/rts/game/units/custom/l;Lcom/corrodinggames/rts/gameFramework/utility/ab;Ljava/lang/String;ZLjava/util/ArrayList;)V,
649,1.16,[leg_#] / [arm_#],ini_section,Graphics and effects,,resetAngle:,resetAngle,resetAngle,float,Unused,,matched,com/corrodinggames/rts/game/units/custom/ba,rustedwarfare/custom/LegOrArmTemplate,projectile-or-decal-parser,resetAngle,0,high,,a,(Lcom/corrodinggames/rts/game/units/custom/ba;Lcom/corrodinggames/rts/game/units/custom/l;Lcom/corrodinggames/rts/gameFramework/utility/ab;Ljava/lang/String;ZLjava/util/ArrayList;)V,
652,1.16,[attachment_NAME],ini_section,,1.13.3,x,x,x,float,Sets the horiztontal position of the attachment,x,matched,com/corrodinggames/rts/game/units/custom/l,rustedwarfare/custom/CustomUnitMetadata,custom-unit-metadata,x,30,medium,,,,
653,1.16,[attachment_NAME],ini_section,,1.13.3,y,y,y,float,Sets the vertical position of the attachment,y,matched,com/corrodinggames/rts/game/units/custom/l,rustedwarfare/custom/CustomUnitMetadata,custom-unit-metadata,y,27,medium,,,,
654,1.16,[attachment_NAME],ini_section,,1.13.3,height,height,height,float,Sets the elevation of the attachment,height,matched,com/corrodinggames/rts/game/units/custom/f,rustedwarfare/custom/animation/AnimationDefinition,custom-unit,height,7,medium,,,,
655,1.16,[attachment_NAME],ini_section,,1.13.3,idleDir,idleDir,idleDir,int,Sets the direction of the attachment when idle,idleDir,matched,com/corrodinggames/rts/game/units/custom/bn,rustedwarfare/custom/TurretTemplate,projectile-or-decal-parser,idleDir,1,high,,a,(Lcom/corrodinggames/rts/game/units/custom/bn;Lcom/corrodinggames/rts/game/units/custom/l;Lcom/corrodinggames/rts/gameFramework/utility/ab;Ljava/lang/String;)V,parseFromConfig
656,1.16,[attachment_NAME],ini_section,,1.14,idleDirReversing,idleDirReversing,idleDirReversing,int,Sets the direction of the attachment when the base unit is moving in reverse,idleDirReversing,matched,com/corrodinggames/rts/game/units/custom/bn,rustedwarfare/custom/TurretTemplate,projectile-or-decal-parser,idleDirReversing,1,high,,a,(Lcom/corrodinggames/rts/game/units/custom/bn;Lcom/corrodinggames/rts/game/units/custom/l;Lcom/corrodinggames/rts/gameFramework/utility/ab;Ljava/lang/String;)V,parseFromConfig
657,1.16,[attachment_NAME],ini_section,,1.13.3,isVisible,isVisible,isVisible,bool,"Defaults to true. If false, the attachment is hidden",isVisible,matched,com/corrodinggames/rts/game/units/custom/ag,rustedwarfare/custom/CustomUnitLoader,custom-unit-loader,isVisible,2,high,,a,(Ljava/lang/String;Ljava/io/InputStream;JLcom/corrodinggames/rts/gameFramework/i/b;Lcom/corrodinggames/rts/gameFramework/utility/j;Ljava/lang/String;Ljava/lang/String;)Lcom/corrodinggames/rts/game/units/custom/l;,parseCustomUnitMetadata
658,1.16,[attachment_NAME],ini_section,,1.13.3,onCreateSpawnUnitOf,onCreateSpawnUnitOf,onCreateSpawnUnitOf,unit ref,"Upon spawning the unit, specified attached unit is also spawned as attachment",onCreateSpawnUnitOf,matched,com/corrodinggames/rts/game/units/custom/b/m,rustedwarfare/custom/attachment/AttachmentBehavior,projectile-or-decal-parser,onCreateSpawnUnitOf,0,high,,a,(Lcom/corrodinggames/rts/game/units/custom/b/n;Lcom/corrodinggames/rts/game/units/custom/l;Lcom/corrodinggames/rts/gameFramework/utility/ab;Ljava/lang/String;Ljava/lang/String;)V,parseAttachmentSlot
659,1.16,[attachment_NAME],ini_section,,1.13.3,isUnselectable,isUnselectable,isUnselectable,bool,"Defaults to false. When true, the player cannot click the attachment.",isUnselectable,matched,com/corrodinggames/rts/game/units/custom/ag,rustedwarfare/custom/CustomUnitLoader,custom-unit-loader,isUnselectable,1,high,,a,(Ljava/lang/String;Ljava/io/InputStream;JLcom/corrodinggames/rts/gameFramework/i/b;Lcom/corrodinggames/rts/gameFramework/utility/j;Ljava/lang/String;Ljava/lang/String;)Lcom/corrodinggames/rts/game/units/custom/l;,parseCustomUnitMetadata
660,1.16,[attachment_NAME],ini_section,,,canAttack,canAttack,canAttack,bool,Defaults to true. Set to false to stop this attachment attacking.,canAttack,matched,com/corrodinggames/rts/game/units/custom/ag,rustedwarfare/custom/CustomUnitLoader,custom-unit-loader,canAttack,2,high,,a,(Ljava/lang/String;Ljava/io/InputStream;JLcom/corrodinggames/rts/gameFramework/i/b;Lcom/corrodinggames/rts/gameFramework/utility/j;Ljava/lang/String;Ljava/lang/String;)Lcom/corrodinggames/rts/game/units/custom/l;,parseCustomUnitMetadata
661,1.16,[attachment_NAME],ini_section,,1.13.3,canBeAttackedAndDamaged,canBeAttackedAndDamaged,canBeAttackedAndDamaged,bool,"When true, the attachment is vulnerable to attacks",canBeAttackedAndDamaged,matched,com/corrodinggames/rts/game/units/custom/b/m,rustedwarfare/custom/attachment/AttachmentBehavior,projectile-or-decal-parser,canBeAttackedAndDamaged,0,high,,a,(Lcom/corrodinggames/rts/game/units/custom/b/n;Lcom/corrodinggames/rts/game/units/custom/l;Lcom/corrodinggames/rts/gameFramework/utility/ab;Ljava/lang/String;Ljava/lang/String;)V,parseAttachmentSlot
662,1.16,[attachment_NAME],ini_section,,1.13.3,deattachIfWantingToMove,deattachIfWantingToMove,deattachIfWantingToMove,bool,"If the unit is ordered to move, it will detach. This includes waypoints from actions.",deattachIfWantingToMove,matched,com/corrodinggames/rts/game/units/custom/b/m,rustedwarfare/custom/attachment/AttachmentBehavior,projectile-or-decal-parser,deattachIfWantingToMove,0,high,,a,(Lcom/corrodinggames/rts/game/units/custom/b/n;Lcom/corrodinggames/rts/game/units/custom/l;Lcom/corrodinggames/rts/gameFramework/utility/ab;Ljava/lang/String;Ljava/lang/String;)V,parseAttachmentSlot
663,1.16,[attachment_NAME],ini_section,,1.13.3,lockLegMovement,lockLegMovement,lockLegMovement,bool,Locks the leg movement while attached.,lockLegMovement,matched,com/corrodinggames/rts/game/units/custom/b/m,rustedwarfare/custom/attachment/AttachmentBehavior,projectile-or-decal-parser,lockLegMovement,0,high,,a,(Lcom/corrodinggames/rts/game/units/custom/b/n;Lcom/corrodinggames/rts/game/units/custom/l;Lcom/corrodinggames/rts/gameFramework/utility/ab;Ljava/lang/String;Ljava/lang/String;)V,parseAttachmentSlot
664,1.16,[attachment_NAME],ini_section,,1.13.3,keepAliveWhenParentDies,keepAliveWhenParentDies,keepAliveWhenParentDies,bool,Defaults to false,keepAliveWhenParentDies: true,matched,com/corrodinggames/rts/game/units/custom/b/m,rustedwarfare/custom/attachment/AttachmentBehavior,projectile-or-decal-parser,keepAliveWhenParentDies,0,high,,a,(Lcom/corrodinggames/rts/game/units/custom/b/n;Lcom/corrodinggames/rts/game/units/custom/l;Lcom/corrodinggames/rts/gameFramework/utility/ab;Ljava/lang/String;Ljava/lang/String;)V,parseAttachmentSlot
665,1.16,[attachment_NAME],ini_section,,1.13.3,setDrawLayerOnTop,setDrawLayerOnTop,setDrawLayerOnTop,bool,Renders the attachment above the base unit,setDrawLayerOnTop,matched,com/corrodinggames/rts/game/units/custom/b/m,rustedwarfare/custom/attachment/AttachmentBehavior,projectile-or-decal-parser,setDrawLayerOnTop,0,high,,a,(Lcom/corrodinggames/rts/game/units/custom/b/n;Lcom/corrodinggames/rts/game/units/custom/l;Lcom/corrodinggames/rts/gameFramework/utility/ab;Ljava/lang/String;Ljava/lang/String;)V,parseAttachmentSlot
666,1.16,[attachment_NAME],ini_section,,1.13.3,setDrawLayerOnBottom,setDrawLayerOnBottom,setDrawLayerOnBottom,bool,Renders the attachment below the base unit,setDrawLayerOnBottom,matched,com/corrodinggames/rts/game/units/custom/b/m,rustedwarfare/custom/attachment/AttachmentBehavior,projectile-or-decal-parser,setDrawLayerOnBottom,0,high,,a,(Lcom/corrodinggames/rts/game/units/custom/b/n;Lcom/corrodinggames/rts/game/units/custom/l;Lcom/corrodinggames/rts/gameFramework/utility/ab;Ljava/lang/String;Ljava/lang/String;)V,parseAttachmentSlot
667,1.16,[attachment_NAME],ini_section,,1.13.3,addTransportedUnits,addTransportedUnits,addTransportedUnits,bool,"Often used with transport units, when true, attaches one of the unit passenger to this attachment slot",addTransportedUnits,matched,com/corrodinggames/rts/game/units/custom/b/m,rustedwarfare/custom/attachment/AttachmentBehavior,projectile-or-decal-parser,addTransportedUnits,0,high,,a,(Lcom/corrodinggames/rts/game/units/custom/b/n;Lcom/corrodinggames/rts/game/units/custom/l;Lcom/corrodinggames/rts/gameFramework/utility/ab;Ljava/lang/String;Ljava/lang/String;)V,parseAttachmentSlot
668,1.16,[attachment_NAME],ini_section,,1.13.3,lockRotation,lockRotation,lockRotation,bool,"When true, stops the attachment from rotating",lockRotation,matched,com/corrodinggames/rts/game/units/custom/b/m,rustedwarfare/custom/attachment/AttachmentBehavior,projectile-or-decal-parser,lockRotation,0,high,,a,(Lcom/corrodinggames/rts/game/units/custom/b/n;Lcom/corrodinggames/rts/game/units/custom/l;Lcom/corrodinggames/rts/gameFramework/utility/ab;Ljava/lang/String;Ljava/lang/String;)V,parseAttachmentSlot
669,1.16,[attachment_NAME],ini_section,,1.13.3,rotateWithParent,rotateWithParent,rotateWithParent,bool,"When true, the attachment rotates with the parent unit",rotateWithParent,matched,com/corrodinggames/rts/game/units/custom/b/m,rustedwarfare/custom/attachment/AttachmentBehavior,projectile-or-decal-parser,rotateWithParent,0,high,,a,(Lcom/corrodinggames/rts/game/units/custom/b/n;Lcom/corrodinggames/rts/game/units/custom/l;Lcom/corrodinggames/rts/gameFramework/utility/ab;Ljava/lang/String;Ljava/lang/String;)V,parseAttachmentSlot
670,1.16,[attachment_NAME],ini_section,,1.13.3,resetRotationWhenNotAttacking,resetRotationWhenNotAttacking,resetRotationWhenNotAttacking,bool,Similar to shouldResetTurret:for turrets.,resetRotationWhenNotAttacking,matched,com/corrodinggames/rts/game/units/custom/b/m,rustedwarfare/custom/attachment/AttachmentBehavior,projectile-or-decal-parser,resetRotationWhenNotAttacking,0,high,,a,(Lcom/corrodinggames/rts/game/units/custom/b/n;Lcom/corrodinggames/rts/game/units/custom/l;Lcom/corrodinggames/rts/gameFramework/utility/ab;Ljava/lang/String;Ljava/lang/String;)V,parseAttachmentSlot
671,1.16,[attachment_NAME],ini_section,,1.13.3,prioritizeParentsMainTarget,prioritizeParentsMainTarget,prioritizeParentsMainTarget,bool,It will priotize targeting the main target. Defaults to true.,prioritizeParentsMainTarget,matched,com/corrodinggames/rts/game/units/custom/b/m,rustedwarfare/custom/attachment/AttachmentBehavior,projectile-or-decal-parser,prioritizeParentsMainTarget,0,high,,a,(Lcom/corrodinggames/rts/game/units/custom/b/n;Lcom/corrodinggames/rts/game/units/custom/l;Lcom/corrodinggames/rts/gameFramework/utility/ab;Ljava/lang/String;Ljava/lang/String;)V,parseAttachmentSlot
672,1.16,[attachment_NAME],ini_section,,1.13.3,alwaysAllowedToAttackParentsMainTarget,alwaysAllowedToAttackParentsMainTarget,alwaysAllowedToAttackParentsMainTarget,bool,Will always attack the parents main target.,alwaysAllowedToAttackParentsMainTarget,matched,com/corrodinggames/rts/game/units/custom/b/m,rustedwarfare/custom/attachment/AttachmentBehavior,projectile-or-decal-parser,alwaysAllowedToAttackParentsMainTarget,0,high,,a,(Lcom/corrodinggames/rts/game/units/custom/b/n;Lcom/corrodinggames/rts/game/units/custom/l;Lcom/corrodinggames/rts/gameFramework/utility/ab;Ljava/lang/String;Ljava/lang/String;)V,parseAttachmentSlot
673,1.16,[attachment_NAME],ini_section,,1.14,onParentTeamChangeKeepCurrentTeam,onParentTeamChangeKeepCurrentTeam,onParentTeamChangeKeepCurrentTeam,bool,Defaults false. If true attached units are not converted when parent changes team. Eg from [projectile]convertHitToSourceTeam,onParentTeamChangeKeepCurrentTeam,matched,com/corrodinggames/rts/game/units/custom/b/m,rustedwarfare/custom/attachment/AttachmentBehavior,projectile-or-decal-parser,onParentTeamChangeKeepCurrentTeam,0,high,,a,(Lcom/corrodinggames/rts/game/units/custom/b/n;Lcom/corrodinggames/rts/game/units/custom/l;Lcom/corrodinggames/rts/gameFramework/utility/ab;Ljava/lang/String;Ljava/lang/String;)V,parseAttachmentSlot
674,1.16,[attachment_NAME],ini_section,,1.14,onConvertKeepExistingUnitInSameSlot,onConvertKeepExistingUnitInSameSlot,onConvertKeepExistingUnitInSameSlot,bool,"When true, the attachment is retained on the same attachment slot when the parent is converted to another unit",onConvertKeepExistingUnitInSameSlot,matched,com/corrodinggames/rts/game/units/custom/b/m,rustedwarfare/custom/attachment/AttachmentBehavior,projectile-or-decal-parser,onConvertKeepExistingUnitInSameSlot,0,high,,a,(Lcom/corrodinggames/rts/game/units/custom/b/n;Lcom/corrodinggames/rts/game/units/custom/l;Lcom/corrodinggames/rts/gameFramework/utility/ab;Ljava/lang/String;Ljava/lang/String;)V,parseAttachmentSlot
675,1.16,[attachment_NAME],ini_section,,1.14,unloadInCurrentPosition,unloadInCurrentPosition,unloadInCurrentPosition,bool,Defaults false. If true transported attached units are kept current attached location when unloading,unloadInCurrentPosition,matched,com/corrodinggames/rts/game/units/custom/b/m,rustedwarfare/custom/attachment/AttachmentBehavior,projectile-or-decal-parser,unloadInCurrentPosition,0,high,,a,(Lcom/corrodinggames/rts/game/units/custom/b/n;Lcom/corrodinggames/rts/game/units/custom/l;Lcom/corrodinggames/rts/gameFramework/utility/ab;Ljava/lang/String;Ljava/lang/String;)V,parseAttachmentSlot
676,1.16,[attachment_NAME],ini_section,,1.14,keepWaypointsNeedingMovement,keepWaypointsNeedingMovement,keepWaypointsNeedingMovement,bool,Defaults false. If true attached units keep waypoints with movement even while they cannot move. Useful if they will be automatically deattached soon.,keepWaypointsNeedingMovement,matched,com/corrodinggames/rts/game/units/custom/b/m,rustedwarfare/custom/attachment/AttachmentBehavior,projectile-or-decal-parser,keepWaypointsNeedingMovement,0,high,,a,(Lcom/corrodinggames/rts/game/units/custom/b/n;Lcom/corrodinggames/rts/game/units/custom/l;Lcom/corrodinggames/rts/gameFramework/utility/ab;Ljava/lang/String;Ljava/lang/String;)V,parseAttachmentSlot
677,1.16,[attachment_NAME],ini_section,,1.14,smoothlyBlendPositionWhenExistingUnitAdded,smoothlyBlendPositionWhenExistingUnitAdded,smoothlyBlendPositionWhenExistingUnitAdded,bool,,smoothlyBlendPositionWhenExistingUnitAdded,matched,com/corrodinggames/rts/game/units/custom/b/m,rustedwarfare/custom/attachment/AttachmentBehavior,projectile-or-decal-parser,smoothlyBlendPositionWhenExistingUnitAdded,0,high,,a,(Lcom/corrodinggames/rts/game/units/custom/b/n;Lcom/corrodinggames/rts/game/units/custom/l;Lcom/corrodinggames/rts/gameFramework/utility/ab;Ljava/lang/String;Ljava/lang/String;)V,parseAttachmentSlot
678,1.16,[attachment_NAME],ini_section,,1.14,showAllActionsFrom,showAllActionsFrom,showAllActionsFrom,LogicBoolean,Show all actions of the units attached in the parent unit list when selected,showAllActionsFrom,matched,com/corrodinggames/rts/game/units/custom/b/m,rustedwarfare/custom/attachment/AttachmentBehavior,projectile-or-decal-parser,showAllActionsFrom,0,high,,a,(Lcom/corrodinggames/rts/game/units/custom/b/n;Lcom/corrodinggames/rts/game/units/custom/l;Lcom/corrodinggames/rts/gameFramework/utility/ab;Ljava/lang/String;Ljava/lang/String;)V,parseAttachmentSlot
679,1.16,[attachment_NAME],ini_section,,1.14,createIncompleteIfParentIs:,createIncompleteIfParentIs,createIncompleteIfParentIs,bool,"If parent hasn't been built, create attachment with the same built value. Links built values till attachment is complete. Useful for buildings built with nano.",createIncompleteIfParentIs:,matched,com/corrodinggames/rts/game/units/custom/b/m,rustedwarfare/custom/attachment/AttachmentBehavior,projectile-or-decal-parser,createIncompleteIfParentIs,0,high,,a,(Lcom/corrodinggames/rts/game/units/custom/b/n;Lcom/corrodinggames/rts/game/units/custom/l;Lcom/corrodinggames/rts/gameFramework/utility/ab;Ljava/lang/String;Ljava/lang/String;)V,parseAttachmentSlot
680,1.16,[attachment_NAME],ini_section,,1.14,redirectDamageToParent:,redirectDamageToParent,redirectDamageToParent,bool,Redirects damage done to this attachment to the parent instead of damaging itself directly,redirectDamageToParent:,matched,com/corrodinggames/rts/game/units/custom/b/m,rustedwarfare/custom/attachment/AttachmentBehavior,projectile-or-decal-parser,redirectDamageToParent,0,high,,a,(Lcom/corrodinggames/rts/game/units/custom/b/n;Lcom/corrodinggames/rts/game/units/custom/l;Lcom/corrodinggames/rts/gameFramework/utility/ab;Ljava/lang/String;Ljava/lang/String;)V,parseAttachmentSlot
681,1.16,[attachment_NAME],ini_section,,1.14,redirectDamageToParent_shieldOnly:,redirectDamageToParent_shieldOnly,redirectDamageToParent_shieldOnly,bool,"When enemies attack the attachment, all damage are redirected to the parent's shield",redirectDamageToParent_shieldOnly:,matched,com/corrodinggames/rts/game/units/custom/b/m,rustedwarfare/custom/attachment/AttachmentBehavior,projectile-or-decal-parser,redirectDamageToParent_shieldOnly,0,high,,a,(Lcom/corrodinggames/rts/game/units/custom/b/n;Lcom/corrodinggames/rts/game/units/custom/l;Lcom/corrodinggames/rts/gameFramework/utility/ab;Ljava/lang/String;Ljava/lang/String;)V,parseAttachmentSlot
684,1.16,[action_NAME] / [hiddenAction_NAME],ini_section,,,text,text,text,string,Labels the action. Supports dynamic text,"text: Catch Fish, text: Fire: %{self.resource.ammo}",matched,com/corrodinggames/rts/game/units/custom/ag,rustedwarfare/custom/CustomUnitLoader,custom-unit-loader,text,6,high,,a,(Lcom/corrodinggames/rts/game/units/custom/l;Lcom/corrodinggames/rts/gameFramework/utility/ab;Ljava/lang/String;Ljava/lang/String;Ljava/lang/String;ZZ)V,parseCustomActionSection
685,1.16,[action_NAME] / [hiddenAction_NAME],ini_section,,,textPostFix:,textPostFix,textPostFix,string,"Text shown as suffix, useful with textAddUnitName to create text UI","text: [ textPostFix: ] textAddUnitName: unitRef self.attachment(slot=""${slotId}"")",matched,com/corrodinggames/rts/game/units/custom/ag,rustedwarfare/custom/CustomUnitLoader,custom-unit-loader,textPostFix,0,high,,a,(Lcom/corrodinggames/rts/game/units/custom/l;Lcom/corrodinggames/rts/gameFramework/utility/ab;Ljava/lang/String;Ljava/lang/String;Ljava/lang/String;ZZ)V,parseCustomActionSection
686,1.16,[action_NAME] / [hiddenAction_NAME],ini_section,,,text_{LANG},text_{LANG},text_{LANG},string,Alternative text for different language. Use ISO 639-1 Language code on the {LANG} prefix. Supports dynamic text,text_es: Fuego %{self.resource.ammo},matched,com/corrodinggames/rts/game/units/custom/ag,rustedwarfare/custom/CustomUnitLoader,custom-unit-loader,text,15,high,,a,(Lcom/corrodinggames/rts/game/units/custom/l;Lcom/corrodinggames/rts/gameFramework/utility/ab;Ljava/lang/String;Ljava/lang/String;Ljava/lang/String;ZZ)V,parseCustomActionSection
688,1.16,[action_NAME] / [hiddenAction_NAME],ini_section,,,description_{LANG},description_{LANG},description_{LANG},string,Alternative description for different language. Use ISO 639-1 Language code on the {LANG} prefix. Supports dynamic text,description_es: Disparos en el área objetivo,matched,com/corrodinggames/rts/game/units/custom/ag,rustedwarfare/custom/CustomUnitLoader,custom-unit-loader,description,3,high,,a,(Lcom/corrodinggames/rts/game/units/custom/l;Lcom/corrodinggames/rts/gameFramework/utility/ab;Ljava/lang/String;Ljava/lang/String;Ljava/lang/String;ZZ)V,parseCustomActionSection
689,1.16,[action_NAME] / [hiddenAction_NAME],ini_section,,,displayType,displayType,displayType,list,"Affects how the action button and text is displayed. Options: none, rally, upgrade, queueUnit, building, action, infoOnly, infoOnlyNoBox, infoOnlyStockpile",displayType: upgrade,matched,com/corrodinggames/rts/game/units/custom/ag,rustedwarfare/custom/CustomUnitLoader,custom-unit-loader,displayType,0,high,,a,(Lcom/corrodinggames/rts/game/units/custom/l;Lcom/corrodinggames/rts/gameFramework/utility/ab;Ljava/lang/String;Ljava/lang/String;Ljava/lang/String;ZZ)V,parseCustomActionSection
690,1.16,[action_NAME] / [hiddenAction_NAME],ini_section,,,displayRemainingStockpile,displayRemainingStockpile,displayRemainingStockpile,bool,Queue is shown as number of times action can be triggered based on price. Use dynamic text on text as alternative.,displayRemainingStockpile: true,matched,com/corrodinggames/rts/game/units/custom/ag,rustedwarfare/custom/CustomUnitLoader,custom-unit-loader,displayRemainingStockpile,0,high,,a,(Lcom/corrodinggames/rts/game/units/custom/l;Lcom/corrodinggames/rts/gameFramework/utility/ab;Ljava/lang/String;Ljava/lang/String;Ljava/lang/String;ZZ)V,parseCustomActionSection
691,1.16,[action_NAME] / [hiddenAction_NAME],ini_section,,,pos,pos,pos,float,Order action appears in UI. Merges with positions from canBuild buttons,pos: 1,matched,com/corrodinggames/rts/game/units/custom/ag,rustedwarfare/custom/CustomUnitLoader,custom-unit-loader,pos,0,high,,a,(Ljava/lang/String;Ljava/io/InputStream;JLcom/corrodinggames/rts/gameFramework/i/b;Lcom/corrodinggames/rts/gameFramework/utility/j;Ljava/lang/String;Ljava/lang/String;)Lcom/corrodinggames/rts/game/units/custom/l;,parseCustomUnitMetadata
692,1.16,[action_NAME] / [hiddenAction_NAME],ini_section,,,iconImage,iconImage,iconImage,file (image),Sets a thumbnail image for the action button,iconImage: fireShot.png,matched,com/corrodinggames/rts/game/units/custom/ag,rustedwarfare/custom/CustomUnitLoader,custom-unit-loader,iconImage,1,high,,a,(Lcom/corrodinggames/rts/game/units/custom/l;Lcom/corrodinggames/rts/gameFramework/utility/ab;Ljava/lang/String;Ljava/lang/String;Ljava/lang/String;ZZ)V,parseCustomActionSection
693,1.16,[action_NAME] / [hiddenAction_NAME],ini_section,,1.14,iconExtraImage,iconExtraImage,iconExtraImage,file (image),"Drawn over top of icon image. Useful for upgrade icons, etc",iconExtraImage: fireShotNo.png,matched,com/corrodinggames/rts/game/units/custom/ag,rustedwarfare/custom/CustomUnitLoader,custom-unit-loader,iconExtraImage,0,high,,a,(Lcom/corrodinggames/rts/game/units/custom/l;Lcom/corrodinggames/rts/gameFramework/utility/ab;Ljava/lang/String;Ljava/lang/String;Ljava/lang/String;ZZ)V,parseCustomActionSection
694,1.16,[action_NAME] / [hiddenAction_NAME],ini_section,,1.14,iconExtraColor,iconExtraColor,iconExtraColor,colour,Defaults to #64FFFFFF,iconExtraColor: #ff0000,matched,com/corrodinggames/rts/game/units/custom/ag,rustedwarfare/custom/CustomUnitLoader,custom-unit-loader,iconExtraColor,0,high,,a,(Lcom/corrodinggames/rts/game/units/custom/l;Lcom/corrodinggames/rts/gameFramework/utility/ab;Ljava/lang/String;Ljava/lang/String;Ljava/lang/String;ZZ)V,parseCustomActionSection
695,1.16,[action_NAME] / [hiddenAction_NAME],ini_section,,1.14,iconExtraIsVisible,iconExtraIsVisible,iconExtraIsVisible,LogicBoolean,"When the condition is met, the extras for icon is visible.",iconExtraIsVisible: if self.resource.ammo < 1,matched,com/corrodinggames/rts/game/units/custom/ag,rustedwarfare/custom/CustomUnitLoader,custom-unit-loader,iconExtraIsVisible,0,high,,a,(Lcom/corrodinggames/rts/game/units/custom/l;Lcom/corrodinggames/rts/gameFramework/utility/ab;Ljava/lang/String;Ljava/lang/String;Ljava/lang/String;ZZ)V,parseCustomActionSection
696,1.16,[action_NAME] / [hiddenAction_NAME],ini_section,,1.13.3,unitShownInUI,unitShownInUI,unitShownInUI,unitRef/unitType,Display this unit. (as if this action built this unit),eg: unitShownInUI: unitRef self.transporting(slot=0) or unitShownInUI: heavyTank,matched,com/corrodinggames/rts/game/units/custom/ag,rustedwarfare/custom/CustomUnitLoader,custom-unit-loader,unitShownInUI,0,high,,a,(Lcom/corrodinggames/rts/game/units/custom/l;Lcom/corrodinggames/rts/gameFramework/utility/ab;Ljava/lang/String;Ljava/lang/String;Ljava/lang/String;ZZ)V,parseCustomActionSection
697,1.16,[action_NAME] / [hiddenAction_NAME],ini_section,,,guiBuildUnit,guiBuildUnit,guiBuildUnit,unitRef/unitType,Uses the UI similar when building structures. An alternative to fireTurretX on some cases,guiBuildUnit: placeholderUnit,matched,com/corrodinggames/rts/game/units/custom/ag,rustedwarfare/custom/CustomUnitLoader,custom-unit-loader,guiBuildUnit,0,high,,a,(Lcom/corrodinggames/rts/game/units/custom/l;Lcom/corrodinggames/rts/gameFramework/utility/ab;Ljava/lang/String;Ljava/lang/String;Ljava/lang/String;ZZ)V,parseCustomActionSection
698,1.16,[action_NAME] / [hiddenAction_NAME],ini_section,,1.14,setBuilt,setBuilt,setBuilt,float,Designates how built the unit is from a percentage of 0-100% with a number between 0 and 1.,setBuilt: 0.5,matched,com/corrodinggames/rts/game/units/custom/a/a/j,rustedwarfare/custom/action/effect/SelfMutationActionEffect,action-parser,setBuilt,0,medium,,,,
699,1.16,[action_NAME] / [hiddenAction_NAME],ini_section,,1.15p9,tags,tags,tags,tags,To be used with the withTag parameter for self.queueSize(withTag=x) and queueItemAdded and queueItemCanceled events,tags: actionFire,matched,com/corrodinggames/rts/game/units/custom/ag,rustedwarfare/custom/CustomUnitLoader,custom-unit-loader,tags,1,high,,a,(Ljava/lang/String;Ljava/io/InputStream;JLcom/corrodinggames/rts/gameFramework/i/b;Lcom/corrodinggames/rts/gameFramework/utility/j;Ljava/lang/String;Ljava/lang/String;)Lcom/corrodinggames/rts/game/units/custom/l;,parseCustomUnitMetadata
700,1.16,[action_NAME] / [hiddenAction_NAME],ini_section,,1.15p11,id,id,id,string,"Allow same/equivalent actions to be more easily connected when converting between units, to preserve queues, calldowns, etc. (Normally action order is used but can be unstable.)",id: fireShot,matched,com/corrodinggames/rts/game/units/custom/ag,rustedwarfare/custom/CustomUnitLoader,custom-unit-loader,id,5,high,,a,(Lcom/corrodinggames/rts/game/units/custom/l;Lcom/corrodinggames/rts/gameFramework/utility/ab;Ljava/lang/String;Ljava/lang/String;Ljava/lang/String;ZZ)V,parseCustomActionSection
702,1.16,[action_NAME] / [hiddenAction_NAME],ini_section,"Unit Reference - Dynamically parts from already existing units, useful w/ isAlsoViewableByEnemies",1.14,textAddUnitName,textAddUnitName,textAddUnitName,unitRef/unitType,Add this unit's name to this action's text,"eg: textAddUnitName: unitRef self.attachment(slot=""1"")",matched,com/corrodinggames/rts/game/units/custom/ag,rustedwarfare/custom/CustomUnitLoader,custom-unit-loader,textAddUnitName,0,high,,a,(Lcom/corrodinggames/rts/game/units/custom/l;Lcom/corrodinggames/rts/gameFramework/utility/ab;Ljava/lang/String;Ljava/lang/String;Ljava/lang/String;ZZ)V,parseCustomActionSection
703,1.16,[action_NAME] / [hiddenAction_NAME],ini_section,"Unit Reference - Dynamically parts from already existing units, useful w/ isAlsoViewableByEnemies",1.14,descriptionAddFromUnit,descriptionAddFromUnit,descriptionAddFromUnit,unitRef/unitType,Add this unit's description to this action's description,descriptionAddFromUnit: builder,matched,com/corrodinggames/rts/game/units/custom/ag,rustedwarfare/custom/CustomUnitLoader,custom-unit-loader,descriptionAddFromUnit,0,high,,a,(Lcom/corrodinggames/rts/game/units/custom/l;Lcom/corrodinggames/rts/gameFramework/utility/ab;Ljava/lang/String;Ljava/lang/String;Ljava/lang/String;ZZ)V,parseCustomActionSection
704,1.16,[action_NAME] / [hiddenAction_NAME],ini_section,"Unit Reference - Dynamically parts from already existing units, useful w/ isAlsoViewableByEnemies",1.14,descriptionAddUnitStats:,descriptionAddUnitStats,descriptionAddUnitStats,unitRef/unitType,"Add this unit's stats (eg HP, energy, resources) to this action's description",descriptionAddUnitStats: unitRef self.parent(),matched,com/corrodinggames/rts/game/units/custom/ag,rustedwarfare/custom/CustomUnitLoader,custom-unit-loader,descriptionAddUnitStats,0,high,,a,(Lcom/corrodinggames/rts/game/units/custom/l;Lcom/corrodinggames/rts/gameFramework/utility/ab;Ljava/lang/String;Ljava/lang/String;Ljava/lang/String;ZZ)V,parseCustomActionSection
705,1.16,[action_NAME] / [hiddenAction_NAME],ini_section,"Unit Reference - Dynamically parts from already existing units, useful w/ isAlsoViewableByEnemies",1.14,unitShownInUIWithHpBar,unitShownInUIWithHpBar,unitShownInUIWithHpBar,bool,"default true, Only used when unitShownInUI is a unitRef",unitShownInUIWithHpBar: true,matched,com/corrodinggames/rts/game/units/custom/ag,rustedwarfare/custom/CustomUnitLoader,custom-unit-loader,unitShownInUIWithHpBar,0,high,,a,(Lcom/corrodinggames/rts/game/units/custom/l;Lcom/corrodinggames/rts/gameFramework/utility/ab;Ljava/lang/String;Ljava/lang/String;Ljava/lang/String;ZZ)V,parseCustomActionSection
706,1.16,[action_NAME] / [hiddenAction_NAME],ini_section,"Unit Reference - Dynamically parts from already existing units, useful w/ isAlsoViewableByEnemies",1.14,unitShownInUIWithProgressBar,unitShownInUIWithProgressBar,unitShownInUIWithProgressBar,bool,"default true, Only used when unitShownInUI is a unitRef. Replaces HP bar if active",unitShownInUIWithProgressBar: false,matched,com/corrodinggames/rts/game/units/custom/ag,rustedwarfare/custom/CustomUnitLoader,custom-unit-loader,unitShownInUIWithProgressBar,0,high,,a,(Lcom/corrodinggames/rts/game/units/custom/l;Lcom/corrodinggames/rts/gameFramework/utility/ab;Ljava/lang/String;Ljava/lang/String;Ljava/lang/String;ZZ)V,parseCustomActionSection
708,1.16,[action_NAME] / [hiddenAction_NAME],ini_section,Requirements for player/AI to use in UI,1.14,alwaysSinglePress,alwaysSinglePress,alwaysSinglePress,bool,"Defaults false. When true no confirmation needed on mobile, when used with canPlayerCancel:false and allowMultipleInQueue:false will also hide the queue interface.",alwaysSinglePress: true,matched,com/corrodinggames/rts/game/units/custom/ag,rustedwarfare/custom/CustomUnitLoader,custom-unit-loader,alwaysSinglePress,0,high,,a,(Lcom/corrodinggames/rts/game/units/custom/l;Lcom/corrodinggames/rts/gameFramework/utility/ab;Ljava/lang/String;Ljava/lang/String;Ljava/lang/String;ZZ)V,parseCustomActionSection
709,1.16,[action_NAME] / [hiddenAction_NAME],ini_section,Requirements for player/AI to use in UI,,price,price,price,resources,The price of your action for the unit. Disables action if not available. Defaults to credits if unlabelled,"price: credits=5, energy=5, hp=100, shield=5, ammo=1",matched,com/corrodinggames/rts/game/units/custom/ag,rustedwarfare/custom/CustomUnitLoader,custom-unit-loader,price,0,high,,a,(Ljava/lang/String;Ljava/io/InputStream;JLcom/corrodinggames/rts/gameFramework/i/b;Lcom/corrodinggames/rts/gameFramework/utility/j;Ljava/lang/String;Ljava/lang/String;)Lcom/corrodinggames/rts/game/units/custom/l;,parseCustomUnitMetadata
710,1.16,[action_NAME] / [hiddenAction_NAME],ini_section,Requirements for player/AI to use in UI,,isActive,isActive,isActive,LogicBoolean,Defaults true. If false then action is disabled and shown in red in UI.,isActive: true,matched,com/corrodinggames/rts/game/units/custom/ag,rustedwarfare/custom/CustomUnitLoader,custom-unit-loader,isActive,0,high,,a,(Lcom/corrodinggames/rts/game/units/custom/l;Lcom/corrodinggames/rts/gameFramework/utility/ab;Ljava/lang/String;Ljava/lang/String;Ljava/lang/String;ZZ)V,parseCustomActionSection
711,1.16,[action_NAME] / [hiddenAction_NAME],ini_section,Requirements for player/AI to use in UI,,isVisible,isVisible,isVisible,LogicBoolean,Defaults true. If false action is hidden from UI and disabled.,isVisible: true,matched,com/corrodinggames/rts/game/units/custom/ag,rustedwarfare/custom/CustomUnitLoader,custom-unit-loader,isVisible,2,high,,a,(Ljava/lang/String;Ljava/io/InputStream;JLcom/corrodinggames/rts/gameFramework/i/b;Lcom/corrodinggames/rts/gameFramework/utility/j;Ljava/lang/String;Ljava/lang/String;)Lcom/corrodinggames/rts/game/units/custom/l;,parseCustomUnitMetadata
712,1.16,[action_NAME] / [hiddenAction_NAME],ini_section,Requirements for player/AI to use in UI,,isLocked,isLocked,isLocked,LogicBoolean,"Defaults false. If true action is disabled, and a lock icon is shown. Mostly used for no nuke game modes",isLocked: if self.resource.ammo < 1,matched,com/corrodinggames/rts/game/units/custom/ag,rustedwarfare/custom/CustomUnitLoader,custom-unit-loader,isLocked,2,high,,a,(Ljava/lang/String;Ljava/io/InputStream;JLcom/corrodinggames/rts/gameFramework/i/b;Lcom/corrodinggames/rts/gameFramework/utility/j;Ljava/lang/String;Ljava/lang/String;)Lcom/corrodinggames/rts/game/units/custom/l;,parseCustomUnitMetadata
713,1.16,[action_NAME] / [hiddenAction_NAME],ini_section,Requirements for player/AI to use in UI,,isLockedMessage,isLockedMessage,isLockedMessage,LocaleString,Shows the message when the isLocked's condition is met,isLockedMessage: Not enough ammunition,matched,com/corrodinggames/rts/game/units/custom/ag,rustedwarfare/custom/CustomUnitLoader,custom-unit-loader,isLockedMessage,0,high,,a,(Ljava/lang/String;Ljava/io/InputStream;JLcom/corrodinggames/rts/gameFramework/i/b;Lcom/corrodinggames/rts/gameFramework/utility/j;Ljava/lang/String;Ljava/lang/String;)Lcom/corrodinggames/rts/game/units/custom/l;,parseCustomUnitMetadata
714,1.16,[action_NAME] / [hiddenAction_NAME],ini_section,Requirements for player/AI to use in UI,1.13.3,isLockedAlt,isLockedAlt,isLockedAlt,LogicBoolean,"Another reason for this to be locked. Can just use OR on isLocked, but this allows a different message to be shown","isLockedAlt: if numberOfUnitsInGame(withTag=""factory"") < 2",matched,com/corrodinggames/rts/game/units/custom/ag,rustedwarfare/custom/CustomUnitLoader,custom-unit-loader,isLockedAlt,0,high,,b,(Lcom/corrodinggames/rts/game/units/custom/l;Lcom/corrodinggames/rts/gameFramework/utility/ab;Ljava/lang/String;Ljava/lang/String;Z)V,parseCanBuildActionSection
715,1.16,[action_NAME] / [hiddenAction_NAME],ini_section,Requirements for player/AI to use in UI,1.13.3,isLockedAltMessage,isLockedAltMessage,isLockedAltMessage,LocaleString,Message for isLockedAlt,isLockedAltMessage: Not enough factories!,matched,com/corrodinggames/rts/game/units/custom/ag,rustedwarfare/custom/CustomUnitLoader,custom-unit-loader,isLockedAltMessage,0,high,,b,(Lcom/corrodinggames/rts/game/units/custom/l;Lcom/corrodinggames/rts/gameFramework/utility/ab;Ljava/lang/String;Ljava/lang/String;Z)V,parseCanBuildActionSection
716,1.16,[action_NAME] / [hiddenAction_NAME],ini_section,Requirements for player/AI to use in UI,1.13.3,isLockedAlt2,isLockedAlt2,isLockedAlt2,LogicBoolean,Second isLocked alternative,"isLockedAlt2: if nearestUnit(withTag=""explosive"", withinRange=""500"", relation=""own"").hp() < 10",matched,com/corrodinggames/rts/game/units/custom/ag,rustedwarfare/custom/CustomUnitLoader,custom-unit-loader,isLockedAlt2,0,high,,b,(Lcom/corrodinggames/rts/game/units/custom/l;Lcom/corrodinggames/rts/gameFramework/utility/ab;Ljava/lang/String;Ljava/lang/String;Z)V,parseCanBuildActionSection
717,1.16,[action_NAME] / [hiddenAction_NAME],ini_section,Requirements for player/AI to use in UI,1.13.3,isLockedAlt2Message,isLockedAlt2Message,isLockedAlt2Message,LocaleString,Message for isLockedAlt2,isLockedAlt2Message: Explosive stockpile is heavily damaged.,matched,com/corrodinggames/rts/game/units/custom/ag,rustedwarfare/custom/CustomUnitLoader,custom-unit-loader,isLockedAlt2Message,0,high,,b,(Lcom/corrodinggames/rts/game/units/custom/l;Lcom/corrodinggames/rts/gameFramework/utility/ab;Ljava/lang/String;Ljava/lang/String;Z)V,parseCanBuildActionSection
718,1.16,[action_NAME] / [hiddenAction_NAME],ini_section,Requirements for player/AI to use in UI,,allowMultipleInQueue,allowMultipleInQueue,allowMultipleInQueue,bool,When false makes it so only one action can be queued of this type (useful for keeping actions with conditions from being spammed),allowMultipleInQueue: true,matched,com/corrodinggames/rts/game/units/custom/ag,rustedwarfare/custom/CustomUnitLoader,custom-unit-loader,allowMultipleInQueue,0,high,,a,(Lcom/corrodinggames/rts/game/units/custom/l;Lcom/corrodinggames/rts/gameFramework/utility/ab;Ljava/lang/String;Ljava/lang/String;Ljava/lang/String;ZZ)V,parseCustomActionSection
719,1.16,[action_NAME] / [hiddenAction_NAME],ini_section,Requirements for player/AI to use in UI,,onlyOneUnitAtATime,onlyOneUnitAtATime,onlyOneUnitAtATime,bool,"When action is picked in UI, only one unit selected with get this action. Defaults to false.",onlyOneUnitAtATime: true,matched,com/corrodinggames/rts/game/units/custom/ag,rustedwarfare/custom/CustomUnitLoader,custom-unit-loader,onlyOneUnitAtATime,0,high,,a,(Lcom/corrodinggames/rts/game/units/custom/l;Lcom/corrodinggames/rts/gameFramework/utility/ab;Ljava/lang/String;Ljava/lang/String;Ljava/lang/String;ZZ)V,parseCustomActionSection
720,1.16,[action_NAME] / [hiddenAction_NAME],ini_section,Requirements for player/AI to use in UI,1.13.3,isGuiBlinking,isGuiBlinking,isGuiBlinking,LogicBoolean,"Flashes in UI to draw attention to it. Might be annoying if used often, recommended only for temporarily states/messages",isGuiBlinking: true,matched,com/corrodinggames/rts/game/units/custom/ag,rustedwarfare/custom/CustomUnitLoader,custom-unit-loader,isGuiBlinking,0,high,,b,(Lcom/corrodinggames/rts/game/units/custom/l;Lcom/corrodinggames/rts/gameFramework/utility/ab;Ljava/lang/String;Ljava/lang/String;Z)V,parseCanBuildActionSection
721,1.16,[action_NAME] / [hiddenAction_NAME],ini_section,Requirements for player/AI to use in UI,1.14,isAlsoViewableByAllies,isAlsoViewableByAllies,isAlsoViewableByAllies,bool,"Allows ally players to see actions from this unit, useful for showing stats to other players (eg missile count, items collected)",isAlsoViewableByAllies: true,matched,com/corrodinggames/rts/game/units/custom/ag,rustedwarfare/custom/CustomUnitLoader,custom-unit-loader,isAlsoViewableByAllies,0,high,,a,(Lcom/corrodinggames/rts/game/units/custom/l;Lcom/corrodinggames/rts/gameFramework/utility/ab;Ljava/lang/String;Ljava/lang/String;Ljava/lang/String;ZZ)V,parseCustomActionSection
722,1.16,[action_NAME] / [hiddenAction_NAME],ini_section,Requirements for player/AI to use in UI,1.14,isAlsoViewableByEnemies,isAlsoViewableByEnemies,isAlsoViewableByEnemies,bool,"Allows enemy players to see actions from this unit, useful for showing stats to other players (eg missile count, items collected)",isAlsoViewableByEnemies: true,matched,com/corrodinggames/rts/game/units/custom/ag,rustedwarfare/custom/CustomUnitLoader,custom-unit-loader,isAlsoViewableByEnemies,0,high,,a,(Lcom/corrodinggames/rts/game/units/custom/l;Lcom/corrodinggames/rts/gameFramework/utility/ab;Ljava/lang/String;Ljava/lang/String;Ljava/lang/String;ZZ)V,parseCustomActionSection
724,1.16,[action_NAME] / [hiddenAction_NAME],ini_section,AI - How the AI uses this action,1.13.3,ai_isHighPriority,ai_isHighPriority,ai_isHighPriority,LogicBoolean,Use this for faction selection actions or other high priority actions such as building high priority units,ai_isHighPriority: true,matched,com/corrodinggames/rts/game/units/custom/ag,rustedwarfare/custom/CustomUnitLoader,custom-unit-loader,ai_isHighPriority,0,high,,a,(Lcom/corrodinggames/rts/game/units/custom/l;Lcom/corrodinggames/rts/gameFramework/utility/ab;Ljava/lang/String;Ljava/lang/String;Ljava/lang/String;ZZ)V,parseCustomActionSection
725,1.16,[action_NAME] / [hiddenAction_NAME],ini_section,AI - How the AI uses this action,,ai_isDisabled,ai_isDisabled,ai_isDisabled,LogicBoolean,Defaults false. Stop AI using this action. (Note when ai_isHighPriority is true this might be ignored),ai_isDisabled: false,matched,com/corrodinggames/rts/game/units/custom/ag,rustedwarfare/custom/CustomUnitLoader,custom-unit-loader,ai_isDisabled,0,high,,a,(Lcom/corrodinggames/rts/game/units/custom/l;Lcom/corrodinggames/rts/gameFramework/utility/ab;Ljava/lang/String;Ljava/lang/String;Ljava/lang/String;ZZ)V,parseCustomActionSection
726,1.16,[action_NAME] / [hiddenAction_NAME],ini_section,AI - How the AI uses this action,1.13.3,ai_considerSameAsBuilding,ai_considerSameAsBuilding,ai_considerSameAsBuilding,bool,Be careful with,ai_considerSameAsBuilding: true,matched,com/corrodinggames/rts/game/units/custom/ag,rustedwarfare/custom/CustomUnitLoader,custom-unit-loader,ai_considerSameAsBuilding,0,high,,a,(Lcom/corrodinggames/rts/game/units/custom/l;Lcom/corrodinggames/rts/gameFramework/utility/ab;Ljava/lang/String;Ljava/lang/String;Ljava/lang/String;ZZ)V,parseCustomActionSection
728,1.16,[action_NAME] / [hiddenAction_NAME],ini_section,"Triggers - These skip the queue and do not use price, ignores isLocked, buildTime, etc",1.13.3 - 1.15p9,autoTriggerOnEvent:,autoTriggerOnEvent,autoTriggerOnEvent,event,"Action will be triggered when an event is happening on a particular unit. Options: created, completeAndActive, destroyed, killedAnyUnit, queuedUnitFinished, queueItemAdded(withActionTag=""#""), queueItemCancelled(withActionTag=""#""), teleported, touchTargetSuccess, newWaypointGivenByPlayer, teamChanged, transportingNewUnit, transportUnloadedOrRemovedUnit, tookDamage(withTag=""#""), newMessage(withTag=""#""), enteredTransport, leftTransport, attachmentRemoved. withTag parameter for tookDamage uses tag from projectile and it is optional. withTag parameter for newMessage uses message tags.","autoTriggerOnEvent: queueItemCancelled(withActionTag=""actionFire"")",matched,com/corrodinggames/rts/game/units/custom/ag,rustedwarfare/custom/CustomUnitLoader,custom-unit-loader,autoTriggerOnEvent,0,high,,a,(Lcom/corrodinggames/rts/game/units/custom/l;Lcom/corrodinggames/rts/gameFramework/utility/ab;Ljava/lang/String;Ljava/lang/String;Ljava/lang/String;ZZ)V,parseCustomActionSection
729,1.16,[action_NAME] / [hiddenAction_NAME],ini_section,"Triggers - These skip the queue and do not use price, ignores isLocked, buildTime, etc",1.15,autoTriggerOnEventRecursionLimit,autoTriggerOnEventRecursionLimit,autoTriggerOnEventRecursionLimit,int,"Defaults to 1. Prevents loops, useful with triggering itself so it doesn't infinitely triggers, good for repeating action effect on event",autoTriggerOnEventRecursionLimit: 4,matched,com/corrodinggames/rts/game/units/custom/ag,rustedwarfare/custom/CustomUnitLoader,custom-unit-loader,autoTriggerOnEventRecursionLimit,0,high,,a,(Lcom/corrodinggames/rts/game/units/custom/l;Lcom/corrodinggames/rts/gameFramework/utility/ab;Ljava/lang/String;Ljava/lang/String;Ljava/lang/String;ZZ)V,parseCustomActionSection
730,1.16,[action_NAME] / [hiddenAction_NAME],ini_section,"Triggers - These skip the queue and do not use price, ignores isLocked, buildTime, etc",,autoTrigger,autoTrigger,autoTrigger,LogicBoolean,"When true triggers the effects of this action instantly (ignoring price, isActive, isVisible, buildSpeed, etc)","autoTrigger: if self.overWater(), autoTrigger: if self.customTimer(laterThanSeconds=5)",matched,com/corrodinggames/rts/game/units/custom/ag,rustedwarfare/custom/CustomUnitLoader,custom-unit-loader,autoTrigger,0,high,,a,(Lcom/corrodinggames/rts/game/units/custom/l;Lcom/corrodinggames/rts/gameFramework/utility/ab;Ljava/lang/String;Ljava/lang/String;Ljava/lang/String;ZZ)V,parseCustomActionSection
731,1.16,[action_NAME] / [hiddenAction_NAME],ini_section,"Triggers - These skip the queue and do not use price, ignores isLocked, buildTime, etc",,autoTriggerCheckRate,autoTriggerCheckRate,autoTriggerCheckRate,enum,"options: everyFrame (default), every4Frames, every8Frames. This overrides autoTriggerCheckRate set on [core] Note: all triggers regardless of check rate are checked when first created and after an auto trigger cooldown. Note: Adding [core]autoTriggerCheckRate:every8Frames to all-units.template could have a large performance boost for mods with complex autoTriggers.",autoTriggerCheckRate:every8Frames,matched,com/corrodinggames/rts/game/units/custom/ag,rustedwarfare/custom/CustomUnitLoader,custom-unit-loader,autoTriggerCheckRate,0,high,,a,(Ljava/lang/String;Ljava/io/InputStream;JLcom/corrodinggames/rts/gameFramework/i/b;Lcom/corrodinggames/rts/gameFramework/utility/j;Ljava/lang/String;Ljava/lang/String;)Lcom/corrodinggames/rts/game/units/custom/l;,parseCustomUnitMetadata
733,1.16,[action_NAME] / [hiddenAction_NAME],ini_section,While action is queued,,buildSpeed,buildSpeed,buildSpeed,time,Sets how fast the action has to be queued before doing the action behaviors,buildSpeed: 5s,matched,com/corrodinggames/rts/game/units/custom/ag,rustedwarfare/custom/CustomUnitLoader,custom-unit-loader,buildSpeed,0,high,,a,(Ljava/lang/String;Ljava/io/InputStream;JLcom/corrodinggames/rts/gameFramework/i/b;Lcom/corrodinggames/rts/gameFramework/utility/j;Ljava/lang/String;Ljava/lang/String;)Lcom/corrodinggames/rts/game/units/custom/l;,parseCustomUnitMetadata
734,1.16,[action_NAME] / [hiddenAction_NAME],ini_section,While action is queued,,highPriorityQueue,highPriorityQueue,highPriorityQueue,bool,Defaults to false. If true this action skips all other low priority actions in queue. Useful for fireTurret actions.,highPriorityQueue: true,matched,com/corrodinggames/rts/game/units/custom/ag,rustedwarfare/custom/CustomUnitLoader,custom-unit-loader,highPriorityQueue,0,high,,a,(Lcom/corrodinggames/rts/game/units/custom/l;Lcom/corrodinggames/rts/gameFramework/utility/ab;Ljava/lang/String;Ljava/lang/String;Ljava/lang/String;ZZ)V,parseCustomActionSection
735,1.16,[action_NAME] / [hiddenAction_NAME],ini_section,While action is queued,,canPlayerCancel,canPlayerCancel,canPlayerCancel,bool,"Defaults to true. When false, players cannot cancel this particular action.",canPlayerCancel: false,matched,com/corrodinggames/rts/game/units/custom/ag,rustedwarfare/custom/CustomUnitLoader,custom-unit-loader,canPlayerCancel,0,high,,a,(Lcom/corrodinggames/rts/game/units/custom/l;Lcom/corrodinggames/rts/gameFramework/utility/ab;Ljava/lang/String;Ljava/lang/String;Ljava/lang/String;ZZ)V,parseCustomActionSection
736,1.16,[action_NAME] / [hiddenAction_NAME],ini_section,While action is queued,,whenBuilding_cannotMove,whenBuilding_cannotMove,whenBuilding_cannotMove,bool,Stops unit moving while action is being applied. Useful for deploy like actions.,whenBuilding_cannotMove: true,matched,com/corrodinggames/rts/game/units/custom/ag,rustedwarfare/custom/CustomUnitLoader,custom-unit-loader,whenBuilding_cannotMove,0,high,,a,(Lcom/corrodinggames/rts/game/units/custom/l;Lcom/corrodinggames/rts/gameFramework/utility/ab;Ljava/lang/String;Ljava/lang/String;Ljava/lang/String;ZZ)V,parseCustomActionSection
737,1.16,[action_NAME] / [hiddenAction_NAME],ini_section,While action is queued,,whenBuilding_playAnimation,whenBuilding_playAnimation,whenBuilding_playAnimation,animation ref,Plays a specified animation while the action is queued.,whenBuilding_playAnimation: firePrepare,matched,com/corrodinggames/rts/game/units/custom/ag,rustedwarfare/custom/CustomUnitLoader,custom-unit-loader,whenBuilding_playAnimation,0,high,,a,(Lcom/corrodinggames/rts/game/units/custom/l;Lcom/corrodinggames/rts/gameFramework/utility/ab;Ljava/lang/String;Ljava/lang/String;Ljava/lang/String;ZZ)V,parseCustomActionSection
738,1.16,[action_NAME] / [hiddenAction_NAME],ini_section,While action is queued,,whenBuilding_rotateTo,whenBuilding_rotateTo,whenBuilding_rotateTo,float,Rotate unit body to this direction when action is in active queue.,whenBuilding_rotateTo: 45,matched,com/corrodinggames/rts/game/units/custom/ag,rustedwarfare/custom/CustomUnitLoader,custom-unit-loader,whenBuilding_rotateTo,0,high,,a,(Lcom/corrodinggames/rts/game/units/custom/l;Lcom/corrodinggames/rts/gameFramework/utility/ab;Ljava/lang/String;Ljava/lang/String;Ljava/lang/String;ZZ)V,parseCustomActionSection
739,1.16,[action_NAME] / [hiddenAction_NAME],ini_section,While action is queued,,whenBuilding_rotateTo_orBackwards,whenBuilding_rotateTo_orBackwards,whenBuilding_rotateTo_orBackwards,bool,If true allow rotation in 180 degrees from whenBuilding_rotateTo when this is a smaller angle,whenBuilding_rotateTo_orBackwards: true,matched,com/corrodinggames/rts/game/units/custom/ag,rustedwarfare/custom/CustomUnitLoader,custom-unit-loader,whenBuilding_rotateTo_orBackwards,0,high,,a,(Lcom/corrodinggames/rts/game/units/custom/l;Lcom/corrodinggames/rts/gameFramework/utility/ab;Ljava/lang/String;Ljava/lang/String;Ljava/lang/String;ZZ)V,parseCustomActionSection
740,1.16,[action_NAME] / [hiddenAction_NAME],ini_section,While action is queued,,whenBuilding_rotateTo_waitTillRotated,whenBuilding_rotateTo_waitTillRotated,whenBuilding_rotateTo_waitTillRotated,bool,Pause action queue till rotation is finished,whenBuilding_rotateTo_waitTillRotated: true,matched,com/corrodinggames/rts/game/units/custom/ag,rustedwarfare/custom/CustomUnitLoader,custom-unit-loader,whenBuilding_rotateTo_waitTillRotated,0,high,,a,(Lcom/corrodinggames/rts/game/units/custom/l;Lcom/corrodinggames/rts/gameFramework/utility/ab;Ljava/lang/String;Ljava/lang/String;Ljava/lang/String;ZZ)V,parseCustomActionSection
741,1.16,[action_NAME] / [hiddenAction_NAME],ini_section,While action is queued,,whenBuilding_temporarilyConvertTo,whenBuilding_temporarilyConvertTo,whenBuilding_temporarilyConvertTo,unit ref,Convert to another unit while action is in active queue. Note: actions from the original unit will be kept,whenBuilding_temporarilyConvertTo: cannon_uberState,matched,com/corrodinggames/rts/game/units/custom/ag,rustedwarfare/custom/CustomUnitLoader,custom-unit-loader,whenBuilding_temporarilyConvertTo,0,high,,a,(Lcom/corrodinggames/rts/game/units/custom/l;Lcom/corrodinggames/rts/gameFramework/utility/ab;Ljava/lang/String;Ljava/lang/String;Ljava/lang/String;ZZ)V,parseCustomActionSection
742,1.16,[action_NAME] / [hiddenAction_NAME],ini_section,While action is queued,1.15,whenBuilding_temporarilyConvertTo_keepFields,whenBuilding_temporarilyConvertTo_keepFields,whenBuilding_temporarilyConvertTo_keepFields,fields,Don't change these fields when using whenBuilding_temporarilyConvertTo (both to and from),"whenBuilding_temporarilyConvertTo_keepFields: maxHp, maxEnergy, moveSpeed",matched,com/corrodinggames/rts/game/units/custom/ag,rustedwarfare/custom/CustomUnitLoader,custom-unit-loader,whenBuilding_temporarilyConvertTo_keepFields,0,high,,a,(Lcom/corrodinggames/rts/game/units/custom/l;Lcom/corrodinggames/rts/gameFramework/utility/ab;Ljava/lang/String;Ljava/lang/String;Ljava/lang/String;ZZ)V,parseCustomActionSection
743,1.16,[action_NAME] / [hiddenAction_NAME],ini_section,While action is queued,,whenBuilding_triggerAction,whenBuilding_triggerAction,whenBuilding_triggerAction,action ref,"While action is queued, another action is triggered.",whenBuilding_triggerAction: spawnMinions,matched,com/corrodinggames/rts/game/units/custom/ag,rustedwarfare/custom/CustomUnitLoader,custom-unit-loader,whenBuilding_triggerAction,0,high,,a,(Lcom/corrodinggames/rts/game/units/custom/l;Lcom/corrodinggames/rts/gameFramework/utility/ab;Ljava/lang/String;Ljava/lang/String;Ljava/lang/String;ZZ)V,parseCustomActionSection
744,1.16,[action_NAME] / [hiddenAction_NAME],ini_section,While action is queued,1.14,whenBuilding_rotateTo_aimAtActionTarget,whenBuilding_rotateTo_aimAtActionTarget,whenBuilding_rotateTo_aimAtActionTarget,bool,"While action is queued, the unit is rotated to the target. Often used with fireTurretX actions",whenBuilding_rotateTo_aimAtActionTarget: true,matched,com/corrodinggames/rts/game/units/custom/ag,rustedwarfare/custom/CustomUnitLoader,custom-unit-loader,whenBuilding_rotateTo_aimAtActionTarget,0,high,,a,(Lcom/corrodinggames/rts/game/units/custom/l;Lcom/corrodinggames/rts/gameFramework/utility/ab;Ljava/lang/String;Ljava/lang/String;Ljava/lang/String;ZZ)V,parseCustomActionSection
745,1.16,[action_NAME] / [hiddenAction_NAME],ini_section,While action is queued,1.14,whenBuilding_rotateTo_rotateTurretX,whenBuilding_rotateTo_rotateTurretX,whenBuilding_rotateTo_rotateTurretX,turret ref,"While action is queued, a specified turret is aimed at the target. Often used with fireTurretX actions",whenBuilding_rotateTo_rotateTurretX: cannon,matched,com/corrodinggames/rts/game/units/custom/ag,rustedwarfare/custom/CustomUnitLoader,custom-unit-loader,whenBuilding_rotateTo_rotateTurretX,0,high,,a,(Lcom/corrodinggames/rts/game/units/custom/l;Lcom/corrodinggames/rts/gameFramework/utility/ab;Ljava/lang/String;Ljava/lang/String;Ljava/lang/String;ZZ)V,parseCustomActionSection
746,1.16,[action_NAME] / [hiddenAction_NAME],ini_section,While action is queued,,spawnEffectsOnQueue,spawnEffectsOnQueue,spawnEffectsOnQueue,effect ref,Effects to spawn at unit when action is first added to queue,spawnEffectsOnQueue: CUSTOM:steam,matched,com/corrodinggames/rts/game/units/custom/ag,rustedwarfare/custom/CustomUnitLoader,custom-unit-loader,spawnEffectsOnQueue,0,high,,a,(Lcom/corrodinggames/rts/game/units/custom/l;Lcom/corrodinggames/rts/gameFramework/utility/ab;Ljava/lang/String;Ljava/lang/String;Ljava/lang/String;ZZ)V,parseCustomActionSection
747,1.16,[action_NAME] / [hiddenAction_NAME],ini_section,While action is queued,,playSoundToPlayerOnQueue,playSoundToPlayerOnQueue,playSoundToPlayerOnQueue,sound ref,Global sound to play to unit's player only when action is first added to queue,playSoundToPlayerOnQueue: eva_building.ogg,matched,com/corrodinggames/rts/game/units/custom/ag,rustedwarfare/custom/CustomUnitLoader,custom-unit-loader,playSoundToPlayerOnQueue,0,high,,a,(Lcom/corrodinggames/rts/game/units/custom/l;Lcom/corrodinggames/rts/gameFramework/utility/ab;Ljava/lang/String;Ljava/lang/String;Ljava/lang/String;ZZ)V,parseCustomActionSection
748,1.16,[action_NAME] / [hiddenAction_NAME],ini_section,While action is queued,1.16,lockCameraToUnitOnQueue,lockCameraToUnitOnQueue,lockCameraToUnitOnQueue,dynamic unit ref,"Only effects player that triggered the action. Locks the camera on this unit and stops if the player tries to move the camera. If multiple units are triggered, the camera won't lock at all.",lockCameraToUnitOnQueue: lastDamagedBy,unmatched,,,,,0,official-only,,,,
749,1.16,[action_NAME] / [hiddenAction_NAME],ini_section,While action is queued,1.16,addSelectedUnitOnQueue,addSelectedUnitOnQueue,addSelectedUnitOnQueue,dynamic unit ref,Only effects player that triggered action. Modifies the current active player selection to include in addition the unit references.,,unmatched,,,,,0,official-only,,,,
750,1.16,[action_NAME] / [hiddenAction_NAME],ini_section,While action is queued,1.16,setSelectedUnitOnQueue,setSelectedUnitOnQueue,setSelectedUnitOnQueue,dynamic unit ref,Only effects player that triggered action. Modifies the current active player selection to become the unit references.,,unmatched,,,,,0,official-only,,,,
752,1.16,[action_NAME] / [hiddenAction_NAME],ini_section,Misc outcomes / Results (What happens) (Note: Must be at least one outcome for an action to show),,requireConditional,requireConditional,requireConditional,LogicBoolean,Skip all effects of this action if this evaluates to false,requireConditional: if self.resource.mass < 300,matched,com/corrodinggames/rts/game/units/custom/ag,rustedwarfare/custom/CustomUnitLoader,custom-unit-loader,requireConditional,0,high,,a,(Lcom/corrodinggames/rts/game/units/custom/l;Lcom/corrodinggames/rts/gameFramework/utility/ab;Ljava/lang/String;Ljava/lang/String;Ljava/lang/String;ZZ)V,parseCustomActionSection
753,1.16,[action_NAME] / [hiddenAction_NAME],ini_section,Misc outcomes / Results (What happens) (Note: Must be at least one outcome for an action to show),1.13.3,convertTo,convertTo,convertTo,unit ref,Convert your unit into another unit. properties are preserved.,convertTo: fishLevel2,matched,com/corrodinggames/rts/game/units/custom/ag,rustedwarfare/custom/CustomUnitLoader,custom-unit-loader,convertTo,0,high,,a,(Lcom/corrodinggames/rts/game/units/custom/l;Lcom/corrodinggames/rts/gameFramework/utility/ab;Ljava/lang/String;Ljava/lang/String;Ljava/lang/String;ZZ)V,parseCustomActionSection
754,1.16,[action_NAME] / [hiddenAction_NAME],ini_section,Misc outcomes / Results (What happens) (Note: Must be at least one outcome for an action to show),1.14,convertTo_keepCurrentTags,convertTo_keepCurrentTags,convertTo_keepCurrentTags,bool,Keep current and temporarily tags and ignores default tags on convertTo target.,convertTo_keepCurrentTags: true,matched,com/corrodinggames/rts/game/units/custom/ag,rustedwarfare/custom/CustomUnitLoader,custom-unit-loader,convertTo_keepCurrentTags,0,high,,a,(Lcom/corrodinggames/rts/game/units/custom/l;Lcom/corrodinggames/rts/gameFramework/utility/ab;Ljava/lang/String;Ljava/lang/String;Ljava/lang/String;ZZ)V,parseCustomActionSection
755,1.16,[action_NAME] / [hiddenAction_NAME],ini_section,Misc outcomes / Results (What happens) (Note: Must be at least one outcome for an action to show),1.15,convertTo_keepCurrentFields,convertTo_keepCurrentFields,convertTo_keepCurrentFields,fields,"Don't change these fields when converting, useful with setUnitStats (Allowed fields: maxHp, maxShield, shieldRegen, maxEnergy, armour, mass, shootDelayMultiplier, moveSpeed, maxAttackRange.)","convertTo_keepCurrentFields: armour, maxEnergy, maxHp",matched,com/corrodinggames/rts/game/units/custom/ag,rustedwarfare/custom/CustomUnitLoader,custom-unit-loader,convertTo_keepCurrentFields,0,high,,a,(Lcom/corrodinggames/rts/game/units/custom/l;Lcom/corrodinggames/rts/gameFramework/utility/ab;Ljava/lang/String;Ljava/lang/String;Ljava/lang/String;ZZ)V,parseCustomActionSection
756,1.16,[action_NAME] / [hiddenAction_NAME],ini_section,Misc outcomes / Results (What happens) (Note: Must be at least one outcome for an action to show),,addEnergy,addEnergy,addEnergy,addEnergy,Adds energy to unit. Has no effect unless energyMax is set. (Same as addResources: energy=X),addEnergy: 10,matched,com/corrodinggames/rts/game/units/custom/ag,rustedwarfare/custom/CustomUnitLoader,custom-unit-loader,addEnergy,0,high,,a,(Lcom/corrodinggames/rts/game/units/custom/l;Lcom/corrodinggames/rts/gameFramework/utility/ab;Ljava/lang/String;Ljava/lang/String;Ljava/lang/String;ZZ)V,parseCustomActionSection
757,1.16,[action_NAME] / [hiddenAction_NAME],ini_section,Misc outcomes / Results (What happens) (Note: Must be at least one outcome for an action to show),,addResources,addResources,addResources,resources,Add these resources when action finishes.,"addResources: credits=5, energy=-5, hp=-100, shield=5, ammo=1",matched,com/corrodinggames/rts/game/units/custom/ag,rustedwarfare/custom/CustomUnitLoader,custom-unit-loader,addResources,1,high,,b,(Lcom/corrodinggames/rts/game/units/custom/l;Lcom/corrodinggames/rts/gameFramework/utility/ab;Ljava/lang/String;Ljava/lang/String;Z)V,parseCanBuildActionSection
758,1.16,[action_NAME] / [hiddenAction_NAME],ini_section,Misc outcomes / Results (What happens) (Note: Must be at least one outcome for an action to show),,addResourcesScaledByAIHandicaps,addResourcesScaledByAIHandicaps,addResourcesScaledByAIHandicaps,resources,"Same as addResources, but increased or decreased depending on AI difficulty level","addResourcesScaledByAIHandicaps: credits=5, hp=-100",matched,com/corrodinggames/rts/game/units/custom/ag,rustedwarfare/custom/CustomUnitLoader,custom-unit-loader,addResourcesScaledByAIHandicaps,0,high,,a,(Lcom/corrodinggames/rts/game/units/custom/l;Lcom/corrodinggames/rts/gameFramework/utility/ab;Ljava/lang/String;Ljava/lang/String;Ljava/lang/String;ZZ)V,parseCustomActionSection
759,1.16,[action_NAME] / [hiddenAction_NAME],ini_section,Misc outcomes / Results (What happens) (Note: Must be at least one outcome for an action to show),1.15,addResourcesWithLogic,addResourcesWithLogic,addResourcesWithLogic,dynamic resources,Like addResources but allows logic to be used for the resource value,"addResourcesWithLogic: hp = select( self.parent.energy>5, 10, 20 )",matched,com/corrodinggames/rts/game/units/custom/a/a/a,rustedwarfare/custom/action/effect/ResourceModificationActionEffect,action-parser,addResourcesWithLogic,0,medium,,,,
760,1.16,[action_NAME] / [hiddenAction_NAME],ini_section,Misc outcomes / Results (What happens) (Note: Must be at least one outcome for an action to show),1.15,setResourcesWithLogic,setResourcesWithLogic,setResourcesWithLogic,dynamic resources,Sets target resources to this value instead of adding. Becareful with global resources.,"setResourcesWithLogic: hp=self.parent.hp - 10, energy = self.energy / 2",matched,com/corrodinggames/rts/game/units/custom/a/a/a,rustedwarfare/custom/action/effect/ResourceModificationActionEffect,action-parser,setResourcesWithLogic,0,medium,,,,
761,1.16,[action_NAME] / [hiddenAction_NAME],ini_section,Misc outcomes / Results (What happens) (Note: Must be at least one outcome for an action to show),,deleteSelf,deleteSelf,deleteSelf,bool,Remove self with no explosions or sounds,deleteSelf: true,matched,com/corrodinggames/rts/game/units/custom/a/a/j,rustedwarfare/custom/action/effect/SelfMutationActionEffect,action-parser,deleteSelf,0,medium,,,,
762,1.16,[action_NAME] / [hiddenAction_NAME],ini_section,Misc outcomes / Results (What happens) (Note: Must be at least one outcome for an action to show),,resetCustomTimer,resetCustomTimer,resetCustomTimer,LogicBoolean,Reset timer used with self.customTimer(),resetCustomTimer: true,matched,com/corrodinggames/rts/game/units/custom/ag,rustedwarfare/custom/CustomUnitLoader,custom-unit-loader,resetCustomTimer,0,high,,a,(Lcom/corrodinggames/rts/game/units/custom/l;Lcom/corrodinggames/rts/gameFramework/utility/ab;Ljava/lang/String;Ljava/lang/String;Ljava/lang/String;ZZ)V,parseCustomActionSection
763,1.16,[action_NAME] / [hiddenAction_NAME],ini_section,Misc outcomes / Results (What happens) (Note: Must be at least one outcome for an action to show),1.13.3,setBodyRotation,setBodyRotation,setBodyRotation,int,Rotates the unit to a particular direction. Supports dynamic values,"setBodyRotation: 270, setBodyRotation: directionBetween(self, customTarget1)",matched,com/corrodinggames/rts/game/units/custom/a/a/j,rustedwarfare/custom/action/effect/SelfMutationActionEffect,action-parser,setBodyRotation,0,medium,,,,
764,1.16,[action_NAME] / [hiddenAction_NAME],ini_section,Misc outcomes / Results (What happens) (Note: Must be at least one outcome for an action to show),1.16,setSpeed,setSpeed,setSpeed,dynamic vec2,Sets the units current speed,,unmatched,,,,,0,official-only,,,,
765,1.16,[action_NAME] / [hiddenAction_NAME],ini_section,Misc outcomes / Results (What happens) (Note: Must be at least one outcome for an action to show),1.16,addSpeed,addSpeed,addSpeed,dynamic vec2,Adds to the units current speed,,unmatched,,,,,0,official-only,,,,
766,1.16,[action_NAME] / [hiddenAction_NAME],ini_section,Misc outcomes / Results (What happens) (Note: Must be at least one outcome for an action to show),1.15,setUnitStats,setUnitStats,setUnitStats,fields values,"Allows changing of a select number of fields dynamically without converting. Supports =/+=/-=, with dynamic maths/logic. Changeable fields: maxHp, hp, maxShield, shield, shieldRegen, maxEnergy, energy, armour, mass, shootDelayMultiplier, shootDamageMultiplier, moveSpeed, maxTurnSpeed, maxAttackRange, fogOfWarSightRange, nanoRange, selfRegenRate, targetHeight, nanoFactorySpeed. (targetHeight adjust the unit's height gradually relative to its current height, unlike setting it with setHeight)","setUnitStats: maxShield += 20, moveSpeed += 0.1",matched,com/corrodinggames/rts/game/units/custom/a/a/j,rustedwarfare/custom/action/effect/SelfMutationActionEffect,action-parser,setUnitStats,0,medium,,,,
767,1.16,[action_NAME] / [hiddenAction_NAME],ini_section,Misc outcomes / Results (What happens) (Note: Must be at least one outcome for an action to show),1.15,resetUnitStats,resetUnitStats,resetUnitStats,boolean,Reset changes made by setUnitStats to base values,resetUnitStats: true,matched,com/corrodinggames/rts/game/units/custom/a/a/j,rustedwarfare/custom/action/effect/SelfMutationActionEffect,action-parser,resetUnitStats,0,medium,,,,
768,1.16,[action_NAME] / [hiddenAction_NAME],ini_section,Misc outcomes / Results (What happens) (Note: Must be at least one outcome for an action to show),1.15,setUnitMemory,setUnitMemory,setUnitMemory,key value pairs,"Change this unit's memory, values can be set with logic. Memory must first be defined with defineUnitMemory","setUnitMemory: """""" customText=memory.customText+'hello', nukeActive=true, nextTarget=self.attacking.nearestUnit(withinRange=300, withTag='x', relation='enemy') """"""",matched,com/corrodinggames/rts/game/units/custom/a/a/h,rustedwarfare/custom/action/effect/MemoryAndTargetActionEffect,action-parser,setUnitMemory,0,medium,,,,
769,1.16,[action_NAME] / [hiddenAction_NAME],ini_section,Misc outcomes / Results (What happens) (Note: Must be at least one outcome for an action to show),1.15,shrinkArrays,shrinkArrays,shrinkArrays,memory,"Clears indexes with null values, shrinking the array",shrinkArrays: memory.fishLog[],matched,com/corrodinggames/rts/game/units/custom/a/a/h,rustedwarfare/custom/action/effect/MemoryAndTargetActionEffect,action-parser,shrinkArrays,0,medium,,,,
771,1.16,[action_NAME] / [hiddenAction_NAME],ini_section,Misc outcomes / Results (What happens) (Note: Must be at least one outcome for an action to show),1.15,setHeight,setHeight,setHeight,logicNumber,Changes unit height based on this height value,setHeight: parent.height+5,matched,com/corrodinggames/rts/game/units/custom/a/a/j,rustedwarfare/custom/action/effect/SelfMutationActionEffect,action-parser,setHeight,0,medium,,,,
772,1.16,[action_NAME] / [hiddenAction_NAME],ini_section,Misc outcomes / Results (What happens) (Note: Must be at least one outcome for an action to show),1.15,setCustomTarget1:,setCustomTarget1,setCustomTarget1,unit ref,Used for unit linking without requiring unit memories or markers. It is the unit that built this by default.,setCustomTarget1: self.parent,matched,com/corrodinggames/rts/game/units/custom/a/a/h,rustedwarfare/custom/action/effect/MemoryAndTargetActionEffect,action-parser,setCustomTarget1,0,medium,,,,
773,1.16,[action_NAME] / [hiddenAction_NAME],ini_section,Misc outcomes / Results (What happens) (Note: Must be at least one outcome for an action to show),1.15,setCustomTarget2:,setCustomTarget2,setCustomTarget2,unit ref,Like setCustomTarget1 and with the same use. It is none by default.,setCustomTarget2: lastDamagedBy,matched,com/corrodinggames/rts/game/units/custom/a/a/h,rustedwarfare/custom/action/effect/MemoryAndTargetActionEffect,action-parser,setCustomTarget2,0,medium,,,,
774,1.16,[action_NAME] / [hiddenAction_NAME],ini_section,Misc outcomes / Results (What happens) (Note: Must be at least one outcome for an action to show),1.15,sendMessageTo:,sendMessageTo,sendMessageTo,unit ref,Sends a message to a targeted unit,"sendMessageTo: unitref nearestUnit(withinRange=100, withTag=""fish"").",matched,com/corrodinggames/rts/game/units/custom/a/a/i,rustedwarfare/custom/action/effect/SendMessageActionEffect,action-parser,sendMessageTo,0,medium,,,,
775,1.16,[action_NAME] / [hiddenAction_NAME],ini_section,Misc outcomes / Results (What happens) (Note: Must be at least one outcome for an action to show),1.15,sendMessageWithTags:,sendMessageWithTags,sendMessageWithTags,Message Tag,"Useful for message detection in an autoTriggerOnEvent event, eg autoTriggerOnEvent:newMessage(withTag='xyz')",sendMessageWithTags: hitZone,matched,com/corrodinggames/rts/game/units/custom/a/a/i,rustedwarfare/custom/action/effect/SendMessageActionEffect,action-parser,sendMessageWithTags,0,medium,,,,
776,1.16,[action_NAME] / [hiddenAction_NAME],ini_section,Misc outcomes / Results (What happens) (Note: Must be at least one outcome for an action to show),1.15,sendMessageWithData,sendMessageWithData,sendMessageWithData,key-value,"The data that will be sent to the targeted unit. Allows multiple key-value pairs with any dynamic data type, use eventData() to read this data in the event","sendMessageWithData: fish=""nice!"", cat=self.activeWaypointTarget, amount=4, xyz=memory.something",matched,com/corrodinggames/rts/game/units/custom/a/a/i,rustedwarfare/custom/action/effect/SendMessageActionEffect,action-parser,sendMessageWithData,0,medium,,,,
777,1.16,[action_NAME] / [hiddenAction_NAME],ini_section,Misc outcomes / Results (What happens) (Note: Must be at least one outcome for an action to show),1.15,refundAllQueuedItems,refundAllQueuedItems,refundAllQueuedItems,boolean,Refunds the spent price in the queue of a specific action; Includes set flags in price,refundAllQueuedItems: true,matched,com/corrodinggames/rts/game/units/custom/a/a/j,rustedwarfare/custom/action/effect/SelfMutationActionEffect,action-parser,refundAllQueuedItems,0,medium,,,,
778,1.16,[action_NAME] / [hiddenAction_NAME],ini_section,Misc outcomes / Results (What happens) (Note: Must be at least one outcome for an action to show),1.15,removeAllQueuedItemsWithoutRefund,removeAllQueuedItemsWithoutRefund,removeAllQueuedItemsWithoutRefund,boolean,"Similar to refundAllQueuedItems, but does not refund",removeAllQueuedItemsWithoutRefund: true,matched,com/corrodinggames/rts/game/units/custom/a/a/j,rustedwarfare/custom/action/effect/SelfMutationActionEffect,action-parser,removeAllQueuedItemsWithoutRefund,0,medium,,,,
780,1.16,[action_NAME] / [hiddenAction_NAME],ini_section,Outcome - Chaining Actions,,alsoTriggerAction,alsoTriggerAction,alsoTriggerAction,action refs,Trigger to results of another action as well. Ignores action's requirements.,"alsoTriggerAction: addCredits, playSound",matched,com/corrodinggames/rts/game/units/custom/ag,rustedwarfare/custom/CustomUnitLoader,custom-unit-loader,alsoTriggerAction,0,high,,a,(Lcom/corrodinggames/rts/game/units/custom/l;Lcom/corrodinggames/rts/gameFramework/utility/ab;Ljava/lang/String;Ljava/lang/String;Ljava/lang/String;ZZ)V,parseCustomActionSection
781,1.16,[action_NAME] / [hiddenAction_NAME],ini_section,Outcome - Chaining Actions,,alsoQueueAction,alsoQueueAction,alsoQueueAction,action refs,Adds another action into the normal unit's queue. Ignores action's requirements,alsoQueueAction: spawnMinions,matched,com/corrodinggames/rts/game/units/custom/ag,rustedwarfare/custom/CustomUnitLoader,custom-unit-loader,alsoQueueAction,0,high,,a,(Lcom/corrodinggames/rts/game/units/custom/l;Lcom/corrodinggames/rts/gameFramework/utility/ab;Ljava/lang/String;Ljava/lang/String;Ljava/lang/String;ZZ)V,parseCustomActionSection
782,1.16,[action_NAME] / [hiddenAction_NAME],ini_section,Outcome - Chaining Actions,,alsoTriggerOrQueueActionConditional,alsoTriggerOrQueueActionConditional,alsoTriggerOrQueueActionConditional,LogicBoolean,Defaults true. alsoTriggerAction and alsoQueueAction are ignored if this works out to be false.,alsoTriggerOrQueueActionConditional: false,matched,com/corrodinggames/rts/game/units/custom/ag,rustedwarfare/custom/CustomUnitLoader,custom-unit-loader,alsoTriggerOrQueueActionConditional,0,high,,a,(Lcom/corrodinggames/rts/game/units/custom/l;Lcom/corrodinggames/rts/gameFramework/utility/ab;Ljava/lang/String;Ljava/lang/String;Ljava/lang/String;ZZ)V,parseCustomActionSection
783,1.16,[action_NAME] / [hiddenAction_NAME],ini_section,Outcome - Chaining Actions,1.15p9,alsoTriggerOrQueueActionWithTarget,alsoTriggerOrQueueActionWithTarget,alsoTriggerOrQueueActionWithTarget,unitref,"Changes the target of the triggered action, normally defaults to the current action target. Effects things like fireTurretXAtGround, spawnUnits, thisActionTarget(), etc",alsoTriggerOrQueueActionWithTarget: lastDamagedBy,matched,com/corrodinggames/rts/game/units/custom/ag,rustedwarfare/custom/CustomUnitLoader,custom-unit-loader,alsoTriggerOrQueueActionWithTarget,0,high,,a,(Lcom/corrodinggames/rts/game/units/custom/l;Lcom/corrodinggames/rts/gameFramework/utility/ab;Ljava/lang/String;Ljava/lang/String;Ljava/lang/String;ZZ)V,parseCustomActionSection
784,1.16,[action_NAME] / [hiddenAction_NAME],ini_section,Outcome - Chaining Actions,1.15p11,alsoTriggerActionRepeat,alsoTriggerActionRepeat,alsoTriggerActionRepeat,logicNumber,"Repeats the alsoTriggerAction call, thisActionIndex changed on each repeat - Useful to create loops or work with arrays",alsoTriggerActionRepeat: 5,matched,com/corrodinggames/rts/game/units/custom/ag,rustedwarfare/custom/CustomUnitLoader,custom-unit-loader,alsoTriggerActionRepeat,0,high,,a,(Lcom/corrodinggames/rts/game/units/custom/l;Lcom/corrodinggames/rts/gameFramework/utility/ab;Ljava/lang/String;Ljava/lang/String;Ljava/lang/String;ZZ)V,parseCustomActionSection
785,1.16,[action_NAME] / [hiddenAction_NAME],ini_section,Outcome - Chaining Actions,1.16,otherwiseTriggerAction,otherwiseTriggerAction,otherwiseTriggerAction,action refs,"Triggers a different action if autoTrigger or requireConditionals return false. (Serves as the ""else"" in a generic programming syntax)",,unmatched,,,,,0,official-only,,,,
787,1.16,[action_NAME] / [hiddenAction_NAME],ini_section,Outcome - Sounds,,playSoundAtUnit,playSoundAtUnit,playSoundAtUnit,sound ref,Local sound to play when action finishes,playSoundAtUnit: engineStart.ogg,matched,com/corrodinggames/rts/game/units/custom/ag,rustedwarfare/custom/CustomUnitLoader,custom-unit-loader,playSoundAtUnit,0,high,,a,(Lcom/corrodinggames/rts/game/units/custom/l;Lcom/corrodinggames/rts/gameFramework/utility/ab;Ljava/lang/String;Ljava/lang/String;Ljava/lang/String;ZZ)V,parseCustomActionSection
788,1.16,[action_NAME] / [hiddenAction_NAME],ini_section,Outcome - Sounds,,playSoundGlobally,playSoundGlobally,playSoundGlobally,sound ref,Global sound to play to all players in game,playSoundGlobally: hornWarn.ogg,matched,com/corrodinggames/rts/game/units/custom/ag,rustedwarfare/custom/CustomUnitLoader,custom-unit-loader,playSoundGlobally,0,high,,a,(Lcom/corrodinggames/rts/game/units/custom/l;Lcom/corrodinggames/rts/gameFramework/utility/ab;Ljava/lang/String;Ljava/lang/String;Ljava/lang/String;ZZ)V,parseCustomActionSection
789,1.16,[action_NAME] / [hiddenAction_NAME],ini_section,Outcome - Sounds,,playSoundToPlayer,playSoundToPlayer,playSoundToPlayer,sound ref,Global sound to play to unit's player only,playSoundToPlayer: confirm.wav,matched,com/corrodinggames/rts/game/units/custom/ag,rustedwarfare/custom/CustomUnitLoader,custom-unit-loader,playSoundToPlayer,0,high,,a,(Lcom/corrodinggames/rts/game/units/custom/l;Lcom/corrodinggames/rts/gameFramework/utility/ab;Ljava/lang/String;Ljava/lang/String;Ljava/lang/String;ZZ)V,parseCustomActionSection
791,1.16,[action_NAME] / [hiddenAction_NAME],ini_section,Outcome - Fire projectile from turret,,fireTurretXAtGround,fireTurretXAtGround,fireTurretXAtGround,turret ref,"When action finishes fire target turret at point on ground, bypasses canShoot rules in turret.",fireTurretXAtGround: nukeSilo,matched,com/corrodinggames/rts/game/units/custom/ag,rustedwarfare/custom/CustomUnitLoader,custom-unit-loader,fireTurretXAtGround,0,high,,a,(Lcom/corrodinggames/rts/game/units/custom/l;Lcom/corrodinggames/rts/gameFramework/utility/ab;Ljava/lang/String;Ljava/lang/String;Ljava/lang/String;ZZ)V,parseCustomActionSection
792,1.16,[action_NAME] / [hiddenAction_NAME],ini_section,Outcome - Fire projectile from turret,,fireTurretXAtGround_withOffset:,fireTurretXAtGround_withOffset,fireTurretXAtGround_withOffset,point,"If not set player targets the ground with GUI, if a point is set this step is skipped","fireTurretXAtGround_withOffset: 0,0",matched,com/corrodinggames/rts/game/units/custom/ag,rustedwarfare/custom/CustomUnitLoader,custom-unit-loader,fireTurretXAtGround_withOffset,0,high,,a,(Lcom/corrodinggames/rts/game/units/custom/l;Lcom/corrodinggames/rts/gameFramework/utility/ab;Ljava/lang/String;Ljava/lang/String;Ljava/lang/String;ZZ)V,parseCustomActionSection
793,1.16,[action_NAME] / [hiddenAction_NAME],ini_section,Outcome - Fire projectile from turret,,fireTurretXAtGround_withProjectile:,fireTurretXAtGround_withProjectile,fireTurretXAtGround_withProjectile,projectile ref,Used with fireTurretXAtGround. Defaults to target turret's normal projectile.,fireTurretXAtGround_withProjectile: nuke,matched,com/corrodinggames/rts/game/units/custom/ag,rustedwarfare/custom/CustomUnitLoader,custom-unit-loader,fireTurretXAtGround_withProjectile,0,high,,a,(Lcom/corrodinggames/rts/game/units/custom/l;Lcom/corrodinggames/rts/gameFramework/utility/ab;Ljava/lang/String;Ljava/lang/String;Ljava/lang/String;ZZ)V,parseCustomActionSection
794,1.16,[action_NAME] / [hiddenAction_NAME],ini_section,Outcome - Fire projectile from turret,1.15,fireTurretXAtGround_withTarget,fireTurretXAtGround_withTarget,fireTurretXAtGround_withTarget,unitref,Fires a turret aimed at the location of the indicated unit or marker,fireTurretXAtGround_withTarget: lastDamagedBy,matched,com/corrodinggames/rts/game/units/custom/ag,rustedwarfare/custom/CustomUnitLoader,custom-unit-loader,fireTurretXAtGround_withTarget,0,high,,a,(Lcom/corrodinggames/rts/game/units/custom/l;Lcom/corrodinggames/rts/gameFramework/utility/ab;Ljava/lang/String;Ljava/lang/String;Ljava/lang/String;ZZ)V,parseCustomActionSection
795,1.16,[action_NAME] / [hiddenAction_NAME],ini_section,Outcome - Fire projectile from turret,1.13.3,fireTurretXAtGround_count,fireTurretXAtGround_count,fireTurretXAtGround_count,,Number of projectiles to fire. Defaults to 1,fireTurretXAtGround_count: 3,matched,com/corrodinggames/rts/game/units/custom/ag,rustedwarfare/custom/CustomUnitLoader,custom-unit-loader,fireTurretXAtGround_count,0,high,,a,(Lcom/corrodinggames/rts/game/units/custom/l;Lcom/corrodinggames/rts/gameFramework/utility/ab;Ljava/lang/String;Ljava/lang/String;Ljava/lang/String;ZZ)V,parseCustomActionSection
796,1.16,[action_NAME] / [hiddenAction_NAME],ini_section,Outcome - Fire projectile from turret,1.13.3,fireTurretXAtGround_onlyOverPassableTileOf,fireTurretXAtGround_onlyOverPassableTileOf,fireTurretXAtGround_onlyOverPassableTileOf,,"Only allow tiles crossable by this movement type to be selected (e.g., LAND,BUILDING,WATER,HOVER)",fireTurretXAtGround_onlyOverPassableTileOf: HOVER,matched,com/corrodinggames/rts/game/units/custom/ag,rustedwarfare/custom/CustomUnitLoader,custom-unit-loader,fireTurretXAtGround_onlyOverPassableTileOf,0,high,,a,(Lcom/corrodinggames/rts/game/units/custom/l;Lcom/corrodinggames/rts/gameFramework/utility/ab;Ljava/lang/String;Ljava/lang/String;Ljava/lang/String;ZZ)V,parseCustomActionSection
797,1.16,[action_NAME] / [hiddenAction_NAME],ini_section,Outcome - Fire projectile from turret,1.15p11,fireTurretXAtGround_showGuideDecals,fireTurretXAtGround_showGuideDecals,fireTurretXAtGround_showGuideDecals,decal refs,Draws decals at the target location. Recommend setting up decals with layer: inactive,fireTurretXAtGround_showGuideDecals: strikeZone300,matched,com/corrodinggames/rts/game/units/custom/ag,rustedwarfare/custom/CustomUnitLoader,custom-unit-loader,fireTurretXAtGround_showGuideDecals,0,high,,a,(Lcom/corrodinggames/rts/game/units/custom/l;Lcom/corrodinggames/rts/gameFramework/utility/ab;Ljava/lang/String;Ljava/lang/String;Ljava/lang/String;ZZ)V,parseCustomActionSection
800,1.16,[action_NAME] / [hiddenAction_NAME],ini_section,Outcome - Spawning,1.13.3,spawnUnits,spawnUnits,spawnUnits,unitref,Spawn units at action's target. See 'Spawn units line' section in this doc for details.,"eg: spawnUnits: heavyTank, tank*5, hoverTank(offsetX=10)",matched,com/corrodinggames/rts/game/units/custom/a/a/k,rustedwarfare/custom/action/effect/SpawnUnitsActionEffect,action-parser,spawnUnits,0,medium,,,,
801,1.16,[action_NAME] / [hiddenAction_NAME],ini_section,Outcome - Spawning,1.13.3,produceUnits,produceUnits,produceUnits,unitref,"Like spawnUnits but unit exits as if it was produced normally, and gets a move away waypoint","produceUnits: builder*4, plasmaTank*8",matched,com/corrodinggames/rts/game/units/custom/a/a/k,rustedwarfare/custom/action/effect/SpawnUnitsActionEffect,action-parser,produceUnits,0,medium,,,,
802,1.16,[action_NAME] / [hiddenAction_NAME],ini_section,Outcome - Spawning,,spawnEffects,spawnEffects,spawnEffects,effect ref,Effects to spawn at unit,spawnEffects: CUSTOM:puff,matched,com/corrodinggames/rts/game/units/custom/ag,rustedwarfare/custom/CustomUnitLoader,custom-unit-loader,spawnEffects,0,high,,a,(Lcom/corrodinggames/rts/game/units/custom/l;Lcom/corrodinggames/rts/gameFramework/utility/ab;Ljava/lang/String;Ljava/lang/String;Ljava/lang/String;ZZ)V,parseCustomActionSection
804,1.16,[action_NAME] / [hiddenAction_NAME],ini_section,Outcome - Position,1.14,offsetSelfAbsolute:,offsetSelfAbsolute,offsetSelfAbsolute,point3d,"Offsets unit position absolutely by this point. Format: [x,y,height]","offsetSelfAbsolute: 0, 0, 40",matched,com/corrodinggames/rts/game/units/custom/a/a/j,rustedwarfare/custom/action/effect/SelfMutationActionEffect,action-parser,offsetSelfAbsolute,0,medium,,,,
805,1.16,[action_NAME] / [hiddenAction_NAME],ini_section,Outcome - Position,1.15p11,teleportTo,teleportTo,teleportTo,unit ref/marker,Changes unit position to this position. Great alternative to fireTurretX with teleporting projectile,teleportTo: memory.lastLocation,matched,com/corrodinggames/rts/game/units/custom/a/a/j,rustedwarfare/custom/action/effect/SelfMutationActionEffect,action-parser,teleportTo,0,medium,,,,
807,1.16,[action_NAME] / [hiddenAction_NAME],ini_section,Outcome - Transport Changes,,addUnitsIntoTransport,addUnitsIntoTransport,addUnitsIntoTransport,unitTypes,"Creates and add units into transport, use self.transportingCount() to check for space before adding","addUnitsIntoTransport: tank*3, heavyTank(neutralTeam=true)",matched,com/corrodinggames/rts/game/units/custom/a/a/o,rustedwarfare/custom/action/effect/TransportActionEffect,action-parser,addUnitsIntoTransport,0,medium,,,,
808,1.16,[action_NAME] / [hiddenAction_NAME],ini_section,Outcome - Transport Changes,1.15,transportTargetNow,transportTargetNow,transportTargetNow,unit ref,{Currently broken in 1.15 - don't use} Instantly tries to transports existing units on the map into this transport. Might fail if rules don't allow this unit to be transported.,,matched,com/corrodinggames/rts/game/units/custom/a/a/o,rustedwarfare/custom/action/effect/TransportActionEffect,action-parser,transportTargetNow,0,medium,,,,
809,1.16,[action_NAME] / [hiddenAction_NAME],ini_section,Outcome - Transport Changes,1.16,forceTransportTargetNow,forceTransportTargetNow,forceTransportTargetNow,dynamic unit ref,Bypasses all transport checks even if the target is not even a transport. Be careful with usage,,unmatched,,,,,0,official-only,,,,
810,1.16,[action_NAME] / [hiddenAction_NAME],ini_section,Outcome - Transport Changes,,deleteNumUnitsFromTransport,deleteNumUnitsFromTransport,deleteNumUnitsFromTransport,int,Removes a specified amount of cargo units,deleteNumUnitsFromTransport: 2,matched,com/corrodinggames/rts/game/units/custom/a/a/o,rustedwarfare/custom/action/effect/TransportActionEffect,action-parser,deleteNumUnitsFromTransport,0,medium,,,,
811,1.16,[action_NAME] / [hiddenAction_NAME],ini_section,Outcome - Transport Changes,1.13.3,deleteNumUnitsFromTransport_onlyWithTags,deleteNumUnitsFromTransport_onlyWithTags,deleteNumUnitsFromTransport_onlyWithTags,string(s),"Removes a specified amount of cargo units, but only those with specified tags",deleteNumUnitsFromTransport_onlyWithTags: cheapStuff,matched,com/corrodinggames/rts/game/units/custom/a/a/o,rustedwarfare/custom/action/effect/TransportActionEffect,action-parser,deleteNumUnitsFromTransport_onlyWithTags,0,medium,,,,
812,1.16,[action_NAME] / [hiddenAction_NAME],ini_section,Outcome - Transport Changes,1.13.3,startUnloadingTransport,startUnloadingTransport,startUnloadingTransport,bool,Unloads all cargo units normally,startUnloadingTransport: true,matched,com/corrodinggames/rts/game/units/custom/a/a/o,rustedwarfare/custom/action/effect/TransportActionEffect,action-parser,startUnloadingTransport,0,medium,,,,
813,1.16,[action_NAME] / [hiddenAction_NAME],ini_section,Outcome - Transport Changes,1.13.3,forceUnloadTransportNow,forceUnloadTransportNow,forceUnloadTransportNow,bool,"For unload all units, or slot targeted by forceUnloadTransportNow_onlyOnSlot. Unloads even if no space or overwater, etc. Take note that the payloads are unloaded on the exit coordinates of the units (exit_x and exit_y in [core] section)",forceUnloadTransportNow: true,matched,com/corrodinggames/rts/game/units/custom/a/a/o,rustedwarfare/custom/action/effect/TransportActionEffect,action-parser,forceUnloadTransportNow,0,medium,,,,
814,1.16,[action_NAME] / [hiddenAction_NAME],ini_section,Outcome - Transport Changes,1.14,forceUnloadTransportNow_onlyOnSlot,forceUnloadTransportNow_onlyOnSlot,forceUnloadTransportNow_onlyOnSlot,int,Focuses the force unload to a specific slot,forceUnloadTransportNow_onlyOnSlot: drop1,matched,com/corrodinggames/rts/game/units/custom/a/a/o,rustedwarfare/custom/action/effect/TransportActionEffect,action-parser,forceUnloadTransportNow_onlyOnSlot,0,medium,,,,
816,1.16,[action_NAME] / [hiddenAction_NAME],ini_section,Outcome - Waypoint Changes,1.13.3,clearAllWaypoints,clearAllWaypoints,clearAllWaypoints,bool,"Clears all waypoints, be careful not to annoy players by removing their orders, prepending waypoints is often better",clearAllWaypoints: true,matched,com/corrodinggames/rts/game/units/custom/a/a/b,rustedwarfare/custom/action/effect/WaypointActionEffect,action-parser,clearAllWaypoints,0,medium,,,,
817,1.16,[action_NAME] / [hiddenAction_NAME],ini_section,Outcome - Waypoint Changes,1.13.3,clearActiveWaypoint,clearActiveWaypoint,clearActiveWaypoint,bool,Clears only the current waypoint,clearActiveWaypoint: true,matched,com/corrodinggames/rts/game/units/custom/a/a/b,rustedwarfare/custom/action/effect/WaypointActionEffect,action-parser,clearActiveWaypoint,0,medium,,,,
818,1.16,[action_NAME] / [hiddenAction_NAME],ini_section,Outcome - Waypoint Changes,,addWaypoint_type,addWaypoint_type,addWaypoint_type,enum,"Adds a waypoint with a specific purpose. Options: move, attackMove, guard, loadInto, loadUp, attack, reclaim, repair, touchTarget, build, follow, setPassiveTarget",addWaypoint_type: move,matched,com/corrodinggames/rts/game/units/custom/a/a/b,rustedwarfare/custom/action/effect/WaypointActionEffect,action-parser,addWaypoint_type,0,medium,,,,
819,1.16,[action_NAME] / [hiddenAction_NAME],ini_section,Outcome - Waypoint Changes,1.13.3,addWaypoint_unitType,addWaypoint_unitType,addWaypoint_unitType,unitTypes,Only for use with addWaypoint_type:build,addWaypoint_unitType: turret,matched,com/corrodinggames/rts/game/units/custom/a/a/b,rustedwarfare/custom/action/effect/WaypointActionEffect,action-parser,addWaypoint_unitType,0,medium,,,,
820,1.16,[action_NAME] / [hiddenAction_NAME],ini_section,Outcome - Waypoint Changes,1.13.3,addWaypoint_prepend,addWaypoint_prepend,addWaypoint_prepend,bool,Add to the start of the waypoint queue or the end,addWaypoint_prepend: false,matched,com/corrodinggames/rts/game/units/custom/a/a/b,rustedwarfare/custom/action/effect/WaypointActionEffect,action-parser,addWaypoint_prepend,0,medium,,,,
821,1.16,[action_NAME] / [hiddenAction_NAME],ini_section,Outcome - Waypoint Changes,1.13.3,addWaypoint_triggerActionIfFailed,addWaypoint_triggerActionIfFailed,addWaypoint_triggerActionIfFailed,actions,If target_nearestUnit fails to find a match so waypoint cannot be added then trigger this action,addWaypoint_triggerActionIfFailed: retreat,matched,com/corrodinggames/rts/game/units/custom/a/a/b,rustedwarfare/custom/action/effect/WaypointActionEffect,action-parser,addWaypoint_triggerActionIfFailed,0,medium,,,,
822,1.16,[action_NAME] / [hiddenAction_NAME],ini_section,Outcome - Waypoint Changes,1.14,addWaypoint_triggerActionIfMatched,addWaypoint_triggerActionIfMatched,addWaypoint_triggerActionIfMatched,actions,Triggers an action if a waypoint is legal,addWaypoint_triggerActionIfMatched: VIP_target,matched,com/corrodinggames/rts/game/units/custom/a/a/b,rustedwarfare/custom/action/effect/WaypointActionEffect,action-parser,addWaypoint_triggerActionIfMatched,0,medium,,,,
823,1.16,[action_NAME] / [hiddenAction_NAME],ini_section,Outcome - Waypoint Changes,1.13.3,addWaypoint_maxTime,addWaypoint_maxTime,addWaypoint_maxTime,time,Automatically remove this waypoint if it has been active for longer than this time.,addWaypoint_maxTime: 20s,matched,com/corrodinggames/rts/game/units/custom/a/a/b,rustedwarfare/custom/action/effect/WaypointActionEffect,action-parser,addWaypoint_maxTime,0,medium,,,,
824,1.16,[action_NAME] / [hiddenAction_NAME],ini_section,Outcome - Waypoint Changes,1.13.3,addWaypoint_target_nearestUnit_tagged,addWaypoint_target_nearestUnit_tagged,addWaypoint_target_nearestUnit_tagged,tags,Puts the waypoint to a nearest unit with specific tags,"addWaypoint_target_nearestUnit_tagged: assault, mechanized",matched,com/corrodinggames/rts/game/units/custom/a/a/b,rustedwarfare/custom/action/effect/WaypointActionEffect,action-parser,addWaypoint_target_nearestUnit_tagged,0,medium,,,,
825,1.16,[action_NAME] / [hiddenAction_NAME],ini_section,Outcome - Waypoint Changes,1.13.3,addWaypoint_target_nearestUnit_team,addWaypoint_target_nearestUnit_team,addWaypoint_target_nearestUnit_team,relation,"Puts the waypoint to a nearest unit with a specific relation to the player's unit. Options: own, neutral, allyNotOwn, ally, enemy, any, notOwn",addWaypoint_target_nearestUnit_team: ally,matched,com/corrodinggames/rts/game/units/custom/a/a/b,rustedwarfare/custom/action/effect/WaypointActionEffect,action-parser,addWaypoint_target_nearestUnit_team,0,medium,,,,
826,1.16,[action_NAME] / [hiddenAction_NAME],ini_section,Outcome - Waypoint Changes,1.13.3,addWaypoint_target_nearestUnit_maxRange,addWaypoint_target_nearestUnit_maxRange,addWaypoint_target_nearestUnit_maxRange,float,Puts the waypoint to a nearest unit within the maximum range specified.,addWaypoint_target_nearestUnit_maxRange: 2000,matched,com/corrodinggames/rts/game/units/custom/a/a/b,rustedwarfare/custom/action/effect/WaypointActionEffect,action-parser,addWaypoint_target_nearestUnit_maxRange,0,medium,,,,
827,1.16,[action_NAME] / [hiddenAction_NAME],ini_section,Outcome - Waypoint Changes,1.13.3,addWaypoint_target_mapMustBeReachable,addWaypoint_target_mapMustBeReachable,addWaypoint_target_mapMustBeReachable,bool,"Puts the waypoint only if the waypoint target is reachable by the unit (e.g., if a unit cannot cross two islands, the waypoint is not placed.)",addWaypoint_target_mapMustBeReachable: true,matched,com/corrodinggames/rts/game/units/custom/a/a/b,rustedwarfare/custom/action/effect/WaypointActionEffect,action-parser,addWaypoint_target_mapMustBeReachable,0,medium,,,,
828,1.16,[action_NAME] / [hiddenAction_NAME],ini_section,Outcome - Waypoint Changes,1.15,addWaypoint_target_fromReference,addWaypoint_target_fromReference,addWaypoint_target_fromReference,unit ref,Puts the waypoint to a marker or a reference unit,addWaypoint_target_fromReference: self.memory.lastDock,matched,com/corrodinggames/rts/game/units/custom/a/a/b,rustedwarfare/custom/action/effect/WaypointActionEffect,action-parser,addWaypoint_target_fromReference,0,medium,,,,
829,1.16,[action_NAME] / [hiddenAction_NAME],ini_section,Outcome - Waypoint Changes,1.13.3,addWaypoint_position_offsetFromSelf,addWaypoint_position_offsetFromSelf,addWaypoint_position_offsetFromSelf,point,Puts the waypoint to an absolute coordinate,addWaypoint_position_offsetFromSelf:,matched,com/corrodinggames/rts/game/units/custom/a/a/b,rustedwarfare/custom/action/effect/WaypointActionEffect,action-parser,addWaypoint_position_offsetFromSelf,0,medium,,,,
830,1.16,[action_NAME] / [hiddenAction_NAME],ini_section,Outcome - Waypoint Changes,1.13.3,addWaypoint_position_fromAction,addWaypoint_position_fromAction,addWaypoint_position_fromAction,bool,Puts the waypoint taken from an action that triggered this action,addWaypoint_position_fromAction: fireShot,matched,com/corrodinggames/rts/game/units/custom/a/a/b,rustedwarfare/custom/action/effect/WaypointActionEffect,action-parser,addWaypoint_position_fromAction,0,medium,,,,
831,1.16,[action_NAME] / [hiddenAction_NAME],ini_section,Outcome - Waypoint Changes,1.13.3,addWaypoint_position_randomOffsetFromSelf,addWaypoint_position_randomOffsetFromSelf,addWaypoint_position_randomOffsetFromSelf,point,Puts the waypoint to a random relative coordinate,addWaypoint_position_randomOffsetFromSelf:,matched,com/corrodinggames/rts/game/units/custom/a/a/b,rustedwarfare/custom/action/effect/WaypointActionEffect,action-parser,addWaypoint_position_randomOffsetFromSelf,0,medium,,,,
832,1.16,[action_NAME] / [hiddenAction_NAME],ini_section,Outcome - Waypoint Changes,1.14,addWaypoint_position_relativeOffsetFromSelf,addWaypoint_position_relativeOffsetFromSelf,addWaypoint_position_relativeOffsetFromSelf,point,Puts the waypoint to a relative coordinate,"addWaypoint_position_relativeOffsetFromSelf: 10, 20",matched,com/corrodinggames/rts/game/units/custom/a/a/b,rustedwarfare/custom/action/effect/WaypointActionEffect,action-parser,addWaypoint_position_relativeOffsetFromSelf,0,medium,,,,
833,1.16,[action_NAME] / [hiddenAction_NAME],ini_section,Outcome - Waypoint Changes,1.14p6,addWaypoint_target_randomUnit_tagged,addWaypoint_target_randomUnit_tagged,addWaypoint_target_randomUnit_tagged,tags,Puts the waypoint to a random unit with specific tags,"addWaypoint_target_randomUnit_tagged: chargers, strikers",matched,com/corrodinggames/rts/game/units/custom/a/a/b,rustedwarfare/custom/action/effect/WaypointActionEffect,action-parser,addWaypoint_target_randomUnit_tagged,0,medium,,,,
834,1.16,[action_NAME] / [hiddenAction_NAME],ini_section,Outcome - Waypoint Changes,1.14p6,addWaypoint_target_randomUnit_team,addWaypoint_target_randomUnit_team,addWaypoint_target_randomUnit_team,relation,"Puts the waypoint to a random unit with a specific relation to the player's unit. Options: own, neutral, allyNotOwn, ally, enemy, any, notOwn",addWaypoint_target_randomUnit_team: any,matched,com/corrodinggames/rts/game/units/custom/a/a/b,rustedwarfare/custom/action/effect/WaypointActionEffect,action-parser,addWaypoint_target_randomUnit_team,0,medium,,,,
835,1.16,[action_NAME] / [hiddenAction_NAME],ini_section,Outcome - Waypoint Changes,1.14p6,addWaypoint_target_randomUnit_maxRange,addWaypoint_target_randomUnit_maxRange,addWaypoint_target_randomUnit_maxRange,int,Puts the waypoint to a random unit within the maximum range specified.,addWaypoint_target_randomUnit_maxRange: 1000,matched,com/corrodinggames/rts/game/units/custom/a/a/b,rustedwarfare/custom/action/effect/WaypointActionEffect,action-parser,addWaypoint_target_randomUnit_maxRange,0,medium,,,,
837,1.16,[action_NAME] / [hiddenAction_NAME],ini_section,Outcome - Cooldown,1.14,addAllActionCooldownsTime,addAllActionCooldownsTime,addAllActionCooldownsTime,time,"Adds cooldown on all actions, including canBuilds",addAllActionCooldownsTime: 4s,matched,com/corrodinggames/rts/game/units/custom/a/a/j,rustedwarfare/custom/action/effect/SelfMutationActionEffect,action-parser,addAllActionCooldownsTime,0,medium,,,,
838,1.16,[action_NAME] / [hiddenAction_NAME],ini_section,Outcome - Cooldown,1.14,addActionCooldownTime,addActionCooldownTime,addActionCooldownTime,time,Player cannot use action again for this amount of time,addActionCooldownTime: 20s,matched,com/corrodinggames/rts/game/units/custom/a/a/j,rustedwarfare/custom/action/effect/SelfMutationActionEffect,action-parser,addActionCooldownTime,0,medium,,,,
839,1.16,[action_NAME] / [hiddenAction_NAME],ini_section,Outcome - Cooldown,1.14,addActionCooldownApplyToActions,addActionCooldownApplyToActions,addActionCooldownApplyToActions,action ids,Sets addActionCooldownTime's target. Defaults to this action.,"addActionCooldownApplyToActions: retreat, transformFins",matched,com/corrodinggames/rts/game/units/custom/a/a/j,rustedwarfare/custom/action/effect/SelfMutationActionEffect,action-parser,addActionCooldownApplyToActions,0,medium,,,,
840,1.16,[action_NAME] / [hiddenAction_NAME],ini_section,Outcome - Cooldown,1.14,clearAllActionCooldowns,clearAllActionCooldowns,clearAllActionCooldowns,bool,Removes all existing cooldowns on all buttons,clearAllActionCooldowns: true,matched,com/corrodinggames/rts/game/units/custom/a/a/j,rustedwarfare/custom/action/effect/SelfMutationActionEffect,action-parser,clearAllActionCooldowns,0,medium,,,,
842,1.16,[action_NAME] / [hiddenAction_NAME],ini_section,Outcome - Animation,1.13.3,playAnimation,playAnimation,playAnimation,animation id,Plays animation when the action is triggered,playAnimation: engageThrusters,matched,com/corrodinggames/rts/game/units/custom/a/a/d,rustedwarfare/custom/action/effect/AnimationActionEffect,action-parser,playAnimation,0,medium,,,,
843,1.16,[action_NAME] / [hiddenAction_NAME],ini_section,Outcome - Animation,1.13.3,playAnimationIfNotPlaying,playAnimationIfNotPlaying,playAnimationIfNotPlaying,bool,Don't restart animation if this animation is already playing,playAnimationIfNotPlaying: true,matched,com/corrodinggames/rts/game/units/custom/a/a/d,rustedwarfare/custom/action/effect/AnimationActionEffect,action-parser,playAnimationIfNotPlaying,0,medium,,,,
844,1.16,[action_NAME] / [hiddenAction_NAME],ini_section,Outcome - Animation,1.13.3,finishPlayingLastAnimation,finishPlayingLastAnimation,finishPlayingLastAnimation,bool,"Finish last animation, including blend out",finishPlayingLastAnimation: true,matched,com/corrodinggames/rts/game/units/custom/a/a/d,rustedwarfare/custom/action/effect/AnimationActionEffect,action-parser,finishPlayingLastAnimation,0,medium,,,,
845,1.16,[action_NAME] / [hiddenAction_NAME],ini_section,Outcome - Animation,1.13.3,stopLastAnimation,stopLastAnimation,stopLastAnimation,bool,"Stop last animation, skipping blend out",stopLastAnimation: true,matched,com/corrodinggames/rts/game/units/custom/a/a/d,rustedwarfare/custom/action/effect/AnimationActionEffect,action-parser,stopLastAnimation,0,medium,,,,
846,1.16,[action_NAME] / [hiddenAction_NAME],ini_section,Outcome - Animation,1.13.3,switchToNeutralTeam,switchToNeutralTeam,switchToNeutralTeam,boolean,Change team to neutral. This team is allied to all other teams. Will be captured by nearby units unless [core]stayNeutral:true is used,switchToNeutralTeam: false,matched,com/corrodinggames/rts/game/units/custom/a/a/j,rustedwarfare/custom/action/effect/SelfMutationActionEffect,action-parser,switchToNeutralTeam,0,medium,,,,
847,1.16,[action_NAME] / [hiddenAction_NAME],ini_section,Outcome - Animation,1.13.3,switchToAggressiveTeam,switchToAggressiveTeam,switchToAggressiveTeam,boolean,Change to a built-in team that is aggressive to all other teams. Does not get captured.,switchToAggressiveTeam: true,matched,com/corrodinggames/rts/game/units/custom/a/a/j,rustedwarfare/custom/action/effect/SelfMutationActionEffect,action-parser,switchToAggressiveTeam,0,medium,,,,
848,1.16,[action_NAME] / [hiddenAction_NAME],ini_section,Outcome - Animation,1.15,switchToTeam,switchToTeam,switchToTeam,logicNumber,"Team id to switch to. Starts at 0. (but -1 for a neutral team, -2 for aggressive Team). Also supports dynamic values","switchToTeam: 2, switchToTeam: lastDamagedBy.teamId",matched,com/corrodinggames/rts/game/units/custom/a/a/j,rustedwarfare/custom/action/effect/SelfMutationActionEffect,action-parser,switchToTeam,0,medium,,,,
850,1.16,[action_NAME] / [hiddenAction_NAME],ini_section,Outcome - Take Resources from other units,1.13.3,takeResources,takeResources,takeResources,customPrice,Resources to take (required to use take resources). And at-least 1 include key is needed.,"takeResources: hp=5, gold=10",matched,com/corrodinggames/rts/game/units/custom/a/a/m,rustedwarfare/custom/action/effect/TakeResourcesActionEffect,action-parser,takeResources,0,medium,,,,
851,1.16,[action_NAME] / [hiddenAction_NAME],ini_section,Outcome - Take Resources from other units,1.13.3,takeResources_includeUnitsInTransport,takeResources_includeUnitsInTransport,takeResources_includeUnitsInTransport,bool,Includes cargo units in taking resources,takeResources_includeUnitsInTransport: true,matched,com/corrodinggames/rts/game/units/custom/a/a/m,rustedwarfare/custom/action/effect/TakeResourcesActionEffect,action-parser,takeResources_includeUnitsInTransport,0,medium,,,,
852,1.16,[action_NAME] / [hiddenAction_NAME],ini_section,Outcome - Take Resources from other units,1.13.3,takeResources_includeParent,takeResources_includeParent,takeResources_includeParent,bool,Include attachment parent or transport parent,takeResources_includeParent: true,matched,com/corrodinggames/rts/game/units/custom/a/a/m,rustedwarfare/custom/action/effect/TakeResourcesActionEffect,action-parser,takeResources_includeParent,0,medium,,,,
853,1.16,[action_NAME] / [hiddenAction_NAME],ini_section,Outcome - Take Resources from other units,1.15,takeResources_includeReference,takeResources_includeReference,takeResources_includeReference,unit ref,Includes referenced units in taking resources,takeResources_includeReference: self.lastDamagedBy,matched,com/corrodinggames/rts/game/units/custom/a/a/m,rustedwarfare/custom/action/effect/TakeResourcesActionEffect,action-parser,takeResources_includeReference,0,medium,,,,
854,1.16,[action_NAME] / [hiddenAction_NAME],ini_section,Outcome - Take Resources from other units,1.13.3,takeResources_includeUnitsWithinRange,takeResources_includeUnitsWithinRange,takeResources_includeUnitsWithinRange,float,Includes all units within the specified range,takeResources_includeUnitsWithinRange: 300,matched,com/corrodinggames/rts/game/units/custom/a/a/m,rustedwarfare/custom/action/effect/TakeResourcesActionEffect,action-parser,takeResources_includeUnitsWithinRange,0,medium,,,,
855,1.16,[action_NAME] / [hiddenAction_NAME],ini_section,Outcome - Take Resources from other units,1.13.3,takeResources_includeUnitsWithinRange_team,takeResources_includeUnitsWithinRange_team,takeResources_includeUnitsWithinRange_team,TeamRelation,"Used with includeUnitsWithinRange, defaults to own. Can be: own|ally|allyNotOwn|enemy|neutral|any",takeResources_includeUnitsWithinRange_team: own,matched,com/corrodinggames/rts/game/units/custom/a/a/m,rustedwarfare/custom/action/effect/TakeResourcesActionEffect,action-parser,takeResources_includeUnitsWithinRange_team,0,medium,,,,
856,1.16,[action_NAME] / [hiddenAction_NAME],ini_section,Outcome - Take Resources from other units,1.13.3,takeResources_excludeUnitsWithoutTags,takeResources_excludeUnitsWithoutTags,takeResources_excludeUnitsWithoutTags,tags,Includes all units without the specified tags in taking resources,"takeResources_excludeUnitsWithoutTags: truck, tanker",matched,com/corrodinggames/rts/game/units/custom/a/a/m,rustedwarfare/custom/action/effect/TakeResourcesActionEffect,action-parser,takeResources_excludeUnitsWithoutTags,0,medium,,,,
857,1.16,[action_NAME] / [hiddenAction_NAME],ini_section,Outcome - Take Resources from other units,1.13.3,takeResources_excludeUnitsWithTheseResources,takeResources_excludeUnitsWithTheseResources,takeResources_excludeUnitsWithTheseResources,customPrice,Excludes all units with custom prices in them,"takeResources_excludeUnitsWithTheseResources: oil, juice, sauce",matched,com/corrodinggames/rts/game/units/custom/a/a/m,rustedwarfare/custom/action/effect/TakeResourcesActionEffect,action-parser,takeResources_excludeUnitsWithTheseResources,0,medium,,,,
858,1.16,[action_NAME] / [hiddenAction_NAME],ini_section,Outcome - Take Resources from other units,1.13.3,takeResources_excludeUnitsWithoutAllResources,takeResources_excludeUnitsWithoutAllResources,takeResources_excludeUnitsWithoutAllResources,bool,Defaults to true.,takeResources_excludeUnitsWithoutAllResources: true,matched,com/corrodinggames/rts/game/units/custom/a/a/m,rustedwarfare/custom/action/effect/TakeResourcesActionEffect,action-parser,takeResources_excludeUnitsWithoutAllResources,0,medium,,,,
859,1.16,[action_NAME] / [hiddenAction_NAME],ini_section,Outcome - Take Resources from other units,1.13.3,takeResources_triggerActionIfAnyCollected,takeResources_triggerActionIfAnyCollected,takeResources_triggerActionIfAnyCollected,action refs,Triggers an action if any amount of resources is collected in the current collection action,takeResources_triggerActionIfAnyCollected: purify,matched,com/corrodinggames/rts/game/units/custom/a/a/m,rustedwarfare/custom/action/effect/TakeResourcesActionEffect,action-parser,takeResources_triggerActionIfAnyCollected,0,medium,,,,
860,1.16,[action_NAME] / [hiddenAction_NAME],ini_section,Outcome - Take Resources from other units,1.13.3,takeResources_triggerActionIfNoneCollected,takeResources_triggerActionIfNoneCollected,takeResources_triggerActionIfNoneCollected,action refs,Triggers an action if no amount of resources is collected in the current collection action,takeResources_triggerActionIfNoneCollected: callOtherTanker,matched,com/corrodinggames/rts/game/units/custom/a/a/m,rustedwarfare/custom/action/effect/TakeResourcesActionEffect,action-parser,takeResources_triggerActionIfNoneCollected,0,medium,,,,
861,1.16,[action_NAME] / [hiddenAction_NAME],ini_section,Outcome - Take Resources from other units,1.15p11,takeResources_triggerActionForEach,takeResources_triggerActionForEach,takeResources_triggerActionForEach,action refs,"Calls this action for each unit found by takeResource with the unit as thisActionTarget, and thisActionIndex counting up from zero.",takeResources_triggerActionForEach: manufacture,matched,com/corrodinggames/rts/game/units/custom/a/a/m,rustedwarfare/custom/action/effect/TakeResourcesActionEffect,action-parser,takeResources_triggerActionForEach,0,medium,,,,
862,1.16,[action_NAME] / [hiddenAction_NAME],ini_section,Outcome - Take Resources from other units,1.13.3,takeResources_discardCollected,takeResources_discardCollected,takeResources_discardCollected,bool,"Just take resources from targets, don't add(or remove) to self",takeResources_discardCollected: false,matched,com/corrodinggames/rts/game/units/custom/a/a/m,rustedwarfare/custom/action/effect/TakeResourcesActionEffect,action-parser,takeResources_discardCollected,0,medium,,,,
863,1.16,[action_NAME] / [hiddenAction_NAME],ini_section,Outcome - Take Resources from other units,1.13.3,takeResources_keepResourcesOnTarget,takeResources_keepResourcesOnTarget,takeResources_keepResourcesOnTarget,bool,Don't add/remove resource from target. This clones resources. Use with takeResources_discardCollected and takeResources_triggerActionIfAnyCollected to make a resource detector.,takeResources_keepResourcesOnTarget: true,matched,com/corrodinggames/rts/game/units/custom/a/a/m,rustedwarfare/custom/action/effect/TakeResourcesActionEffect,action-parser,takeResources_keepResourcesOnTarget,0,medium,,,,
864,1.16,[action_NAME] / [hiddenAction_NAME],ini_section,Outcome - Take Resources from other units,,takeResources_maxUnits,takeResources_maxUnits,takeResources_maxUnits,int,Defaults to 1. Takes resources from specified amount of units,takeResources_maxUnits: 10,matched,com/corrodinggames/rts/game/units/custom/a/a/m,rustedwarfare/custom/action/effect/TakeResourcesActionEffect,action-parser,takeResources_maxUnits,0,medium,,,,
865,1.16,[action_NAME] / [hiddenAction_NAME],ini_section,Outcome - Take Resources from other units,1.15,takeResources_searchOnly,takeResources_searchOnly,takeResources_searchOnly,bool,"Shortcut for maxUnits: 200, discardCollected: true, keepResourcesOnTarget: true to detect resources only",takeResources_searchOnly: true,matched,com/corrodinggames/rts/game/units/custom/a/a/m,rustedwarfare/custom/action/effect/TakeResourcesActionEffect,action-parser,takeResources_searchOnly,0,medium,,,,
866,1.16,[action_NAME] / [hiddenAction_NAME],ini_section,Outcome - Take Resources from other units,1.14,takeResources_directTransferStoppingAtZero,takeResources_directTransferStoppingAtZero,takeResources_directTransferStoppingAtZero,bool,"If less resources on target than transfer amount, only remaining resources will be transfered. Doesn't support use with some other takeResources_* keys",takeResources_directTransferStoppingAtZero: true,matched,com/corrodinggames/rts/game/units/custom/a/a/m,rustedwarfare/custom/action/effect/TakeResourcesActionEffect,action-parser,takeResources_directTransferStoppingAtZero,0,medium,,,,
868,1.16,[action_NAME] / [hiddenAction_NAME],ini_section,Outcome - Convert Resources,1.13.3,convertResource_from,convertResource_from,convertResource_from,customResource,Name of custom resource to take from,convertResource_from: juice,matched,com/corrodinggames/rts/game/units/custom/a/a/g,rustedwarfare/custom/action/effect/ResourceConversionActionEffect,action-parser,convertResource_from,0,medium,,,,
869,1.16,[action_NAME] / [hiddenAction_NAME],ini_section,Outcome - Convert Resources,1.13.3,convertResource_to,convertResource_to,convertResource_to,customResource,Name of custom resource to give to,convertResource_to: sauce,matched,com/corrodinggames/rts/game/units/custom/a/a/g,rustedwarfare/custom/action/effect/ResourceConversionActionEffect,action-parser,convertResource_to,0,medium,,,,
870,1.16,[action_NAME] / [hiddenAction_NAME],ini_section,Outcome - Convert Resources,1.13.3,convertResource_minAmount,convertResource_minAmount,convertResource_minAmount,float,Skip if less than this amount in 'from'. Defaults to 0. Likely not needed for most use cases,convertResource_minAmount: 10,matched,com/corrodinggames/rts/game/units/custom/a/a/g,rustedwarfare/custom/action/effect/ResourceConversionActionEffect,action-parser,convertResource_minAmount,0,medium,,,,
871,1.16,[action_NAME] / [hiddenAction_NAME],ini_section,Outcome - Convert Resources,1.13.3,convertResource_maxAmount,convertResource_maxAmount,convertResource_maxAmount,float,Max amount to transfer between 'from' and 'to',convertResource_maxAmount: 100,matched,com/corrodinggames/rts/game/units/custom/a/a/g,rustedwarfare/custom/action/effect/ResourceConversionActionEffect,action-parser,convertResource_maxAmount,0,medium,,,,
872,1.16,[action_NAME] / [hiddenAction_NAME],ini_section,Outcome - Convert Resources,1.13.3,convertResource_multiplyAmountBy,convertResource_multiplyAmountBy,convertResource_multiplyAmountBy,float,Defaults to 1. Amount to multiply when adding on 'to' (does not effect amount taken on 'from'),convertResource_multiplyAmountBy: 1.5,matched,com/corrodinggames/rts/game/units/custom/a/a/g,rustedwarfare/custom/action/effect/ResourceConversionActionEffect,action-parser,convertResource_multiplyAmountBy,0,medium,,,,
874,1.16,[action_NAME] / [hiddenAction_NAME],ini_section,Outcome - Set Resources,1.13.3,resourceAmount,resourceAmount,resourceAmount,customResource,"Name of custom resource to set with the below 3 keys. All keys are optional, and can be used together.",resourceAmount: oil,matched,com/corrodinggames/rts/game/units/custom/a/a/a,rustedwarfare/custom/action/effect/ResourceModificationActionEffect,action-parser,resourceAmount,0,medium,,,,
875,1.16,[action_NAME] / [hiddenAction_NAME],ini_section,Outcome - Set Resources,1.13.3,resourceAmount_setValue,resourceAmount_setValue,resourceAmount_setValue,float,"Absolute value to set this resource to, ignores current value of resource. Skipped by default",resourceAmount_setValue: 20,matched,com/corrodinggames/rts/game/units/custom/a/a/a,rustedwarfare/custom/action/effect/ResourceModificationActionEffect,action-parser,resourceAmount_setValue,0,medium,,,,
876,1.16,[action_NAME] / [hiddenAction_NAME],ini_section,Outcome - Set Resources,1.13.3,resourceAmount_addOtherResource,resourceAmount_addOtherResource,resourceAmount_addOtherResource,customResource,"Name of another custom resource to add to this on. Can be used without resourceAmount_setValue, to just add resources. Or with resourceAmount_setValue:0 to copy a resource value.",resourceAmount_addOtherResource: juice,matched,com/corrodinggames/rts/game/units/custom/a/a/a,rustedwarfare/custom/action/effect/ResourceModificationActionEffect,action-parser,resourceAmount_addOtherResource,0,medium,,,,
877,1.16,[action_NAME] / [hiddenAction_NAME],ini_section,Outcome - Set Resources,1.13.3,resourceAmount_multiplyBy,resourceAmount_multiplyBy,resourceAmount_multiplyBy,float,Defaults to 1. Multiple the current or new value by,resourceAmount_multiplyBy: 2,matched,com/corrodinggames/rts/game/units/custom/a/a/a,rustedwarfare/custom/action/effect/ResourceModificationActionEffect,action-parser,resourceAmount_multiplyBy,0,medium,,,,
879,1.16,[action_NAME] / [hiddenAction_NAME],ini_section,Outcome - Attachment changes,1.13.3,attachments_addNewUnits,attachments_addNewUnits,attachments_addNewUnits,unit types,Adds specified units to attachments,attachments_addNewUnits: coreDefense*3,matched,com/corrodinggames/rts/game/units/custom/a/a/e,rustedwarfare/custom/action/effect/AttachmentActionEffect,action-parser,attachments_addNewUnits,0,medium,,,,
880,1.16,[action_NAME] / [hiddenAction_NAME],ini_section,Outcome - Attachment changes,1.13.3,attachments_deleteNumUnits,attachments_deleteNumUnits,attachments_deleteNumUnits,int,Removes a specified amount of units attached,attachments_deleteNumUnits: 3,matched,com/corrodinggames/rts/game/units/custom/a/a/e,rustedwarfare/custom/action/effect/AttachmentActionEffect,action-parser,attachments_deleteNumUnits,0,medium,,,,
881,1.16,[action_NAME] / [hiddenAction_NAME],ini_section,Outcome - Attachment changes,1.13.3,attachments_onlyOnSlots,attachments_onlyOnSlots,attachments_onlyOnSlots,attachment ids,Restrict attachments_* actions to these attachments,"attachments_onlyOnSlots: drop1, drop2, drop3",matched,com/corrodinggames/rts/game/units/custom/a/a/e,rustedwarfare/custom/action/effect/AttachmentActionEffect,action-parser,attachments_onlyOnSlots,0,medium,,,,
882,1.16,[action_NAME] / [hiddenAction_NAME],ini_section,Outcome - Attachment changes,1.14,attachments_unload,attachments_unload,attachments_unload,bool,Unload all attachments. Can be used with attachments_onlyOnSlots. Same as unloading transported units,attachments_unload: true,matched,com/corrodinggames/rts/game/units/custom/a/a/e,rustedwarfare/custom/action/effect/AttachmentActionEffect,action-parser,attachments_unload,0,medium,,,,
883,1.16,[action_NAME] / [hiddenAction_NAME],ini_section,Outcome - Attachment changes,1.14,attachments_disconnect,attachments_disconnect,attachments_disconnect,bool,Disconnect all attachments in the place they are right now. Can be used with attachments_onlyOnSlots.,attachments_disconnect: true,matched,com/corrodinggames/rts/game/units/custom/a/a/e,rustedwarfare/custom/action/effect/AttachmentActionEffect,action-parser,attachments_disconnect,0,medium,,,,
884,1.16,[action_NAME] / [hiddenAction_NAME],ini_section,Outcome - Attachment changes,1.13.3,disconnectFromParent,disconnectFromParent,disconnectFromParent,bool,Disconnects this unit from parent's attachment slot,disconnectFromParent: true,matched,com/corrodinggames/rts/game/units/custom/a/a/e,rustedwarfare/custom/action/effect/AttachmentActionEffect,action-parser,disconnectFromParent,0,medium,,,,
886,1.16,[action_NAME] / [hiddenAction_NAME],ini_section,Outcome - Tag changes,1.13.3,temporarilyAddTags,temporarilyAddTags,temporarilyAddTags,tags,Add tag to this unit until it is converted or reset (unless convertTo_keepCurrentTags is used),"temporarilyAddTags: emptyJuice, fullSauce",matched,com/corrodinggames/rts/game/units/custom/a/a/l,rustedwarfare/custom/action/effect/TagModificationActionEffect,action-parser,temporarilyAddTags,0,medium,,,,
887,1.16,[action_NAME] / [hiddenAction_NAME],ini_section,Outcome - Tag changes,1.13.3,temporarilyRemoveTags,temporarilyRemoveTags,temporarilyRemoveTags,tags,Remove tag from this unit until it is converted or reset (unless convertTo_keepCurrentTags is used),"temporarilyRemoveTags: fullJuice, emptySauce",matched,com/corrodinggames/rts/game/units/custom/a/a/l,rustedwarfare/custom/action/effect/TagModificationActionEffect,action-parser,temporarilyRemoveTags,0,medium,,,,
888,1.16,[action_NAME] / [hiddenAction_NAME],ini_section,Outcome - Tag changes,1.13.3,resetToDefaultTags,resetToDefaultTags,resetToDefaultTags,bool,Reset to standard tags,resetToDefaultTags: true,matched,com/corrodinggames/rts/game/units/custom/a/a/l,rustedwarfare/custom/action/effect/TagModificationActionEffect,action-parser,resetToDefaultTags,0,medium,,,,
889,1.16,[action_NAME] / [hiddenAction_NAME],ini_section,Outcome - Tag changes,1.13.3,addGlobalTeamTags,addGlobalTeamTags,addGlobalTeamTags,tags,Add a tag to player's team. Use with self.globalTeamTags() to create unlocks and upgrades. Unique tags are best to not conflict with other mods.,"addGlobalTeamTags: upgrade_energized, upgrade_research2",matched,com/corrodinggames/rts/game/units/custom/a/a/l,rustedwarfare/custom/action/effect/TagModificationActionEffect,action-parser,addGlobalTeamTags,0,medium,,,,
890,1.16,[action_NAME] / [hiddenAction_NAME],ini_section,Outcome - Tag changes,1.13.3,removeGlobalTeamTags,removeGlobalTeamTags,removeGlobalTeamTags,tags,Remove a tag from player's team.,removeGlobalTeamTags: buff_immune,matched,com/corrodinggames/rts/game/units/custom/a/a/l,rustedwarfare/custom/action/effect/TagModificationActionEffect,action-parser,removeGlobalTeamTags,0,medium,,,,
892,1.16,[action_NAME] / [hiddenAction_NAME],ini_section,Outcome - Show Message,1.13.3,showMessageToPlayer,showMessageToPlayer,showMessageToPlayer,string,Sends a message to the player controlling the unit,showMessageToPlayer: There is a hidden enemy near your defenses,matched,com/corrodinggames/rts/game/units/custom/a/a/f,rustedwarfare/custom/action/effect/MessageActionEffect,action-parser,showMessageToPlayer,0,medium,,,,
893,1.16,[action_NAME] / [hiddenAction_NAME],ini_section,Outcome - Show Message,1.13.3,showMessageToPlayer_{LANG},showMessageToPlayer_{LANG},showMessageToPlayer_{LANG},string,Note: This format is support on nearly all strings that show to player even when reference doesn't show it. Use ISO 639-1 Language Code on the {LANG} placeholder,showMessageToPlayer_fil: May nakatagong kalaban na malapit sa mga depensa mo,matched,com/corrodinggames/rts/game/units/custom/a/a/f,rustedwarfare/custom/action/effect/MessageActionEffect,action-parser,showMessageToPlayer,1,medium,,,,
894,1.16,[action_NAME] / [hiddenAction_NAME],ini_section,Outcome - Show Message,1.13.3,showMessageToAllPlayers,showMessageToAllPlayers,showMessageToAllPlayers,string,Sends a message to all players,showMessageToAllPlayers: %{self.playerName} has captured a point,matched,com/corrodinggames/rts/game/units/custom/a/a/f,rustedwarfare/custom/action/effect/MessageActionEffect,action-parser,showMessageToAllPlayers,0,medium,,,,
895,1.16,[action_NAME] / [hiddenAction_NAME],ini_section,Outcome - Show Message,1.14,showMessageToAllEnemyPlayers,showMessageToAllEnemyPlayers,showMessageToAllEnemyPlayers,string,Sends a message to all enemy players only,showMessageToAllEnemyPlayers: Team %{self.playerName} has %{self.resource.gold},matched,com/corrodinggames/rts/game/units/custom/a/a/f,rustedwarfare/custom/action/effect/MessageActionEffect,action-parser,showMessageToAllEnemyPlayers,0,medium,,,,
896,1.16,[action_NAME] / [hiddenAction_NAME],ini_section,Outcome - Show Message,1.13.3,showQuickWarLogToPlayer,showQuickWarLogToPlayer,showQuickWarLogToPlayer,string,Sends a Quick War Log message to the player controlling the unit (in the lower lef),showQuickWarLogToPlayer: Unit decloaked,matched,com/corrodinggames/rts/game/units/custom/a/a/f,rustedwarfare/custom/action/effect/MessageActionEffect,action-parser,showQuickWarLogToPlayer,0,medium,,,,
897,1.16,[action_NAME] / [hiddenAction_NAME],ini_section,Outcome - Show Message,1.13.3,showQuickWarLogToAllPlayers,showQuickWarLogToAllPlayers,showQuickWarLogToAllPlayers,,Sends a Quick War Log message to all players (in the lower lef),showQuickWarLogToAllPlayers: 500 oil sold to allied market,matched,com/corrodinggames/rts/game/units/custom/a/a/f,rustedwarfare/custom/action/effect/MessageActionEffect,action-parser,showQuickWarLogToAllPlayers,0,medium,,,,
898,1.16,[action_NAME] / [hiddenAction_NAME],ini_section,Outcome - Show Message,1.13.3,debugMessage,debugMessage,debugMessage,,Only shows in Sandbox with Debug mode on.,"debugMessage: [action log] unit launch on %{thisActionTarget.x}, %{thisActionTarget.y}",matched,com/corrodinggames/rts/game/units/custom/a/a/f,rustedwarfare/custom/action/effect/MessageActionEffect,action-parser,debugMessage,0,medium,,,,
901,1.16,[effect_NAME],ini_section,,1.15p9,drawType,drawType,drawType,normal|displacement,Defaults to normal. Changes how effect is rendered. Options: normal|displacement (displacement only shows when shader effects are turned on),drawType: normal,matched,com/corrodinggames/rts/game/units/custom/ay,rustedwarfare/custom/EffectTemplate,effect-parser,drawType,1,high,,a,()V,
902,1.16,[effect_NAME],ini_section,,1.13,life,life,life,float,Defaults 200. Time till effect is removed. Set low as possible to reduce effect overhead.,life: 70,matched,com/corrodinggames/rts/game/units/custom/ay,rustedwarfare/custom/EffectTemplate,effect-parser,life,1,high,,a,()V,
903,1.16,[effect_NAME],ini_section,,1.14,lifeRandom,lifeRandom,lifeRandom,float,Random offset life by +/- this value,lifeRandom: 12,matched,com/corrodinggames/rts/game/units/custom/ay,rustedwarfare/custom/EffectTemplate,effect-parser,lifeRandom,0,high,,a,()V,
904,1.16,[effect_NAME],ini_section,,1.13,alsoEmitEffects,alsoEmitEffects,alsoEmitEffects,effect ref,"Create more effects when created, useful for meta-effects. Note: other 'alsoEmitEffects' on created effects are ignored.",alsoEmitEffects: CUSTOM:extraSparks*2,matched,com/corrodinggames/rts/game/units/custom/ay,rustedwarfare/custom/EffectTemplate,effect-parser,alsoEmitEffects,1,high,,a,()V,
905,1.16,[effect_NAME],ini_section,,1.14,alsoEmitEffectsOnDeath,alsoEmitEffectsOnDeath,alsoEmitEffectsOnDeath,effect ref,Create these effects when life runs out.,alsoEmitEffectsOnDeath: CUSTOM:finalPuff,matched,com/corrodinggames/rts/game/units/custom/ay,rustedwarfare/custom/EffectTemplate,effect-parser,alsoEmitEffectsOnDeath,1,high,,a,()V,
906,1.16,[effect_NAME],ini_section,,,ifSpawnFailsEmitEffects,ifSpawnFailsEmitEffects,ifSpawnFailsEmitEffects,effect ref,If 'spawnChance' for this effects fails then emit these effects instead,ifSpawnFailsEmitEffects: CUSTOM:greenSparks*4,matched,com/corrodinggames/rts/game/units/custom/ay,rustedwarfare/custom/EffectTemplate,effect-parser,ifSpawnFailsEmitEffects,1,high,,a,()V,
907,1.16,[effect_NAME],ini_section,,1.13,alsoPlaySound,alsoPlaySound,alsoPlaySound,sound ref,Plays sound upon spawning the effect. Use OGG or WAV audio files. Appending a colon with a float value sets the volume,alsoPlaySound: meow.wav:0.5,matched,com/corrodinggames/rts/game/units/custom/ay,rustedwarfare/custom/EffectTemplate,effect-parser,alsoPlaySound,0,high,,a,()V,
908,1.16,[effect_NAME],ini_section,,1.13,createWhenOffscreen,createWhenOffscreen,createWhenOffscreen,bool,"Defaults false. When true, effect is created when the unit is offscreen",createWhenOffscreen: true,matched,com/corrodinggames/rts/game/units/custom/ay,rustedwarfare/custom/EffectTemplate,effect-parser,createWhenOffscreen,0,high,,a,()V,
909,1.16,[effect_NAME],ini_section,,1.13,createWhenZoomedOut,createWhenZoomedOut,createWhenZoomedOut,bool,Defaults true. Effect is created even when the map is zoomed out. Set to false for improving performance,createWhenZoomedOut: false,matched,com/corrodinggames/rts/game/units/custom/ay,rustedwarfare/custom/EffectTemplate,effect-parser,createWhenZoomedOut,0,high,,a,()V,
910,1.16,[effect_NAME],ini_section,,1.13,createWhenOverLiquid,createWhenOverLiquid,createWhenOverLiquid,bool,Defaults true. Effect is created when the unit is over water,createWhenOverLiquid: false,matched,com/corrodinggames/rts/game/units/custom/ay,rustedwarfare/custom/EffectTemplate,effect-parser,createWhenOverLiquid,0,high,,a,()V,
911,1.16,[effect_NAME],ini_section,,1.13,createWhenOverLand,createWhenOverLand,createWhenOverLand,bool,Defaults true. Effect is created when the unit is over land,createWhenOverLand: false,matched,com/corrodinggames/rts/game/units/custom/ay,rustedwarfare/custom/EffectTemplate,effect-parser,createWhenOverLand,0,high,,a,()V,
912,1.16,[effect_NAME],ini_section,,1.13,spawnChance,spawnChance,spawnChance,float,Default 1. If less than 1 effect only has a random chance of being created,spawnChance: 1,matched,com/corrodinggames/rts/game/units/custom/ay,rustedwarfare/custom/EffectTemplate,effect-parser,spawnChance,2,high,,a,()V,
913,1.16,[effect_NAME],ini_section,,1.13,showInFog,showInFog,showInFog,bool,"Default false. When true, effect is still visible on fog of war",showInFog: true,matched,com/corrodinggames/rts/game/units/custom/ay,rustedwarfare/custom/EffectTemplate,effect-parser,showInFog,0,high,,a,()V,
914,1.16,[effect_NAME],ini_section,,1.13,delayedStartTimer,delayedStartTimer,delayedStartTimer,float,Hide for x time before showing and updating effect.,delayedStartTimer: 2s,matched,com/corrodinggames/rts/game/units/custom/ay,rustedwarfare/custom/EffectTemplate,effect-parser,delayedStartTimer,1,high,,a,()V,
915,1.16,[effect_NAME],ini_section,,1.13,liveAfterAttachedDies,liveAfterAttachedDies,liveAfterAttachedDies,bool,Defaults false when attachedToUnit is being used,liveAfterAttachedDies: false,matched,com/corrodinggames/rts/game/units/custom/ay,rustedwarfare/custom/EffectTemplate,effect-parser,liveAfterAttachedDies,0,high,,a,()V,
916,1.16,[effect_NAME],ini_section,,1.13,priority,priority,priority,string,Defaults to high. verylow/low/high/veryhigh/critical. Takes effect when too many effects are being shown at once.,priority: critical,matched,com/corrodinggames/rts/game/units/custom/ay,rustedwarfare/custom/EffectTemplate,effect-parser,priority,1,high,,a,()V,
918,1.16,[effect_NAME],ini_section,Movement,1.13,attachedToUnit,attachedToUnit,attachedToUnit,bool,Attach to unit or projectile that created this effect. Will move with this object. Useful for thrust effects,attachedToUnit: true,matched,com/corrodinggames/rts/game/units/custom/ay,rustedwarfare/custom/EffectTemplate,effect-parser,attachedToUnit,0,high,,a,()V,
919,1.16,[effect_NAME],ini_section,Movement,1.13,alwayStartDirAtZero,alwayStartDirAtZero,alwayStartDirAtZero,bool,Ignore source/attached unit dir,alwayStartDirAtZero: true,matched,com/corrodinggames/rts/game/units/custom/ay,rustedwarfare/custom/EffectTemplate,effect-parser,alwayStartDirAtZero,2,high,,a,()V,
920,1.16,[effect_NAME],ini_section,Movement,1.13,atmospheric,atmospheric,atmospheric,bool,Apply drag to slow this effect down and add small wind effects,atmospheric: true,matched,com/corrodinggames/rts/game/units/custom/ay,rustedwarfare/custom/EffectTemplate,effect-parser,atmospheric,0,high,,a,()V,
921,1.16,[effect_NAME],ini_section,Movement,1.13,physics,physics,physics,bool,Fall to ground and bounces. Needs height to take effect.,physics: true,matched,com/corrodinggames/rts/game/units/custom/ay,rustedwarfare/custom/EffectTemplate,effect-parser,physics,0,high,,a,()V,
922,1.16,[effect_NAME],ini_section,Movement,1.13,physicsGravity,physicsGravity,physicsGravity,float,Defaults to 1. height speed acceleration when physics: true,physicsGravity: 0.5,matched,com/corrodinggames/rts/game/units/custom/ay,rustedwarfare/custom/EffectTemplate,effect-parser,physicsGravity,0,high,,a,()V,
923,1.16,[effect_NAME],ini_section,Movement,1.13,xOffsetRelative,xOffsetRelative,xOffsetRelative,float,"Offset starting effect position. Relative to direction of attached turret, projectile, unit",xOffsetRelative: 2,matched,com/corrodinggames/rts/game/units/custom/ay,rustedwarfare/custom/EffectTemplate,effect-parser,xOffsetRelative,2,high,,a,()V,
924,1.16,[effect_NAME],ini_section,Movement,1.13,yOffsetRelative,yOffsetRelative,yOffsetRelative,float,"Offset starting effect position. Relative to direction of attached turret, projectile, unit",yOffsetRelative: 2,matched,com/corrodinggames/rts/game/units/custom/ay,rustedwarfare/custom/EffectTemplate,effect-parser,yOffsetRelative,2,high,,a,()V,
925,1.16,[effect_NAME],ini_section,Movement,1.13,xOffsetRelativeRandom,xOffsetRelativeRandom,xOffsetRelativeRandom,float,Random offset by +/- this value,xOffsetRelativeRandom: 4,matched,com/corrodinggames/rts/game/units/custom/ay,rustedwarfare/custom/EffectTemplate,effect-parser,xOffsetRelativeRandom,0,high,,a,()V,
926,1.16,[effect_NAME],ini_section,Movement,1.13,yOffsetRelativeRandom,yOffsetRelativeRandom,yOffsetRelativeRandom,float,Random offset by +/- this value,yOffsetRelativeRandom: 4,matched,com/corrodinggames/rts/game/units/custom/ay,rustedwarfare/custom/EffectTemplate,effect-parser,yOffsetRelativeRandom,0,high,,a,()V,
927,1.16,[effect_NAME],ini_section,Movement,1.13,xOffsetAbsolute,xOffsetAbsolute,xOffsetAbsolute,float,"Offset starting effect by position ignoring direction of attached turret, projectile, unit",xOffsetAbsolute: 2,matched,com/corrodinggames/rts/game/units/custom/ay,rustedwarfare/custom/EffectTemplate,effect-parser,xOffsetAbsolute,2,high,,a,()V,
928,1.16,[effect_NAME],ini_section,Movement,1.13,yOffsetAbsolute,yOffsetAbsolute,yOffsetAbsolute,float,"Offset starting effect by position ignoring direction of attached turret, projectile, unit",yOffsetAbsolute: 2,matched,com/corrodinggames/rts/game/units/custom/ay,rustedwarfare/custom/EffectTemplate,effect-parser,yOffsetAbsolute,2,high,,a,()V,
929,1.16,[effect_NAME],ini_section,Movement,1.13,xOffsetAbsoluteRandom,xOffsetAbsoluteRandom,xOffsetAbsoluteRandom,float,Random offset by +/- this value,xOffsetAbsoluteRandom: 5,matched,com/corrodinggames/rts/game/units/custom/ay,rustedwarfare/custom/EffectTemplate,effect-parser,xOffsetAbsoluteRandom,0,high,,a,()V,
930,1.16,[effect_NAME],ini_section,Movement,1.13,yOffsetAbsoluteRandom,yOffsetAbsoluteRandom,yOffsetAbsoluteRandom,float,Random offset by +/- this value,yOffsetAbsoluteRandom: 5,matched,com/corrodinggames/rts/game/units/custom/ay,rustedwarfare/custom/EffectTemplate,effect-parser,yOffsetAbsoluteRandom,0,high,,a,()V,
931,1.16,[effect_NAME],ini_section,Movement,1.13,xSpeedRelative,xSpeedRelative,xSpeedRelative,float,"Moves the effect sprite on relative horizontal position with specified speed. Negative will move left relative to source, positive will move right relative to source. Useful for thrust effects for moving units",xSpeedRelative: 2,matched,com/corrodinggames/rts/game/units/custom/ay,rustedwarfare/custom/EffectTemplate,effect-parser,xSpeedRelative,0,high,,a,()V,
932,1.16,[effect_NAME],ini_section,Movement,1.13,ySpeedRelative,ySpeedRelative,ySpeedRelative,float,"Moves the effect sprite on relative vertical position with specified speed. Negative will move down relative to source, positive will move up relative to source. Useful for thrust effects for moving units",ySpeedRelative: 3,matched,com/corrodinggames/rts/game/units/custom/ay,rustedwarfare/custom/EffectTemplate,effect-parser,ySpeedRelative,0,high,,a,()V,
933,1.16,[effect_NAME],ini_section,Movement,1.13,xSpeedRelativeRandom,xSpeedRelativeRandom,xSpeedRelativeRandom,float,Randomly change by -value to value,xSpeedRelativeRandom: 2,matched,com/corrodinggames/rts/game/units/custom/ay,rustedwarfare/custom/EffectTemplate,effect-parser,xSpeedRelativeRandom,0,high,,a,()V,
934,1.16,[effect_NAME],ini_section,Movement,1.13,ySpeedRelativeRandom,ySpeedRelativeRandom,ySpeedRelativeRandom,float,Randomly change by -value to value,ySpeedRelativeRandom: 2,matched,com/corrodinggames/rts/game/units/custom/ay,rustedwarfare/custom/EffectTemplate,effect-parser,ySpeedRelativeRandom,0,high,,a,()V,
935,1.16,[effect_NAME],ini_section,Movement,1.13,xSpeedAbsolute,xSpeedAbsolute,xSpeedAbsolute,float,"Moves the effect sprite on absolute horizontal position with specified speed. Negative will move left relative to map, positive will move right relative to map. Useful for smoke effects on structures",xSpeedAbsolute: 5,matched,com/corrodinggames/rts/game/units/custom/ay,rustedwarfare/custom/EffectTemplate,effect-parser,xSpeedAbsolute,0,high,,a,()V,
936,1.16,[effect_NAME],ini_section,Movement,1.13,ySpeedAbsolute,ySpeedAbsolute,ySpeedAbsolute,float,"Moves the effect sprite on absolute vertical position with specified speed. Negative will move down relative to map, positive will move up relative to map. Useful for smoke effects on structures",ySpeedAbsolute: 5,matched,com/corrodinggames/rts/game/units/custom/ay,rustedwarfare/custom/EffectTemplate,effect-parser,ySpeedAbsolute,0,high,,a,()V,
937,1.16,[effect_NAME],ini_section,Movement,1.13,xSpeedAbsoluteRandom,xSpeedAbsoluteRandom,xSpeedAbsoluteRandom,float,Randomly change by -value to value,xSpeedAbsoluteRandom: 2,matched,com/corrodinggames/rts/game/units/custom/ay,rustedwarfare/custom/EffectTemplate,effect-parser,xSpeedAbsoluteRandom,0,high,,a,()V,
938,1.16,[effect_NAME],ini_section,Movement,1.13,ySpeedAbsoluteRandom,ySpeedAbsoluteRandom,ySpeedAbsoluteRandom,float,Randomly change by -value to value,ySpeedAbsoluteRandom: 2,matched,com/corrodinggames/rts/game/units/custom/ay,rustedwarfare/custom/EffectTemplate,effect-parser,ySpeedAbsoluteRandom,0,high,,a,()V,
939,1.16,[effect_NAME],ini_section,Movement,1.13,hOffset,hOffset,hOffset,float,height offset from source. May be mistakenly confused with yOffsetAbsolute,hOffset: 4,matched,com/corrodinggames/rts/game/units/custom/ay,rustedwarfare/custom/EffectTemplate,effect-parser,hOffset,1,high,,a,()V,
940,1.16,[effect_NAME],ini_section,Movement,1.13,hOffsetRandom,hOffsetRandom,hOffsetRandom,float,Randomly change by -value to value,hOffsetRandom: 5,matched,com/corrodinggames/rts/game/units/custom/ay,rustedwarfare/custom/EffectTemplate,effect-parser,hOffsetRandom,0,high,,a,()V,
941,1.16,[effect_NAME],ini_section,Movement,1.13,hSpeed,hSpeed,hSpeed,float,Sets the speed to change the height of the effect,hSpeed: 1,matched,com/corrodinggames/rts/game/units/custom/ay,rustedwarfare/custom/EffectTemplate,effect-parser,hSpeed,0,high,,a,()V,
942,1.16,[effect_NAME],ini_section,Movement,1.13,hSpeedRandom,hSpeedRandom,hSpeedRandom,float,Randomly change by -value to value,hSpeedRandom: 1,matched,com/corrodinggames/rts/game/units/custom/ay,rustedwarfare/custom/EffectTemplate,effect-parser,hSpeedRandom,0,high,,a,()V,
943,1.16,[effect_NAME],ini_section,Movement,1.13,dirOffset,dirOffset,dirOffset,float,Sets the static direction of the effect,dirOffset: 43,matched,com/corrodinggames/rts/game/units/custom/ay,rustedwarfare/custom/EffectTemplate,effect-parser,dirOffset,3,high,,a,()V,
944,1.16,[effect_NAME],ini_section,Movement,1.13,dirOffsetRandom,dirOffsetRandom,dirOffsetRandom,float,Randomly change by -value to value,dirOffsetRandom: 50,matched,com/corrodinggames/rts/game/units/custom/ay,rustedwarfare/custom/EffectTemplate,effect-parser,dirOffsetRandom,0,high,,a,()V,
945,1.16,[effect_NAME],ini_section,Movement,1.13,dirSpeed,dirSpeed,dirSpeed,float,Sets the rotation speed of the effect,dirSpeed: 2,matched,com/corrodinggames/rts/game/units/custom/ay,rustedwarfare/custom/EffectTemplate,effect-parser,dirSpeed,0,high,,a,()V,
946,1.16,[effect_NAME],ini_section,Movement,1.13,dirSpeedRandom,dirSpeedRandom,dirSpeedRandom,float,Randomly change by -value to value,dirSpeedRandom: 3,matched,com/corrodinggames/rts/game/units/custom/ay,rustedwarfare/custom/EffectTemplate,effect-parser,dirSpeedRandom,0,high,,a,()V,
948,1.16,[effect_NAME],ini_section,Graphics,1.13,frameIndex,frameIndex,frameIndex,int,Use a specific frame from strip index,frameIndex: 0,matched,com/corrodinggames/rts/game/units/custom/ay,rustedwarfare/custom/EffectTemplate,effect-parser,frameIndex,0,high,,a,()V,
949,1.16,[effect_NAME],ini_section,Graphics,,frameIndexRandom,frameIndexRandom,frameIndexRandom,bool -?,Use random frame from strip index,frameIndexRandom: true,matched,com/corrodinggames/rts/game/units/custom/ay,rustedwarfare/custom/EffectTemplate,effect-parser,frameIndexRandom,0,high,,a,()V,
950,1.16,[effect_NAME],ini_section,Graphics,1.13,stripIndex,stripIndex,stripIndex,int/string,A built-in image set to use. Cannot be used with custom image. Options: effects/explode_big/light_50/flame/effects/effects2/projectiles/projectiles2/explode_bits,stripIndex: projectiles,matched,com/corrodinggames/rts/game/units/custom/ay,rustedwarfare/custom/EffectTemplate,effect-parser,stripIndex,0,high,,a,()V,
951,1.16,[effect_NAME],ini_section,Graphics,1.13,image,image,image,image,Custom image file to use. Cannot be used with stripIndex.,image: whitePuff.png,matched,com/corrodinggames/rts/game/units/custom/ay,rustedwarfare/custom/EffectTemplate,effect-parser,image,4,high,,a,()V,
952,1.16,[effect_NAME],ini_section,Graphics,,imageShadow,imageShadow,imageShadow,image,Custom image file to use for shadows,imageShadow: AUTO,matched,com/corrodinggames/rts/game/units/custom/ay,rustedwarfare/custom/EffectTemplate,effect-parser,imageShadow,0,high,,a,()V,
953,1.16,[effect_NAME],ini_section,Graphics,1.13,scaleTo,scaleTo,scaleTo,float,Defaults to 1. Resizes the unit into the specified scale,scaleTo: 2,matched,com/corrodinggames/rts/game/units/custom/ay,rustedwarfare/custom/EffectTemplate,effect-parser,scaleTo,0,high,,a,()V,
954,1.16,[effect_NAME],ini_section,Graphics,1.13,scaleFrom,scaleFrom,scaleFrom,float,Defaults to 1. Resizes the unit from the specified scale,scaleFrom: 4,matched,com/corrodinggames/rts/game/units/custom/ay,rustedwarfare/custom/EffectTemplate,effect-parser,scaleFrom,0,high,,a,()V,
955,1.16,[effect_NAME],ini_section,Graphics,1.13,color,color,color,color,Defaults #FFFFFFFF. Changes the color of the effect sprite. Use pure white sprite for most use cases.,color: #ff00ff,matched,com/corrodinggames/rts/game/units/custom/ay,rustedwarfare/custom/EffectTemplate,effect-parser,color,2,high,,a,()V,
956,1.16,[effect_NAME],ini_section,Graphics,,teamColorRatio,teamColorRatio,teamColorRatio,,Sets team coloration between 0-1. Team color is dependent from source unit,teamColorRatio: 1,matched,com/corrodinggames/rts/game/units/custom/ay,rustedwarfare/custom/EffectTemplate,effect-parser,teamColorRatio,1,high,,a,()V,
957,1.16,[effect_NAME],ini_section,Graphics,1.13,drawUnderUnits,drawUnderUnits,drawUnderUnits,bool,Renders the effect under all units,drawUnderUnits: false,matched,com/corrodinggames/rts/game/units/custom/ay,rustedwarfare/custom/EffectTemplate,effect-parser,drawUnderUnits,1,high,,a,()V,
958,1.16,[effect_NAME],ini_section,Graphics,1.13,fadeInTime,fadeInTime,fadeInTime,float,Fade alpha from 0% to 100% for this time at start,fadeInTime: 2s,matched,com/corrodinggames/rts/game/units/custom/ay,rustedwarfare/custom/EffectTemplate,effect-parser,fadeInTime,0,high,,a,()V,
959,1.16,[effect_NAME],ini_section,Graphics,1.13,fadeOut,fadeOut,fadeOut,bool,Fade alpha from 100% to 0% based on life. Set alpha is higher than 1 to delay fade,fadeOut: 4s,matched,com/corrodinggames/rts/game/units/custom/ay,rustedwarfare/custom/EffectTemplate,effect-parser,fadeOut,0,high,,a,()V,
960,1.16,[effect_NAME],ini_section,Graphics,,alpha,alpha,alpha,,Capped between 0-1. Can be set higher than 1 to delay fadeOut effects,alpha: 1,matched,com/corrodinggames/rts/game/units/custom/ay,rustedwarfare/custom/EffectTemplate,effect-parser,alpha,3,high,,a,()V,
961,1.16,[effect_NAME],ini_section,Graphics,,shadow,shadow,shadow,,True to draw a shadow. Forced true if imageShadow is used,shadow: false,matched,com/corrodinggames/rts/game/units/custom/ay,rustedwarfare/custom/EffectTemplate,effect-parser,shadow,1,high,,a,()V,
962,1.16,[effect_NAME],ini_section,Graphics,1.15,pivotOffset,pivotOffset,pivotOffset,float,"Similar to dirOffset, this will also rotate relative keys and child elements",pivotOffset: 20,matched,com/corrodinggames/rts/game/units/custom/ay,rustedwarfare/custom/EffectTemplate,effect-parser,pivotOffset,1,high,,a,()V,
963,1.16,[effect_NAME],ini_section,Graphics,1.15,pivotOffsetRandom,pivotOffsetRandom,pivotOffsetRandom,float,Offsets pivot between +/- of specified value,pivotOffsetRandom: 34,matched,com/corrodinggames/rts/game/units/custom/ay,rustedwarfare/custom/EffectTemplate,effect-parser,pivotOffsetRandom,0,high,,a,()V,
965,1.16,[effect_NAME],ini_section,Animation,1.13,total_frames,total_frames,total_frames,int,"Total frames of 'image', used with animation or frameIndex. Only needed with custom images",total_frames: 10,matched,com/corrodinggames/rts/game/units/custom/ay,rustedwarfare/custom/EffectTemplate,effect-parser,total_frames,2,high,,a,()V,
966,1.16,[effect_NAME],ini_section,Animation,1.13,animateFrameStart,animateFrameStart,animateFrameStart,int,Starting frame for the animation,animateFrameStart: 0,matched,com/corrodinggames/rts/game/units/custom/ay,rustedwarfare/custom/EffectTemplate,effect-parser,animateFrameStart,0,high,,a,()V,
967,1.16,[effect_NAME],ini_section,Animation,1.13,animateFrameEnd,animateFrameEnd,animateFrameEnd,int,Ending frame for the animation,animateFrameEnd: 3,matched,com/corrodinggames/rts/game/units/custom/ay,rustedwarfare/custom/EffectTemplate,effect-parser,animateFrameEnd,0,high,,a,()V,
968,1.16,[effect_NAME],ini_section,Animation,1.13,animateFramePingPong,animateFramePingPong,animateFramePingPong,int,"If true, animation will go back and forth within the frames",animateFramePingPong: true,matched,com/corrodinggames/rts/game/units/custom/ay,rustedwarfare/custom/EffectTemplate,effect-parser,animateFramePingPong,0,high,,a,()V,
969,1.16,[effect_NAME],ini_section,Animation,1.13,animateFrameSpeed,animateFrameSpeed,animateFrameSpeed,time,"Sets the animation speed. The lower the value, the slower it plays",animateFrameSpeed: 10,matched,com/corrodinggames/rts/game/units/custom/ay,rustedwarfare/custom/EffectTemplate,effect-parser,animateFrameSpeed,0,high,,a,()V,
970,1.16,[effect_NAME],ini_section,Animation,1.13,animateFrameSpeedRandom,animateFrameSpeedRandom,animateFrameSpeedRandom,time,Randomizes how fast the effect animation plays,animateFrameSpeedRandom: 20,matched,com/corrodinggames/rts/game/units/custom/ay,rustedwarfare/custom/EffectTemplate,effect-parser,animateFrameSpeedRandom,0,high,,a,()V,
971,1.16,[effect_NAME],ini_section,Animation,1.14,animateFrameLooping,animateFrameLooping,animateFrameLooping,bool,Defaults false. When false effect is removed when animation ends,animateFrameLooping: true,matched,com/corrodinggames/rts/game/units/custom/ay,rustedwarfare/custom/EffectTemplate,effect-parser,animateFrameLooping,0,high,,a,()V,
974,1.16,[animation_NAME],ini_section,,1.13,onActions:,onActions,onActions,enum,"Automatically plays the animation on specified events. Options: move, attack, idle, underConstruction, underConstructionWithLinkedBuiltTime, queuedUnits, repair",onActions: move,matched,com/corrodinggames/rts/game/units/custom/f,rustedwarfare/custom/animation/AnimationDefinition,custom-unit,onActions,0,medium,,,,
975,1.16,[animation_NAME],ini_section,,1.13,onActionsQueuedUnitPlayAt:,onActionsQueuedUnitPlayAt,onActionsQueuedUnitPlayAt,float,"For onAction: queuedUnits. Amount queue needs to reach before starting, set between 0-1",onActionsQueuedUnitPlayAt: 0,matched,com/corrodinggames/rts/game/units/custom/f,rustedwarfare/custom/animation/AnimationDefinition,custom-unit,onActionsQueuedUnitPlayAt,0,medium,,,,
976,1.16,[animation_NAME],ini_section,,1.13,blendIn:,blendIn,blendIn,time,Blend with last animation for this time,blendIn: 2s,matched,com/corrodinggames/rts/game/units/custom/f,rustedwarfare/custom/animation/AnimationDefinition,custom-unit,blendIn,0,medium,,,,
977,1.16,[animation_NAME],ini_section,,1.13,blendOut:,blendOut,blendOut,time,Blend with next animation for this time,blendOut: 3s,matched,com/corrodinggames/rts/game/units/custom/f,rustedwarfare/custom/animation/AnimationDefinition,custom-unit,blendOut,0,medium,,,,
978,1.16,[animation_NAME],ini_section,,1.13,pingPong,pingPong,pingPong,bool,Play animation in reverse after it ends,pingPong: true,matched,com/corrodinggames/rts/game/units/custom/f,rustedwarfare/custom/animation/AnimationDefinition,custom-unit,pingPong,0,medium,,,,
979,1.16,[animation_NAME],ini_section,,1.13,KeyframeTimeScale:,KeyframeTimeScale,KeyframeTimeScale,float,"Scales all keyframe times, useful to make an animation faster/slower without changing everything",KeyframeTimeScale: 1,matched,com/corrodinggames/rts/game/units/custom/f,rustedwarfare/custom/animation/AnimationDefinition,custom-unit,KeyframeTimeScale,0,medium,,,,
981,1.16,[animation_NAME],ini_section,Keyframes - create as many as needed,1.13,arm#_[time],arm#_[time],arm#_[time],,Adds a keyframe at time. Use multiple times to create animation.,"arm1_5s: {x: 5, dir: 90 }",matched,com/corrodinggames/rts/game/units/custom/l,rustedwarfare/custom/CustomUnitMetadata,custom-unit-metadata,arm,1,high,,a,(Ljava/lang/String;)Ljava/lang/String;,normalizeLegOrArmName
982,1.16,[animation_NAME],ini_section,Keyframes - create as many as needed,,leg#_[time],leg#_[time],leg#_[time],,Adds a keyframe at time. Use multiple times to create animation.,leg1_3s: {dir: 300},matched,com/corrodinggames/rts/game/units/custom/l,rustedwarfare/custom/CustomUnitMetadata,custom-unit-metadata,leg,1,high,,a,(Ljava/lang/String;)Ljava/lang/String;,normalizeLegOrArmName
983,1.16,[animation_NAME],ini_section,Keyframes - create as many as needed,,body_[time],body_[time],body_[time],,Adds a keyframe at time for body. Only frame and scale allowed on body,"body_4s: {frame: 4, scale: 0.5}",matched,com/corrodinggames/rts/game/units/custom/f,rustedwarfare/custom/animation/AnimationDefinition,custom-unit,body,1,medium,,,,
984,1.16,[animation_NAME],ini_section,Keyframes - create as many as needed,1.14,effect_[time],effect_[time],effect_[time],,Spawn effects while playing an animation,"effect_2s: {name:CUSTOM|myExplode, x: 0,y: 5}",matched,com/corrodinggames/rts/game/units/custom/f,rustedwarfare/custom/animation/AnimationDefinition,custom-unit,effect,7,medium,,,,
986,1.16,[animation_NAME],ini_section,Keyframes - create as many as needed,,direction_units,direction_units,direction_units,float,Overrides [graphics]animation_direction_units while this animation is playing,direction_units: 45,matched,com/corrodinggames/rts/game/units/custom/m,rustedwarfare/custom/animation/DirectionalFrameSelector,custom-unit,direction_units,0,medium,,,,
987,1.16,[animation_NAME],ini_section,Keyframes - create as many as needed,,direction_strideX:,direction_strideX,direction_strideX,int,Overrides [graphics]animation_direction_strideX,direction_strideX: 20,matched,com/corrodinggames/rts/game/units/custom/m,rustedwarfare/custom/animation/DirectionalFrameSelector,custom-unit,direction_strideX,0,medium,,,,
988,1.16,[animation_NAME],ini_section,Keyframes - create as many as needed,,direction_strideY:,direction_strideY,direction_strideY,int,Overrides [graphics]animation_direction_strideY,direction_strideY: 50,matched,com/corrodinggames/rts/game/units/custom/m,rustedwarfare/custom/animation/DirectionalFrameSelector,custom-unit,direction_strideY,0,medium,,,,
989,1.16,[animation_NAME],ini_section,Keyframes - create as many as needed,,direction_starting:,direction_starting,direction_starting,float,Overrides [graphics]animation_direction_starting,direction_starting: 0,matched,com/corrodinggames/rts/game/units/custom/m,rustedwarfare/custom/animation/DirectionalFrameSelector,custom-unit,direction_starting,0,medium,,,,
991,1.16,[animation_NAME],ini_section,Deprecated Keys (can be used but there are better ways),1.13,start : int,start : int,start,,Start image frame. deprecated,,matched,com/corrodinggames/rts/gameFramework/utility/ag,rustedwarfare/io/RwmodFileSystem,custom-unit-loader,start,3,medium,,,,
992,1.16,[animation_NAME],ini_section,Deprecated Keys (can be used but there are better ways),1.13,end : int,end : int,end,,End image frame. deprecated,,matched,com/corrodinggames/rts/game/units/custom/f,rustedwarfare/custom/animation/AnimationDefinition,custom-unit,end,1,medium,,,,
993,1.16,[animation_NAME],ini_section,Deprecated Keys (can be used but there are better ways),1.13,scale_start : float,scale_start : float,scale_start,,"Start scale. Deprecated, use body keyframes instead.",,matched,com/corrodinggames/rts/game/units/custom/f,rustedwarfare/custom/animation/AnimationDefinition,custom-unit,scale_start,0,medium,,,,
994,1.16,[animation_NAME],ini_section,Deprecated Keys (can be used but there are better ways),1.13,scale_end : float,scale_end : float,scale_end,,"End scale. Deprecated, use body keyframes instead.",,matched,com/corrodinggames/rts/game/units/custom/f,rustedwarfare/custom/animation/AnimationDefinition,custom-unit,scale_end,0,medium,,,,
995,1.16,[animation_NAME],ini_section,Deprecated Keys (can be used but there are better ways),1.13,speed : float,speed : float,speed,,"Speed, smaller is faster. Only effects start, end, scale_start, scale_end",,matched,com/corrodinggames/rts/game/units/custom/f,rustedwarfare/custom/animation/AnimationDefinition,custom-unit,speed,3,medium,,,,
1000,1.16,spawnUnits:LIST,list_parameter,Most units spawning keys support multiple units with parameters,1.13.3,neutralTeam,neutralTeam,neutralTeam,,Spawn the unit on the neutral team instead of the same team as source,"spawnUnits: tank*3(neutralTeam=true, offsetRandomX=20, offsetRandomY=20, gridAlign=true)",matched,com/corrodinggames/rts/game/units/custom/bp,rustedwarfare/custom/spawn/SpawnUnitList,projectile-or-decal-parser,neutralTeam,1,medium,,,,
1001,1.16,spawnUnits:LIST,list_parameter,Most units spawning keys support multiple units with parameters,1.13.3,setToTeamOfLastAttacker,setToTeamOfLastAttacker,setToTeamOfLastAttacker,,Spawn the unit on the last attacker of source (useful on [core]unitsSpawnedOnDeath),spawnUnits: egg(setToTeamOfLastAttacker=true),matched,com/corrodinggames/rts/game/units/custom/bp,rustedwarfare/custom/spawn/SpawnUnitList,projectile-or-decal-parser,setToTeamOfLastAttacker,0,medium,,,,
1002,1.16,spawnUnits:LIST,list_parameter,Most units spawning keys support multiple units with parameters,1.13.3,spawnChance,spawnChance,spawnChance,0-1,Chance this unit will spawn. Defaults to 1.,spawnUnits: shards(spawnChance=0.3),matched,com/corrodinggames/rts/game/units/custom/ay,rustedwarfare/custom/EffectTemplate,effect-parser,spawnChance,2,high,,a,()V,
1003,1.16,spawnUnits:LIST,list_parameter,Most units spawning keys support multiple units with parameters,1.15,spawnSource,spawnSource,spawnSource,unit ref,Changes spawn location and team of spawned units to this unit ref.,spawnUnits: tank(spawnSource=memory.lastLocation),matched,com/corrodinggames/rts/game/units/custom/bp,rustedwarfare/custom/spawn/SpawnUnitList,projectile-or-decal-parser,spawnSource,0,medium,,,,
1004,1.16,spawnUnits:LIST,list_parameter,Most units spawning keys support multiple units with parameters,1.13.3,maxSpawnLimit,maxSpawnLimit,maxSpawnLimit,,"Useful with spawnChance, max number of units to spawn in total","spawnUnits: treeA(spawnChance=0.5, maxSpawnLimit=1), treeB(maxSpawnLimit=1)",matched,com/corrodinggames/rts/game/units/custom/bi,,projectile-or-decal-parser,maxSpawnLimit,1,medium,,,,
1005,1.16,spawnUnits:LIST,list_parameter,Most units spawning keys support multiple units with parameters,1.13.3,gridAlign,gridAlign,gridAlign,,"Align spawn location to grid, useful for buildings",spawnUnits: hovertank(gridAlign: true),matched,com/corrodinggames/rts/game/units/custom/bp,rustedwarfare/custom/spawn/SpawnUnitList,projectile-or-decal-parser,gridAlign,0,medium,,,,
1006,1.16,spawnUnits:LIST,list_parameter,Most units spawning keys support multiple units with parameters,1.13.3,skipIfOverlapping,skipIfOverlapping,skipIfOverlapping,bool,Don't spawn this unit if spawn in an invalid location. Eg on units or over water when LAND based,"spawnUnits: crates*10(skipIfOverlapping=true, offsetRandomX=40, offsetRandomY=40, gridAlign=true)",matched,com/corrodinggames/rts/game/units/custom/bp,rustedwarfare/custom/spawn/SpawnUnitList,projectile-or-decal-parser,skipIfOverlapping,0,medium,,,,
1007,1.16,spawnUnits:LIST,list_parameter,Most units spawning keys support multiple units with parameters,1.13.3,offsetX,offsetX,offsetX,float,Sets horizontal position relative to source,"spawnUnits: jet(offsetX=20), jet(offsetX=-20)",matched,com/corrodinggames/rts/game/units/custom/bi,,projectile-or-decal-parser,offsetX,2,medium,,,,
1008,1.16,spawnUnits:LIST,list_parameter,Most units spawning keys support multiple units with parameters,1.13.3,offsetY,offsetY,offsetY,float,Sets vertical position relative to source,"spawnUnits: scout(offsetY=40), scout(offsetY=-40)",matched,com/corrodinggames/rts/game/units/custom/bi,,projectile-or-decal-parser,offsetY,1,medium,,,,
1009,1.16,spawnUnits:LIST,list_parameter,Most units spawning keys support multiple units with parameters,1.13.3,offsetDir,offsetDir,offsetDir,float,Set the facing direction of spawned units,spawnUnits: bike(offsetDir=-45),matched,com/corrodinggames/rts/game/units/custom/bi,,projectile-or-decal-parser,offsetDir,1,medium,,,,
1010,1.16,spawnUnits:LIST,list_parameter,Most units spawning keys support multiple units with parameters,1.13.3,offsetHeight,offsetHeight,offsetHeight,float,Sets the height for spawned units,spawnUnits: drone(offsetHeight=20),matched,com/corrodinggames/rts/game/units/custom/bi,,projectile-or-decal-parser,offsetHeight,1,medium,,,,
1011,1.16,spawnUnits:LIST,list_parameter,Most units spawning keys support multiple units with parameters,1.13.3,offsetRandomX,offsetRandomX,offsetRandomX,float,Sets random horizontal position relative to source,spawnUnits: k9*5(offsetRandomX=45),matched,com/corrodinggames/rts/game/units/custom/bi,,projectile-or-decal-parser,offsetRandomX,1,medium,,,,
1012,1.16,spawnUnits:LIST,list_parameter,Most units spawning keys support multiple units with parameters,,offsetRandomY,offsetRandomY,offsetRandomY,float,Sets random vertical position relative to source,spawnUnits: scanners*10(offsetRandomY=60),matched,com/corrodinggames/rts/game/units/custom/bi,,projectile-or-decal-parser,offsetRandomY,1,medium,,,,
1013,1.16,spawnUnits:LIST,list_parameter,Most units spawning keys support multiple units with parameters,,offsetRandomDir,offsetRandomDir,offsetRandomDir,float,Set random facing direction of spawned units,spawnUnits: chickens*20(offsetRandomDir=360),matched,com/corrodinggames/rts/game/units/custom/bi,,projectile-or-decal-parser,offsetRandomDir,1,medium,,,,
1014,1.16,spawnUnits:LIST,list_parameter,Most units spawning keys support multiple units with parameters,1.13.3,addResources,addResources,addResources,resource ref,"Give spawn unit those resources, can be used to set flags that trigger actions","spawnUnits: crates(addResources=gold:30|stone:10, spawnChance=0.5)",matched,com/corrodinggames/rts/game/units/custom/ag,rustedwarfare/custom/CustomUnitLoader,custom-unit-loader,addResources,1,high,,b,(Lcom/corrodinggames/rts/game/units/custom/l;Lcom/corrodinggames/rts/gameFramework/utility/ab;Ljava/lang/String;Ljava/lang/String;Z)V,parseCanBuildActionSection
1015,1.16,spawnUnits:LIST,list_parameter,Most units spawning keys support multiple units with parameters,1.14,transportedUnitsToTransfer,transportedUnitsToTransfer,transportedUnitsToTransfer,int,Puts the designated amount of transported units into the transport of the spawned unit.,spawnUnits: transporter(transportedUnitsToTransfer=5),matched,com/corrodinggames/rts/game/units/custom/bp,rustedwarfare/custom/spawn/SpawnUnitList,projectile-or-decal-parser,transportedUnitsToTransfer,0,medium,,,,
1016,1.16,spawnUnits:LIST,list_parameter,Most units spawning keys support multiple units with parameters,1.15,copyWaypointsFrom,copyWaypointsFrom,copyWaypointsFrom,unit ref,Copies all waypoints on target to created units.,spawnUnits: tank(copyWaypointsFrom=self),matched,com/corrodinggames/rts/game/units/custom/bp,rustedwarfare/custom/spawn/SpawnUnitList,projectile-or-decal-parser,copyWaypointsFrom,0,medium,,,,
1017,1.16,spawnUnits:LIST,list_parameter,Most units spawning keys support multiple units with parameters,1.14,alwayStartDirAtZero,alwayStartDirAtZero,alwayStartDirAtZero,bool,Sets the direction of spawned unit to 0 degrees.,spawnUnits: builder(alwayStartDirAtZero=true),matched,com/corrodinggames/rts/game/units/custom/ay,rustedwarfare/custom/EffectTemplate,effect-parser,alwayStartDirAtZero,2,high,,a,()V,
1018,1.16,spawnUnits:LIST,list_parameter,Most units spawning keys support multiple units with parameters,,damagingBorder,damagingBorder,damagingBorder,,Used with techLevel,,unmatched,,,,,0,official-only,,,,
1019,1.16,spawnUnits:LIST,list_parameter,Most units spawning keys support multiple units with parameters,,zoneMarker,zoneMarker,zoneMarker,,Used with techLevel,,unmatched,,,,,0,official-only,,,,
1020,1.16,spawnUnits:LIST,list_parameter,Most units spawning keys support multiple units with parameters,,techLevel,techLevel,techLevel,int,"Usually used in BR maps, controls the size of safe zone markers and damaging borders. 1 techLevel = 10x10 tiles = 200 pixels in diameter","spawnUnits: damagingBorder(techLevel=100), zoneMarker(techLevel=40)",matched,com/corrodinggames/rts/game/units/custom/ag,rustedwarfare/custom/CustomUnitLoader,custom-unit-loader,techLevel,1,high,,a,(Ljava/lang/String;Ljava/io/InputStream;JLcom/corrodinggames/rts/gameFramework/i/b;Lcom/corrodinggames/rts/gameFramework/utility/j;Ljava/lang/String;Ljava/lang/String;)Lcom/corrodinggames/rts/game/units/custom/l;,parseCustomUnitMetadata
1025,1.16,spawnProjectiles:LIST,list_parameter,Most projectile spawning keys used for projectile ref,1.14,spawnChance,spawnChance,spawnChance,float,Chance this projectile will spawn. Defaults to 1.,spawnProjectilesOnEndOfLife: secondary*3(spawnChance=0.5),matched,com/corrodinggames/rts/game/units/custom/ay,rustedwarfare/custom/EffectTemplate,effect-parser,spawnChance,2,high,,a,()V,
1026,1.16,spawnProjectiles:LIST,list_parameter,Most projectile spawning keys used for projectile ref,1.14,maxSpawnLimit,maxSpawnLimit,maxSpawnLimit,int,Maximum amount to spawn,"spawnProjectilesOnExplode: bomblet*3(spawnChance=0.5, maxSpawnLimit=2)",matched,com/corrodinggames/rts/game/units/custom/bi,,projectile-or-decal-parser,maxSpawnLimit,1,medium,,,,
1027,1.16,spawnProjectiles:LIST,list_parameter,Most projectile spawning keys used for projectile ref,1.14,recursionLimit,recursionLimit,recursionLimit,int,"Prevents loops, useful with spawning itself so it doesn't infinitely spawn, good for chain exploding. (Recommended no more than 4 if spawning more than 3 projectiles)","spawnProjectileOnEndOfLife: flamingBits*4(spawnChance=0.35, recursionLimit=2)",matched,com/corrodinggames/rts/game/units/custom/bi,,projectile-or-decal-parser,recursionLimit,0,medium,,,,
1028,1.16,spawnProjectiles:LIST,list_parameter,Most projectile spawning keys used for projectile ref,1.14,offsetX,offsetX,offsetX,float,Sets horizontal position,"spawnProjectileOnCreate: shot(offsetX=10, recursionLimit=0), shot(offsetX=-10, recursionLimit=0), shot(offsetY=10, recursionLimit=0)",matched,com/corrodinggames/rts/game/units/custom/bi,,projectile-or-decal-parser,offsetX,2,medium,,,,
1029,1.16,spawnProjectiles:LIST,list_parameter,Most projectile spawning keys used for projectile ref,1.14,offsetY,offsetY,offsetY,float,Sets vertical position,"spawnProjectileOnCreate: shot(offsetX=10, recursionLimit=0), shot(offsetX=-10, recursionLimit=0), shot(offsetY=10, recursionLimit=0)",matched,com/corrodinggames/rts/game/units/custom/bi,,projectile-or-decal-parser,offsetY,1,medium,,,,
1030,1.16,spawnProjectiles:LIST,list_parameter,Most projectile spawning keys used for projectile ref,1.14,xOffsetRelative,xOffsetRelative,xOffsetRelative,float,"Similar to offsetX, but the offset is relative to the position of the projectile","spawnProjectileOnCreate: homingEnergy(xOffsetRelative=5, yOffsetRelative=10)",matched,com/corrodinggames/rts/game/units/custom/ay,rustedwarfare/custom/EffectTemplate,effect-parser,xOffsetRelative,2,high,,a,()V,
1031,1.16,spawnProjectiles:LIST,list_parameter,Most projectile spawning keys used for projectile ref,1.14,yOffsetRelative,yOffsetRelative,yOffsetRelative,float,"Similar to xOffsetRelative, but for Y axis","spawnProjectileOnCreate: homingEnergy(xOffsetRelative=5, yOffsetRelative=10)",matched,com/corrodinggames/rts/game/units/custom/ay,rustedwarfare/custom/EffectTemplate,effect-parser,yOffsetRelative,2,high,,a,()V,
1032,1.16,spawnProjectiles:LIST,list_parameter,Most projectile spawning keys used for projectile ref,1.14,offsetRandomX,offsetRandomX,offsetRandomX,float,Random value to offset in the X axis only,"spawnProjectileOnExplode: strayBullet(offsetRandomX=10, offsetRandomY=30)",matched,com/corrodinggames/rts/game/units/custom/bi,,projectile-or-decal-parser,offsetRandomX,1,medium,,,,
1033,1.16,spawnProjectiles:LIST,list_parameter,Most projectile spawning keys used for projectile ref,1.14,offsetRandomY,offsetRandomY,offsetRandomY,float,Random value to offset in the Y axis only,"spawnProjectileOnExplode: strayBullet(offsetRandomX=10, offsetRandomY=30)",matched,com/corrodinggames/rts/game/units/custom/bi,,projectile-or-decal-parser,offsetRandomY,1,medium,,,,
1034,1.16,spawnProjectiles:LIST,list_parameter,Most projectile spawning keys used for projectile ref,1.14,offsetRandomXY,offsetRandomXY,offsetRandomXY,float,"The offset in both directions to randomly spawn, makes truly random spawning within an area","spawnProjectileOnEndOfLife: shrapnels*20(spawnChance=0.2, offsetRandomXY=100)",matched,com/corrodinggames/rts/game/units/custom/bi,,projectile-or-decal-parser,offsetRandomXY,3,medium,,,,
1035,1.16,spawnProjectiles:LIST,list_parameter,Most projectile spawning keys used for projectile ref,1.14,offsetHeight,offsetHeight,offsetHeight,float,Sets height of the projectile,spawnProjectileOnCreate: scythe(offsetHeight=20),matched,com/corrodinggames/rts/game/units/custom/bi,,projectile-or-decal-parser,offsetHeight,1,medium,,,,
1036,1.16,spawnProjectiles:LIST,list_parameter,Most projectile spawning keys used for projectile ref,1.14,offsetDir,offsetDir,offsetDir,degrees,Sets direction of the projectile,spawnProjectileOnExplode: stars(offsetDir=45),matched,com/corrodinggames/rts/game/units/custom/bi,,projectile-or-decal-parser,offsetDir,1,medium,,,,
1037,1.16,spawnProjectiles:LIST,list_parameter,Most projectile spawning keys used for projectile ref,1.14,offsetRandomDir,offsetRandomDir,offsetRandomDir,degrees,Sets random direction of the projectile,spawnProjectileOnEndOfLife: fireworks(offsetRandomDir=72),matched,com/corrodinggames/rts/game/units/custom/bi,,projectile-or-decal-parser,offsetRandomDir,1,medium,,,,
1040,1.16,LogicBoolean_,logic_boolean,,,true,true,true,bool,This value will meet the condition,autoTrigger: true,unmatched,,,,,0,official-only,,,,
1041,1.16,LogicBoolean_,logic_boolean,,,false,false,false,bool,This value will not meet the condition,autoTrigger: false,unmatched,,,,,0,official-only,,,,
1042,1.16,LogicBoolean_,logic_boolean,,,if,if,if,,"Start all logic booleans with if, unless just using booleans (true/false)",isActive: if self.hasFlag(id=1),unmatched,,,,,0,official-only,,,,
1043,1.16,LogicBoolean_,logic_boolean,,,and,and,and,bool,Connector. Adds another condition to the list. All conditions linked by this must be reached to return true.,autoTrigger: if self.isInWater and self.energy>=1,unmatched,,,,,0,official-only,,,,
1044,1.16,LogicBoolean_,logic_boolean,,,or,or,or,bool,Connector. Adds another condition to the list. Just one of the conditions linked must be reached to return true,autoTrigger: if (self.energy>=2 or self.ammo>=1) and self.isFlying,unmatched,,,,,0,official-only,,,,
1045,1.16,LogicBoolean_,logic_boolean,,,not,not,not,bool,Conditional. Reverts meaning of the next logic boolean. Useful to set negative conditions,if not self.isOverLiquid (the opposite of being over liquid),unmatched,,,,,0,official-only,,,,
1046,1.16,LogicBoolean_,logic_boolean,,1.15,<,<,<,bool,Return true if number on left is smaller. Means less than next value,isLocked: if self.ammo < 1,unmatched,,,,,0,official-only,,,,
1047,1.16,LogicBoolean_,logic_boolean,,1.15,>,>,>,bool,Return true if number on right is smaller. Means greater than next value,autoTrigger: if self.isInWater and self.energy>=1,unmatched,,,,,0,official-only,,,,
1048,1.16,LogicBoolean_,logic_boolean,,1.15,<=,<=,<=,bool,Return true if number on left is smaller or equal. Means less or equal than next value,"requireConditional: if numberOfUnitsInTeam(withTag=""fish"") >= 10",unmatched,,,,,0,official-only,,,,
1049,1.16,LogicBoolean_,logic_boolean,,1.15,>=,>=,>=,bool,Return true if number on right is smaller or equal. Means greater or equal than next value,"requireConditional: if numberOfUnitsInTeam(withTag=""fish"") <= 11",unmatched,,,,,0,official-only,,,,
1050,1.16,LogicBoolean_,logic_boolean,,1.15,==,==,==,bool,"Return true if number, unit, string, bool on both sides is the same. Means equal to next value",hidden: if memory.tail == 0,unmatched,,,,,0,official-only,,,,
1051,1.16,LogicBoolean_,logic_boolean,,1.15,!=,!=,!=,bool,"Return true if number, unit, string, bool on both sides different. Means different to next value","isVisible: if memory.message != parent.readUnitMemory(name=""stateMessage"", type=""string"")",unmatched,,,,,0,official-only,,,,
1052,1.16,LogicBoolean_,logic_boolean,,1.15,+,+,+,same type,Add two numbers or join two strings. Means addition to this value,setUnitMemory: stockpile = self.ammo + customTarget1.resource.reserve,unmatched,,,,,0,official-only,,,,
1053,1.16,LogicBoolean_,logic_boolean,,1.15,-,-,-,same type,Subtract two numbers. Means substraction to this value,setUnitMemory: stockpile = self.ammo - customTarget2.resource.reserve,unmatched,,,,,0,official-only,,,,
1054,1.16,LogicBoolean_,logic_boolean,,1.15,/,/,/,same type,Divide two numbers. Means division of two values,setUnitMemory: damageMultiplierBuffer = memory.population / memory.death,unmatched,,,,,0,official-only,,,,
1055,1.16,LogicBoolean_,logic_boolean,,1.15,*,*,*,same type,Multiply two numbers. Means multiplication of two values,setUnitMemory: reserveCash = memory.population * self.resource.credits,unmatched,,,,,0,official-only,,,,
1056,1.16,LogicBoolean_,logic_boolean,,1.15,%,%,%,same type,Divides two numbers and returns the remainder. Means a percentage of a value,"setUnitMemory: isEvenX = select(self.x % 2, true, false)",unmatched,,,,,0,official-only,,,,
1058,1.16,LogicBoolean_,logic_boolean,Unit location and movement,,self.isUnderwater(),self.isUnderwater(),self.isUnderwater(),bool,Checks if unit is underwater,autoTrigger: if self.isUnderwater(),matched,com/corrodinggames/rts/game/units/custom/logicBooleans/LogicBooleanGameFunctions,rustedwarfare/custom/logic/LogicBooleanGameFunctions,logic-boolean,self.isUnderwater,0,high,,loadTypes,()V,
1059,1.16,LogicBoolean_,logic_boolean,Unit location and movement,,self.isAtGroundHeight(),self.isAtGroundHeight(),self.isAtGroundHeight(),bool,Checks if unit is in surface level,autoTrigger: if thisActionTarget.isAtGroundHeight(),matched,com/corrodinggames/rts/game/units/custom/logicBooleans/LogicBooleanGameFunctions,rustedwarfare/custom/logic/LogicBooleanGameFunctions,logic-boolean,self.isAtGroundHeight,0,high,,loadTypes,()V,
1060,1.16,LogicBoolean_,logic_boolean,Unit location and movement,,self.isFlying(),self.isFlying(),self.isFlying(),bool,Checks if unit is flying,isActive: if self.isFlying(),matched,com/corrodinggames/rts/game/units/custom/logicBooleans/LogicBooleanGameFunctions,rustedwarfare/custom/logic/LogicBooleanGameFunctions,logic-boolean,self.isFlying,0,high,,loadTypes,()V,
1061,1.16,LogicBoolean_,logic_boolean,Unit location and movement,,self.isMoving(),self.isMoving(),self.isMoving(),bool,Checks if unit is moving on its own by any means,isLocked: if self.isMoving(),matched,com/corrodinggames/rts/game/units/custom/logicBooleans/LogicBooleanGameFunctions,rustedwarfare/custom/logic/LogicBooleanGameFunctions,logic-boolean,self.isMoving,0,high,,loadTypes,()V,
1062,1.16,LogicBoolean_,logic_boolean,Unit location and movement,1.15,self.isReversing(),self.isReversing(),self.isReversing(),bool,Checks if unit is moving backwards,isLockedAlt2: if self.isReversing(),matched,com/corrodinggames/rts/game/units/custom/logicBooleans/LogicBooleanGameFunctions,rustedwarfare/custom/logic/LogicBooleanGameFunctions,logic-boolean,self.isReversing,0,high,,loadTypes,()V,
1063,1.16,LogicBoolean_,logic_boolean,Unit location and movement,,self.isAtTopSpeed(),self.isAtTopSpeed(),self.isAtTopSpeed(),bool,Checks if the unit current speed matches the moveSpeed property,autoTrigger: if self.isAtTopSpeed(),matched,com/corrodinggames/rts/game/units/custom/logicBooleans/LogicBooleanGameFunctions,rustedwarfare/custom/logic/LogicBooleanGameFunctions,logic-boolean,self.isAtTopSpeed,0,high,,loadTypes,()V,
1064,1.16,LogicBoolean_,logic_boolean,Unit location and movement,,self.isInWater(),self.isInWater(),self.isInWater(),bool,Checks if unit touches a water tile,isLocked: if not self.isInWater(),matched,com/corrodinggames/rts/game/units/custom/logicBooleans/LogicBooleanGameFunctions,rustedwarfare/custom/logic/LogicBooleanGameFunctions,logic-boolean,self.isInWater,0,high,,loadTypes,()V,
1065,1.16,LogicBoolean_,logic_boolean,Unit location and movement,,self.isOverwater(),self.isOverwater(),self.isOverwater(),bool,Checks if unit is touching or over a water tile,isLocked: if not self.isOverwater(),matched,com/corrodinggames/rts/game/units/custom/logicBooleans/LogicBooleanGameFunctions,rustedwarfare/custom/logic/LogicBooleanGameFunctions,logic-boolean,self.isOverwater,0,high,,loadTypes,()V,
1066,1.16,LogicBoolean_,logic_boolean,Unit location and movement,,self.isOverLiquid(),self.isOverLiquid(),self.isOverLiquid(),bool,"Checks if unit is touching or over a liquid tile (water, lava)",isLocked: if not self.isOverLiquid(),matched,com/corrodinggames/rts/game/units/custom/logicBooleans/LogicBooleanGameFunctions,rustedwarfare/custom/logic/LogicBooleanGameFunctions,logic-boolean,self.isOverLiquid,0,high,,loadTypes,()V,
1067,1.16,LogicBoolean_,logic_boolean,Unit location and movement,,self.isOverClift(),self.isOverClift(),self.isOverClift(),bool,Checks if unit is touching a cliff tile,isLocked: if not self.isOverClift(),matched,com/corrodinggames/rts/game/units/custom/logicBooleans/LogicBooleanGameFunctions,rustedwarfare/custom/logic/LogicBooleanGameFunctions,logic-boolean,self.isOverClift,0,high,,loadTypes,()V,
1068,1.16,LogicBoolean_,logic_boolean,Unit location and movement,,self.isOverPassableTile(),self.isOverPassableTile(),self.isOverPassableTile(),bool,"Checks if unit is touching or over a specific tile (parameters: type, Type Values: NONE, LAND, BUILDING, HOVER, OVER_CLIFF, OVER_CLIFF_WATER, AIR, WATER)","isLockedAlt: if self.isOverPassableTile(type=""OVER_CLIFF_WATER"")",matched,com/corrodinggames/rts/game/units/custom/logicBooleans/LogicBooleanGameFunctions,rustedwarfare/custom/logic/LogicBooleanGameFunctions,logic-boolean,self.isOverPassableTile,0,high,,loadTypes,()V,
1069,1.16,LogicBoolean_,logic_boolean,Unit location and movement,,self.isOverOpenLand(),self.isOverOpenLand(),self.isOverOpenLand(),bool,shortcut for self.isOverPassableTile(type='LAND'),hidden: if not self.isOverOpenLand(),matched,com/corrodinggames/rts/game/units/custom/logicBooleans/LogicBooleanGameFunctions,rustedwarfare/custom/logic/LogicBooleanGameFunctions,logic-boolean,self.isOverOpenLand,0,high,,loadTypes,()V,
1071,1.16,LogicBoolean_,logic_boolean,Unit stats,1.13.3,self.hasResources(),self.hasResources(),self.hasResources(),bool,Checks if unit has these resources. Can check multiple resources at the same time (all price parameters).,"isActive self.hasResources(credits=1, energy=2)",matched,com/corrodinggames/rts/game/units/custom/logicBooleans/LogicBooleanGameFunctions,rustedwarfare/custom/logic/LogicBooleanGameFunctions,logic-boolean,self.hasResources,0,high,,loadTypes,()V,
1072,1.16,LogicBoolean_,logic_boolean,Unit stats,,self.resource(),self.resource(),self.resource(),float / bool,"Checks a single resource (parameters: type, greaterThan, lessThan) (1.15 returns float with no parameters)",isActive: self.resource(type=gold) >= 10,matched,com/corrodinggames/rts/game/units/custom/logicBooleans/LogicBooleanGameFunctions,rustedwarfare/custom/logic/LogicBooleanGameFunctions,logic-boolean,self.resource,0,high,,loadTypes,()V,
1073,1.16,LogicBoolean_,logic_boolean,Unit stats,1.15,self.resource.RESOURCE_TYPE,self.resource.RESOURCE_TYPE,self.resource.RESOURCE_TYPE,float,Shortcut for: self.resource(type='RESOURCE_TYPE'),addResourcesWithLogic: hp += self.resource.gold,unmatched,,,,,0,official-only,,,,
1074,1.16,LogicBoolean_,logic_boolean,Unit stats,1.14?,self.isResourceLargerThan,self.isResourceLargerThan,self.isResourceLargerThan,bool,"Compare two resource between each other, note multiplyTargetBy doesn't make any changes. (parameters: source=x, compareTarget=x, byMoreThan=x, multiplyTargetBy=x)","autoTrigger: self.isResourceLargerThan(source=oil, compareTarget=sauce, byMoreThan=100, multiplyTargetBy=0.2)",matched,com/corrodinggames/rts/game/units/custom/logicBooleans/LogicBooleanGameFunctions,rustedwarfare/custom/logic/LogicBooleanGameFunctions,logic-boolean,self.isResourceLargerThan,0,high,,loadTypes,()V,
1075,1.16,LogicBoolean_,logic_boolean,Unit stats,,self.hp(),self.hp(),self.hp(),float / bool,"Returns the current health of the unit (parameters: greaterThan, lessThan, empty, full). (1.15 returns float with no parameters)","addResourcesWithLogic: energy += select(self.hp > self.energy, 10, 3)",matched,com/corrodinggames/rts/game/units/custom/logicBooleans/LogicBooleanGameFunctions,rustedwarfare/custom/logic/LogicBooleanGameFunctions,logic-boolean,self.hp,3,high,,loadTypes,()V,
1076,1.16,LogicBoolean_,logic_boolean,Unit stats,1.15,self.maxHp(),self.maxHp(),self.maxHp(),float / bool,"Returns the maximum health of the unit (parameters: greaterThan, lessThan, empty, full). (1.15 returns float with no parameters)",setResourcesWithLogic: sauce = self.maxHp * self.energy,matched,com/corrodinggames/rts/game/units/custom/logicBooleans/LogicBooleanGameFunctions,rustedwarfare/custom/logic/LogicBooleanGameFunctions,logic-boolean,self.maxHp,2,high,,loadTypes,()V,
1077,1.16,LogicBoolean_,logic_boolean,Unit stats,,self.height(),self.height(),self.height(),float / bool,"Returns the height of the unit from the ground (parameters: greaterThan, lessThan, empty, full) (1.15 returns float with no parameters)",imageScale: 1 + (self.height * 0.1),matched,com/corrodinggames/rts/game/units/custom/logicBooleans/LogicBooleanGameFunctions,rustedwarfare/custom/logic/LogicBooleanGameFunctions,logic-boolean,self.height,8,high,,loadTypes,()V,
1078,1.16,LogicBoolean_,logic_boolean,Unit stats,,self.ammo(),self.ammo(),self.ammo(),int / bool,"Returns int if no parameters, boolean with any parameters (parameters: greaterThan, lessThan, empty, full)",isLocked: if self.ammo < 1,matched,com/corrodinggames/rts/game/units/custom/logicBooleans/LogicBooleanGameFunctions,rustedwarfare/custom/logic/LogicBooleanGameFunctions,logic-boolean,self.ammo,2,high,,loadTypes,()V,
1079,1.16,LogicBoolean_,logic_boolean,Unit stats,,self.isAmmoEmpty(),self.isAmmoEmpty(),self.isAmmoEmpty(),bool,shortcut for self.ammo(empty=true),isLockedAlt: self.isAmmoEmpty(),matched,com/corrodinggames/rts/game/units/custom/logicBooleans/LogicBooleanGameFunctions,rustedwarfare/custom/logic/LogicBooleanGameFunctions,logic-boolean,self.isAmmoEmpty,0,high,,loadTypes,()V,
1080,1.16,LogicBoolean_,logic_boolean,Unit stats,,self.ammoIncludingQueued(),self.ammoIncludingQueued(),self.ammoIncludingQueued(),int / bool,"Also includes ammo from actions still in queue (parameters: greaterThan, lessThan, empty, full)",isLocked: if self.ammoIncludingQueued(lessThan=12),matched,com/corrodinggames/rts/game/units/custom/logicBooleans/LogicBooleanGameFunctions,rustedwarfare/custom/logic/LogicBooleanGameFunctions,logic-boolean,self.ammoIncludingQueued,0,high,,loadTypes,()V,
1081,1.16,LogicBoolean_,logic_boolean,Unit stats,,self.energy(),self.energy(),self.energy(),float / bool,"(parameters: greaterThan, lessThan, empty, full) (1.15 returns float with no parameters)",isVisible: if self.energy() > 50,matched,com/corrodinggames/rts/game/units/custom/logicBooleans/LogicBooleanGameFunctions,rustedwarfare/custom/logic/LogicBooleanGameFunctions,logic-boolean,self.energy,3,high,,loadTypes,()V,
1082,1.16,LogicBoolean_,logic_boolean,Unit stats,,self.energyIncludingQueued(),self.energyIncludingQueued(),self.energyIncludingQueued(),float / bool,"Also includes energy from actions still in queue (parameters: greaterThan, lessThan, empty, full)",isVisible: if self.energyIncludingQueued(),matched,com/corrodinggames/rts/game/units/custom/logicBooleans/LogicBooleanGameFunctions,rustedwarfare/custom/logic/LogicBooleanGameFunctions,logic-boolean,self.energyIncludingQueued,0,high,,loadTypes,()V,
1083,1.16,LogicBoolean_,logic_boolean,Unit stats,,self.isEnergyFull(),self.isEnergyFull(),self.isEnergyFull(),bool,shortcut for self.energy(full=true),isLocked: if self.isEnergyFull(),matched,com/corrodinggames/rts/game/units/custom/logicBooleans/LogicBooleanGameFunctions,rustedwarfare/custom/logic/LogicBooleanGameFunctions,logic-boolean,self.isEnergyFull,0,high,,loadTypes,()V,
1084,1.16,LogicBoolean_,logic_boolean,Unit stats,,self.isEnergyEmpty(),self.isEnergyEmpty(),self.isEnergyEmpty(),bool,shortcut for self.energy(empty=true),isActive: if self.isEnergyEmpty(),matched,com/corrodinggames/rts/game/units/custom/logicBooleans/LogicBooleanGameFunctions,rustedwarfare/custom/logic/LogicBooleanGameFunctions,logic-boolean,self.isEnergyEmpty,0,high,,loadTypes,()V,
1085,1.16,LogicBoolean_,logic_boolean,Unit stats,1.15p10,self.maxEnergy(),self.maxEnergy(),self.maxEnergy(),float / bool,"Returns maximum energy (defaults to energyMax value in core, dynamically adjusts to changed value made by setUnitStats)",isLocked: if memory.kills < self.maxEnergy(),matched,com/corrodinggames/rts/game/units/custom/logicBooleans/LogicBooleanGameFunctions,rustedwarfare/custom/logic/LogicBooleanGameFunctions,logic-boolean,self.maxEnergy,1,high,,loadTypes,()V,
1086,1.16,LogicBoolean_,logic_boolean,Unit stats,,self.isEnergyRecharging(),self.isEnergyRecharging(),self.isEnergyRecharging(),bool,Checks if unit energy is passively recharging,"text: Reload %{select(self.isEnergyRecharging(), """", ""[ready"")}",matched,com/corrodinggames/rts/game/units/custom/logicBooleans/LogicBooleanGameFunctions,rustedwarfare/custom/logic/LogicBooleanGameFunctions,logic-boolean,self.isEnergyRecharging,1,high,,loadTypes,()V,
1087,1.16,LogicBoolean_,logic_boolean,Unit stats,,self.shield(),self.shield(),self.shield(),float / bool,"(parameters: greaterThan, lessThan, empty, full) (1.15 returns float with no parameters)",isActive: if self.shield() == 0,matched,com/corrodinggames/rts/game/units/custom/logicBooleans/LogicBooleanGameFunctions,rustedwarfare/custom/logic/LogicBooleanGameFunctions,logic-boolean,self.shield,3,high,,loadTypes,()V,
1088,1.16,LogicBoolean_,logic_boolean,Unit stats,1.15p10,self.maxShield(),self.maxShield(),self.maxShield(),float / bool,"Returns the maximum shield value (defaults to maxShield value in core, but dynamically adjusts to changes made with setUnitStats)",isLockedAlt2: if self.energy <= self.maxShield()/2,matched,com/corrodinggames/rts/game/units/custom/logicBooleans/LogicBooleanGameFunctions,rustedwarfare/custom/logic/LogicBooleanGameFunctions,logic-boolean,self.maxShield,2,high,,loadTypes,()V,
1089,1.16,LogicBoolean_,logic_boolean,Unit stats,,self.kills(),self.kills(),self.kills(),int / bool,"Returns the number of kills the unit has done (parameters: greaterThan, lessThan) (1.15 returns int with no parameters)",setUnitMemory: score = self.kills()*3,matched,com/corrodinggames/rts/game/units/custom/logicBooleans/LogicBooleanGameFunctions,rustedwarfare/custom/logic/LogicBooleanGameFunctions,logic-boolean,self.kills,0,high,,loadTypes,()V,
1090,1.16,LogicBoolean_,logic_boolean,Unit stats,1.13.3,self.queueSize(),self.queueSize(),self.queueSize(),int / bool,"Checks the amount of queued build actions and other actions in the invoked unit(parameters: greaterThan, lessThan, full, empty, equalTo) (1.15 returns float with no parameters) 1.15p9 adds a new parameter: withActionTag=""#""",isLocked: if self.queueSize() >= 4,matched,com/corrodinggames/rts/game/units/custom/logicBooleans/LogicBooleanGameFunctions,rustedwarfare/custom/logic/LogicBooleanGameFunctions,logic-boolean,self.queueSize,0,high,,loadTypes,()V,
1091,1.16,LogicBoolean_,logic_boolean,Unit stats,1.15,self.teamId(),self.teamId(),self.teamId(),int,Return team id of unit or marker. Starts at 0. (but -1 for a neutral team),switchToteam: lastDamagedBy.teamId(),matched,com/corrodinggames/rts/game/units/custom/logicBooleans/LogicBooleanGameFunctions,rustedwarfare/custom/logic/LogicBooleanGameFunctions,logic-boolean,self.teamId,3,high,,loadTypes,()V,
1092,1.16,LogicBoolean_,logic_boolean,Unit stats,,self.teamName(),self.teamName(),self.teamName(),string,Returns allied group team name,showMessageToAllPlayers: %{attacking.teamName()} dominated %{thisActionTarget.teamName()},unmatched,,,,,0,official-only,,,,
1093,1.16,LogicBoolean_,logic_boolean,Unit stats,,self.playerName(),self.playerName(),self.playerName(),string,Returns player's name,showQuickWarLogToAllPlayers: %{self.playerName()} destroyed %{thisActionTarget.playerName()}'s %{thisActionTarget},unmatched,,,,,0,official-only,,,,
1094,1.16,LogicBoolean_,logic_boolean,Unit stats,,self.x(),self.x(),self.x(),float,Returns the horizontal position of the unit,description: [Position]\n[X]: %{self.x}\n[Y]: %{self.y}\n[Z]: %{self.z}\n[D]: %{self.dir},matched,com/corrodinggames/rts/game/units/custom/logicBooleans/LogicBooleanGameFunctions,rustedwarfare/custom/logic/LogicBooleanGameFunctions,logic-boolean,self.x,0,high,,loadTypes,()V,
1095,1.16,LogicBoolean_,logic_boolean,Unit stats,,self.y(),self.y(),self.y(),float,Returns the vertical position of the unit,description: [Position]\n[X]: %{self.x}\n[Y]: %{self.y}\n[Z]: %{self.z}\n[D]: %{self.dir},matched,com/corrodinggames/rts/game/units/custom/logicBooleans/LogicBooleanGameFunctions,rustedwarfare/custom/logic/LogicBooleanGameFunctions,logic-boolean,self.y,0,high,,loadTypes,()V,
1096,1.16,LogicBoolean_,logic_boolean,Unit stats,,self.z(),self.z(),self.z(),float,Returns the elevation position of the unit (identical to self.height),description: [Position]\n[X]: %{self.x}\n[Y]: %{self.y}\n[Z]: %{self.z}\n[D]: %{self.dir},matched,com/corrodinggames/rts/game/units/custom/logicBooleans/LogicBooleanGameFunctions,rustedwarfare/custom/logic/LogicBooleanGameFunctions,logic-boolean,self.z,0,high,,loadTypes,()V,
1097,1.16,LogicBoolean_,logic_boolean,Unit stats,,self.dir(),self.dir(),self.dir(),float,Returns the unit's direction,description: [Position]\n[X]: %{self.x}\n[Y]: %{self.y}\n[Z]: %{self.z}\n[D]: %{self.dir},matched,com/corrodinggames/rts/game/units/custom/logicBooleans/LogicBooleanGameFunctions,rustedwarfare/custom/logic/LogicBooleanGameFunctions,logic-boolean,self.dir,3,high,,loadTypes,()V,
1098,1.16,LogicBoolean_,logic_boolean,Unit stats,,self.priceCredits(),self.priceCredits(),self.priceCredits(),,Returns the price of the unit. Only returns the credit price. Does not support custom resources.,addResourcesWithLogic: credits = attacking.priceCredits,matched,com/corrodinggames/rts/game/units/custom/logicBooleans/LogicBooleanGameFunctions,rustedwarfare/custom/logic/LogicBooleanGameFunctions,logic-boolean,self.priceCredits,0,high,,loadTypes,()V,
1099,1.16,LogicBoolean_,logic_boolean,Unit stats,1.15p9,self.builtAmount(),self.builtAmount(),self.builtAmount(),float,Returns the current value of build progression of the unit,stack_indexCount: int(12 * (self.builtAmount * 0.1)),matched,com/corrodinggames/rts/game/units/custom/logicBooleans/LogicBooleanGameFunctions,rustedwarfare/custom/logic/LogicBooleanGameFunctions,logic-boolean,self.builtAmount,0,high,,loadTypes,()V,
1100,1.16,LogicBoolean_,logic_boolean,Unit stats,1.15p9,self.completed(),self.completed(),self.completed(),bool,Shortcut for self.builtAmount() == 1,autoTrigger: if self.completed(),matched,com/corrodinggames/rts/game/units/custom/logicBooleans/LogicBooleanGameFunctions,rustedwarfare/custom/logic/LogicBooleanGameFunctions,logic-boolean,self.completed,0,high,,loadTypes,()V,
1101,1.16,LogicBoolean_,logic_boolean,Unit stats,1.15p9,self.speed(),self.speed(),self.speed(),float,Returns current speed of the unit,isLockedAlt: if self.speed < 2,matched,com/corrodinggames/rts/game/units/custom/logicBooleans/LogicBooleanGameFunctions,rustedwarfare/custom/logic/LogicBooleanGameFunctions,logic-boolean,self.speed,4,high,,loadTypes,()V,
1102,1.16,LogicBoolean_,logic_boolean,Unit stats,1.15p9,self.maxMoveSpeed(),self.maxMoveSpeed(),self.maxMoveSpeed(),float,"Returns the maximum possible speed set for the unit (value set for moveSpeed property, may be manipulated with setUnitStats)",autoTrigger: if memory.defaultSpeed < self.maxMoveSpeed,matched,com/corrodinggames/rts/game/units/custom/logicBooleans/LogicBooleanGameFunctions,rustedwarfare/custom/logic/LogicBooleanGameFunctions,logic-boolean,self.maxMoveSpeed,0,high,,loadTypes,()V,
1104,1.16,LogicBoolean_,logic_boolean,Misc,1.13,self.hasFlag(),self.hasFlag(),self.hasFlag(),bool,Boolean flag saved into units for mods to use. (parameters: id=0-31),autoTrigger: if self.hasFlag(id=1),matched,com/corrodinggames/rts/game/units/custom/logicBooleans/LogicBooleanGameFunctions,rustedwarfare/custom/logic/LogicBooleanGameFunctions,logic-boolean,self.hasFlag,2,high,,loadTypes,()V,
1105,1.16,LogicBoolean_,logic_boolean,Misc,1.13,self.tags(),self.tags(),self.tags(),bool,Checks or return tags of a unit (parameters: includes),autoTrigger: if self.tags(includes='fish'),matched,com/corrodinggames/rts/game/units/custom/logicBooleans/LogicBooleanGameFunctions,rustedwarfare/custom/logic/LogicBooleanGameFunctions,logic-boolean,self.tags,2,high,,loadTypes,()V,
1106,1.16,LogicBoolean_,logic_boolean,Misc,1.13.3,self.globalTeamTags(),self.globalTeamTags(),self.globalTeamTags(),bool,Checks or returns global tags on a unit (parameters: includes),autoTrigger: if self.globalTeamTags(includes='animal'),matched,com/corrodinggames/rts/game/units/custom/logicBooleans/LogicBooleanGameFunctions,rustedwarfare/custom/logic/LogicBooleanGameFunctions,logic-boolean,self.globalTeamTags,0,high,,loadTypes,()V,
1107,1.16,LogicBoolean_,logic_boolean,Misc,1.13,self.transportingCount(),self.transportingCount(),self.transportingCount(),int,"(parameters: greaterThan, lessThan, empty) (1.15 returns int with no parameters)",text: Load - %{self.transportingCount()},matched,com/corrodinggames/rts/game/units/custom/logicBooleans/LogicBooleanGameFunctions,rustedwarfare/custom/logic/LogicBooleanGameFunctions,logic-boolean,self.transportingCount,0,high,,loadTypes,()V,
1108,1.16,LogicBoolean_,logic_boolean,Misc,1.13,self.numberOfAttachedUnits(),self.numberOfAttachedUnits(),self.numberOfAttachedUnits(),int / bool,"(withTag, greaterThan, lessThan) (1.15 returns int with no parameters)",text: Cores - %{self.numberOfAttachedUnits()},matched,com/corrodinggames/rts/game/units/custom/logicBooleans/LogicBooleanGameFunctions,rustedwarfare/custom/logic/LogicBooleanGameFunctions,logic-boolean,self.numberOfAttachedUnits,0,high,,loadTypes,()V,
1109,1.16,LogicBoolean_,logic_boolean,Misc,1.13,self.isAttacking(),self.isAttacking(),self.isAttacking(),bool,Checks if the unit is attacking something,"setUnitStats: moveSpeed=select(self.isAttacking, 4, 2)",matched,com/corrodinggames/rts/game/units/custom/logicBooleans/LogicBooleanGameFunctions,rustedwarfare/custom/logic/LogicBooleanGameFunctions,logic-boolean,self.isAttacking,0,high,,loadTypes,()V,
1110,1.16,LogicBoolean_,logic_boolean,Misc,1.13,self.hasActiveWaypoint(),self.hasActiveWaypoint(),self.hasActiveWaypoint(),bool,(parameters: type=WAYPOINT_TYPE),text: Waypoint - %{self.hasActiveWaypoint(type='move')},matched,com/corrodinggames/rts/game/units/custom/logicBooleans/LogicBooleanGameFunctions,rustedwarfare/custom/logic/LogicBooleanGameFunctions,logic-boolean,self.hasActiveWaypoint,0,high,,loadTypes,()V,
1111,1.16,LogicBoolean_,logic_boolean,Misc,1.15,self.numberOfQueuedWaypoints(),self.numberOfQueuedWaypoints(),self.numberOfQueuedWaypoints(),int / bool,"(parameters: type=WAYPOINT_TYPE, amount=#)",text: Waypoint Queue - %{self.numberOfQueuedWaypoints(type='attackMove') >= 2},matched,com/corrodinggames/rts/game/units/custom/logicBooleans/LogicBooleanGameFunctions,rustedwarfare/custom/logic/LogicBooleanGameFunctions,logic-boolean,self.numberOfQueuedWaypoints,0,high,,loadTypes,()V,
1112,1.16,LogicBoolean_,logic_boolean,Misc,1.13,self.transportingUnitWithTags(),self.transportingUnitWithTags(),self.transportingUnitWithTags(),bool,(parameters: includes),requireConditional: if self.transportingUnitWithTags(includes='human'),matched,com/corrodinggames/rts/game/units/custom/logicBooleans/LogicBooleanGameFunctions,rustedwarfare/custom/logic/LogicBooleanGameFunctions,logic-boolean,self.transportingUnitWithTags,0,high,,loadTypes,()V,
1113,1.16,LogicBoolean_,logic_boolean,Misc,1.13,self.hasParent(),self.hasParent(),self.hasParent(),bool,Checks if a unit is attached or a passenger of a unit. For both attachments and transports (parameters: [withTag=x] ),isVisible: if self.hasParent,matched,com/corrodinggames/rts/game/units/custom/logicBooleans/LogicBooleanGameFunctions,rustedwarfare/custom/logic/LogicBooleanGameFunctions,logic-boolean,self.hasParent,0,high,,loadTypes,()V,
1114,1.16,LogicBoolean_,logic_boolean,Misc,1.13,self.hasTakenDamage(),self.hasTakenDamage(),self.hasTakenDamage(),float / bool,"Checks when the unit last took damage (parameters: withinSeconds=X, laterThanSeconds=X) (v1.15 returns float in seconds with no parameters)",isActive: if self.hasTakenDamage(withinSeconds=1),matched,com/corrodinggames/rts/game/units/custom/logicBooleans/LogicBooleanGameFunctions,rustedwarfare/custom/logic/LogicBooleanGameFunctions,logic-boolean,self.hasTakenDamage,0,high,,loadTypes,()V,
1115,1.16,LogicBoolean_,logic_boolean,Misc,1.13,self.timeAlive(),self.timeAlive(),self.timeAlive(),float / bool,"Checks how long the unit is alive (parameters: withinSeconds=X, laterThanSeconds=X) (v1.15 returns float in seconds with no parameters)",isLocked: if self.timeAlive() > 100,matched,com/corrodinggames/rts/game/units/custom/logicBooleans/LogicBooleanGameFunctions,rustedwarfare/custom/logic/LogicBooleanGameFunctions,logic-boolean,self.timeAlive,0,high,,loadTypes,()V,
1116,1.16,LogicBoolean_,logic_boolean,Misc,1.13,self.lastConverted(),self.lastConverted(),self.lastConverted(),float / bool,"Check the time the unit last converted from (parameters: withinSeconds=X, laterThanSeconds=X) (v1.15 returns float in seconds with no parameters)",isLockedAlt2: if self.lastConverted(),matched,com/corrodinggames/rts/game/units/custom/logicBooleans/LogicBooleanGameFunctions,rustedwarfare/custom/logic/LogicBooleanGameFunctions,logic-boolean,self.lastConverted,0,high,,loadTypes,()V,
1117,1.16,LogicBoolean_,logic_boolean,Misc,1.13,self.customTimer(),self.customTimer(),self.customTimer(),float / bool,"Returns the current value in the unit's custom timer (parameters: withinSeconds=X, laterThanSeconds=X) (v1.15 returns float in seconds with no parameters)",autoTrigger: if self.customTimer() > 120,matched,com/corrodinggames/rts/game/units/custom/logicBooleans/LogicBooleanGameFunctions,rustedwarfare/custom/logic/LogicBooleanGameFunctions,logic-boolean,self.customTimer,0,high,,loadTypes,()V,
1118,1.16,LogicBoolean_,logic_boolean,Misc,1.13,self.isOnNeutralTeam(),self.isOnNeutralTeam(),self.isOnNeutralTeam(),bool,Checks if the unit belongs to the neutral team (Team ID -1),,matched,com/corrodinggames/rts/game/units/custom/logicBooleans/LogicBooleanGameFunctions,rustedwarfare/custom/logic/LogicBooleanGameFunctions,logic-boolean,self.isOnNeutralTeam,0,high,,loadTypes,()V,
1119,1.16,LogicBoolean_,logic_boolean,Misc,1.13,self.numberOfUnitsInTeam(),self.numberOfUnitsInTeam(),self.numberOfUnitsInTeam(),int / bool,"Checks amount of player units that meet the parameters (parameters: withTag, greaterThan, lessThan, withinRange, incompleteBuildings, factoryQueue) (v1.15 returns int with no parameters)","isLocked: if numberOfUnitsInTeam(withTag='techUnlockBuilding', lessThan=5)",matched,com/corrodinggames/rts/game/units/custom/logicBooleans/LogicBooleanGameFunctions,rustedwarfare/custom/logic/LogicBooleanGameFunctions,logic-boolean,self.numberOfUnitsInTeam,1,high,,loadTypes,()V,
1120,1.16,LogicBoolean_,logic_boolean,Misc,1.13,self.numberOfUnitsInAllyTeam(),self.numberOfUnitsInAllyTeam(),self.numberOfUnitsInAllyTeam(),int / bool,"Checks amount of allied and player units that meet the parameters (parameters: withTag, greaterThan, lessThan, withinRange, incompleteBuildings, factoryQueue) (v1.15 returns int with no parameters)",description: TEAM %{self.teamName}\n\nTank Population: %{self.numberOfUnitsInAllyTeam()},matched,com/corrodinggames/rts/game/units/custom/logicBooleans/LogicBooleanGameFunctions,rustedwarfare/custom/logic/LogicBooleanGameFunctions,logic-boolean,self.numberOfUnitsInAllyTeam,1,high,,loadTypes,()V,
1121,1.16,LogicBoolean_,logic_boolean,Misc,1.14,self.numberOfUnitsInAllyNotOwnTeam(),self.numberOfUnitsInAllyNotOwnTeam(),self.numberOfUnitsInAllyNotOwnTeam(),int / bool,"Checks amount of allied only units that meet the parameters (parameters: withTag, greaterThan, lessThan, withinRange, incompleteBuildings, factoryQueue) (v1.15 returns int with no parameters)",isActive: if self.numberOfUnitsInAllyNotOwnTeam() > 100,matched,com/corrodinggames/rts/game/units/custom/logicBooleans/LogicBooleanGameFunctions,rustedwarfare/custom/logic/LogicBooleanGameFunctions,logic-boolean,self.numberOfUnitsInAllyNotOwnTeam,1,high,,loadTypes,()V,
1122,1.16,LogicBoolean_,logic_boolean,Misc,1.13.3,self.numberOfUnitsInEnemyTeam(),self.numberOfUnitsInEnemyTeam(),self.numberOfUnitsInEnemyTeam(),int / bool,"Checks amount of enemy units that meet the parameters (parameters: withTag, greaterThan, lessThan, withinRange, incompleteBuildings, factoryQueue) (v1.15 returns int with no parameters)",autoTrigger: if self.numberOfUnitsInEnemyTeam(withinRange=500) > 0,matched,com/corrodinggames/rts/game/units/custom/logicBooleans/LogicBooleanGameFunctions,rustedwarfare/custom/logic/LogicBooleanGameFunctions,logic-boolean,self.numberOfUnitsInEnemyTeam,1,high,,loadTypes,()V,
1123,1.16,LogicBoolean_,logic_boolean,Misc,1.14,numberOfUnitsInNeutralTeam(),numberOfUnitsInNeutralTeam(),numberOfUnitsInNeutralTeam(),int / bool,"Checks amount of neutral units that meet the parameters (parameters: withTag, greaterThan, lessThan, withinRange, incompleteBuildings, factoryQueue) (v1.15 returns int with no parameters)",isVisible: if memory.deadzone.numberOfUnitsInNeutralTeam() >= 10,matched,com/corrodinggames/rts/game/units/custom/logicBooleans/LogicBooleanGameFunctions,rustedwarfare/custom/logic/LogicBooleanGameFunctions,logic-boolean,numberOfUnitsInNeutralTeam,0,high,,loadTypes,()V,
1124,1.16,LogicBoolean_,logic_boolean,Misc,1.14,numberOfUnitsInAggressiveTeam(),numberOfUnitsInAggressiveTeam(),numberOfUnitsInAggressiveTeam(),int / bool,"Checks amount of aggressive neutral units that meet the parameters (parameters: withTag, greaterThan, lessThan, withinRange, incompleteBuildings, factoryQueue) (v1.15 returns int with no parameters)",isVisible: if memory.deadzone.numberOfUnitsInAggressiveTeam() >= 30,matched,com/corrodinggames/rts/game/units/custom/logicBooleans/LogicBooleanGameFunctions,rustedwarfare/custom/logic/LogicBooleanGameFunctions,logic-boolean,numberOfUnitsInAggressiveTeam,0,high,,loadTypes,()V,
1125,1.16,LogicBoolean_,logic_boolean,Misc,1.15p9,numberOfUnitsInAllTeams(),numberOfUnitsInAllTeams(),numberOfUnitsInAllTeams(),int / bool,"Checks amount of any units that meet the parameters (parameters: withTag, greaterThan, lessThan, withinRange, incompleteBuildings, factoryQueue) (v1.15 returns int with no parameters)","text: Birds: %{numberOfUnitsInAllTeams(withTag=""bird"")}",matched,com/corrodinggames/rts/game/units/custom/logicBooleans/LogicBooleanGameFunctions,rustedwarfare/custom/logic/LogicBooleanGameFunctions,logic-boolean,numberOfUnitsInAllTeams,0,high,,loadTypes,()V,
1126,1.16,LogicBoolean_,logic_boolean,Misc,1.13.3,self.hasUnitInTeam(),self.hasUnitInTeam(),self.hasUnitInTeam(),bool,"(parameters: withTag, withinRange, incompleteBuildings, factoryQueue) alias for numberOfUnitsInTeam","isLocked: if self.hasUnitInTeam(withTag=""fish"")",matched,com/corrodinggames/rts/game/units/custom/logicBooleans/LogicBooleanGameFunctions,rustedwarfare/custom/logic/LogicBooleanGameFunctions,logic-boolean,self.hasUnitInTeam,1,high,,loadTypes,()V,
1127,1.16,LogicBoolean_,logic_boolean,Misc,,self.noUnitInTeam(),self.noUnitInTeam(),self.noUnitInTeam(),bool,"(parameters: withTag, withinRange, incompleteBuildings, factoryQueue) alias for numberOfUnitsInTeam","isLocked: if self.noUnitInTeam(withTag=""infected"")",matched,com/corrodinggames/rts/game/units/custom/logicBooleans/LogicBooleanGameFunctions,rustedwarfare/custom/logic/LogicBooleanGameFunctions,logic-boolean,self.noUnitInTeam,1,high,,loadTypes,()V,
1128,1.16,LogicBoolean_,logic_boolean,Misc,,self.isControlledByAI(),self.isControlledByAI(),self.isControlledByAI(),bool,Checks if a unit is controlled by AI.,"text: Robot? %{select(self.isControlledByAI(), ""Yes"", ""No"")}",matched,com/corrodinggames/rts/game/units/custom/logicBooleans/LogicBooleanGameFunctions,rustedwarfare/custom/logic/LogicBooleanGameFunctions,logic-boolean,self.isControlledByAI,0,high,,loadTypes,()V,
1129,1.16,LogicBoolean_,logic_boolean,Misc,1.15,self.readUnitMemory(),self.readUnitMemory(),self.readUnitMemory(),any type,"(name:string, type:string{boolean,unit,float,string}, [default])","isActive: if parent.readUnitMemory('boostTarget', type='unit') == self",matched,com/corrodinggames/rts/game/units/custom/logicBooleans/LogicBoolean,rustedwarfare/custom/logic/LogicBoolean,logic-boolean,self.readUnitMemory,0,medium,,,,
1131,1.16,LogicBoolean_,logic_boolean,Unit references,1.15,thisActionTarget,thisActionTarget,thisActionTarget,unit / marker,Current target or location targeted.,"fireTurretXAtGround: mainGun (thisActionTarget==Marker with ground location) alsoTriggerAction: x (thisActionTarget==Same as original action) [turret]onShoot_triggerActions: x (thisActionTarget==Target that was shot at) takeResources_triggerActionIfAnyCollected: x (thisActionTarget==Target with resources) addWaypoint_triggerActionIfMatched: x (thisActionTarget == Marker for move/Target for attack, etc. Note: use addWaypoint_maxTime:0 if you want to search only)",matched,com/corrodinggames/rts/game/units/custom/logicBooleans/UnitReference,rustedwarfare/custom/logic/UnitReference,logic-boolean,thisActionTarget,0,medium,,,,
1132,1.16,LogicBoolean_,logic_boolean,Unit references,1.15,thisActionIndex,thisActionIndex,thisActionIndex,int,Used with alsoTriggerActionRepeat and takeResources_triggerActionForEach,alsoTriggerActionRepeat: thisActionIndex,matched,com/corrodinggames/rts/game/units/custom/logicBooleans/LogicBooleanGameFunctions,rustedwarfare/custom/logic/LogicBooleanGameFunctions,logic-boolean,thisActionIndex,0,high,,loadTypes,()V,
1133,1.16,LogicBoolean_,logic_boolean,Unit references,1.15,eventSource,eventSource,eventSource,unit / marker,"Current trigger from an autoTriggerOnEvent, otherwise null",autoTriggerOnEvent: tookDamage (eventSource==Unit that caused damage) autoTriggerOnEvent: killedAnyUnit (eventSource==Unit that was killed) autoTriggerOnEvent: transportingNewUnit (eventSource==Unit that was transported) autoTriggerOnEvent: transportUnloadedOrRemovedUnit (eventSource==Unit unloaded) autoTriggerOnEvent: queuedUnitFinished (eventSource==New unit made) autoTriggerOnEvent: touchTargetSuccess (eventSource==Target touched),matched,com/corrodinggames/rts/game/units/custom/logicBooleans/UnitReference,rustedwarfare/custom/logic/UnitReference,logic-boolean,eventSource,0,medium,,,,
1134,1.16,LogicBoolean_,logic_boolean,Unit references,1.15,attachment,attachment,attachment,unit,"Returns unit attachment as reference (parameters: [slot], [withTag])",setCustomTarget2: self.attachment(withTag='x').lastDamagedBy.getAsMarker(),matched,com/corrodinggames/rts/game/units/custom/logicBooleans/UnitReference$AttachmentUnitReference,rustedwarfare/custom/logic/UnitReference$AttachmentUnitReference,logic-boolean,attachment,1,medium,,,,
1135,1.16,LogicBoolean_,logic_boolean,Unit references,1.15,transporting,transporting,transporting,unit,Returns unit passenger as reference (parameters: [slot]),autoTrigger: if self.transporting(slot=0).hasResources(gold=100),matched,com/corrodinggames/rts/game/units/custom/logicBooleans/UnitReference$TransportingUnitReference,rustedwarfare/custom/logic/UnitReference$TransportingUnitReference,logic-boolean,transporting,1,medium,,,,
1136,1.16,LogicBoolean_,logic_boolean,Unit references,1.15,attacking,attacking,attacking,unit,"Current target this is attacking, might not be the current waypoint target.",isLocked: if attacking.tags(includes='bug') and attacking.hp < 20,matched,com/corrodinggames/rts/game/units/custom/logicBooleans/UnitReference,rustedwarfare/custom/logic/UnitReference,logic-boolean,attacking,0,medium,,,,
1137,1.16,LogicBoolean_,logic_boolean,Unit references,1.15,lastDamagedBy,lastDamagedBy,lastDamagedBy,unit,Last unit that attacked this.,teleportTo: lastDamagedBy,matched,com/corrodinggames/rts/game/units/custom/logicBooleans/UnitReference$LastDamagedByUnitReference,rustedwarfare/custom/logic/UnitReference$LastDamagedByUnitReference,logic-boolean,lastDamagedBy,1,medium,,,,
1138,1.16,LogicBoolean_,logic_boolean,Unit references,1.15,parent,parent,parent,unit,The transporter or attachment parent. (Note: units are suspended state when transported without attachment slot),autoTrigger: if parent.energy > 100,matched,com/corrodinggames/rts/game/units/custom/logicBooleans/UnitReference$ParentUnitReference,rustedwarfare/custom/logic/UnitReference$ParentUnitReference,logic-boolean,parent,2,medium,,,,
1139,1.16,LogicBoolean_,logic_boolean,Unit references,1.15,activeWaypointTarget,activeWaypointTarget,activeWaypointTarget,unit,"Current active waypoint target. Includes attacking, transporting, repairing, etc.","isActive: if distanceBetween(self, activeWaypointTarget) < 100",matched,com/corrodinggames/rts/game/units/custom/logicBooleans/UnitReference,rustedwarfare/custom/logic/UnitReference,logic-boolean,activeWaypointTarget,0,medium,,,,
1140,1.16,LogicBoolean_,logic_boolean,Unit references,1.15,customTarget1,customTarget1,customTarget1,unit,"Custom memory, defaults to the unit that created this unit.",isLocked: if parent.customTarget1 == self,matched,com/corrodinggames/rts/game/units/custom/logicBooleans/UnitReference$Memory1UnitReference,rustedwarfare/custom/logic/UnitReference$Memory1UnitReference,logic-boolean,customTarget1,1,medium,,,,
1141,1.16,LogicBoolean_,logic_boolean,Unit references,1.15,customTarget2,customTarget2,customTarget2,unit,"Custom memory, defaults to null",fireTurretXAtGround_withPosition: customTarget2,matched,com/corrodinggames/rts/game/units/custom/logicBooleans/UnitReference$Memory2UnitReference,rustedwarfare/custom/logic/UnitReference$Memory2UnitReference,logic-boolean,customTarget2,1,medium,,,,
1142,1.16,LogicBoolean_,logic_boolean,Unit references,1.15,nearestUnit,nearestUnit,nearestUnit,unit,"(withinRange=500, withTag='x', relation='any') Search for a unit (not recommended in autoTrigger check for perfomance)","setCustomTarget1: nearestUnit(withTag=""derrick"")",matched,com/corrodinggames/rts/game/units/custom/logicBooleans/UnitReference,rustedwarfare/custom/logic/UnitReference,logic-boolean,nearestUnit,0,medium,,,,
1143,1.16,LogicBoolean_,logic_boolean,Unit references,1.15,globalSearchForFirstUnit,globalSearchForFirstUnit,globalSearchForFirstUnit,unit,"(withTag=x, relation) - Returns first (and oldest) unit found matching the filter. Slow, avoid using in autoTrigger checks","self.globalSearchForFirstUnit(withTag='gameController', relation='neutral')",matched,com/corrodinggames/rts/game/units/custom/logicBooleans/UnitReference$FirstUnitReference,rustedwarfare/custom/logic/UnitReference$FirstUnitReference,logic-boolean,globalSearchForFirstUnit,1,medium,,,,
1144,1.16,LogicBoolean_,logic_boolean,Unit references,1.15,nullUnit,nullUnit,nullUnit,unit,"returns a null unit reference, useful for comparisons",isLockedAlt2: if self.parent == nullUnit,matched,com/corrodinggames/rts/game/units/custom/logicBooleans/UnitReference,rustedwarfare/custom/logic/UnitReference,logic-boolean,nullUnit,0,medium,,,,
1146,1.16,LogicBoolean_,logic_boolean,"Marker functions (These are considered ""Unit"" info and not ""Number"" info if calling them for variables)",1.15,getAsMarker,getAsMarker,getAsMarker,marker,"creates a temporary marker at the position a unit is right now. Markers are very fast to create and automatically removed when no longer needed. Is not linked to any unit and still exists when the unit dies, and stays the same when source moves.",lastDamagedBy.getAsMarker(),matched,com/corrodinggames/rts/game/units/custom/logicBooleans/UnitReference$GetAsMarker,rustedwarfare/custom/logic/UnitReference$GetAsMarker,logic-boolean,getAsMarker,1,medium,,,,
1147,1.16,LogicBoolean_,logic_boolean,"Marker functions (These are considered ""Unit"" info and not ""Number"" info if calling them for variables)",1.15,getOffsetAbsolute,getOffsetAbsolute,getOffsetAbsolute,marker,"([x],[y],[height]) Returns marker with absolute offset (-y is north, +x is east)","addWaypoint_target_fromReference: unitref getOffsetAbsolute(self.x, self.y+1000, self.z)",matched,com/corrodinggames/rts/game/units/custom/logicBooleans/UnitReference$GetOffsetAbsolute,rustedwarfare/custom/logic/UnitReference$GetOffsetAbsolute,logic-boolean,getOffsetAbsolute,1,medium,,,,
1148,1.16,LogicBoolean_,logic_boolean,"Marker functions (These are considered ""Unit"" info and not ""Number"" info if calling them for variables)",1.15,getOffsetRelative,getOffsetRelative,getOffsetRelative,marker,"([x],[y],[height],[dirOffset]) Returns marker with relative offset. (y+ is forwards)","self.getOffsetRelative(y=100).nearestUnit(withinRange=70, withTag='mouse') != null",matched,com/corrodinggames/rts/game/units/custom/logicBooleans/UnitReference$GetOffsetRelative,rustedwarfare/custom/logic/UnitReference$GetOffsetRelative,logic-boolean,getOffsetRelative,1,medium,,,,
1149,1.16,LogicBoolean_,logic_boolean,"Marker functions (These are considered ""Unit"" info and not ""Number"" info if calling them for variables)",1.15,eventSource,eventSource,eventSource,event,"Returns the event from autoTriggerOnEvent, null if used outside of a valid autoTriggerOnEvent",text: Event: %{eventSource},matched,com/corrodinggames/rts/game/units/custom/logicBooleans/UnitReference,rustedwarfare/custom/logic/UnitReference,logic-boolean,eventSource,0,medium,,,,
1151,1.16,LogicBoolean_,logic_boolean,Global functions,1.15,readUnitMemory,readUnitMemory,readUnitMemory,all arguments,"Reads memory from the unit reference (e.g. self.readUnitMemory, parent.readUnitMemory, attacking.readUnitMemory)","self.readUnitMemory('ammoType', type='string'), parent.readUnitMemory(''attachmentArray"", type=""unit[ ]"", index=5), attacking.readUnitMemory(""wishlist"", type=""string[ ]"")[12]",unmatched,,,,,0,official-only,,,,
1152,1.16,LogicBoolean_,logic_boolean,Global functions,1.15,memory.NAME,memory.NAME,memory.NAME,self only,"Shortcut to read the self with current defineUnitMemory types. Cannot be used on other units, use readUnitMemory for that. Don't call with self.",autoTrigger: if memory.experience > 100,unmatched,,,,,0,official-only,,,,
1154,1.16,LogicBoolean_,logic_boolean,Array Memory methods. usable on both memory logic functions above.,1.15,memory.NAME.size,memory.NAME.size,memory.NAME.size,int,Returns the size of the array (including empty indexes between indexes),setUnitMemory: squadSize = memory.squad.size,unmatched,,,,,0,official-only,,,,
1155,1.16,LogicBoolean_,logic_boolean,Array Memory methods. usable on both memory logic functions above.,1.15,memory.NAME.contains(query),memory.NAME.contains(query),memory.NAME.contains(query),bool,Returns true if the query is found within the array. Basically searches something if it exists.,autoTrigger: if memory.savedCoord.contains(lastDamagedBy.customTarget1.customTarget1),matched,com/corrodinggames/rts/game/units/custom/logicBooleans/LogicBooleanLoader$ArrayContextReader$ArrayContains,rustedwarfare/custom/logic/LogicBooleanLoader$ArrayContextReader$ArrayContains,logic-boolean,contains,53,medium,,,,
1156,1.16,LogicBoolean_,logic_boolean,Array Memory methods. usable on both memory logic functions above.,1.15,"distance(x1, y1, x2, y2)","distance(x1, y1, x2, y2)","distance(x1, y1, x2, y2)",float,Returns the difference between two points,"isLocked: if distance(self.x, self.y, thisActionTarget.x, thisActionTarget.y) > 350",matched,com/corrodinggames/rts/game/units/custom/logicBooleans/LogicBoolean,rustedwarfare/custom/logic/LogicBoolean,logic-boolean,distance,0,medium,,,,
1157,1.16,LogicBoolean_,logic_boolean,Array Memory methods. usable on both memory logic functions above.,1.15,"distanceSquared(x1, y1, x2, y2)","distanceSquared(x1, y1, x2, y2)","distanceSquared(x1, y1, x2, y2)",float,Returns the squared difference between two points. Bit faster than distance.,"isLocked: if distanceSquared(self.x, self.y, thisActionTarget.x, thisActionTarget.y) > 19",matched,com/corrodinggames/rts/game/units/custom/logicBooleans/LogicBoolean,rustedwarfare/custom/logic/LogicBoolean,logic-boolean,distanceSquared,0,medium,,,,
1158,1.16,LogicBoolean_,logic_boolean,Array Memory methods. usable on both memory logic functions above.,1.15,"distanceBetween(unit1, unit2)","distanceBetween(unit1, unit2)","distanceBetween(unit1, unit2)",float,Returns the distance between two units or markers,"isLocked: if distanceBetween(self, memory.antenna) > 1000",matched,com/corrodinggames/rts/game/units/custom/logicBooleans/LogicBoolean,rustedwarfare/custom/logic/LogicBoolean,logic-boolean,distanceBetween,0,medium,,,,
1159,1.16,LogicBoolean_,logic_boolean,Array Memory methods. usable on both memory logic functions above.,1.15,"distanceBetweenSquared(unit1, unit2)","distanceBetweenSquared(unit1, unit2)","distanceBetweenSquared(unit1, unit2)",float,Returns the squared distance between two units. Bit faster than distanceBetween,"isLocked: if distanceBetweenSquared(self, memory.antenna) > 100",matched,com/corrodinggames/rts/game/units/custom/logicBooleans/LogicBoolean,rustedwarfare/custom/logic/LogicBoolean,logic-boolean,distanceBetweenSquared,0,medium,,,,
1160,1.16,LogicBoolean_,logic_boolean,Array Memory methods. usable on both memory logic functions above.,1.15,game.nukesEnabled(),game.nukesEnabled(),game.nukesEnabled(),bool,Returns true if nukes are enabled in this game's settings.,isActive: if not game.nukesEnabled(),matched,com/corrodinggames/rts/game/units/custom/logicBooleans/LogicBooleanGameFunctions,rustedwarfare/custom/logic/LogicBooleanGameFunctions,logic-boolean,game.nukesEnabled,1,high,,loadTypes,()V,
1161,1.16,LogicBoolean_,logic_boolean,Array Memory methods. usable on both memory logic functions above.,1.15,int(x),int(x),int(x),int,Removes decimal places from a number.,stack_indexCount: int(12 * (self.builtAmount * 0.1)),matched,com/corrodinggames/rts/game/units/custom/logicBooleans/LogicBoolean,rustedwarfare/custom/logic/LogicBoolean,logic-boolean,int,3,medium,,,,
1162,1.16,LogicBoolean_,logic_boolean,Array Memory methods. usable on both memory logic functions above.,1.15,"select(bool, textA, textB)","select(bool, textA, textB)","select(bool, textA, textB)",,returns textA if bool is true otherwise returns textB,"setUnitMemory: isEvenX = select(self.x % 2, true, false)",matched,com/corrodinggames/rts/game/units/custom/logicBooleans/LogicBoolean,rustedwarfare/custom/logic/LogicBoolean,logic-boolean,select,0,medium,,,,
1163,1.16,LogicBoolean_,logic_boolean,Array Memory methods. usable on both memory logic functions above.,1.15,debug(logicBoolean),debug(logicBoolean),debug(logicBoolean),string,"Returns a text string helping to explain the reason for the current result. Can see into nested logic, comparisons, and operators.",description: [DEBUG] %{debug(self.x > self.y)},matched,com/corrodinggames/rts/game/units/custom/logicBooleans/LogicBoolean,rustedwarfare/custom/logic/LogicBoolean,logic-boolean,debug,0,medium,,,,
1164,1.16,LogicBoolean_,logic_boolean,Array Memory methods. usable on both memory logic functions above.,1.15,str(x),str(x),str(x),string,"Convert a number, unit or boolean into a string",str(self.energy)+'x' == '100x',matched,com/corrodinggames/rts/game/units/custom/logicBooleans/LogicBoolean,rustedwarfare/custom/logic/LogicBoolean,logic-boolean,str,0,medium,,,,
1165,1.16,LogicBoolean_,logic_boolean,Array Memory methods. usable on both memory logic functions above.,1.15,"substring(text,start,end)","substring(text,start,end)","substring(text,start,end)",string,Takes a part of the string from the indicated start and end parts,"substring('hello',0,2) == 'he'",matched,com/corrodinggames/rts/game/units/custom/logicBooleans/LogicBoolean,rustedwarfare/custom/logic/LogicBoolean,logic-boolean,substring,26,medium,,,,
1166,1.16,LogicBoolean_,logic_boolean,Array Memory methods. usable on both memory logic functions above.,1.15,length(string),length(string),length(string),int,Returns string length as number,length(memory.sms),matched,com/corrodinggames/rts/game/units/custom/logicBooleans/LogicBoolean,rustedwarfare/custom/logic/LogicBoolean,logic-boolean,length,29,medium,,,,
1167,1.16,LogicBoolean_,logic_boolean,Array Memory methods. usable on both memory logic functions above.,1.15,squareRoot(num),squareRoot(num),squareRoot(num),float,Requires square root of a number,squareRoot(self.x + self.y),matched,com/corrodinggames/rts/game/units/custom/logicBooleans/LogicBoolean,rustedwarfare/custom/logic/LogicBoolean,logic-boolean,squareRoot,0,medium,,,,
1168,1.16,LogicBoolean_,logic_boolean,Array Memory methods. usable on both memory logic functions above.,1.15,"min(num1, num2)","min(num1, num2)","min(num1, num2)",float,Returns the smallest number,"damage = min(self.hp, self.energy)",matched,com/corrodinggames/rts/game/units/custom/logicBooleans/LogicBoolean,rustedwarfare/custom/logic/LogicBoolean,logic-boolean,min,1,medium,,,,
1169,1.16,LogicBoolean_,logic_boolean,Array Memory methods. usable on both memory logic functions above.,1.15,"max(num1, num2)","max(num1, num2)","max(num1, num2)",float,Returns the biggest number,"max(5, 10) == 10",matched,com/corrodinggames/rts/game/units/custom/logicBooleans/LogicBoolean,rustedwarfare/custom/logic/LogicBoolean,logic-boolean,max,1,medium,,,,
1170,1.16,LogicBoolean_,logic_boolean,Array Memory methods. usable on both memory logic functions above.,1.15,"createMarker(x, y, [height], [teamId], [dir])","createMarker(x, y, [height], [teamId], [dir])","createMarker(x, y, [height], [teamId], [dir])",marker,Creates a marker that can be used to place coordinates for various actions,"fireTurretXAtGround_withTarget: createMarker(self.x + 500, self.y + 500)",matched,com/corrodinggames/rts/game/units/custom/logicBooleans/LogicBoolean,rustedwarfare/custom/logic/LogicBoolean,logic-boolean,createMarker,1,medium,,,,
1171,1.16,LogicBoolean_,logic_boolean,Array Memory methods. usable on both memory logic functions above.,1.15,"eventData(name, type, [default])","eventData(name, type, [default])","eventData(name, type, [default])",any type,Displays the data from a specified message from some unit. Only use in autoTriggerOnEvent:newMessage events,"text: %{eventData(name=""msg"", type=""string"")}",matched,com/corrodinggames/rts/game/units/custom/logicBooleans/LogicBoolean,rustedwarfare/custom/logic/LogicBoolean,logic-boolean,eventData,0,medium,,,,
1172,1.16,LogicBoolean_,logic_boolean,Array Memory methods. usable on both memory logic functions above.,1.15,sin(angle),sin(angle),sin(angle),float,Takes the sine value of a specified number,sin(10) = 0.173,matched,com/corrodinggames/rts/game/units/custom/logicBooleans/LogicBoolean,rustedwarfare/custom/logic/LogicBoolean,logic-boolean,sin,3,medium,,,,
1173,1.16,LogicBoolean_,logic_boolean,Array Memory methods. usable on both memory logic functions above.,1.15,cos(angle),cos(angle),cos(angle),float,Takes the cosine value of a specified number,cos(60) = 0.5,matched,com/corrodinggames/rts/game/units/custom/logicBooleans/LogicBoolean,rustedwarfare/custom/logic/LogicBoolean,logic-boolean,cos,3,medium,,,,
1174,1.16,LogicBoolean_,logic_boolean,Array Memory methods. usable on both memory logic functions above.,1.16,abs(number),abs(number),abs(number),float,"Returns absolute value regardless of negative or positive, needs testing",,matched,com/corrodinggames/rts/game/units/custom/c/c,,custom-unit,abs,0,medium,,,,
1175,1.16,LogicBoolean_,logic_boolean,Array Memory methods. usable on both memory logic functions above.,1.16,"coalesce(A,B,[C])","coalesce(A,B,[C])","coalesce(A,B,[C])",float,Returns first non-null element in the array series,,unmatched,,,,,0,official-only,,,,
1176,1.16,LogicBoolean_,logic_boolean,Array Memory methods. usable on both memory logic functions above.,1.16,"vec2(x,y)","vec2(x,y)","vec2(x,y)",float,Returns a vec2 coordinates,,unmatched,,,,,0,official-only,,,,
1177,1.16,LogicBoolean_,logic_boolean,Array Memory methods. usable on both memory logic functions above.,1.16,"vec3(x,y,z)","vec3(x,y,z)","vec3(x,y,z)",float,Returns a vec3 coordinates,,unmatched,,,,,0,official-only,,,,
1178,1.16,LogicBoolean_,logic_boolean,Array Memory methods. usable on both memory logic functions above.,1.15,"rnd(min, max)","rnd(min, max)","rnd(min, max)",float,Produces a random number between minimum and maximum input.,"rnd(666, 888)",matched,com/corrodinggames/rts/game/units/custom/logicBooleans/LogicBoolean,rustedwarfare/custom/logic/LogicBoolean,logic-boolean,rnd,0,medium,,,,
1179,1.16,LogicBoolean_,logic_boolean,Array Memory methods. usable on both memory logic functions above.,1.15,lowercase(string),lowercase(string),lowercase(string),string,Sets all letters from a string into lowercase,"lowercase(""Spaghetti Macaroni Lasagna"") -> ""spaghetti macaroni lasagna""",matched,com/corrodinggames/rts/game/units/custom/logicBooleans/LogicBoolean,rustedwarfare/custom/logic/LogicBoolean,logic-boolean,lowercase,0,medium,,,,
1180,1.16,LogicBoolean_,logic_boolean,Array Memory methods. usable on both memory logic functions above.,1.15,uppercase(string),uppercase(string),uppercase(string),string,Sets all letters from a string into uppercase,"uppercase(""fish dish wish"") -> ""FISH DISH WISH""",matched,com/corrodinggames/rts/game/units/custom/logicBooleans/LogicBoolean,rustedwarfare/custom/logic/LogicBoolean,logic-boolean,uppercase,0,medium,,,,
1181,1.16,LogicBoolean_,logic_boolean,Array Memory methods. usable on both memory logic functions above.,1.15,"direction(x1, y1, x2, y2)","direction(x1, y1, x2, y2)","direction(x1, y1, x2, y2)",float,Returns the relative angle of x1/y1 and x2/y2,"direction(self.x, self.y, attacking.x, attacking.y)",matched,com/corrodinggames/rts/game/units/custom/logicBooleans/LogicBoolean,rustedwarfare/custom/logic/LogicBoolean,logic-boolean,direction,0,medium,,,,
1182,1.16,LogicBoolean_,logic_boolean,Array Memory methods. usable on both memory logic functions above.,1.15,"directionBetween(unit1, unit2)","directionBetween(unit1, unit2)","directionBetween(unit1, unit2)",float,Returns the relative angle of unit/marker A and unit/marker B,"directionBetween(self, lastDamagedBy)",matched,com/corrodinggames/rts/game/units/custom/logicBooleans/LogicBoolean,rustedwarfare/custom/logic/LogicBoolean,logic-boolean,directionBetween,0,medium,,,,
1183,1.16,LogicBoolean_,logic_boolean,Array Memory methods. usable on both memory logic functions above.,1.15,self.isInMap(),self.isInMap(),self.isInMap(),bool,Returns true if unit (or marker) is with the game area; Returns false if outside bounds,autoTrigger: if not self.isInMap(),matched,com/corrodinggames/rts/game/units/custom/logicBooleans/LogicBooleanGameFunctions,rustedwarfare/custom/logic/LogicBooleanGameFunctions,logic-boolean,self.isInMap,0,high,,loadTypes,()V,
1184,1.16,LogicBoolean_,logic_boolean,Array Memory methods. usable on both memory logic functions above.,1.15,game.mapWidth(),game.mapWidth(),game.mapWidth(),float,Returns the width of the map,"fireTurretXAtGround_withTarget: createMarker(rnd(0, game.mapWidth), rnd(0, game.mapHeight))",matched,com/corrodinggames/rts/game/units/custom/logicBooleans/LogicBooleanGameFunctions$GameMapWidthBoolean,rustedwarfare/custom/logic/LogicBooleanGameFunctions$GameMapWidthBoolean,logic-boolean,game.mapWidth,1,medium,,,,
1185,1.16,LogicBoolean_,logic_boolean,Array Memory methods. usable on both memory logic functions above.,1.15,game.mapHeight(),game.mapHeight(),game.mapHeight(),float,Returns the height of the map,"fireTurretXAtGround_withTarget: createMarker(rnd(0, game.mapWidth), rnd(0, game.mapHeight))",matched,com/corrodinggames/rts/game/units/custom/logicBooleans/LogicBooleanGameFunctions$GameMapHeightBoolean,rustedwarfare/custom/logic/LogicBooleanGameFunctions$GameMapHeightBoolean,logic-boolean,game.mapHeight,1,medium,,,,
1186,1.16,LogicBoolean_,logic_boolean,Array Memory methods. usable on both memory logic functions above.,1.15p9,self.teamDefeatedTech(),self.teamDefeatedTech(),self.teamDefeatedTech(),bool,Returns true if team is defeated,autoTrigger: if attacking.teamDefeatedTech(),matched,com/corrodinggames/rts/game/units/custom/logicBooleans/LogicBooleanGameFunctions,rustedwarfare/custom/logic/LogicBooleanGameFunctions,logic-boolean,self.teamDefeatedTech,1,high,,loadTypes,()V,
1187,1.16,LogicBoolean_,logic_boolean,Array Memory methods. usable on both memory logic functions above.,,self.teamWipedOut(),self.teamWipedOut(),self.teamWipedOut(),bool,Returns true if team is defeated and wiped out,autoTrigger: if self.teamWipedOut(),matched,com/corrodinggames/rts/game/units/custom/logicBooleans/LogicBooleanGameFunctions,rustedwarfare/custom/logic/LogicBooleanGameFunctions,logic-boolean,self.teamWipedOut,1,high,,loadTypes,()V,
1188,1.16,LogicBoolean_,logic_boolean,Array Memory methods. usable on both memory logic functions above.,,self.teamVictory(),self.teamVictory(),self.teamVictory(),bool,Returns true if team is victorious,autoTrigger: if self.teamVictory(),matched,com/corrodinggames/rts/game/units/custom/logicBooleans/LogicBooleanGameFunctions,rustedwarfare/custom/logic/LogicBooleanGameFunctions,logic-boolean,self.teamVictory,1,high,,loadTypes,()V,
1191,1.16,[placementRule_NAME],ini_section,,1.14,anyRuleInGroup:,anyRuleInGroup,anyRuleInGroup,string,"(Only require 1 of the rules in this group pass, instead of all. Use the same group name on other placement rules to create a group.)",anyRuleInGroup: struct,matched,com/corrodinggames/rts/game/units/custom/bg,rustedwarfare/custom/placement/PlacementRule,projectile-or-decal-parser,anyRuleInGroup,0,medium,,,,
1192,1.16,[placementRule_NAME],ini_section,,1.14,searchTags:,searchTags,searchTags,tag list,Search for any unit with at least one of these tags,searchTags: factory,matched,com/corrodinggames/rts/game/units/custom/bg,rustedwarfare/custom/placement/PlacementRule,projectile-or-decal-parser,searchTags,0,medium,,,,
1193,1.16,[placementRule_NAME],ini_section,,1.14,searchTeam:,searchTeam,searchTeam,relation,"Teams to include in search, can be: own|neutral|allyNotOwn|ally|enemy|any",searchTeam: own,matched,com/corrodinggames/rts/game/units/custom/bg,rustedwarfare/custom/placement/PlacementRule,projectile-or-decal-parser,searchTeam,0,medium,,,,
1194,1.16,[placementRule_NAME],ini_section,,1.14,searchOffsetX:,searchOffsetX,searchOffsetX,float,defaults to 0,searchOffsetX: 100,matched,com/corrodinggames/rts/game/units/custom/bg,rustedwarfare/custom/placement/PlacementRule,projectile-or-decal-parser,searchOffsetX,0,medium,,,,
1195,1.16,[placementRule_NAME],ini_section,,1.14,searchOffsetY:,searchOffsetY,searchOffsetY,float,defaults to 0,searchOffsetY: 200,matched,com/corrodinggames/rts/game/units/custom/bg,rustedwarfare/custom/placement/PlacementRule,projectile-or-decal-parser,searchOffsetY,0,medium,,,,
1196,1.16,[placementRule_NAME],ini_section,,1.14,searchDistance:,searchDistance,searchDistance,float,Required,searchDistance: 500,matched,com/corrodinggames/rts/game/units/custom/bg,rustedwarfare/custom/placement/PlacementRule,projectile-or-decal-parser,searchDistance,0,medium,,,,
1197,1.16,[placementRule_NAME],ini_section,,1.14,excludeIncompleteBuildings:,excludeIncompleteBuildings,excludeIncompleteBuildings,bool,defaults to false. Might want to set to true depending on the requirement reason,excludeIncompleteBuildings: true,matched,com/corrodinggames/rts/game/units/custom/bg,rustedwarfare/custom/placement/PlacementRule,projectile-or-decal-parser,excludeIncompleteBuildings,0,medium,,,,
1198,1.16,[placementRule_NAME],ini_section,,1.14,excludeNonBuildings:,excludeNonBuildings,excludeNonBuildings,bool,defaults to false,excludeNonBuildings:true,matched,com/corrodinggames/rts/game/units/custom/bg,rustedwarfare/custom/placement/PlacementRule,projectile-or-decal-parser,excludeNonBuildings,0,medium,,,,
1199,1.16,[placementRule_NAME],ini_section,,1.14,minCount:,minCount,minCount,int,Set min amount of units that need to be found in search. (eg needs to be near something). Defaults to 0,minCount: 0,matched,com/corrodinggames/rts/game/units/custom/bg,rustedwarfare/custom/placement/PlacementRule,projectile-or-decal-parser,minCount,0,medium,,,,
1200,1.16,[placementRule_NAME],ini_section,,1.14,maxCount:,maxCount,maxCount,int,Set max amount of units before match fails (eg cannot be close to something). Defaults to unlimited,maxCount: 1,matched,com/corrodinggames/rts/game/units/custom/bg,rustedwarfare/custom/placement/PlacementRule,projectile-or-decal-parser,maxCount,0,medium,,,,
1201,1.16,[placementRule_NAME],ini_section,,1.14,blocksPlacement:,blocksPlacement,blocksPlacement,bool,Defaults to true.,blocksPlacement: false,matched,com/corrodinggames/rts/game/units/custom/bg,rustedwarfare/custom/placement/PlacementRule,projectile-or-decal-parser,blocksPlacement,0,medium,,,,
1202,1.16,[placementRule_NAME],ini_section,,1.14,cannotPlaceMessage:,cannotPlaceMessage,cannotPlaceMessage,LocaleString,Highly Recommended. Message shown to player if this rule fails (will be first failing rule if using anyRuleInGroup).,"cannotPlaceMessage: ""No factory is nearby""",matched,com/corrodinggames/rts/game/units/custom/bg,rustedwarfare/custom/placement/PlacementRule,projectile-or-decal-parser,cannotPlaceMessage,0,medium,,,,
1203,1.16,[placementRule_NAME],ini_section,,1.14,checkEachTile:,checkEachTile,checkEachTile,bool,"defaults to true (set to false to only test unit center, true checks each tile under the unit which shows up on the placement grid. Can be easier to see requirements with true)",checkEachTile: false,matched,com/corrodinggames/rts/game/units/custom/bg,rustedwarfare/custom/placement/PlacementRule,projectile-or-decal-parser,checkEachTile,0,medium,,,,
1206,1.16,"Prices/Resources lines - used by addResources, price, etc",other,,,credits,credits,credits,,Global resource,price: 100,matched,com/corrodinggames/rts/game/units/custom/d/b,rustedwarfare/custom/resource/ResourceAmount,resource-parser,credits,2,medium,,,,
1207,1.16,"Prices/Resources lines - used by addResources, price, etc",other,,,energy,energy,energy,,Energy used for laser shield and ammunition,resourceUsage: energy=1,matched,com/corrodinggames/rts/game/units/custom/as,rustedwarfare/custom/MutableUnitStats,custom-unit,energy,2,medium,,,,
1208,1.16,"Prices/Resources lines - used by addResources, price, etc",other,,,hp,hp,hp,,Unit hitpoints,addResources: hp += 100,matched,com/corrodinggames/rts/game/units/custom/as,rustedwarfare/custom/MutableUnitStats,custom-unit,hp,2,medium,,,,
1209,1.16,"Prices/Resources lines - used by addResources, price, etc",other,,,shield,shield,shield,,Shielding for units,"price: hp=-100, shield=100",matched,com/corrodinggames/rts/game/units/custom/as,rustedwarfare/custom/MutableUnitStats,custom-unit,shield,2,medium,,,,
1210,1.16,"Prices/Resources lines - used by addResources, price, etc",other,,,ammo,ammo,ammo,,Hidden value on each unit for use by mods,"price: hp=-100, shield=101",matched,com/corrodinggames/rts/game/units/custom/d/b,rustedwarfare/custom/resource/ResourceAmount,resource-parser,ammo,1,medium,,,,
1211,1.16,"Prices/Resources lines - used by addResources, price, etc",other,,,setFlag,setFlag,setFlag,,"use with addResources, resourceUsage or price. 0-31. Flags are stored in each unit",addResources: setFlag=1,matched,com/corrodinggames/rts/game/units/custom/logicBooleans/LogicBooleanGameFunctions$HasFlagBoolean,rustedwarfare/custom/logic/LogicBooleanGameFunctions$HasFlagBoolean,logic-boolean,setFlag,2,medium,,,,
1212,1.16,"Prices/Resources lines - used by addResources, price, etc",other,,,unsetFlag,unsetFlag,unsetFlag,,"use with addResources, resourceUsage or price. 0-31",,matched,com/corrodinggames/rts/game/units/custom/logicBooleans/LogicBooleanGameFunctions$HasFlagBoolean,rustedwarfare/custom/logic/LogicBooleanGameFunctions$HasFlagBoolean,logic-boolean,unsetFlag,2,medium,,,,
1213,1.16,"Prices/Resources lines - used by addResources, price, etc",other,,,hasFlag,hasFlag,hasFlag,,use with price or resourceUsage,,matched,com/corrodinggames/rts/game/units/custom/d/b,rustedwarfare/custom/resource/ResourceAmount,resource-parser,hasFlag,1,medium,,,,
1214,1.16,"Prices/Resources lines - used by addResources, price, etc",other,,,hasMissingFlag,hasMissingFlag,hasMissingFlag,,use with price or resourceUsage,,matched,com/corrodinggames/rts/game/units/custom/d/b,rustedwarfare/custom/resource/ResourceAmount,resource-parser,hasMissingFlag,1,medium,,,,
1215,1.16,"Prices/Resources lines - used by addResources, price, etc",other,,1.13.3,X,X,X,,Any resource defined in [global_resource_x] or [resource_x] sections,"gold=5, stone=21, credits=2001",matched,com/corrodinggames/rts/game/units/custom/l,rustedwarfare/custom/CustomUnitMetadata,custom-unit-metadata,X,8,medium,,,,
1219,1.16,[global_resource_NAME],ini_section,"Define a new resource shared with all units in a team, works just like the built-in credits resource. Add to 'all-units.template' (at mod root) for easy use in all of your mods",1.13.3,displayName,displayName,displayName,LocaleString,Name of this resource in UI,displayName: Crude Oil,matched,com/corrodinggames/rts/game/units/custom/e/d,rustedwarfare/custom/resource/ResourceDefinition,effect-parser,displayName,0,medium,,,,
1220,1.16,[global_resource_NAME],ini_section,"Define a new resource shared with all units in a team, works just like the built-in credits resource. Add to 'all-units.template' (at mod root) for easy use in all of your mods",1.13.3,displayNameShort,displayNameShort,displayNameShort,LocaleString,Resource name on smaller UI elements like action hovertext (Defaults to displayName),displayNameShort: Oil,matched,com/corrodinggames/rts/game/units/custom/e/d,rustedwarfare/custom/resource/ResourceDefinition,effect-parser,displayNameShort,0,medium,,,,
1221,1.16,[global_resource_NAME],ini_section,"Define a new resource shared with all units in a team, works just like the built-in credits resource. Add to 'all-units.template' (at mod root) for easy use in all of your mods",1.13.3,hidden,hidden,hidden,bool,Hide this resource from the player,hidden: false,matched,com/corrodinggames/rts/game/units/custom/ba,rustedwarfare/custom/LegOrArmTemplate,projectile-or-decal-parser,hidden,2,high,,a,(Lcom/corrodinggames/rts/game/units/custom/ba;Lcom/corrodinggames/rts/game/units/custom/l;Lcom/corrodinggames/rts/gameFramework/utility/ab;Ljava/lang/String;ZLjava/util/ArrayList;)V,
1222,1.16,[global_resource_NAME],ini_section,"Define a new resource shared with all units in a team, works just like the built-in credits resource. Add to 'all-units.template' (at mod root) for easy use in all of your mods",1.13.3,priority,priority,priority,float,"If 2 or mods/units define a resource with the same NAME, the displayName/displayColor with the highest priority is used",priority: 0.5,matched,com/corrodinggames/rts/game/units/custom/ay,rustedwarfare/custom/EffectTemplate,effect-parser,priority,1,high,,a,()V,
1223,1.16,[global_resource_NAME],ini_section,"Define a new resource shared with all units in a team, works just like the built-in credits resource. Add to 'all-units.template' (at mod root) for easy use in all of your mods",1.13.3,displayColor,displayColor,displayColor,color,"Color, can be hex with optional alpha",displayColor: #FF0000,matched,com/corrodinggames/rts/game/units/custom/e/d,rustedwarfare/custom/resource/ResourceDefinition,effect-parser,displayColor,0,medium,,,,
1224,1.16,[global_resource_NAME],ini_section,"Define a new resource shared with all units in a team, works just like the built-in credits resource. Add to 'all-units.template' (at mod root) for easy use in all of your mods",1.14,displayRoundedDown,displayRoundedDown,displayRoundedDown,bool,Don't show decimal places to the player,displayRoundedDown,matched,com/corrodinggames/rts/game/units/custom/e/d,rustedwarfare/custom/resource/ResourceDefinition,effect-parser,displayRoundedDown,0,medium,,,,
1225,1.16,[global_resource_NAME],ini_section,"Define a new resource shared with all units in a team, works just like the built-in credits resource. Add to 'all-units.template' (at mod root) for easy use in all of your mods",1.15,displayTextPrefix,displayTextPrefix,displayTextPrefix,string,Adds a string before the resource value,displayTextPrefix: -,matched,com/corrodinggames/rts/game/units/custom/e/d,rustedwarfare/custom/resource/ResourceDefinition,effect-parser,displayTextPrefix,0,medium,,,,
1226,1.16,[global_resource_NAME],ini_section,"Define a new resource shared with all units in a team, works just like the built-in credits resource. Add to 'all-units.template' (at mod root) for easy use in all of your mods",1.15,displayTextPostfix,displayTextPostfix,displayTextPostfix,string,Adds a string after the resource value,displayTextPostfix: x,matched,com/corrodinggames/rts/game/units/custom/e/d,rustedwarfare/custom/resource/ResourceDefinition,effect-parser,displayTextPostfix,0,medium,,,,
1227,1.16,[global_resource_NAME],ini_section,"Define a new resource shared with all units in a team, works just like the built-in credits resource. Add to 'all-units.template' (at mod root) for easy use in all of your mods",1.15,displayTextAppendResource,displayTextAppendResource,displayTextAppendResource,resource,"Appends another resource after this resource. It's recommended to give a ""hidden"" key on the appended resource to hide duplicate.",displayTextAppendResource: sauce,matched,com/corrodinggames/rts/game/units/custom/e/d,rustedwarfare/custom/resource/ResourceDefinition,effect-parser,displayTextAppendResource,0,medium,,,,
1228,1.16,[global_resource_NAME],ini_section,"Define a new resource shared with all units in a team, works just like the built-in credits resource. Add to 'all-units.template' (at mod root) for easy use in all of your mods",1.15,displayWhenZero,displayWhenZero,displayWhenZero,bool,Displays the resource even when empty. Set as false by default,displayWhenZero: true,matched,com/corrodinggames/rts/game/units/custom/e/d,rustedwarfare/custom/resource/ResourceDefinition,effect-parser,displayWhenZero,0,medium,,,,
1229,1.16,[global_resource_NAME],ini_section,"Define a new resource shared with all units in a team, works just like the built-in credits resource. Add to 'all-units.template' (at mod root) for easy use in all of your mods",1.15,displayPos,displayPos,displayPos,int,Sets the position of the globa resource in the screen,displayPos: 1,matched,com/corrodinggames/rts/game/units/custom/e/d,rustedwarfare/custom/resource/ResourceDefinition,effect-parser,displayPos,0,medium,,,,
1230,1.16,[global_resource_NAME],ini_section,"Define a new resource shared with all units in a team, works just like the built-in credits resource. Add to 'all-units.template' (at mod root) for easy use in all of your mods",1.15,iconImage,iconImage,iconImage,image,Shows a custom icon for the specific resource in the HUD and in text,iconImage: icon_oil.png,matched,com/corrodinggames/rts/game/units/custom/ag,rustedwarfare/custom/CustomUnitLoader,custom-unit-loader,iconImage,1,high,,a,(Lcom/corrodinggames/rts/game/units/custom/l;Lcom/corrodinggames/rts/gameFramework/utility/ab;Ljava/lang/String;Ljava/lang/String;Ljava/lang/String;ZZ)V,parseCustomActionSection
1231,1.16,[global_resource_NAME],ini_section,"Define a new resource shared with all units in a team, works just like the built-in credits resource. Add to 'all-units.template' (at mod root) for easy use in all of your mods",1.15,iconImageUseInText,iconImageUseInText,iconImageUseInText,bool,Default as true; Shows resource icon in action description,iconImageUseInText: false,matched,com/corrodinggames/rts/game/units/custom/e/d,rustedwarfare/custom/resource/ResourceDefinition,effect-parser,iconImageUseInText,0,medium,,,,
1232,1.16,[global_resource_NAME],ini_section,"Define a new resource shared with all units in a team, works just like the built-in credits resource. Add to 'all-units.template' (at mod root) for easy use in all of your mods",1.15,displayNameHideWhenIconShownInText,displayNameHideWhenIconShownInText,displayNameHideWhenIconShownInText,bool,Default as false,displayNameHideWhenIconShownInText: true,matched,com/corrodinggames/rts/game/units/custom/e/d,rustedwarfare/custom/resource/ResourceDefinition,effect-parser,displayNameHideWhenIconShownInText,0,medium,,,,
1233,1.16,[global_resource_NAME],ini_section,"Define a new resource shared with all units in a team, works just like the built-in credits resource. Add to 'all-units.template' (at mod root) for easy use in all of your mods",1.15,displayNameHideWhenIconShownInHUD,displayNameHideWhenIconShownInHUD,displayNameHideWhenIconShownInHUD,bool,Hides the icon in menus referring to resource when true. Default as false,displayNameHideWhenIconShownInHUD: true,matched,com/corrodinggames/rts/game/units/custom/e/d,rustedwarfare/custom/resource/ResourceDefinition,effect-parser,displayNameHideWhenIconShownInHUD,0,medium,,,,
1234,1.16,[global_resource_NAME],ini_section,"Define a new resource shared with all units in a team, works just like the built-in credits resource. Add to 'all-units.template' (at mod root) for easy use in all of your mods",1.15,displayColorUseInText,displayColorUseInText,displayColorUseInText,bool,Shows color in action description,displayColorUseInText: false,matched,com/corrodinggames/rts/game/units/custom/e/d,rustedwarfare/custom/resource/ResourceDefinition,effect-parser,displayColorUseInText,0,medium,,,,
1235,1.16,[global_resource_NAME],ini_section,"Define a new resource shared with all units in a team, works just like the built-in credits resource. Add to 'all-units.template' (at mod root) for easy use in all of your mods",1.15,displayInHud,displayInHud,displayInHud,bool,For resources used in appendResourceInHUD that shouldn't be hidden: true. Defaults true.,displayInHud: false,matched,com/corrodinggames/rts/game/units/custom/e/d,rustedwarfare/custom/resource/ResourceDefinition,effect-parser,displayInHud,0,medium,,,,
1236,1.16,[global_resource_NAME],ini_section,"Define a new resource shared with all units in a team, works just like the built-in credits resource. Add to 'all-units.template' (at mod root) for easy use in all of your mods",1.15,appendResourceInHUD,appendResourceInHUD,appendResourceInHUD,resource,stacks another resource specified after this resource on the HUD.,appendResourceInHUD: sauce,matched,com/corrodinggames/rts/game/units/custom/e/d,rustedwarfare/custom/resource/ResourceDefinition,effect-parser,appendResourceInHUD,0,medium,,,,
1237,1.16,[global_resource_NAME],ini_section,"Define a new resource shared with all units in a team, works just like the built-in credits resource. Add to 'all-units.template' (at mod root) for easy use in all of your mods",1.15,appendResourceInHUD_whenThisZero:,appendResourceInHUD_whenThisZero,appendResourceInHUD_whenThisZero,bool,"Defaults as true. When set as false, allows appended resource to be hidden with the parent resource.",appendResourceInHUD_whenThisZero: true,matched,com/corrodinggames/rts/game/units/custom/e/d,rustedwarfare/custom/resource/ResourceDefinition,effect-parser,appendResourceInHUD_whenThisZero,0,medium,,,,
1238,1.16,[global_resource_NAME],ini_section,"Define a new resource shared with all units in a team, works just like the built-in credits resource. Add to 'all-units.template' (at mod root) for easy use in all of your mods",1.15,displayPrefixInHUD,displayPrefixInHUD,displayPrefixInHUD,string,Displays text to show before resource value - replaces resource name and removes the colon separator,displayPrefixInHUD: -,matched,com/corrodinggames/rts/game/units/custom/e/d,rustedwarfare/custom/resource/ResourceDefinition,effect-parser,displayPrefixInHUD,0,medium,,,,
1239,1.16,[global_resource_NAME],ini_section,"Define a new resource shared with all units in a team, works just like the built-in credits resource. Add to 'all-units.template' (at mod root) for easy use in all of your mods",1.15,displayPostfixInHUD,displayPostfixInHUD,displayPostfixInHUD,string,"Similar to the prefix counterpart, but is displayed after the resource value",displayPostfixInHUD: x,matched,com/corrodinggames/rts/game/units/custom/e/d,rustedwarfare/custom/resource/ResourceDefinition,effect-parser,displayPostfixInHUD,0,medium,,,,
1240,1.16,[global_resource_NAME],ini_section,"Define a new resource shared with all units in a team, works just like the built-in credits resource. Add to 'all-units.template' (at mod root) for easy use in all of your mods",1.15,valueInStats:,valueInStats,valueInStats,float,Affects post game stats and replay leaderboard. Defaults to 1.,valueInStats: 0.5,matched,com/corrodinggames/rts/game/units/custom/e/d,rustedwarfare/custom/resource/ResourceDefinition,effect-parser,valueInStats,0,medium,,,,
1241,1.16,[global_resource_NAME],ini_section,"Define a new resource shared with all units in a team, works just like the built-in credits resource. Add to 'all-units.template' (at mod root) for easy use in all of your mods",1.15,displayTextAppendResourceWithGap:,displayTextAppendResourceWithGap,displayTextAppendResourceWithGap,bool,Adds a space between this and the appended resource. Defaults as false.,displayTextAppendResourceWithGap: true,matched,com/corrodinggames/rts/game/units/custom/e/d,rustedwarfare/custom/resource/ResourceDefinition,effect-parser,displayTextAppendResourceWithGap,0,medium,,,,
1242,1.16,[global_resource_NAME],ini_section,"Define a new resource shared with all units in a team, works just like the built-in credits resource. Add to 'all-units.template' (at mod root) for easy use in all of your mods",1.15p9,displayDigitGrouping,displayDigitGrouping,displayDigitGrouping,enum,"Sets the symbol for separating place units in: none, comma, space",displayDigitGrouping: comma,matched,com/corrodinggames/rts/game/units/custom/e/d,rustedwarfare/custom/resource/ResourceDefinition,effect-parser,displayDigitGrouping,0,medium,,,,
1246,1.16,[resource_NAME],ini_section,Define a new resource local to unit. Works like build-in ammo resource,1.13.3,displayName,displayName,displayName,LocaleString,Name of this resource in UI (eg hovering over unit info),displayName: Sauce,matched,com/corrodinggames/rts/game/units/custom/e/d,rustedwarfare/custom/resource/ResourceDefinition,effect-parser,displayName,0,medium,,,,
1247,1.16,[resource_NAME],ini_section,Define a new resource local to unit. Works like build-in ammo resource,1.13.3,displayNameShort,displayNameShort,displayNameShort,LocaleString,Shorter version of resource name used on some text ui,displayNameShort: Sus,matched,com/corrodinggames/rts/game/units/custom/e/d,rustedwarfare/custom/resource/ResourceDefinition,effect-parser,displayNameShort,0,medium,,,,
1248,1.16,[resource_NAME],ini_section,Define a new resource local to unit. Works like build-in ammo resource,1.13.3,hidden,hidden,hidden,bool,Hide this resource from the player,hidden: true,matched,com/corrodinggames/rts/game/units/custom/ba,rustedwarfare/custom/LegOrArmTemplate,projectile-or-decal-parser,hidden,2,high,,a,(Lcom/corrodinggames/rts/game/units/custom/ba;Lcom/corrodinggames/rts/game/units/custom/l;Lcom/corrodinggames/rts/gameFramework/utility/ab;Ljava/lang/String;ZLjava/util/ArrayList;)V,
1249,1.16,[resource_NAME],ini_section,Define a new resource local to unit. Works like build-in ammo resource,,equivalentGlobalResourceForAI,equivalentGlobalResourceForAI,equivalentGlobalResourceForAI,resource,Used to hint to the AI that a resource node with a local resources could be used to get a different global resource. Eg when a harvester unloads the resource,equivalentGlobalResourceForAI: universal_sauce,matched,com/corrodinggames/rts/game/units/custom/e/d,rustedwarfare/custom/resource/ResourceDefinition,effect-parser,equivalentGlobalResourceForAI,0,medium,,,,
1250,1.16,[resource_NAME],ini_section,Define a new resource local to unit. Works like build-in ammo resource,1.14,displayRoundedDown,displayRoundedDown,displayRoundedDown,bool,Rounds off resource values with decimals,displayRoundedDown: true,matched,com/corrodinggames/rts/game/units/custom/e/d,rustedwarfare/custom/resource/ResourceDefinition,effect-parser,displayRoundedDown,0,medium,,,,
1253,1.16,[decal_name],ini_section,,1.15p9,image,image,image,image,Takes a single image for the decal - NOT TO BE CONFUSED WITH IMAGE STACK,image: fish.png,matched,com/corrodinggames/rts/game/units/custom/bh,rustedwarfare/custom/CustomProjectileTemplate,projectile-or-decal-parser,image,4,high,,a,(Lcom/corrodinggames/rts/game/units/custom/bh;Lcom/corrodinggames/rts/game/units/custom/l;Lcom/corrodinggames/rts/gameFramework/utility/ab;Ljava/lang/String;)V,parseFromConfig
1254,1.16,[decal_name],ini_section,,1.15p9,layer,layer,layer,enum,"Sets the layer of the decal, values from lowest to highest - shadow, beforeBody, afterBody, onTop, beforeUI, inactive",layer: beforeUI,matched,com/corrodinggames/rts/game/units/custom/b/c,rustedwarfare/custom/graphics/DecalBehavior,projectile-or-decal-parser,layer,0,high,,a,(Lcom/corrodinggames/rts/game/units/custom/l;Lcom/corrodinggames/rts/gameFramework/utility/ab;)V,parseDecalSections
1255,1.16,[decal_name],ini_section,,1.15p9,order,order,order,float,"Defaults as 0, sets a more discrete layering if 2 or more decals takes same layer type. Otherwise order in INI file will be used.",order: 2,matched,com/corrodinggames/rts/game/units/custom/b/c,rustedwarfare/custom/graphics/DecalBehavior,projectile-or-decal-parser,order,0,high,,a,(Lcom/corrodinggames/rts/game/units/custom/l;Lcom/corrodinggames/rts/gameFramework/utility/ab;)V,parseDecalSections
1256,1.16,[decal_name],ini_section,,1.15p9,teamColors,teamColors,teamColors,bool,"When true, automatically reassigns team color to respective teams",teamColors: true,matched,com/corrodinggames/rts/game/units/custom/b/c,rustedwarfare/custom/graphics/DecalBehavior,projectile-or-decal-parser,teamColors,0,high,,a,(Lcom/corrodinggames/rts/game/units/custom/l;Lcom/corrodinggames/rts/gameFramework/utility/ab;)V,parseDecalSections
1257,1.16,[decal_name],ini_section,,1.15p9,alpha,alpha,alpha,logicNumber,"0-1, sets transparency of decal (images or line)",alpha: 0.5,matched,com/corrodinggames/rts/game/units/custom/ba,rustedwarfare/custom/LegOrArmTemplate,projectile-or-decal-parser,alpha,3,high,,a,(Lcom/corrodinggames/rts/game/units/custom/ba;Lcom/corrodinggames/rts/game/units/custom/l;Lcom/corrodinggames/rts/gameFramework/utility/ab;Ljava/lang/String;ZLjava/util/ArrayList;)V,
1258,1.16,[decal_name],ini_section,,1.15p9,isVisible,isVisible,isVisible,LogicBoolean,"Dynamic Value, draws the decal on a specific condition",isVisible: if self.hp > self.maxHp/2,matched,com/corrodinggames/rts/game/units/custom/b/c,rustedwarfare/custom/graphics/DecalBehavior,projectile-or-decal-parser,isVisible,2,high,,a,(Lcom/corrodinggames/rts/game/units/custom/l;Lcom/corrodinggames/rts/gameFramework/utility/ab;)V,parseDecalSections
1260,1.16,[decal_name],ini_section,,1.15p9,onlyWhenSelectedByOwnPlayer,onlyWhenSelectedByOwnPlayer,onlyWhenSelectedByOwnPlayer,bool,"Defaults as false, displays the decal only if the owner player clicks on the unit",onlyWhenSelectedByOwnPlayer : true,matched,com/corrodinggames/rts/game/units/custom/b/c,rustedwarfare/custom/graphics/DecalBehavior,projectile-or-decal-parser,onlyWhenSelectedByOwnPlayer,0,high,,a,(Lcom/corrodinggames/rts/game/units/custom/l;Lcom/corrodinggames/rts/gameFramework/utility/ab;)V,parseDecalSections
1261,1.16,[decal_name],ini_section,,1.15p9,onlyWhenSelectedByEnemyPlayer,onlyWhenSelectedByEnemyPlayer,onlyWhenSelectedByEnemyPlayer,bool,"Defaults as false, displays the decal only if the enemy player clicks on the unit",onlyWhenSelectedByEnemyPlayer: true,matched,com/corrodinggames/rts/game/units/custom/b/c,rustedwarfare/custom/graphics/DecalBehavior,projectile-or-decal-parser,onlyWhenSelectedByEnemyPlayer,0,high,,a,(Lcom/corrodinggames/rts/game/units/custom/l;Lcom/corrodinggames/rts/gameFramework/utility/ab;)V,parseDecalSections
1262,1.16,[decal_name],ini_section,,1.15p9,onlyWhenSelectedByAllyNotOwnPlayer,onlyWhenSelectedByAllyNotOwnPlayer,onlyWhenSelectedByAllyNotOwnPlayer,bool,"Defaults as false, displays the decal only if the allied player clicks on the unit",onlyWhenSelectedByAllyNotOwnPlayer: true,matched,com/corrodinggames/rts/game/units/custom/b/c,rustedwarfare/custom/graphics/DecalBehavior,projectile-or-decal-parser,onlyWhenSelectedByAllyNotOwnPlayer,0,high,,a,(Lcom/corrodinggames/rts/game/units/custom/l;Lcom/corrodinggames/rts/gameFramework/utility/ab;)V,parseDecalSections
1263,1.16,[decal_name],ini_section,,1.15p9,onlyWhenSelectedByAnyPlayer,onlyWhenSelectedByAnyPlayer,onlyWhenSelectedByAnyPlayer,bool,"Defaults as false, displays the decal only if any player clicks on the unit",onlyWhenSelectedByAnyPlayer: true,matched,com/corrodinggames/rts/game/units/custom/b/c,rustedwarfare/custom/graphics/DecalBehavior,projectile-or-decal-parser,onlyWhenSelectedByAnyPlayer,0,high,,a,(Lcom/corrodinggames/rts/game/units/custom/l;Lcom/corrodinggames/rts/gameFramework/utility/ab;)V,parseDecalSections
1264,1.16,[decal_name],ini_section,,1.15p9,includeParentsSelection,includeParentsSelection,includeParentsSelection,bool,"Useable with onlyWhenSelectedBy[insertplayer], will also checks parent's selection when true. Useful with attachments.",includeParentsSelection: true,matched,com/corrodinggames/rts/game/units/custom/b/c,rustedwarfare/custom/graphics/DecalBehavior,projectile-or-decal-parser,includeParentsSelection,0,high,,a,(Lcom/corrodinggames/rts/game/units/custom/l;Lcom/corrodinggames/rts/gameFramework/utility/ab;)V,parseDecalSections
1266,1.16,[decal_name],ini_section,,1.15p9,onlyTeam,onlyTeam,onlyTeam,TeamRelation,"Draws the decal if value matches the player from the following: own, notOwn, ally, allyNotOwn, enemy, any",onlyTeam: any,matched,com/corrodinggames/rts/game/units/custom/bf,,projectile-or-decal-parser,onlyTeam,9,medium,,,,
1267,1.16,[decal_name],ini_section,,1.15p9,onlyWhileActive,onlyWhileActive,onlyWhileActive,bool,Draws the decal only if the unit is fully built,onlyWhileActive: true,matched,com/corrodinggames/rts/game/units/custom/b/c,rustedwarfare/custom/graphics/DecalBehavior,projectile-or-decal-parser,onlyWhileActive,0,high,,a,(Lcom/corrodinggames/rts/game/units/custom/l;Lcom/corrodinggames/rts/gameFramework/utility/ab;)V,parseDecalSections
1268,1.16,[decal_name],ini_section,,1.15p9,onlyWhileAlive,onlyWhileAlive,onlyWhileAlive,bool,"Draws the decal only if the unit is alive (If beforeUI layer default true, else default false)",onlyWhileAlive: false,matched,com/corrodinggames/rts/game/units/custom/b/c,rustedwarfare/custom/graphics/DecalBehavior,projectile-or-decal-parser,onlyWhileAlive,0,high,,a,(Lcom/corrodinggames/rts/game/units/custom/l;Lcom/corrodinggames/rts/gameFramework/utility/ab;)V,parseDecalSections
1269,1.16,[decal_name],ini_section,,1.15p9,onlyInPreview,onlyInPreview,onlyInPreview,bool,"Only show in sidebar, and building placement preview",onlyInPreview: false,matched,com/corrodinggames/rts/game/units/custom/b/c,rustedwarfare/custom/graphics/DecalBehavior,projectile-or-decal-parser,onlyInPreview,0,high,,a,(Lcom/corrodinggames/rts/game/units/custom/l;Lcom/corrodinggames/rts/gameFramework/utility/ab;)V,parseDecalSections
1270,1.16,[decal_name],ini_section,,1.15p9,onlyWithZoomLevelOrMore,onlyWithZoomLevelOrMore,onlyWithZoomLevelOrMore,float,"Draws the decal only if the zoom level matches or exceeds it, very useful for making 3D units more optimized.",onlyWithZoomLevelOrMore: 0.4,matched,com/corrodinggames/rts/game/units/custom/b/c,rustedwarfare/custom/graphics/DecalBehavior,projectile-or-decal-parser,onlyWithZoomLevelOrMore,0,high,,a,(Lcom/corrodinggames/rts/game/units/custom/l;Lcom/corrodinggames/rts/gameFramework/utility/ab;)V,parseDecalSections
1271,1.16,[decal_name],ini_section,,1.15p9,onlyOnNonPreview,onlyOnNonPreview,onlyOnNonPreview,bool,"Draws the decal only on the unit itself, not on the preview from building or in sidebar interface",onlyOnNonPreview: true,matched,com/corrodinggames/rts/game/units/custom/b/c,rustedwarfare/custom/graphics/DecalBehavior,projectile-or-decal-parser,onlyOnNonPreview,0,high,,a,(Lcom/corrodinggames/rts/game/units/custom/l;Lcom/corrodinggames/rts/gameFramework/utility/ab;)V,parseDecalSections
1272,1.16,[decal_name],ini_section,,1.15p9,onlyPlayersWithUnitControl,onlyPlayersWithUnitControl,onlyPlayersWithUnitControl,bool,Draws the decal if a player that selects it has control (that includes shared units in multiplayer),onlyPlayersWithUnitControl: true,matched,com/corrodinggames/rts/game/units/custom/b/c,rustedwarfare/custom/graphics/DecalBehavior,projectile-or-decal-parser,onlyPlayersWithUnitControl,0,high,,a,(Lcom/corrodinggames/rts/game/units/custom/l;Lcom/corrodinggames/rts/gameFramework/utility/ab;)V,parseDecalSections
1273,1.16,[decal_name],ini_section,,1.15p9,onlyOnBodyFrameOf,onlyOnBodyFrameOf,onlyOnBodyFrameOf,int,Only draw decal when body frame is equal to this,onlyOnBodyFrameOf: 0,matched,com/corrodinggames/rts/game/units/custom/b/c,rustedwarfare/custom/graphics/DecalBehavior,projectile-or-decal-parser,onlyOnBodyFrameOf,0,high,,a,(Lcom/corrodinggames/rts/game/units/custom/l;Lcom/corrodinggames/rts/gameFramework/utility/ab;)V,parseDecalSections
1274,1.16,[decal_name],ini_section,,1.16,onlyInBlueprint,onlyInBlueprint,onlyInBlueprint,bool,Untested prototype,,unmatched,,,,,0,official-only,,,,
1275,1.16,[decal_name],ini_section,,1.16,onlyOnNonBlueprint,onlyOnNonBlueprint,onlyOnNonBlueprint,bool,Untested prototype,,unmatched,,,,,0,official-only,,,,
1277,1.16,[decal_name],ini_section,,1.15p9,xOffsetRelative,xOffsetRelative,xOffsetRelative,int,Sets horizontal offset relative to the unit,xOffsetRelative: 50,matched,com/corrodinggames/rts/game/units/custom/bi,,projectile-or-decal-parser,xOffsetRelative,2,medium,,,,
1278,1.16,[decal_name],ini_section,,1.15p9,yOffsetRelative,yOffsetRelative,yOffsetRelative,int,Sets vertical offset relative to the unit,yOffsetRelative: 50,matched,com/corrodinggames/rts/game/units/custom/bi,,projectile-or-decal-parser,yOffsetRelative,2,medium,,,,
1279,1.16,[decal_name],ini_section,,1.15p9,xOffsetAbsolute,xOffsetAbsolute,xOffsetAbsolute,logicNumber,Dynamic value,xOffsetAbsolute: 40,matched,com/corrodinggames/rts/game/units/custom/bi,,projectile-or-decal-parser,xOffsetAbsolute,2,medium,,,,
1280,1.16,[decal_name],ini_section,,1.15p9,yOffsetAbsolute,yOffsetAbsolute,yOffsetAbsolute,logicNumber,Dynamic value,yOffsetAbsolute: 40,matched,com/corrodinggames/rts/game/units/custom/bi,,projectile-or-decal-parser,yOffsetAbsolute,2,medium,,,,
1281,1.16,[decal_name],ini_section,,1.15p9,hOffset,hOffset,hOffset,int,Sets the height of the whole decal,hOffset: 10,matched,com/corrodinggames/rts/game/units/custom/b/c,rustedwarfare/custom/graphics/DecalBehavior,projectile-or-decal-parser,hOffset,1,high,,a,(Lcom/corrodinggames/rts/game/units/custom/l;Lcom/corrodinggames/rts/gameFramework/utility/ab;)V,parseDecalSections
1282,1.16,[decal_name],ini_section,,1.15p9,dirOffset,dirOffset,dirOffset,int,Sets the direction of the whole decal.,dirOffset: 45,matched,com/corrodinggames/rts/game/units/custom/b/c,rustedwarfare/custom/graphics/DecalBehavior,projectile-or-decal-parser,dirOffset,3,high,,a,(Lcom/corrodinggames/rts/game/units/custom/l;Lcom/corrodinggames/rts/gameFramework/utility/ab;)V,parseDecalSections
1283,1.16,[decal_name],ini_section,,1.15p9,pivotOffset,pivotOffset,pivotOffset,int,only affects relative offsets without rotating image,pivotOffset: 45,matched,com/corrodinggames/rts/game/units/custom/b/c,rustedwarfare/custom/graphics/DecalBehavior,projectile-or-decal-parser,pivotOffset,1,high,,a,(Lcom/corrodinggames/rts/game/units/custom/l;Lcom/corrodinggames/rts/gameFramework/utility/ab;)V,parseDecalSections
1284,1.16,[decal_name],ini_section,,1.15p9,alwaysStartDirAtZero,alwaysStartDirAtZero,alwaysStartDirAtZero,bool,"Keeps the decal on north direction regardless of the unit's direction value, useful for custom in-unit interfaces",alwaysStartDirAtZero: true,matched,com/corrodinggames/rts/game/units/custom/bp,rustedwarfare/custom/spawn/SpawnUnitList,projectile-or-decal-parser,alwaysStartDirAtZero,2,medium,,,,
1286,1.16,[decal_name],ini_section,,1.15p9,imageStack,imageStack,imageStack,images,Takes one or more image with occassional multipliers for stacking. Also useful for using image stack from a MagicaVoxel slice export,"Multiple image file stack: imageStack - carFloor.png, carBody.png*3, carRoof.png*2, antenna.png*10",matched,com/corrodinggames/rts/game/units/custom/b/c,rustedwarfare/custom/graphics/DecalBehavior,projectile-or-decal-parser,imageStack,0,high,,a,(Lcom/corrodinggames/rts/game/units/custom/l;Lcom/corrodinggames/rts/gameFramework/utility/ab;)V,parseDecalSections
1288,1.16,[decal_name],ini_section,,1.15p9,imageScale,imageScale,imageScale,logicNumber,"Dynamic value, scales the decal",imageScale: 1 + (self.height * 0.1),matched,com/corrodinggames/rts/game/units/custom/b/c,rustedwarfare/custom/graphics/DecalBehavior,projectile-or-decal-parser,imageScale,1,high,,a,(Lcom/corrodinggames/rts/game/units/custom/l;Lcom/corrodinggames/rts/gameFramework/utility/ab;)V,parseDecalSections
1289,1.16,[decal_name],ini_section,,1.15p9,imageScaleX,imageScaleX,imageScaleX,logicNumber,Dynamic value,imageScaleX: 1,matched,com/corrodinggames/rts/game/units/custom/b/c,rustedwarfare/custom/graphics/DecalBehavior,projectile-or-decal-parser,imageScaleX,2,high,,a,(Lcom/corrodinggames/rts/game/units/custom/l;Lcom/corrodinggames/rts/gameFramework/utility/ab;)V,parseDecalSections
1290,1.16,[decal_name],ini_section,,1.15p9,imageScaleY,imageScaleY,imageScaleY,logicNumber,Dynamic value,imageScaleY: (self.hp/self.maxHp)*100,matched,com/corrodinggames/rts/game/units/custom/b/c,rustedwarfare/custom/graphics/DecalBehavior,projectile-or-decal-parser,imageScaleY,0,high,,a,(Lcom/corrodinggames/rts/game/units/custom/l;Lcom/corrodinggames/rts/gameFramework/utility/ab;)V,parseDecalSections
1291,1.16,[decal_name],ini_section,,1.15p9,stack_hOffset,stack_hOffset,stack_hOffset,float,Sets the height of every layer in a stack. 1 layer = 1 pixel. Can take negative values.,stack_hOffset: 4,matched,com/corrodinggames/rts/game/units/custom/b/c,rustedwarfare/custom/graphics/DecalBehavior,projectile-or-decal-parser,stack_hOffset,0,high,,a,(Lcom/corrodinggames/rts/game/units/custom/l;Lcom/corrodinggames/rts/gameFramework/utility/ab;)V,parseDecalSections
1292,1.16,[decal_name],ini_section,,1.15p9,stack_frameOffset,stack_frameOffset,stack_frameOffset,int,"Useful for making 3D units, frame to offset by in imageStack. Often a value of 1 is useful in a sprite sheet.",stack_frameOffset: 1,matched,com/corrodinggames/rts/game/units/custom/b/c,rustedwarfare/custom/graphics/DecalBehavior,projectile-or-decal-parser,stack_frameOffset,0,high,,a,(Lcom/corrodinggames/rts/game/units/custom/l;Lcom/corrodinggames/rts/gameFramework/utility/ab;)V,parseDecalSections
1293,1.16,[decal_name],ini_section,,1.15p9,stack_drawInReverseOrder,stack_drawInReverseOrder,stack_drawInReverseOrder,bool,"Renders the stack in the opposite way - last frame goes on bottom, first frame goes to top",stack_drawInReverseOrder: true,matched,com/corrodinggames/rts/game/units/custom/b/c,rustedwarfare/custom/graphics/DecalBehavior,projectile-or-decal-parser,stack_drawInReverseOrder,0,high,,a,(Lcom/corrodinggames/rts/game/units/custom/l;Lcom/corrodinggames/rts/gameFramework/utility/ab;)V,parseDecalSections
1294,1.16,[decal_name],ini_section,,1.15p9,stack_indexStart,stack_indexStart,stack_indexStart,logicNumber,Offset to start drawing images in the image stack,stack_indexStart: 0,matched,com/corrodinggames/rts/game/units/custom/b/c,rustedwarfare/custom/graphics/DecalBehavior,projectile-or-decal-parser,stack_indexStart,0,high,,a,(Lcom/corrodinggames/rts/game/units/custom/l;Lcom/corrodinggames/rts/gameFramework/utility/ab;)V,parseDecalSections
1295,1.16,[decal_name],ini_section,,1.15p9,stack_indexCount,stack_indexCount,stack_indexCount,logicNumber,Number of images in the image stack to draw.,stack_indexCount: 10,matched,com/corrodinggames/rts/game/units/custom/b/c,rustedwarfare/custom/graphics/DecalBehavior,projectile-or-decal-parser,stack_indexCount,0,high,,a,(Lcom/corrodinggames/rts/game/units/custom/l;Lcom/corrodinggames/rts/gameFramework/utility/ab;)V,parseDecalSections
1296,1.16,[decal_name],ini_section,,1.15p9,total_frames,total_frames,total_frames,int,Sets the number of frames in an image from an imageStack that uses a spritesheet.,total_frames: 10,matched,com/corrodinggames/rts/game/units/custom/b/c,rustedwarfare/custom/graphics/DecalBehavior,projectile-or-decal-parser,total_frames,2,high,,a,(Lcom/corrodinggames/rts/game/units/custom/l;Lcom/corrodinggames/rts/gameFramework/utility/ab;)V,parseDecalSections
1297,1.16,[decal_name],ini_section,,1.15p9,frame_width,frame_width,frame_width,int,Sets the frame width in the decal stack,frame_width: 20,matched,com/corrodinggames/rts/game/units/custom/b/c,rustedwarfare/custom/graphics/DecalBehavior,projectile-or-decal-parser,frame_width,2,high,,a,(Lcom/corrodinggames/rts/game/units/custom/l;Lcom/corrodinggames/rts/gameFramework/utility/ab;)V,parseDecalSections
1298,1.16,[decal_name],ini_section,,1.15p9,frame_height,frame_height,frame_height,int,Sets the frame height in the decal stack,frame_height: 40,matched,com/corrodinggames/rts/game/units/custom/b/c,rustedwarfare/custom/graphics/DecalBehavior,projectile-or-decal-parser,frame_height,2,high,,a,(Lcom/corrodinggames/rts/game/units/custom/l;Lcom/corrodinggames/rts/gameFramework/utility/ab;)V,parseDecalSections
1299,1.16,[decal_name],ini_section,,1.15p9,frame,frame,frame,logicNumber,"Dynamic value, useful for animations",frame: memory.frame,matched,com/corrodinggames/rts/game/units/custom/bh,rustedwarfare/custom/CustomProjectileTemplate,projectile-or-decal-parser,frame,3,high,,a,(Lcom/corrodinggames/rts/game/units/custom/bh;Lcom/corrodinggames/rts/game/units/custom/l;Lcom/corrodinggames/rts/gameFramework/utility/ab;Ljava/lang/String;)V,parseFromConfig
1300,1.16,[decal_name],ini_section,,1.15p9,addBodyFrameMultipliedBy,addBodyFrameMultipliedBy,addBodyFrameMultipliedBy,int,Add body frame number to this decal when set to 1.,addBodyFrameMultipliedBy: 2,matched,com/corrodinggames/rts/game/units/custom/b/c,rustedwarfare/custom/graphics/DecalBehavior,projectile-or-decal-parser,addBodyFrameMultipliedBy,0,high,,a,(Lcom/corrodinggames/rts/game/units/custom/l;Lcom/corrodinggames/rts/gameFramework/utility/ab;)V,parseDecalSections
1302,1.16,[decal_name],ini_section,,1.15p9,image_shadow,image_shadow,image_shadow,image,Sets shadow for the decal. Note that AUTO does not work in this key.,image_shadow: shadow.png,matched,com/corrodinggames/rts/game/units/custom/b/c,rustedwarfare/custom/graphics/DecalBehavior,projectile-or-decal-parser,image_shadow,1,high,,a,(Lcom/corrodinggames/rts/game/units/custom/l;Lcom/corrodinggames/rts/gameFramework/utility/ab;)V,parseDecalSections
1303,1.16,[decal_name],ini_section,,1.15p9,shadowOffsetX,shadowOffsetX,shadowOffsetX,int,Sets the horizontal position of the decal's shadow,shadowOffsetX: 0,matched,com/corrodinggames/rts/game/units/custom/b/c,rustedwarfare/custom/graphics/DecalBehavior,projectile-or-decal-parser,shadowOffsetX,1,high,,a,(Lcom/corrodinggames/rts/game/units/custom/l;Lcom/corrodinggames/rts/gameFramework/utility/ab;)V,parseDecalSections
1304,1.16,[decal_name],ini_section,,1.15p9,shadowOffsetY,shadowOffsetY,shadowOffsetY,int,Sets the vertical position of the decal's shadow,shadowOffsetY: 0,matched,com/corrodinggames/rts/game/units/custom/b/c,rustedwarfare/custom/graphics/DecalBehavior,projectile-or-decal-parser,shadowOffsetY,1,high,,a,(Lcom/corrodinggames/rts/game/units/custom/l;Lcom/corrodinggames/rts/gameFramework/utility/ab;)V,parseDecalSections
1306,1.16,[decal_name],ini_section,,1.15p9,basePosition,basePosition,basePosition,marker,"Attaches the decal on the specified marker. use ""self"" if attaching it to the unit itself",basePosition: self,matched,com/corrodinggames/rts/game/units/custom/b/c,rustedwarfare/custom/graphics/DecalBehavior,projectile-or-decal-parser,basePosition,0,high,,a,(Lcom/corrodinggames/rts/game/units/custom/l;Lcom/corrodinggames/rts/gameFramework/utility/ab;)V,parseDecalSections
1308,1.16,[decal_name],ini_section,,1.15p9,basePositionFromLegEnd,basePositionFromLegEnd,basePositionFromLegEnd,leg/arm,Attaches the decal to the specified leg or arm ending.,"basePositionFromLeg: leg_3, basePositionFromLeg: arm_5",matched,com/corrodinggames/rts/game/units/custom/b/c,rustedwarfare/custom/graphics/DecalBehavior,projectile-or-decal-parser,basePositionFromLegEnd,0,high,,a,(Lcom/corrodinggames/rts/game/units/custom/l;Lcom/corrodinggames/rts/gameFramework/utility/ab;)V,parseDecalSections
1309,1.16,[decal_name],ini_section,,1.15p9,basePositionFromTurret,basePositionFromTurret,basePositionFromTurret,turret,Attaches the decal to the specified turret,basePositionFromTurret: rocketLauncherBase,matched,com/corrodinggames/rts/game/units/custom/b/c,rustedwarfare/custom/graphics/DecalBehavior,projectile-or-decal-parser,basePositionFromTurret,0,high,,a,(Lcom/corrodinggames/rts/game/units/custom/l;Lcom/corrodinggames/rts/gameFramework/utility/ab;)V,parseDecalSections
1311,1.16,[decal_name],ini_section,,1.15p9,drawLineTo,drawLineTo,drawLineTo,marker ref,"Draws a line from the unit to the specified marker, useful for custom waypoints",drawLineTo: attacking.customTarget2,matched,com/corrodinggames/rts/game/units/custom/b/c,rustedwarfare/custom/graphics/DecalBehavior,projectile-or-decal-parser,drawLineTo,0,high,,a,(Lcom/corrodinggames/rts/game/units/custom/l;Lcom/corrodinggames/rts/gameFramework/utility/ab;)V,parseDecalSections
1312,1.16,[decal_name],ini_section,,1.15p9,color,color,color,color hex,Sets the color of the drawn line,color: #ffff00,matched,com/corrodinggames/rts/game/units/custom/bh,rustedwarfare/custom/CustomProjectileTemplate,projectile-or-decal-parser,color,2,high,,a,(Lcom/corrodinggames/rts/game/units/custom/bh;Lcom/corrodinggames/rts/game/units/custom/l;Lcom/corrodinggames/rts/gameFramework/utility/ab;Ljava/lang/String;)V,parseFromConfig
1313,1.16,[decal_name],ini_section,,1.15p9,lineWidth,lineWidth,lineWidth,float,Sets the width of the drawn line,lineWidth: 2,matched,com/corrodinggames/rts/game/units/custom/b/c,rustedwarfare/custom/graphics/DecalBehavior,projectile-or-decal-parser,lineWidth,0,high,,a,(Lcom/corrodinggames/rts/game/units/custom/l;Lcom/corrodinggames/rts/gameFramework/utility/ab;)V,parseDecalSections
1326,1.16,[template_NAME],meta_section,--All these below features can be used with any section not just templates--,1.13.3,@copyFromSection,@copyFromSection,@copyFromSection,,Use in any section to include keys from a section or template. (Comma separated for multiple),@copyFromSection: template_name/action_name/projectile_name,matched,com/corrodinggames/rts/game/units/custom/ag,rustedwarfare/custom/CustomUnitLoader,custom-unit-loader,@copyFromSection,1,high,,a,(Lcom/corrodinggames/rts/game/units/custom/l;Lcom/corrodinggames/rts/gameFramework/utility/ab;Ljava/lang/String;Ljava/lang/String;I)V,applyCopyFromSection
1327,1.16,[template_NAME],meta_section,--All these below features can be used with any section not just templates--,,@copyFrom_skipThisSection,@copyFrom_skipThisSection,@copyFrom_skipThisSection,,Use in any section to make [core]copyFrom not copy into it. Eg not copy an action when overriding,@copyFrom_skipThisSection,matched,com/corrodinggames/rts/game/units/custom/ag,rustedwarfare/custom/CustomUnitLoader,custom-unit-loader,@copyFrom_skipThisSection,3,high,,a,(Ljava/lang/String;Ljava/io/InputStream;JLcom/corrodinggames/rts/gameFramework/i/b;Lcom/corrodinggames/rts/gameFramework/utility/j;Ljava/lang/String;Ljava/lang/String;)Lcom/corrodinggames/rts/game/units/custom/l;,parseCustomUnitMetadata
1328,1.16,[template_NAME],meta_section,--All these below features can be used with any section not just templates--,,@define X,@define X,@define X,,Define a local variable within a section (best outside of template),@define targetEffect: boom,matched,com/corrodinggames/rts/game/units/custom/f/a,rustedwarfare/custom/config/ConfigVariableProcessor,static-variable-processor,@define->@define ,1,medium,,,,
1329,1.16,[template_NAME],meta_section,--All these below features can be used with any section not just templates--,,@global X,@global X,@global X,,Define a global variable used in all sections. Local variables have a higher priority,@global targetEffect: pop,matched,com/corrodinggames/rts/game/units/custom/f/a,rustedwarfare/custom/config/ConfigVariableProcessor,static-variable-processor,@global->@global ,1,medium,,,,
1330,1.16,[template_NAME],meta_section,--All these below features can be used with any section not just templates--,1.15,@memory X,@memory X,@memory X,,"Define a memory for this unit, its type must be defined as well.",@memory transportCount: float,matched,com/corrodinggames/rts/game/units/custom/ag,rustedwarfare/custom/CustomUnitLoader,custom-unit-loader,@memory->@memory ,0,medium,,,,
1335,1.16,[template_NAME],meta_section,--All these below features can be used with any section not just templates--,,File,File,File,NAME.template,"A template that can be used to share many parts across units, used with copyFrom: However, cannot define variables",,unmatched,,,,,0,official-only,,,,
1343,1.16,[template_NAME],meta_section,--All these below features can be used with any section not just templates--,,File,File,File,all-units.template,"Put at the root of the mod folder, applies anything in it to ALL units across all .ini files so that you have ""common characteristics"", can have any sections but cannot define local variables. Can define memories though.",,unmatched,,,,,0,official-only,,,,
1350,1.16,[template_NAME],meta_section,--All these below features can be used with any section not just templates--,,File,File,File,mod-info.txt,"This file defines some of properties of a mod for display in mod browser and in Steam Workshop. It should be placed in the top of mod's file hierarchy, otherwise will result in error",,unmatched,,,,,0,official-only,,,,
1351,1.16,[template_NAME],meta_section,--All these below features can be used with any section not just templates--,Section,Key,Key,Key,Value type,Description,Example,unmatched,,,,,0,official-only,,,,
1353,1.16,[mod],ini_section,,,title,title,title,String,Sets the title of the mod package,title: Sample mod,unmatched,,,,,0,official-only,,,,
1355,1.16,[mod],ini_section,,,tags,tags,tags,String,"Sets varied tags depending on what is specified, can be multiple with comma as separator","tags: units, sample, demo",matched,com/corrodinggames/rts/game/units/custom/ag,rustedwarfare/custom/CustomUnitLoader,custom-unit-loader,tags,1,high,,a,(Ljava/lang/String;Ljava/io/InputStream;JLcom/corrodinggames/rts/gameFramework/i/b;Lcom/corrodinggames/rts/gameFramework/utility/j;Ljava/lang/String;Ljava/lang/String;)Lcom/corrodinggames/rts/game/units/custom/l;,parseCustomUnitMetadata
1356,1.16,[mod],ini_section,,,minVersion,minVersion,minVersion,String,Declares the minimum version compatible for the mod. It is important to declare one when using decals and other modding keys starting on version 1.15p9 beta,minVersion: 1.15p9,unmatched,,,,,0,official-only,,,,
1357,1.16,[mod],ini_section,,,thumbnail,thumbnail,thumbnail,image,Sets the mod's thumbnail in Steam Workshop,thumbnail: assets/images/other/thumb.png,unmatched,,,,,0,official-only,,,,
1358,1.16,[mod],ini_section,,1.16,id,id,id,string,Can be set to anything. The ID to refer to for dependency of other mods,,matched,com/corrodinggames/rts/game/units/custom/ag,rustedwarfare/custom/CustomUnitLoader,custom-unit-loader,id,5,high,,a,(Lcom/corrodinggames/rts/game/units/custom/l;Lcom/corrodinggames/rts/gameFramework/utility/ab;Ljava/lang/String;Ljava/lang/String;Ljava/lang/String;ZZ)V,parseCustomActionSection
1359,1.16,[mod],ini_section,,1.16,requiredMods,requiredMods,requiredMods,string/id list,"What mod(s) required to use this mod, for stuff like dependent ""DLC"" expansions",,unmatched,,,,,0,official-only,,,,
1360,1.16,[mod],ini_section,,1.16,requiredModsMessage,requiredModsMessage,requiredModsMessage,string,The message that displays if you do not have the mod necessary,,unmatched,,,,,0,official-only,,,,
1362,1.16,[music],ini_section,,,sourceFolder,sourceFolder,sourceFolder,audio dir,Sets where the custom music will be played for the mod,sourceFolder: assets/audio/music,unmatched,,,,,0,official-only,,,,
1363,1.16,[music],ini_section,,,whenUsingUnitsFromThisMod_playExclusively,whenUsingUnitsFromThisMod_playExclusively,whenUsingUnitsFromThisMod_playExclusively,bool,Only plays music from this mod,whenUsingUnitsFromThisMod_playExclusively: true,unmatched,,,,,0,official-only,,,,
1365,1.16,[music],ini_section,,id,name,name,name,usable frames,image (with frame numbers),,matched,com/corrodinggames/rts/game/units/custom/l,rustedwarfare/custom/CustomUnitMetadata,custom-unit-metadata,name,19,medium,,,,
